status,dataset,model,composition,n_maps,entanglement,optimization_level,noise_level,num_qubits,run_idx,seed,gpu_id,accuracy,f1_score,mcc,kernel_time,classifier_time,total_time
success,IoT_Original_Distribution,QVE,2map,2,full,0,0.0,6,0,42,0,0.942,0.9469454753124061,0.7390818032083202,391.6577803809996,0.7132195930007583,392.37099997400037
success,IoT_Original_Distribution,QVE,2map,2,full,0,0.0,6,1,123,1,0.962,0.9642948135792173,0.8145445086835679,378.81051957900036,6.597111348999533,385.4076309279999
success,IoT_Original_Distribution,QVE,2map,2,full,0,0.0,6,2,456,2,0.944,0.9488280005492996,0.7501378391680188,391.70402051699875,0.5363066230002005,392.24032713999895
success,IoT_Original_Distribution,QVE,2map,2,full,0,0.0,6,3,789,0,0.9486666666666667,0.9522169191565624,0.7540465406697309,394.9051911630013,1.792368999998871,396.69756016300016
success,IoT_Original_Distribution,QVE,2map,2,full,0,0.0,6,4,1024,1,0.956,0.9587066233386886,0.7843612123097239,374.8252154990005,5.16824069500035,379.9934561940008
success,IoT_Original_Distribution,QVE,2map,2,full,0,0.0,6,5,2048,2,0.9533333333333334,0.9559918064551846,0.7663867213399324,394.092395493999,1.796840246001011,395.88923574
success,IoT_Original_Distribution,QVE,2map,2,full,0,0.0,6,6,3072,0,0.9546666666666667,0.9569284538432317,0.7673304473147916,394.21330971299903,1.9401954149980156,396.15350512799705
success,IoT_Original_Distribution,QVE,2map,2,full,0,0.0,6,7,4096,1,0.9573333333333334,0.9596647910974632,0.7853694824262574,378.4811384179993,5.436813469999834,383.91795188799915
success,IoT_Original_Distribution,QVE,2map,2,full,0,0.0,6,8,5120,2,0.9513333333333334,0.9543813446007381,0.7612229576744949,393.51485334899917,1.6416665209981147,395.1565198699973
success,IoT_Original_Distribution,QVE,2map,2,full,0,0.0,6,9,6144,0,0.9473333333333334,0.9514119543403146,0.7562815475469323,152.02010807899933,2.6018410430006043,154.62194912199993
success,IoT_Original_Distribution,QVE,2map,2,full,0,0.002,6,0,42,1,0.9426666666666667,0.9476096196099973,0.7435672503835469,298.970984743999,1.6899569480010541,300.66094169200005
success,IoT_Original_Distribution,QVE,2map,2,full,0,0.002,6,1,123,2,0.9613333333333334,0.963882661079099,0.8158311339584228,300.6520793669988,1.048044551997009,301.7001239189958
success,IoT_Original_Distribution,QVE,2map,2,full,0,0.002,6,2,456,0,0.9446666666666667,0.9494892523579529,0.7545982153870833,253.53789200999927,2.4008485559988912,255.93874056599816
success,IoT_Original_Distribution,QVE,2map,2,full,0,0.002,6,3,789,1,0.9473333333333334,0.9511969882903826,0.75174802062261,258.2750318170001,2.8777812990010716,261.1528131160012
success,IoT_Original_Distribution,QVE,2map,2,full,0,0.002,6,4,1024,2,0.9526666666666667,0.9559402761054018,0.7744695989017304,264.9518671400001,1.2421989549984573,266.19406609499856
success,IoT_Original_Distribution,QVE,2map,2,full,0,0.002,6,5,2048,0,0.948,0.9514284062787883,0.7473003866877523,254.33924355199997,3.2609789650014136,257.6002225170014
success,IoT_Original_Distribution,QVE,2map,2,full,0,0.002,6,6,3072,1,0.9513333333333334,0.9540494037616619,0.7548624441936095,264.58066834000056,1.3715111740002612,265.9521795140008
success,IoT_Original_Distribution,QVE,2map,2,full,0,0.002,6,7,4096,2,0.952,0.9552684099168505,0.7699949480535957,261.52925285499987,2.2978882150000572,263.8271410699999
success,IoT_Original_Distribution,QVE,2map,2,full,0,0.002,6,8,5120,0,0.9506666666666667,0.9540258657478741,0.7631722598254365,260.1338991930006,1.0535275989986985,261.1874267919993
success,IoT_Original_Distribution,QVE,2map,2,full,0,0.002,6,9,6144,1,0.9513333333333334,0.9546991571224553,0.7676619128243972,265.66970063999906,0.2637699899987638,265.9334706299978
success,IoT_Original_Distribution,QVE,2map,2,full,0,0.01,6,0,42,2,0.9126666666666666,0.9231407748369773,0.6557113487408333,264.8289525179989,0.4830607959993358,265.31201331399825
success,IoT_Original_Distribution,QVE,2map,2,full,0,0.01,6,1,123,0,0.912,0.9232193321027018,0.6685263994210042,198.0880182109995,2.719009661999735,200.80702787299924
success,IoT_Original_Distribution,QVE,2map,2,full,0,0.01,6,2,456,1,0.9046666666666666,0.9174904896180466,0.6517880897931883,261.872667059999,1.9034428390004905,263.7761098989995
success,IoT_Original_Distribution,QVE,2map,2,full,0,0.01,6,3,789,2,0.9,0.9133898248091731,0.6295886024906995,259.16556970199963,2.637391935000778,261.8029616370004
success,IoT_Original_Distribution,QVE,2map,2,full,0,0.01,6,4,1024,0,0.924,0.9322594893029675,0.6872105867517825,159.0329699089998,1.9866050649980025,161.0195749739978
success,IoT_Original_Distribution,QVE,2map,2,full,0,0.01,6,5,2048,1,0.92,0.9285670731707317,0.6656251891125299,262.53227614799835,2.3428575210000417,264.8751336689984
success,IoT_Original_Distribution,QVE,2map,2,full,0,0.01,6,6,3072,2,0.926,0.9333750272945254,0.6817502938330257,257.4522174649992,2.362210203998984,259.8144276689982
success,IoT_Original_Distribution,QVE,2map,2,full,0,0.01,6,7,4096,0,0.9266666666666666,0.9342819266460451,0.6916712177375652,264.38499965900155,2.5827138459990238,266.9677135050006
success,IoT_Original_Distribution,QVE,2map,2,full,0,0.01,6,8,5120,1,0.9286666666666666,0.9358964812909247,0.6971796942159468,249.76108380699952,2.842366745999243,252.60345055299877
success,IoT_Original_Distribution,QVE,2map,2,full,0,0.01,6,9,6144,2,0.9086666666666666,0.9202502868837968,0.6520457892433908,257.42755439900066,1.7634820900002524,259.1910364890009
success,IoT_Original_Distribution,QVE,2map,2,full,0,0.05,6,0,42,0,0.9633333333333334,0.9622711876099478,0.7743518179294948,269.1782180760001,0.4628183219992934,269.6410363979994
success,IoT_Original_Distribution,QVE,2map,2,full,0,0.05,6,1,123,1,0.98,0.9797373762256936,0.8799704396352747,268.5025812290005,0.55116265200013,269.0537438810006
success,IoT_Original_Distribution,QVE,2map,2,full,0,0.05,6,2,456,2,0.9653333333333334,0.9653333333333334,0.7964711223834797,268.45947442599936,0.34283572399908735,268.80231014999845
success,IoT_Original_Distribution,QVE,2map,2,full,0,0.05,6,3,789,0,0.966,0.9652593614006335,0.7928999164243136,259.86054025699923,1.9425620609981706,261.8031023179974
success,IoT_Original_Distribution,QVE,2map,2,full,0,0.05,6,4,1024,1,0.9766666666666667,0.9763205551324363,0.8595409480811567,180.26266818099975,1.559243454999887,181.82191163599964
success,IoT_Original_Distribution,QVE,2map,2,full,0,0.05,6,5,2048,2,0.968,0.9671312296835725,0.8038133758173323,261.36614891499994,2.350914733000536,263.7170636480005
success,IoT_Original_Distribution,QVE,2map,2,full,0,0.05,6,6,3072,0,0.9746666666666667,0.9730865997749438,0.8426804207218528,259.8622236330011,1.779318595001314,261.64154222800244
success,IoT_Original_Distribution,QVE,2map,2,full,0,0.05,6,7,4096,1,0.9673333333333334,0.9671757141784527,0.8064236407484556,264.7248465220018,1.0309901869986788,265.7558367090005
success,IoT_Original_Distribution,QVE,2map,2,full,0,0.05,6,8,5120,2,0.9593333333333334,0.9584474714791891,0.7520152990028801,264.86996100599936,0.9551054620005743,265.82506646799993
success,IoT_Original_Distribution,QVE,2map,2,full,0,0.05,6,9,6144,0,0.9593333333333334,0.9595249006494136,0.7635515412349061,431.93427247,3.121196341000541,435.05546881100054
success,IoT_Original_Distribution,QVE,3map,3,full,0,0.0,6,0,42,1,0.9466666666666667,0.9505238309052676,0.7472366777523624,480.4882653450004,4.360503150999648,484.84876849600005
success,IoT_Original_Distribution,QVE,3map,3,full,0,0.0,6,1,123,2,0.9573333333333334,0.9600528430371128,0.7932687824298321,481.08861206300026,3.212014992001059,484.3006270550013
success,IoT_Original_Distribution,QVE,3map,3,full,0,0.0,6,2,456,0,0.9433333333333334,0.9481651195580981,0.7456654643806729,556.8218297779986,6.905825973000901,563.7276557509995
success,IoT_Original_Distribution,QVE,3map,3,full,0,0.0,6,3,789,1,0.954,0.9567779322274735,0.772956409598325,582.3125872519995,3.971477381999648,586.2840646339992
success,IoT_Original_Distribution,QVE,3map,3,full,0,0.0,6,4,1024,2,0.952,0.9551646827188816,0.7678596108689535,581.2970574809988,4.203927975002443,585.5009854560012
success,IoT_Original_Distribution,QVE,3map,3,full,0,0.0,6,5,2048,0,0.9526666666666667,0.9549709715688568,0.7556867226603413,584.6777146040004,3.515602891000526,588.1933174950009
success,IoT_Original_Distribution,QVE,3map,3,full,0,0.0,6,6,3072,1,0.9593333333333334,0.9610100791721422,0.7856477496460871,563.0646117560009,6.7161846149992925,569.7807963710002
success,IoT_Original_Distribution,QVE,3map,3,full,0,0.0,6,7,4096,2,0.952,0.954844349817144,0.7615061436964442,585.4286858869982,3.5500634529980744,588.9787493399963
success,IoT_Original_Distribution,QVE,3map,3,full,0,0.0,6,8,5120,0,0.956,0.9580884000830047,0.7724579348032709,500.66614531100095,5.386614513001405,506.05275982400235
success,IoT_Original_Distribution,QVE,3map,3,full,0,0.0,6,9,6144,1,0.9513333333333334,0.954903546141746,0.7719947622991625,496.73043303600025,6.174885685000845,502.9053187210011
success,IoT_Original_Distribution,QVE,3map,3,full,0,0.002,6,0,42,2,0.9546666666666667,0.9578500643500644,0.7857242343262197,527.154965679003,3.251649591000387,530.4066152700034
success,IoT_Original_Distribution,QVE,3map,3,full,0,0.002,6,1,123,0,0.958,0.9607232236747528,0.7977032248338165,272.6553201120005,3.3765541539996775,276.03187426600016
success,IoT_Original_Distribution,QVE,3map,3,full,0,0.002,6,2,456,1,0.9553333333333334,0.9585169801355202,0.7901586386941706,391.00736634499845,2.59413240899994,393.6014987539984
success,IoT_Original_Distribution,QVE,3map,3,full,0,0.002,6,3,789,2,0.952,0.9550594484167518,0.7657328544075529,387.20213788399997,4.001143404002505,391.2032812880025
success,IoT_Original_Distribution,QVE,3map,3,full,0,0.002,6,4,1024,0,0.9526666666666667,0.9556311707760604,0.7681225929227954,338.5881195389993,3.4113259649984684,341.9994455039978
success,IoT_Original_Distribution,QVE,3map,3,full,0,0.002,6,5,2048,1,0.9513333333333334,0.953819874912159,0.75066946897447,387.4915094459975,3.348391150999305,390.8399005969968
success,IoT_Original_Distribution,QVE,3map,3,full,0,0.002,6,6,3072,2,0.952,0.9545097014925372,0.7552374027358045,388.9490331379984,3.5020609790008166,392.45109411699923
success,IoT_Original_Distribution,QVE,3map,3,full,0,0.002,6,7,4096,0,0.9526666666666667,0.9554175125808769,0.7639370639604357,392.3789447349991,3.129653488000258,395.50859822299935
success,IoT_Original_Distribution,QVE,3map,3,full,0,0.002,6,8,5120,1,0.95,0.9533507635869841,0.758669496924408,382.54812972199943,3.839478425998095,386.3876081479975
success,IoT_Original_Distribution,QVE,3map,3,full,0,0.002,6,9,6144,2,0.9593333333333334,0.9615077323453792,0.7949403762370603,388.5093792509979,3.634724297999128,392.144103548997
success,IoT_Original_Distribution,QVE,3map,3,full,0,0.01,6,0,42,0,0.9306666666666666,0.9377517624087965,0.7080355160075477,391.59608879699954,4.167207219999909,395.76329601699945
success,IoT_Original_Distribution,QVE,3map,3,full,0,0.01,6,1,123,1,0.9373333333333334,0.9436319875776399,0.7372852434098448,393.6599894659994,2.4015242969999235,396.0615137629993
success,IoT_Original_Distribution,QVE,3map,3,full,0,0.01,6,2,456,2,0.92,0.9294217506631298,0.6851481521603469,393.6767091289985,1.7897333530017931,395.4664424820003
success,IoT_Original_Distribution,QVE,3map,3,full,0,0.01,6,3,789,0,0.928,0.9353575994245196,0.6953323652099169,394.8059844239997,1.021969892000925,395.8279543160006
success,IoT_Original_Distribution,QVE,3map,3,full,0,0.01,6,4,1024,1,0.94,0.9451728577313925,0.7304260728146031,386.654789274,2.4850077430019155,389.1397970170019
success,IoT_Original_Distribution,QVE,3map,3,full,0,0.01,6,5,2048,2,0.9273333333333333,0.9343247303942308,0.6827731097432029,392.34574793200045,2.5095054079993133,394.85525333999976
success,IoT_Original_Distribution,QVE,3map,3,full,0,0.01,6,6,3072,0,0.9346666666666666,0.9402993339741829,0.7041437176767156,371.7217528359997,4.888592276000054,376.6103451119998
success,IoT_Original_Distribution,QVE,3map,3,full,0,0.01,6,7,4096,1,0.94,0.9451728577313925,0.7304260728146031,391.1917494919999,3.125471096998808,394.3172205889987
success,IoT_Original_Distribution,QVE,3map,3,full,0,0.01,6,8,5120,2,0.9393333333333334,0.9445061868210225,0.7259144808636147,386.1727131819989,4.072771250001097,390.245484432
success,IoT_Original_Distribution,QVE,3map,3,full,0,0.01,6,9,6144,0,0.9333333333333333,0.9396889490196407,0.7104354314700336,380.7112336220016,4.429410383003415,385.140644005005
success,IoT_Original_Distribution,QVE,3map,3,full,0,0.05,6,0,42,1,0.906,0.8613179433368311,0.0,381.2914419410008,3.4598221050036955,384.7512640460045
success,IoT_Original_Distribution,QVE,3map,3,full,0,0.05,6,1,123,2,0.906,0.8613179433368311,0.0,390.30487491700114,2.6077533069947094,392.91262822399585
success,IoT_Original_Distribution,QVE,3map,3,full,0,0.05,6,2,456,0,0.906,0.8613179433368311,0.0,386.07340336700145,2.8521175860005314,388.925520953002
success,IoT_Original_Distribution,QVE,3map,3,full,0,0.05,6,3,789,1,0.906,0.8613179433368311,0.0,371.40574342999753,4.9043994859966915,376.3101429159942
success,IoT_Original_Distribution,QVE,3map,3,full,0,0.05,6,4,1024,2,0.906,0.8613179433368311,0.0,377.79595571900063,3.115595958002814,380.91155167700344
success,IoT_Original_Distribution,QVE,3map,3,full,0,0.05,6,5,2048,0,0.906,0.8613179433368311,0.0,386.5385257340022,3.4020228020017385,389.9405485360039
success,IoT_Original_Distribution,QVE,3map,3,full,0,0.05,6,6,3072,1,0.906,0.8613179433368311,0.0,386.7922517599982,4.02011485100229,390.81236661100047
success,IoT_Original_Distribution,QVE,3map,3,full,0,0.05,6,7,4096,2,0.906,0.8613179433368311,0.0,374.4191240750042,4.910987237999507,379.3301113130037
success,IoT_Original_Distribution,QVE,3map,3,full,0,0.05,6,8,5120,0,0.906,0.8613179433368311,0.0,508.7595487059989,3.988864842005569,512.7484135480045
success,IoT_Original_Distribution,QVE,3map,3,full,0,0.05,6,9,6144,1,0.906,0.8613179433368311,0.0,506.1508605320014,6.137868620997324,512.2887291529987
success,IoT_Original_Distribution,QVE,4map,4,full,0,0.0,6,0,42,2,0.9433333333333334,0.9481651195580981,0.7456654643806729,442.1370296279965,5.774863856000593,447.9118934839971
success,IoT_Original_Distribution,QVE,4map,4,full,0,0.0,6,1,123,0,0.9586666666666667,0.9615691763191764,0.8061026617748119,724.8070715400027,8.826220016995649,733.6332915569983
success,IoT_Original_Distribution,QVE,4map,4,full,0,0.0,6,2,456,1,0.9426666666666667,0.9477171297897691,0.7459572362282476,742.0711710870019,5.9089924069958215,747.9801634939977
success,IoT_Original_Distribution,QVE,4map,4,full,0,0.0,6,3,789,2,0.9473333333333334,0.9511969882903826,0.75174802062261,742.6374296360009,6.212928075994569,748.8503577119955
success,IoT_Original_Distribution,QVE,4map,4,full,0,0.0,6,4,1024,0,0.9406666666666667,0.9458378730103352,0.7349253614681347,716.1658966249961,8.62291323399404,724.7888098589901
success,IoT_Original_Distribution,QVE,4map,4,full,0,0.0,6,5,2048,1,0.952,0.954844349817144,0.7615061436964442,745.6390415970018,6.202457609997509,751.8414992069993
success,IoT_Original_Distribution,QVE,4map,4,full,0,0.0,6,6,3072,2,0.9573333333333334,0.959358448565338,0.7795740834426378,746.5723236079975,6.347978729998431,752.920302337996
success,IoT_Original_Distribution,QVE,4map,4,full,0,0.0,6,7,4096,0,0.9533333333333334,0.9565109540858268,0.7768176362817549,744.3297783190028,6.064055523005663,750.3938338420085
success,IoT_Original_Distribution,QVE,4map,4,full,0,0.0,6,8,5120,1,0.9473333333333334,0.9513052356904398,0.7540118257454874,743.7999201070052,6.222961105991999,750.0228812129972
success,IoT_Original_Distribution,QVE,4map,4,full,0,0.0,6,9,6144,2,0.942,0.9468344042741075,0.7366841555958783,719.9397030610016,8.735767697002302,728.6754707580039
success,IoT_Original_Distribution,QVE,4map,4,full,0,0.002,6,0,42,0,0.9413333333333334,0.9465012490872056,0.7394124886784728,484.5819490559952,6.467279435993987,491.0492284919892
success,IoT_Original_Distribution,QVE,4map,4,full,0,0.002,6,1,123,1,0.9593333333333334,0.9621458710201338,0.8085080292883963,474.07561453200105,4.524851182999555,478.6004657150006
success,IoT_Original_Distribution,QVE,4map,4,full,0,0.002,6,2,456,2,0.948,0.952182270408719,0.7630221637157449,491.45625053500044,4.2189830870047444,495.6752336220052
success,IoT_Original_Distribution,QVE,4map,4,full,0,0.002,6,3,789,0,0.9473333333333334,0.9511969882903826,0.75174802062261,493.0850753599989,5.3108442290031235,498.395919589002
success,IoT_Original_Distribution,QVE,4map,4,full,0,0.002,6,4,1024,1,0.95,0.9535637837337912,0.7630464152967588,492.62027298400426,6.1161190350030665,498.7363920190073
success,IoT_Original_Distribution,QVE,4map,4,full,0,0.002,6,5,2048,2,0.948,0.9514284062787883,0.7473003866877523,493.9106249789984,4.423976434994984,498.33460141399337
success,IoT_Original_Distribution,QVE,4map,4,full,0,0.002,6,6,3072,0,0.9546666666666667,0.9569284538432317,0.7673304473147916,433.4797044390034,5.131238664998818,438.6109431040022
success,IoT_Original_Distribution,QVE,4map,4,full,0,0.002,6,7,4096,1,0.9486666666666667,0.9524325075741703,0.7584969345147942,484.9846186350005,4.706278264999128,489.69089689999964
success,IoT_Original_Distribution,QVE,4map,4,full,0,0.002,6,8,5120,2,0.9486666666666667,0.9522169191565624,0.7540465406697309,468.8599238930037,4.406411438005307,473.26633533100903
success,IoT_Original_Distribution,QVE,4map,4,full,0,0.002,6,9,6144,0,0.952,0.9552684099168505,0.7699949480535957,392.0728178819991,4.215833779002423,396.2886516610015
success,IoT_Original_Distribution,QVE,4map,4,full,0,0.01,6,0,42,1,0.9293333333333333,0.9366716747680071,0.7043292200020377,473.0031855439993,4.696252540001296,477.6994380840006
success,IoT_Original_Distribution,QVE,4map,4,full,0,0.01,6,1,123,2,0.936,0.9425400883773508,0.7334418176028092,483.04340355100067,3.668466538994835,486.7118700899955
success,IoT_Original_Distribution,QVE,4map,4,full,0,0.01,6,2,456,0,0.928,0.9358247793396536,0.706000180089995,487.28721612700247,4.472867569002119,491.7600836960046
success,IoT_Original_Distribution,QVE,4map,4,full,0,0.01,6,3,789,1,0.922,0.93053818810722,0.6791967545050154,487.0329782170047,3.914899934999994,490.9478781520047
success,IoT_Original_Distribution,QVE,4map,4,full,0,0.01,6,4,1024,2,0.938,0.9436329228626752,0.7267753811911614,456.9614633559977,4.250670375000482,461.2121337309982
success,IoT_Original_Distribution,QVE,4map,4,full,0,0.01,6,5,2048,0,0.932,0.9381158272280679,0.6961963901325787,492.1460417669987,3.7902611550016445,495.9363029220003
success,IoT_Original_Distribution,QVE,4map,4,full,0,0.01,6,6,3072,1,0.942,0.9463741203173199,0.7271308337403007,485.0708145730059,4.9186042199980875,489.989418793004
success,IoT_Original_Distribution,QVE,4map,4,full,0,0.01,6,7,4096,2,0.9286666666666666,0.9356537027891139,0.6918646403519236,456.19908796800155,5.545726564996585,461.74481453299813
success,IoT_Original_Distribution,QVE,4map,4,full,0,0.01,6,8,5120,0,0.944,0.9485039835170819,0.7430703944213387,490.414939979004,5.33598871000504,495.750928689009
success,IoT_Original_Distribution,QVE,4map,4,full,0,0.01,6,9,6144,1,0.9066666666666666,0.9185659582907442,0.6444955433876102,471.5654381000022,5.41818200900525,476.98362010900746
success,IoT_Original_Distribution,QVE,4map,4,full,0,0.05,6,0,42,2,0.908,0.8673426961438402,0.13990752737539947,492.6862393570009,3.8202802109990444,496.50651956799993
success,IoT_Original_Distribution,QVE,4map,4,full,0,0.05,6,1,123,0,0.9173333333333333,0.8866979395861356,0.33239467461122735,484.0387685279966,5.051370250002947,489.0901387779995
success,IoT_Original_Distribution,QVE,4map,4,full,0,0.05,6,2,456,1,0.9433333333333334,0.9351855037367959,0.612285091817524,456.708009992999,7.015361885998573,463.72337187899757
success,IoT_Original_Distribution,QVE,4map,4,full,0,0.05,6,3,789,2,0.9166666666666666,0.8862379045379983,0.32116637771598205,454.9763925050065,3.9340922309966118,458.9104847360031
success,IoT_Original_Distribution,QVE,4map,4,full,0,0.05,6,4,1024,0,0.9673333333333334,0.9644980827114171,0.7931386029974815,494.018034738001,3.1745864500007883,497.1926211880018
success,IoT_Original_Distribution,QVE,4map,4,full,0,0.05,6,5,2048,1,0.9093333333333333,0.8692652657649441,0.17954138782168827,494.0364157990007,2.8086526920014876,496.84506849100217
success,IoT_Original_Distribution,QVE,4map,4,full,0,0.05,6,6,3072,2,0.9506666666666667,0.9425447983248842,0.6712966473383508,453.1274582850019,3.330319180004153,456.4577774650061
success,IoT_Original_Distribution,QVE,4map,4,full,0,0.05,6,7,4096,0,0.912,0.8753178947368422,0.24120294441905366,494.06227347299864,3.684265998999763,497.7465394719984
success,IoT_Original_Distribution,QVE,4map,4,full,0,0.05,6,8,5120,1,0.9086666666666666,0.8677109004166919,0.1605330181801984,492.6134981059986,4.5125796840002295,497.1260777899988
success,IoT_Original_Distribution,QVE,4map,4,full,0,0.05,6,9,6144,2,0.906,0.8613179433368311,0.0,492.06093018100364,4.806727134000539,496.8676573150042
success,IoT_Original_Distribution,QWE,2map,2,full,0,0.0,6,0,42,0,0.956,0.9588044943820224,0.7863848004242623,803.3411416620038,4.645042028994794,807.9861836909986
success,IoT_Original_Distribution,QWE,2map,2,full,0,0.0,6,1,123,1,0.9573333333333334,0.9598616442819057,0.7892958031689904,825.0056045140045,6.17546235199552,831.181066866
success,IoT_Original_Distribution,QWE,2map,2,full,0,0.0,6,2,456,2,0.9433333333333334,0.947946547380976,0.7409271226482088,825.2464174029956,5.204858898996463,830.451276301992
success,IoT_Original_Distribution,QWE,2map,2,full,0,0.0,6,3,789,0,0.9533333333333334,0.9562039944501242,0.7705303644616922,793.9073765009998,5.259042769001098,799.1664192700009
success,IoT_Original_Distribution,QWE,2map,2,full,0,0.0,6,4,1024,1,0.956,0.9584043158192588,0.7783563782665744,826.2613968190053,6.167457678999199,832.4288544980045
success,IoT_Original_Distribution,QWE,2map,2,full,0,0.0,6,5,2048,2,0.9566666666666667,0.9584533630522828,0.7712348391774375,826.545830903,5.5229638689997955,832.0687947719998
success,IoT_Original_Distribution,QWE,2map,2,full,0,0.0,6,6,3072,0,0.96,0.9614951467551764,0.7865659476978232,810.3807360520004,5.038389328998164,815.4191253809986
success,IoT_Original_Distribution,QWE,2map,2,full,0,0.0,6,7,4096,1,0.9533333333333334,0.9559918064551846,0.7663867213399324,838.9582943139976,5.857304548000684,844.8155988619983
success,IoT_Original_Distribution,QWE,2map,2,full,0,0.0,6,8,5120,2,0.9453333333333334,0.9488177051413007,0.7313129443797038,839.0081978620001,6.071798419001425,845.0799962810015
success,IoT_Original_Distribution,QWE,2map,2,full,0,0.0,6,9,6144,0,0.9486666666666667,0.95253801453372,0.7607320737467842,615.731441134998,4.091402652000397,619.8228437869984
success,IoT_Original_Distribution,QWE,2map,2,full,0,0.002,6,0,42,1,0.9446666666666667,0.9486105873320623,0.7359341918993468,702.527465434996,3.9865354530011246,706.5140008879971
success,IoT_Original_Distribution,QWE,2map,2,full,0,0.002,6,1,123,2,0.9573333333333334,0.9599579377829707,0.7912766362337398,704.7120367409989,4.9123155050001515,709.624352245999
success,IoT_Original_Distribution,QWE,2map,2,full,0,0.002,6,2,456,0,0.9473333333333334,0.9516209087423189,0.7608380955238458,621.7261209999997,3.6490360050011077,625.3751570050008
success,IoT_Original_Distribution,QWE,2map,2,full,0,0.002,6,3,789,1,0.952,0.9550594484167518,0.7657328544075529,608.6582262390002,4.9140662899990275,613.5722925289992
success,IoT_Original_Distribution,QWE,2map,2,full,0,0.002,6,4,1024,2,0.9486666666666667,0.9523254846333591,0.7562683594474058,620.3272627999977,4.5806254189992615,624.907888218997
success,IoT_Original_Distribution,QWE,2map,2,full,0,0.002,6,5,2048,0,0.954,0.9562393949049455,0.7627853053861655,615.8364457789976,3.6481688450003276,619.4846146239979
success,IoT_Original_Distribution,QWE,2map,2,full,0,0.002,6,6,3072,1,0.9546666666666667,0.9568183516006715,0.765341786163904,604.905844181998,4.852186993000942,609.7580311749989
success,IoT_Original_Distribution,QWE,2map,2,full,0,0.002,6,7,4096,2,0.9526666666666667,0.9554175125808769,0.7639370639604357,577.4922000200022,4.573281353001221,582.0654813730034
success,IoT_Original_Distribution,QWE,2map,2,full,0,0.002,6,8,5120,0,0.9493333333333334,0.9524500511172777,0.7497840926896447,620.2451245319971,3.9720127009968564,624.217137232994
success,IoT_Original_Distribution,QWE,2map,2,full,0,0.002,6,9,6144,1,0.9593333333333334,0.9616967361610351,0.7987551683121656,597.0013683900033,3.9345909710027627,600.9359593610061
success,IoT_Original_Distribution,QWE,2map,2,full,0,0.01,6,0,42,2,0.9286666666666666,0.9360153912559375,0.6998364939103326,618.7905109940039,4.997802892001346,623.7883138860052
success,IoT_Original_Distribution,QWE,2map,2,full,0,0.01,6,1,123,0,0.95,0.954167589891472,0.7763448487763326,609.47792519,4.47689984599856,613.9548250359985
success,IoT_Original_Distribution,QWE,2map,2,full,0,0.01,6,2,456,1,0.9386666666666666,0.9444050505050506,0.7337397035584198,614.6164288600048,4.670295517003979,619.2867243770088
success,IoT_Original_Distribution,QWE,2map,2,full,0,0.01,6,3,789,2,0.9346666666666666,0.9407792929292929,0.7143309964263614,598.030196173997,4.913355178996426,602.9435513529934
success,IoT_Original_Distribution,QWE,2map,2,full,0,0.01,6,4,1024,0,0.94,0.9449430488375723,0.7255514345672188,596.9294058300002,3.269503422998241,600.1989092529984
success,IoT_Original_Distribution,QWE,2map,2,full,0,0.01,6,5,2048,1,0.9353333333333333,0.9407234162596371,0.7036335779454997,619.7600637129981,4.744603426996036,624.5046671399941
success,IoT_Original_Distribution,QWE,2map,2,full,0,0.01,6,6,3072,2,0.934,0.9392430361090642,0.6919140455766796,621.4098069830034,3.5873273270008212,624.9971343100042
success,IoT_Original_Distribution,QWE,2map,2,full,0,0.01,6,7,4096,0,0.946,0.949961469006595,0.7449991067304259,613.7289962620016,5.476962151999032,619.2059584140006
success,IoT_Original_Distribution,QWE,2map,2,full,0,0.01,6,8,5120,1,0.9426666666666667,0.9469318000884563,0.7293083454344035,615.3456838209968,4.670901473000413,620.0165852939972
success,IoT_Original_Distribution,QWE,2map,2,full,0,0.01,6,9,6144,2,0.9306666666666666,0.937866548828988,0.7106582211342738,614.3114263120042,5.687323481000931,619.9987497930051
success,IoT_Original_Distribution,QWE,2map,2,full,0,0.05,6,0,42,0,0.906,0.8613179433368311,0.0,533.6459360270019,5.021698324995668,538.6676343519975
success,IoT_Original_Distribution,QWE,2map,2,full,0,0.05,6,1,123,1,0.906,0.8613179433368311,0.0,615.0862525330049,4.4226136800025415,619.5088662130074
success,IoT_Original_Distribution,QWE,2map,2,full,0,0.05,6,2,456,2,0.906,0.8613179433368311,0.0,615.1301380619952,3.6874742250001873,618.8176122869954
success,IoT_Original_Distribution,QWE,2map,2,full,0,0.05,6,3,789,0,0.906,0.8613179433368311,0.0,612.7217267560045,3.598427773002186,616.3201545290067
success,IoT_Original_Distribution,QWE,2map,2,full,0,0.05,6,4,1024,1,0.906,0.8613179433368311,0.0,607.1044933579906,5.207568284007721,612.3120616419983
success,IoT_Original_Distribution,QWE,2map,2,full,0,0.05,6,5,2048,2,0.906,0.8613179433368311,0.0,612.1489285490024,4.276168340002187,616.4250968890046
success,IoT_Original_Distribution,QWE,2map,2,full,0,0.05,6,6,3072,0,0.906,0.8613179433368311,0.0,547.0606115670016,4.754484655015403,551.815096222017
success,IoT_Original_Distribution,QWE,2map,2,full,0,0.05,6,7,4096,1,0.906,0.8613179433368311,0.0,614.0642030439922,4.144993976005935,618.2091970199981
success,IoT_Original_Distribution,QWE,2map,2,full,0,0.05,6,8,5120,2,0.906,0.8613179433368311,0.0,614.3512307609926,4.039303771009145,618.3905345320018
success,IoT_Original_Distribution,QWE,2map,2,full,0,0.05,6,9,6144,0,0.906,0.8613179433368311,0.0,882.282585160996,5.838920415997563,888.1215055769935
success,IoT_Original_Distribution,QWE,3map,3,full,0,0.0,6,0,42,1,0.946,0.9501818772350061,0.7495895011487894,897.8116994289885,8.844770471005177,906.6564698999937
success,IoT_Original_Distribution,QWE,3map,3,full,0,0.0,6,1,123,2,0.9613333333333334,0.9637118811158171,0.8120229080057872,900.2448641830051,6.154012744002102,906.3988769270072
success,IoT_Original_Distribution,QWE,3map,3,full,0,0.0,6,2,456,0,0.9446666666666667,0.9493847638037898,0.7522491255530257,988.7148121660139,12.039797925994208,1000.7546100920081
success,IoT_Original_Distribution,QWE,3map,3,full,0,0.0,6,3,789,1,0.9533333333333334,0.9562039944501242,0.7705303644616922,1021.8622484049993,11.940340772001946,1033.8025891770012
success,IoT_Original_Distribution,QWE,3map,3,full,0,0.0,6,4,1024,2,0.9546666666666667,0.9574553088944064,0.7774457883857081,1022.2587124880083,10.680670490008197,1032.9393829780165
success,IoT_Original_Distribution,QWE,3map,3,full,0,0.0,6,5,2048,0,0.9533333333333334,0.9555483031183384,0.7582256375245372,1029.1042692229894,11.914782468986232,1041.0190516919756
success,IoT_Original_Distribution,QWE,3map,3,full,0,0.0,6,6,3072,1,0.96,0.9616998626373626,0.7901542016194781,995.805928121008,12.301030614005867,1008.1069587350139
success,IoT_Original_Distribution,QWE,3map,3,full,0,0.0,6,7,4096,2,0.9566666666666667,0.9590850855412059,0.7828482983512342,1028.570993829002,11.273733521986287,1039.8447273509883
success,IoT_Original_Distribution,QWE,3map,3,full,0,0.0,6,8,5120,0,0.948,0.9513144024514811,0.7450809083908434,856.0219178129992,9.949847345997114,865.9717651589963
success,IoT_Original_Distribution,QWE,3map,3,full,0,0.0,6,9,6144,1,0.95,0.953668026857958,0.7652458484069784,864.0432590999917,10.075061397001264,874.118320496993
success,IoT_Original_Distribution,QWE,3map,3,full,0,0.002,6,0,42,2,0.9506666666666667,0.9544373424154817,0.7719111821641591,927.3912968629957,4.672410083003342,932.063706945999
success,IoT_Original_Distribution,QWE,3map,3,full,0,0.002,6,1,123,0,0.9593333333333334,0.9621458710201338,0.8085080292883963,610.1411210120132,7.688288390003436,617.8294094020166
success,IoT_Original_Distribution,QWE,3map,3,full,0,0.002,6,2,456,1,0.944,0.9488280005492996,0.7501378391680188,676.6118704159962,6.384809011011384,682.9966794270076
success,IoT_Original_Distribution,QWE,3map,3,full,0,0.002,6,3,789,2,0.9513333333333334,0.9544888147342375,0.763360912760723,662.4862762929988,5.134097409987589,667.6203737029864
success,IoT_Original_Distribution,QWE,3map,3,full,0,0.002,6,4,1024,0,0.9553333333333334,0.9580307457860975,0.7798877594458655,673.0476113360055,5.855899718997534,678.903511055003
success,IoT_Original_Distribution,QWE,3map,3,full,0,0.002,6,5,2048,1,0.9513333333333334,0.953819874912159,0.75066946897447,656.4477634310024,6.908660474007775,663.3564239050102
success,IoT_Original_Distribution,QWE,3map,3,full,0,0.002,6,6,3072,2,0.9573333333333334,0.959358448565338,0.7795740834426378,682.540512005995,6.564942959012114,689.1054549650071
success,IoT_Original_Distribution,QWE,3map,3,full,0,0.002,6,7,4096,0,0.958,0.9602456907829326,0.7879104825667643,628.1269087019973,6.224599333007063,634.3515080350044
success,IoT_Original_Distribution,QWE,3map,3,full,0,0.002,6,8,5120,1,0.9513333333333334,0.9546991571224553,0.7676619128243972,682.2657428540042,4.928913827003271,687.1946566810075
success,IoT_Original_Distribution,QWE,3map,3,full,0,0.002,6,9,6144,2,0.956,0.9587066233386886,0.7843612123097239,677.6482102529917,7.759148400997219,685.4073586539889
success,IoT_Original_Distribution,QWE,3map,3,full,0,0.01,6,0,42,0,0.9333333333333333,0.9398055662092082,0.713010170815096,681.4529835520079,7.246104650999769,688.6990882030077
success,IoT_Original_Distribution,QWE,3map,3,full,0,0.01,6,1,123,1,0.9426666666666667,0.948030808080808,0.753148410690478,647.2290065130001,6.914327249993221,654.1433337629933
success,IoT_Original_Distribution,QWE,3map,3,full,0,0.01,6,2,456,2,0.934,0.9406892677364631,0.7226316398283864,676.269743523997,5.767379404991516,682.0371229289885
success,IoT_Original_Distribution,QWE,3map,3,full,0,0.01,6,3,789,0,0.934,0.9402337324534286,0.7123770213702451,679.362631010008,6.5918509979965165,685.9544820080046
success,IoT_Original_Distribution,QWE,3map,3,full,0,0.01,6,4,1024,1,0.9406666666666667,0.9457258310667145,0.7324981420359674,642.5442452409989,7.024872884998331,649.5691181259972
success,IoT_Original_Distribution,QWE,3map,3,full,0,0.01,6,5,2048,2,0.9433333333333334,0.94737228823163,0.729156136049994,666.9512791919915,5.440452971015475,672.391732163007
success,IoT_Original_Distribution,QWE,3map,3,full,0,0.01,6,6,3072,0,0.942,0.9460113242418301,0.7200081102830651,680.8474444020103,5.033343573995808,685.8807879760061
success,IoT_Original_Distribution,QWE,3map,3,full,0,0.01,6,7,4096,1,0.9433333333333334,0.947946547380976,0.7409271226482088,657.0033650360056,5.174154708998685,662.1775197450042
success,IoT_Original_Distribution,QWE,3map,3,full,0,0.01,6,8,5120,2,0.9473333333333334,0.9513052356904398,0.7540118257454874,649.5173896260094,6.319369456010463,655.8367590820199
success,IoT_Original_Distribution,QWE,3map,3,full,0,0.01,6,9,6144,0,0.9526666666666667,0.9557356965223406,0.7702293751753417,682.670044298,5.5408427709990065,688.210887068999
success,IoT_Original_Distribution,QWE,3map,3,full,0,0.05,6,0,42,1,0.936,0.9415177149134851,0.7107143064611874,680.086844685,4.872474474002956,684.9593191590029
success,IoT_Original_Distribution,QWE,3map,3,full,0,0.05,6,1,123,2,0.9473333333333334,0.9519235052563648,0.767713451333049,669.2086009939958,4.796991036986583,674.0055920309824
success,IoT_Original_Distribution,QWE,3map,3,full,0,0.05,6,2,456,0,0.934,0.9403499844865032,0.7149393324537522,672.6415563539995,6.723888700005773,679.3654450540052
success,IoT_Original_Distribution,QWE,3map,3,full,0,0.05,6,3,789,1,0.944,0.9483928971700757,0.7407232855156963,639.7051886279878,6.240548384987051,645.9457370129749
success,IoT_Original_Distribution,QWE,3map,3,full,0,0.05,6,4,1024,2,0.9253333333333333,0.9328381128584645,0.679914912698906,682.1006933460012,3.9359365600030287,686.0366299060042
success,IoT_Original_Distribution,QWE,3map,3,full,0,0.05,6,5,2048,0,0.94,0.9447066755393668,0.7206889371092422,680.7565848800004,4.995929124990653,685.7525140049911
success,IoT_Original_Distribution,QWE,3map,3,full,0,0.05,6,6,3072,1,0.9526666666666667,0.9550850838186752,0.7577333966758897,666.6394223100069,6.610091805989214,673.2495141159961
success,IoT_Original_Distribution,QWE,3map,3,full,0,0.05,6,7,4096,2,0.948,0.9515407774099214,0.749526883369118,671.0601731179922,6.905119970004307,677.9652930879965
success,IoT_Original_Distribution,QWE,3map,3,full,0,0.05,6,8,5120,0,0.94,0.9445859569918023,0.7182624630937955,897.0822778569927,6.2852131860054214,903.3674910429982
success,IoT_Original_Distribution,QWE,3map,3,full,0,0.05,6,9,6144,1,0.9353333333333333,0.9412085324481665,0.7137619271517838,890.723713603009,9.741172527996241,900.4648861310052
success,IoT_Original_Distribution,QWE,4map,4,full,0,0.0,6,0,42,2,0.948,0.9520791188007844,0.7607576339221506,789.916829719994,10.106459767004708,800.0232894869987
success,IoT_Original_Distribution,QWE,4map,4,full,0,0.0,6,1,123,0,0.9593333333333334,0.9621458710201338,0.8085080292883963,1297.8852427029997,14.883001426016563,1312.7682441290162
success,IoT_Original_Distribution,QWE,4map,4,full,0,0.0,6,2,456,1,0.9506666666666667,0.9545365998879238,0.7741138661931201,1318.586474701995,15.874174816002778,1334.4606495179978
success,IoT_Original_Distribution,QWE,4map,4,full,0,0.0,6,3,789,2,0.9473333333333334,0.9511969882903826,0.75174802062261,1319.2382561840059,14.88740773700556,1334.1256639210114
success,IoT_Original_Distribution,QWE,4map,4,full,0,0.0,6,4,1024,0,0.954,0.9569825783104435,0.7770978375899604,1272.0237841830021,14.869490650009539,1286.8932748330117
success,IoT_Original_Distribution,QWE,4map,4,full,0,0.0,6,5,2048,1,0.9526666666666667,0.9554175125808769,0.7639370639604357,1310.8779629439887,18.050202564991196,1328.9281655089799
success,IoT_Original_Distribution,QWE,4map,4,full,0,0.0,6,6,3072,2,0.9526666666666667,0.9550850838186752,0.7577333966758897,1312.6530778759916,15.611548357002903,1328.2646262329945
success,IoT_Original_Distribution,QWE,4map,4,full,0,0.0,6,7,4096,0,0.9566666666666667,0.9591850467289721,0.7848279265714736,1273.5250445209967,14.898126408006647,1288.4231709290034
success,IoT_Original_Distribution,QWE,4map,4,full,0,0.0,6,8,5120,1,0.9506666666666667,0.9539192572388504,0.7610065361418865,1315.303609853996,15.998159736984235,1331.3017695909803
success,IoT_Original_Distribution,QWE,4map,4,full,0,0.0,6,9,6144,2,0.9533333333333334,0.9564101081989126,0.7747126855960206,1315.8487058369938,15.209308493002027,1331.0580143299958
success,IoT_Original_Distribution,QWE,4map,4,full,0,0.002,6,0,42,0,0.9473333333333334,0.9516209087423189,0.7608380955238458,802.9069084990115,7.3300640559973544,810.2369725550088
success,IoT_Original_Distribution,QWE,4map,4,full,0,0.002,6,1,123,1,0.9593333333333334,0.9621458710201338,0.8085080292883963,852.594927074002,9.437917693998315,862.0328447680004
success,IoT_Original_Distribution,QWE,4map,4,full,0,0.002,6,2,456,2,0.942,0.9472695084844381,0.7462955622502278,857.0322177989874,9.865309125001659,866.8975269239891
success,IoT_Original_Distribution,QWE,4map,4,full,0,0.002,6,3,789,0,0.948,0.951760735132636,0.7540001023622749,819.0112458910007,8.323134283993568,827.3343801749943
success,IoT_Original_Distribution,QWE,4map,4,full,0,0.002,6,4,1024,1,0.95,0.9535637837337912,0.7630464152967588,851.5191318139987,9.467788781999843,860.9869205959985
success,IoT_Original_Distribution,QWE,4map,4,full,0,0.002,6,5,2048,2,0.948,0.9514284062787883,0.7473003866877523,855.9374455739962,7.8075980309949955,863.7450436049912
success,IoT_Original_Distribution,QWE,4map,4,full,0,0.002,6,6,3072,0,0.9553333333333334,0.9576155016317076,0.7718612520787291,780.7213415539882,7.95701659599581,788.678358149984
success,IoT_Original_Distribution,QWE,4map,4,full,0,0.002,6,7,4096,1,0.952,0.9552684099168505,0.7699949480535957,860.1447252149956,7.705356544996903,867.8500817599925
success,IoT_Original_Distribution,QWE,4map,4,full,0,0.002,6,8,5120,2,0.9506666666666667,0.9540258657478741,0.7631722598254365,856.0144837140106,8.416120290006802,864.4306040040174
success,IoT_Original_Distribution,QWE,4map,4,full,0,0.002,6,9,6144,0,0.9533333333333334,0.9564101081989126,0.7747126855960206,843.4136125080113,9.036508220007818,852.4501207280191
success,IoT_Original_Distribution,QWE,4map,4,full,0,0.01,6,0,42,1,0.9326666666666666,0.9393772770878113,0.713680597227356,793.8510354469981,8.325443434012413,802.1764788810106
success,IoT_Original_Distribution,QWE,4map,4,full,0,0.01,6,1,123,2,0.9386666666666666,0.9447269377746245,0.7411765342585144,856.9096344380014,9.422946596001566,866.3325810340029
success,IoT_Original_Distribution,QWE,4map,4,full,0,0.01,6,2,456,0,0.9373333333333334,0.9433076120784621,0.7297712169871539,835.2886576749952,8.046377610990021,843.3350352859852
success,IoT_Original_Distribution,QWE,4map,4,full,0,0.01,6,3,789,1,0.9313333333333333,0.9380591718437266,0.704683595372155,849.7607469389914,8.737707783999213,858.4984547229906
success,IoT_Original_Distribution,QWE,4map,4,full,0,0.01,6,4,1024,2,0.94,0.9452853683846419,0.7328677411286978,864.2746292979937,8.14825993701379,872.4228892350075
success,IoT_Original_Distribution,QWE,4map,4,full,0,0.01,6,5,2048,0,0.9366666666666666,0.9419456138625313,0.7102436934755755,825.6108233310006,7.93832244600344,833.549145777004
success,IoT_Original_Distribution,QWE,4map,4,full,0,0.01,6,6,3072,1,0.9406666666666667,0.9452615688137721,0.7228213155562175,862.2483378699981,6.778193524995004,869.0265313949931
success,IoT_Original_Distribution,QWE,4map,4,full,0,0.01,6,7,4096,2,0.9426666666666667,0.9475005929919137,0.7411809506744704,858.6075246580076,10.131301135996182,868.7388257940038
success,IoT_Original_Distribution,QWE,4map,4,full,0,0.01,6,8,5120,0,0.9366666666666666,0.9424207276554208,0.7202686541714726,868.9912560800076,9.42511901402031,878.4163750940279
success,IoT_Original_Distribution,QWE,4map,4,full,0,0.01,6,9,6144,1,0.9306666666666666,0.9375174079191406,0.7027901794415002,849.0530070479945,8.466338981990702,857.5193460299852
success,IoT_Original_Distribution,QWE,4map,4,full,0,0.05,6,0,42,2,0.9353333333333333,0.9409693672135111,0.7086948895762033,807.0129462359982,8.42863705399941,815.4415832899977
success,IoT_Original_Distribution,QWE,4map,4,full,0,0.05,6,1,123,0,0.9473333333333334,0.9519235052563648,0.767713451333049,855.5196553499991,8.693685040001583,864.2133403900007
success,IoT_Original_Distribution,QWE,4map,4,full,0,0.05,6,2,456,1,0.934,0.9403499844865032,0.7149393324537522,858.7672474240026,10.107150121992163,868.8743975459947
success,IoT_Original_Distribution,QWE,4map,4,full,0,0.05,6,3,789,2,0.944,0.9483928971700757,0.7407232855156963,862.3140970170061,8.390538457002549,870.7046354740087
success,IoT_Original_Distribution,QWE,4map,4,full,0,0.05,6,4,1024,0,0.9413333333333334,0.9460517922559906,0.7297692148917345,857.1462653339986,9.192187237997132,866.3384525719957
success,IoT_Original_Distribution,QWE,4map,4,full,0,0.05,6,5,2048,1,0.938,0.942801414603155,0.7094372227599316,835.207978917002,9.221652238993556,844.4296311559956
success,IoT_Original_Distribution,QWE,4map,4,full,0,0.05,6,6,3072,2,0.9493333333333334,0.9523357025847631,0.7476113139601712,862.825943005002,7.17935825400491,870.005301259007
success,IoT_Original_Distribution,QWE,4map,4,full,0,0.05,6,7,4096,0,0.9493333333333334,0.9526738317588194,0.7541534614148194,845.8707579619877,9.144684779988893,855.0154427419766
success,IoT_Original_Distribution,QWE,4map,4,full,0,0.05,6,8,5120,1,0.9506666666666667,0.9537013655615598,0.7566995166136605,840.6219598719981,8.062064304998785,848.6840241769969
success,IoT_Original_Distribution,QWE,4map,4,full,0,0.05,6,9,6144,2,0.944,0.9482802265256822,0.7383807327451818,872.8740965530087,7.843040040017513,880.7171365930262
success,UNSW_2018_IoT_Botnet_Final_10_Best,QVE,2map,2,full,0,0.0,6,0,42,0,0.996,0.9960124139626352,0.976983222161292,394.4748602990003,1.4395286189974286,395.9143889179977
success,UNSW_2018_IoT_Botnet_Final_10_Best,QVE,2map,2,full,0,0.0,6,1,123,1,0.994,0.9940460092931921,0.9659258574367079,379.05183299499913,5.274166310999135,384.32599930599827
success,UNSW_2018_IoT_Botnet_Final_10_Best,QVE,2map,2,full,0,0.0,6,2,456,2,0.9973333333333333,0.9973333333333333,0.9845401466624754,394.42500442599703,1.3262640360044315,395.75126846200146
success,UNSW_2018_IoT_Botnet_Final_10_Best,QVE,2map,2,full,0,0.0,6,3,789,0,0.996,0.9960124139626352,0.976983222161292,376.258661783002,5.090960487999837,381.34962227100186
success,UNSW_2018_IoT_Botnet_Final_10_Best,QVE,2map,2,full,0,0.0,6,4,1024,1,0.9926666666666667,0.992744784620667,0.9587324290599396,394.0183070610001,1.3415821950038662,395.35988925600395
success,UNSW_2018_IoT_Botnet_Final_10_Best,QVE,2map,2,full,0,0.0,6,5,2048,2,0.9913333333333333,0.99134683480793,0.9499192043892009,393.8512124589979,1.4945722600023146,395.3457847190002
success,UNSW_2018_IoT_Botnet_Final_10_Best,QVE,2map,2,full,0,0.0,6,6,3072,0,0.998,0.997990503452285,0.9883629768056863,381.6983913389995,5.230490444999305,386.9288817839988
success,UNSW_2018_IoT_Botnet_Final_10_Best,QVE,2map,2,full,0,0.0,6,7,4096,1,0.998,0.9980092740201078,0.9885781316226904,397.3653544580011,1.4430633289957768,398.80841778699687
success,UNSW_2018_IoT_Botnet_Final_10_Best,QVE,2map,2,full,0,0.0,6,8,5120,2,0.9966666666666667,0.9966400755284308,0.9805571131969575,397.3289941849944,1.3382739830049104,398.6672681679993
success,UNSW_2018_IoT_Botnet_Final_10_Best,QVE,2map,2,full,0,0.0,6,9,6144,0,0.9953333333333333,0.9953260056217893,0.9728676747095873,154.27648023000802,2.0798645190006937,156.3563447490087
success,UNSW_2018_IoT_Botnet_Final_10_Best,QVE,2map,2,full,0,0.002,6,0,42,1,0.996,0.9960124139626352,0.976983222161292,306.16028787200776,0.4055288989984547,306.5658167710062
success,UNSW_2018_IoT_Botnet_Final_10_Best,QVE,2map,2,full,0,0.002,6,1,123,2,0.9933333333333333,0.9933944409596461,0.9623117253801959,306.3800857039969,0.33336068599601276,306.7134463899929
success,UNSW_2018_IoT_Botnet_Final_10_Best,QVE,2map,2,full,0,0.002,6,2,456,0,0.9966666666666667,0.9966718595415115,0.9807427232544484,266.27825306600425,2.3552643040020484,268.6335173700063
success,UNSW_2018_IoT_Botnet_Final_10_Best,QVE,2map,2,full,0,0.002,6,3,789,1,0.996,0.9960124139626352,0.976983222161292,257.1680725509941,3.8734366040007444,261.04150915499486
success,UNSW_2018_IoT_Botnet_Final_10_Best,QVE,2map,2,full,0,0.002,6,4,1024,2,0.9926666666666667,0.992744784620667,0.9587324290599396,259.10077528400143,1.9652945720008574,261.0660698560023
success,UNSW_2018_IoT_Botnet_Final_10_Best,QVE,2map,2,full,0,0.002,6,5,2048,0,0.9906666666666667,0.990695632579482,0.9462548425687685,234.41097933299898,2.3892365290012094,236.8002158620002
success,UNSW_2018_IoT_Botnet_Final_10_Best,QVE,2map,2,full,0,0.002,6,6,3072,1,0.998,0.997990503452285,0.9883629768056863,264.50491368899384,2.0043456929997774,266.5092593819936
success,UNSW_2018_IoT_Botnet_Final_10_Best,QVE,2map,2,full,0,0.002,6,7,4096,2,0.998,0.9980092740201078,0.9885781316226904,267.2871324980006,1.209634268998343,268.4967667669989
success,UNSW_2018_IoT_Botnet_Final_10_Best,QVE,2map,2,full,0,0.002,6,8,5120,0,0.9966666666666667,0.9966400755284308,0.9805571131969575,269.0146534489977,0.17372143199463608,269.18837488099234
success,UNSW_2018_IoT_Botnet_Final_10_Best,QVE,2map,2,full,0,0.002,6,9,6144,1,0.9953333333333333,0.9953260056217893,0.9728676747095873,261.1015155500063,2.262403685002937,263.36391923500923
success,UNSW_2018_IoT_Botnet_Final_10_Best,QVE,2map,2,full,0,0.01,6,0,42,2,0.9933333333333333,0.9933743902956271,0.9619401198184026,265.7899503859953,1.2809552929975325,267.07090567899286
success,UNSW_2018_IoT_Botnet_Final_10_Best,QVE,2map,2,full,0,0.01,6,1,123,0,0.988,0.988248888888889,0.934606095884654,266.0949880900007,1.199111700996582,267.2940997909973
success,UNSW_2018_IoT_Botnet_Final_10_Best,QVE,2map,2,full,0,0.01,6,2,456,1,0.9946666666666667,0.9946666666666667,0.9690802933249506,260.2146712709946,2.4935547500062967,262.7082260210009
success,UNSW_2018_IoT_Botnet_Final_10_Best,QVE,2map,2,full,0,0.01,6,3,789,2,0.9913333333333333,0.991451118978247,0.9516760579317576,263.69147799900384,0.7483423710000352,264.4398203700039
success,UNSW_2018_IoT_Botnet_Final_10_Best,QVE,2map,2,full,0,0.01,6,4,1024,0,0.992,0.9920970179646138,0.9551873937472581,234.291334268004,1.5702418900036719,235.86157615800767
success,UNSW_2018_IoT_Botnet_Final_10_Best,QVE,2map,2,full,0,0.01,6,5,2048,1,0.99,0.9900155786245346,0.9422133246728889,260.7251832789916,2.067769094996038,262.79295237398765
success,UNSW_2018_IoT_Botnet_Final_10_Best,QVE,2map,2,full,0,0.01,6,6,3072,2,0.9906666666666667,0.9908338607411529,0.9487965468889443,263.73445770899707,1.0168810590039357,264.751338768001
success,UNSW_2018_IoT_Botnet_Final_10_Best,QVE,2map,2,full,0,0.01,6,7,4096,0,0.992,0.9920492683547524,0.9543048260570449,268.5339835689956,1.9959178390054149,270.529901408001
success,UNSW_2018_IoT_Botnet_Final_10_Best,QVE,2map,2,full,0,0.01,6,8,5120,1,0.992,0.9920248279252704,0.9539369374668993,210.94398675000411,2.5540897569953813,213.4980765069995
success,UNSW_2018_IoT_Botnet_Final_10_Best,QVE,2map,2,full,0,0.01,6,9,6144,2,0.9886666666666667,0.9888206940484768,0.9366309061969962,270.9369456150016,0.8656808550003916,271.802626470002
success,UNSW_2018_IoT_Botnet_Final_10_Best,QVE,2map,2,full,0,0.05,6,0,42,0,0.9606666666666667,0.9635929146537842,0.8228861568930412,265.65308240399463,1.1396477369999047,266.79273014099454
success,UNSW_2018_IoT_Botnet_Final_10_Best,QVE,2map,2,full,0,0.05,6,1,123,1,0.9706666666666667,0.9723805243445693,0.860180622122229,260.14557473300374,2.0151280340069206,262.16070276701066
success,UNSW_2018_IoT_Botnet_Final_10_Best,QVE,2map,2,full,0,0.05,6,2,456,2,0.966,0.9682471276343251,0.8422651246671065,166.4336412039993,1.4296784949983703,167.86331969899766
success,UNSW_2018_IoT_Botnet_Final_10_Best,QVE,2map,2,full,0,0.05,6,3,789,0,0.968,0.9700113291796003,0.8498283884218152,265.8734151009994,2.0615339009964373,267.93494900199585
success,UNSW_2018_IoT_Botnet_Final_10_Best,QVE,2map,2,full,0,0.05,6,4,1024,1,0.9726666666666667,0.974170597125405,0.8681547145384009,265.6016648820005,2.1430785990014556,267.74474348100193
success,UNSW_2018_IoT_Botnet_Final_10_Best,QVE,2map,2,full,0,0.05,6,5,2048,2,0.9733333333333334,0.9747698736450222,0.8708541735305776,268.4711687270028,1.0933274999988498,269.56449622700165
success,UNSW_2018_IoT_Botnet_Final_10_Best,QVE,2map,2,full,0,0.05,6,6,3072,0,0.9633333333333334,0.9659111073368193,0.8324362648887544,224.51968181900156,1.7634200190004776,226.28310183800204
success,UNSW_2018_IoT_Botnet_Final_10_Best,QVE,2map,2,full,0,0.05,6,7,4096,1,0.962,0.964749831843055,0.8276272340943059,267.2999811829941,1.0607241280013113,268.3607053109954
success,UNSW_2018_IoT_Botnet_Final_10_Best,QVE,2map,2,full,0,0.05,6,8,5120,2,0.9686666666666667,0.9706017873891889,0.8523872447712222,266.3699745760023,1.8756390679918695,268.24561364399415
success,UNSW_2018_IoT_Botnet_Final_10_Best,QVE,2map,2,full,0,0.05,6,9,6144,0,0.9686666666666667,0.9706017873891889,0.8523872447712222,489.5168943940007,1.5990416839995305,491.11593607800023
success,UNSW_2018_IoT_Botnet_Final_10_Best,QVE,3map,3,full,0,0.0,6,0,42,1,0.9973333333333333,0.9973163830309103,0.9844649139608554,478.2668567319997,4.6722328969990485,482.9390896289988
success,UNSW_2018_IoT_Botnet_Final_10_Best,QVE,3map,3,full,0,0.0,6,1,123,2,0.9953333333333333,0.9953549727135846,0.9732609961997113,472.1608066379995,5.304276245995425,477.4650828839949
success,UNSW_2018_IoT_Botnet_Final_10_Best,QVE,3map,3,full,0,0.0,6,2,456,0,0.998,0.997990503452285,0.9883629768056863,552.5207114720106,6.416016352006409,558.936727824017
success,UNSW_2018_IoT_Botnet_Final_10_Best,QVE,3map,3,full,0,0.0,6,3,789,1,0.998,0.997990503452285,0.9883629768056863,583.082934337006,3.965324538992718,587.0482588759987
success,UNSW_2018_IoT_Botnet_Final_10_Best,QVE,3map,3,full,0,0.0,6,4,1024,2,0.9946666666666667,0.9946995122365017,0.9695754135797602,583.082308639001,3.7841026179958135,586.8664112569968
success,UNSW_2018_IoT_Botnet_Final_10_Best,QVE,3map,3,full,0,0.0,6,5,2048,0,0.9926666666666667,0.992631845991712,0.9571482286172763,590.2248872799973,3.786637860001065,594.0115251399984
success,UNSW_2018_IoT_Botnet_Final_10_Best,QVE,3map,3,full,0,0.0,6,6,3072,1,0.996,0.9959615546218488,0.9766394448969591,566.1180092670038,7.037309774997993,573.1553190420018
success,UNSW_2018_IoT_Botnet_Final_10_Best,QVE,3map,3,full,0,0.0,6,7,4096,2,0.9946666666666667,0.994615406162465,0.968759465082397,590.0005667100049,3.858907376998104,593.859474087003
success,UNSW_2018_IoT_Botnet_Final_10_Best,QVE,3map,3,full,0,0.0,6,8,5120,0,0.996,0.9959615546218488,0.9766394448969591,494.1048005019984,4.172642884994275,498.2774433869927
success,UNSW_2018_IoT_Botnet_Final_10_Best,QVE,3map,3,full,0,0.0,6,9,6144,1,0.9973333333333333,0.9973163830309103,0.9844649139608554,493.62552680200315,3.6059265580042847,497.23145336000744
success,UNSW_2018_IoT_Botnet_Final_10_Best,QVE,3map,3,full,0,0.002,6,0,42,2,0.9973333333333333,0.9973163830309103,0.9844649139608554,524.7955560890041,3.023182128010376,527.8187382170145
success,UNSW_2018_IoT_Botnet_Final_10_Best,QVE,3map,3,full,0,0.002,6,1,123,0,0.9953333333333333,0.9953549727135846,0.9732609961997113,394.1535477910147,3.6918941009935224,397.84544189200824
success,UNSW_2018_IoT_Botnet_Final_10_Best,QVE,3map,3,full,0,0.002,6,2,456,1,0.998,0.997990503452285,0.9883629768056863,390.788636751,3.9552350049998495,394.74387175599986
success,UNSW_2018_IoT_Botnet_Final_10_Best,QVE,3map,3,full,0,0.002,6,3,789,2,0.998,0.997990503452285,0.9883629768056863,389.99443368700304,4.434689621004509,394.42912330800755
success,UNSW_2018_IoT_Botnet_Final_10_Best,QVE,3map,3,full,0,0.002,6,4,1024,0,0.9946666666666667,0.9946995122365017,0.9695754135797602,394.61050859699026,1.7764586550110835,396.38696725200134
success,UNSW_2018_IoT_Botnet_Final_10_Best,QVE,3map,3,full,0,0.002,6,5,2048,1,0.9926666666666667,0.992631845991712,0.9571482286172763,387.8022981670074,3.5365878279844765,391.33888599499187
success,UNSW_2018_IoT_Botnet_Final_10_Best,QVE,3map,3,full,0,0.002,6,6,3072,2,0.996,0.9959615546218488,0.9766394448969591,378.3653152449988,2.4569394159916556,380.82225466099044
success,UNSW_2018_IoT_Botnet_Final_10_Best,QVE,3map,3,full,0,0.002,6,7,4096,0,0.9946666666666667,0.994615406162465,0.968759465082397,391.65714922700136,1.9839200240021455,393.6410692510035
success,UNSW_2018_IoT_Botnet_Final_10_Best,QVE,3map,3,full,0,0.002,6,8,5120,1,0.996,0.9959615546218488,0.9766394448969591,388.13244283899985,3.6295652059998247,391.7620080449997
success,UNSW_2018_IoT_Botnet_Final_10_Best,QVE,3map,3,full,0,0.002,6,9,6144,2,0.9973333333333333,0.9973163830309103,0.9844649139608554,382.11688093400153,3.3391894009982934,385.4560703349998
success,UNSW_2018_IoT_Botnet_Final_10_Best,QVE,3map,3,full,0,0.01,6,0,42,0,0.996,0.9959745745463654,0.9766360841206913,392.12683052900684,3.6942294019972906,395.82105993100413
success,UNSW_2018_IoT_Botnet_Final_10_Best,QVE,3map,3,full,0,0.01,6,1,123,1,0.9926666666666667,0.992744784620667,0.9587324290599396,386.4738503240078,4.5696774939933675,391.04352781800117
success,UNSW_2018_IoT_Botnet_Final_10_Best,QVE,3map,3,full,0,0.01,6,2,456,2,0.996,0.996,0.976810219993713,392.6545696030007,3.3109408099771827,395.9655104129779
success,UNSW_2018_IoT_Botnet_Final_10_Best,QVE,3map,3,full,0,0.01,6,3,789,0,0.9933333333333333,0.9933540232710586,0.9616190323650302,381.54708288300026,2.631800975999795,384.17888385900005
success,UNSW_2018_IoT_Botnet_Final_10_Best,QVE,3map,3,full,0,0.01,6,4,1024,1,0.992,0.9920970179646138,0.9551873937472581,363.5448678320099,5.224517002003267,368.7693848340132
success,UNSW_2018_IoT_Botnet_Final_10_Best,QVE,3map,3,full,0,0.01,6,5,2048,2,0.992,0.992,0.953620439987426,389.5335655139934,2.8182927209854824,392.35185823497886
success,UNSW_2018_IoT_Botnet_Final_10_Best,QVE,3map,3,full,0,0.01,6,6,3072,0,0.9906666666666667,0.9907798542920494,0.9476427477330465,387.4723627960193,3.1914878559909994,390.6638506520103
success,UNSW_2018_IoT_Botnet_Final_10_Best,QVE,3map,3,full,0,0.01,6,7,4096,1,0.99,0.9899525172614256,0.9415408545230713,275.0677256189956,4.500673695001751,279.56839931399736
success,UNSW_2018_IoT_Botnet_Final_10_Best,QVE,3map,3,full,0,0.01,6,8,5120,2,0.996,0.9959615546218488,0.9766394448969591,390.1465903890057,2.4633530249993782,392.6099434140051
success,UNSW_2018_IoT_Botnet_Final_10_Best,QVE,3map,3,full,0,0.01,6,9,6144,0,0.9953333333333333,0.9952961057398029,0.9727028541761238,386.31712654400326,2.665627714013681,388.98275425801694
success,UNSW_2018_IoT_Botnet_Final_10_Best,QVE,3map,3,full,0,0.05,6,0,42,1,0.09533333333333334,0.016594846824913773,0.0,383.5205889110075,3.593579427993973,387.1141683390015
success,UNSW_2018_IoT_Botnet_Final_10_Best,QVE,3map,3,full,0,0.05,6,1,123,2,0.09533333333333334,0.016594846824913773,0.0,343.9635271809966,4.875359979007044,348.83888716000365
success,UNSW_2018_IoT_Botnet_Final_10_Best,QVE,3map,3,full,0,0.05,6,2,456,0,0.09533333333333334,0.016594846824913773,0.0,389.2807233059866,3.0296569320198614,392.3103802380065
success,UNSW_2018_IoT_Botnet_Final_10_Best,QVE,3map,3,full,0,0.05,6,3,789,1,0.09533333333333334,0.016594846824913773,0.0,366.65340391901555,3.9746984359953785,370.6281023550109
success,UNSW_2018_IoT_Botnet_Final_10_Best,QVE,3map,3,full,0,0.05,6,4,1024,2,0.09533333333333334,0.016594846824913773,0.0,371.30113212997094,3.14137020400085,374.4425023339718
success,UNSW_2018_IoT_Botnet_Final_10_Best,QVE,3map,3,full,0,0.05,6,5,2048,0,0.09533333333333334,0.016594846824913773,0.0,390.9636586879933,4.195450125014759,395.15910881300806
success,UNSW_2018_IoT_Botnet_Final_10_Best,QVE,3map,3,full,0,0.05,6,6,3072,1,0.09533333333333334,0.016594846824913773,0.0,394.5920509580028,2.382664141987334,396.97471509999014
success,UNSW_2018_IoT_Botnet_Final_10_Best,QVE,3map,3,full,0,0.05,6,7,4096,2,0.09533333333333334,0.016594846824913773,0.0,386.2806238219928,3.545772543991916,389.8263963659847
success,UNSW_2018_IoT_Botnet_Final_10_Best,QVE,3map,3,full,0,0.05,6,8,5120,0,0.09533333333333334,0.016594846824913773,0.0,513.7104427150043,3.134059309013537,516.8445020240179
success,UNSW_2018_IoT_Botnet_Final_10_Best,QVE,3map,3,full,0,0.05,6,9,6144,1,0.09533333333333334,0.016594846824913773,0.0,512.7591567020136,3.827566370004206,516.5867230720178
success,UNSW_2018_IoT_Botnet_Final_10_Best,QVE,4map,4,full,0,0.0,6,0,42,2,0.996,0.9960124139626352,0.976983222161292,441.7285366980068,5.045704441014095,446.7742411390209
success,UNSW_2018_IoT_Botnet_Final_10_Best,QVE,4map,4,full,0,0.0,6,1,123,0,0.9933333333333333,0.9933944409596461,0.9623117253801959,737.7684932839911,6.781385695983772,744.5498789799749
success,UNSW_2018_IoT_Botnet_Final_10_Best,QVE,4map,4,full,0,0.0,6,2,456,1,0.9973333333333333,0.9973333333333333,0.9845401466624754,739.4341062589956,5.246373078014585,744.6804793370102
success,UNSW_2018_IoT_Botnet_Final_10_Best,QVE,4map,4,full,0,0.0,6,3,789,2,0.9953333333333333,0.9953549727135846,0.9732609961997113,707.7797149239777,9.112442426019697,716.8921573499974
success,UNSW_2018_IoT_Botnet_Final_10_Best,QVE,4map,4,full,0,0.0,6,4,1024,0,0.9926666666666667,0.992744784620667,0.9587324290599396,718.5351624110044,6.903134787004092,725.4382971980085
success,UNSW_2018_IoT_Botnet_Final_10_Best,QVE,4map,4,full,0,0.0,6,5,2048,1,0.9906666666666667,0.990695632579482,0.9462548425687685,741.9521471499902,4.895360928989248,746.8475080789794
success,UNSW_2018_IoT_Botnet_Final_10_Best,QVE,4map,4,full,0,0.0,6,6,3072,2,0.998,0.997990503452285,0.9883629768056863,741.4796034640167,5.381741963996319,746.861345428013
success,UNSW_2018_IoT_Botnet_Final_10_Best,QVE,4map,4,full,0,0.0,6,7,4096,0,0.998,0.9980092740201078,0.9885781316226904,740.8378474330093,5.917576396008371,746.7554238290177
success,UNSW_2018_IoT_Botnet_Final_10_Best,QVE,4map,4,full,0,0.0,6,8,5120,1,0.9973333333333333,0.9973163830309103,0.9844649139608554,742.5797869230009,4.3172019199846545,746.8969888429856
success,UNSW_2018_IoT_Botnet_Final_10_Best,QVE,4map,4,full,0,0.0,6,9,6144,2,0.996,0.996,0.976810219993713,724.1787066519901,5.603757722026785,729.7824643740169
success,UNSW_2018_IoT_Botnet_Final_10_Best,QVE,4map,4,full,0,0.002,6,0,42,0,0.9953333333333333,0.9953549727135846,0.9732609961997113,488.24300600998686,4.930989349013544,493.1739953590004
success,UNSW_2018_IoT_Botnet_Final_10_Best,QVE,4map,4,full,0,0.002,6,1,123,1,0.9933333333333333,0.9933944409596461,0.9623117253801959,460.9163965799962,6.015102322009625,466.93149890200584
success,UNSW_2018_IoT_Botnet_Final_10_Best,QVE,4map,4,full,0,0.002,6,2,456,2,0.9973333333333333,0.9973333333333333,0.9845401466624754,491.52137219600263,4.351427572997636,495.87279976900027
success,UNSW_2018_IoT_Botnet_Final_10_Best,QVE,4map,4,full,0,0.002,6,3,789,0,0.9953333333333333,0.9953549727135846,0.9732609961997113,464.10625102101767,4.066212394012837,468.1724634150305
success,UNSW_2018_IoT_Botnet_Final_10_Best,QVE,4map,4,full,0,0.002,6,4,1024,1,0.9926666666666667,0.992744784620667,0.9587324290599396,490.1264475089847,3.48992951400578,493.6163770229905
success,UNSW_2018_IoT_Botnet_Final_10_Best,QVE,4map,4,full,0,0.002,6,5,2048,2,0.9906666666666667,0.990695632579482,0.9462548425687685,493.29148359099054,3.0582721029932145,496.34975569398375
success,UNSW_2018_IoT_Botnet_Final_10_Best,QVE,4map,4,full,0,0.002,6,6,3072,0,0.998,0.997990503452285,0.9883629768056863,490.36952768897754,5.636273949989118,496.00580163896666
success,UNSW_2018_IoT_Botnet_Final_10_Best,QVE,4map,4,full,0,0.002,6,7,4096,1,0.998,0.9980092740201078,0.9885781316226904,493.34492684100405,3.9345228819875047,497.27944972299156
success,UNSW_2018_IoT_Botnet_Final_10_Best,QVE,4map,4,full,0,0.002,6,8,5120,2,0.998,0.997990503452285,0.9883629768056863,483.42858674500894,6.9803531869984,490.40893993200734
success,UNSW_2018_IoT_Botnet_Final_10_Best,QVE,4map,4,full,0,0.002,6,9,6144,0,0.996,0.996,0.976810219993713,496.34970191800676,3.2131754089932656,499.562877327
success,UNSW_2018_IoT_Botnet_Final_10_Best,QVE,4map,4,full,0,0.01,6,0,42,1,0.994,0.9940639146896366,0.9662993779870109,496.2046040689893,3.351004843003466,499.55560891199275
success,UNSW_2018_IoT_Botnet_Final_10_Best,QVE,4map,4,full,0,0.01,6,1,123,2,0.9893333333333333,0.9895244122756032,0.941338822570379,433.68721529301547,5.500459406990558,439.187674700006
success,UNSW_2018_IoT_Botnet_Final_10_Best,QVE,4map,4,full,0,0.01,6,2,456,0,0.996,0.9960124139626352,0.976983222161292,457.1762839130097,6.173362658009864,463.34964657101955
success,UNSW_2018_IoT_Botnet_Final_10_Best,QVE,4map,4,full,0,0.01,6,3,789,1,0.9926666666666667,0.992744784620667,0.9587324290599396,489.3208614149771,4.46309224300785,493.78395365798497
success,UNSW_2018_IoT_Botnet_Final_10_Best,QVE,4map,4,full,0,0.01,6,4,1024,2,0.992,0.9920970179646138,0.9551873937472581,490.41052608797327,3.583473677004804,493.99399976497807
success,UNSW_2018_IoT_Botnet_Final_10_Best,QVE,4map,4,full,0,0.01,6,5,2048,0,0.99,0.9900766821553204,0.9430890511653499,472.1762183380051,6.89851129699673,479.07472963500186
success,UNSW_2018_IoT_Botnet_Final_10_Best,QVE,4map,4,full,0,0.01,6,6,3072,1,0.9926666666666667,0.992766331443132,0.9591986337991384,491.09632011501526,4.107712917975732,495.204033032991
success,UNSW_2018_IoT_Botnet_Final_10_Best,QVE,4map,4,full,0,0.01,6,7,4096,2,0.9946666666666667,0.9947313453097425,0.9702766857756814,489.2865343649901,5.6568128210055875,494.94334718599566
success,UNSW_2018_IoT_Botnet_Final_10_Best,QVE,4map,4,full,0,0.01,6,8,5120,0,0.998,0.9979968595521955,0.9883761554482334,481.96702500600077,4.901372367996373,486.86839737399714
success,UNSW_2018_IoT_Botnet_Final_10_Best,QVE,4map,4,full,0,0.01,6,9,6144,1,0.992,0.9920733291515753,0.9547222368707855,480.4840060639981,4.971526952998829,485.4555330169969
success,UNSW_2018_IoT_Botnet_Final_10_Best,QVE,4map,4,full,0,0.05,6,0,42,2,0.09533333333333334,0.016594846824913773,0.0,496.4163707970001,4.4699996809940785,500.8863704779942
success,UNSW_2018_IoT_Botnet_Final_10_Best,QVE,4map,4,full,0,0.05,6,1,123,0,0.09533333333333334,0.016594846824913773,0.0,446.0548745139822,5.570823642992764,451.625698156975
success,UNSW_2018_IoT_Botnet_Final_10_Best,QVE,4map,4,full,0,0.05,6,2,456,1,0.09533333333333334,0.016594846824913773,0.0,446.1458016770048,5.664257850003196,451.810059527008
success,UNSW_2018_IoT_Botnet_Final_10_Best,QVE,4map,4,full,0,0.05,6,3,789,2,0.31,0.36763535304304545,0.16972014163597648,486.0592302689911,3.7641918820154388,489.8234221510065
success,UNSW_2018_IoT_Botnet_Final_10_Best,QVE,4map,4,full,0,0.05,6,4,1024,0,0.09533333333333334,0.016594846824913773,0.0,391.0380041449971,4.126742225998896,395.164746370996
success,UNSW_2018_IoT_Botnet_Final_10_Best,QVE,4map,4,full,0,0.05,6,5,2048,1,0.24733333333333332,0.2795388183537507,0.13743646075747237,495.269975039002,2.158443720007199,497.4284187590092
success,UNSW_2018_IoT_Botnet_Final_10_Best,QVE,4map,4,full,0,0.05,6,6,3072,2,0.09533333333333334,0.016594846824913773,0.0,492.7680995459814,3.319818891963223,496.0879184379446
success,UNSW_2018_IoT_Botnet_Final_10_Best,QVE,4map,4,full,0,0.05,6,7,4096,0,0.09533333333333334,0.016594846824913773,0.0,489.465562693993,3.432970530993771,492.89853322498675
success,UNSW_2018_IoT_Botnet_Final_10_Best,QVE,4map,4,full,0,0.05,6,8,5120,1,0.09533333333333334,0.016594846824913773,0.0,470.422903461993,5.2789958660141565,475.70189932800713
success,UNSW_2018_IoT_Botnet_Final_10_Best,QVE,4map,4,full,0,0.05,6,9,6144,2,0.09533333333333334,0.016594846824913773,0.0,488.9588836960029,3.703456974995788,492.6623406709987
success,UNSW_2018_IoT_Botnet_Final_10_Best,QWE,2map,2,full,0,0.0,6,0,42,0,0.9966666666666667,0.9966400755284308,0.9805571131969575,797.8497460230137,4.9211555649962975,802.77090158801
success,UNSW_2018_IoT_Botnet_Final_10_Best,QWE,2map,2,full,0,0.0,6,1,123,1,0.996,0.996,0.976810219993713,826.4170487539959,5.5978689290059265,832.0149176830018
success,UNSW_2018_IoT_Botnet_Final_10_Best,QWE,2map,2,full,0,0.0,6,2,456,2,0.9973333333333333,0.9973163830309103,0.9844649139608554,826.6424942399753,5.411434304012801,832.0539285439881
success,UNSW_2018_IoT_Botnet_Final_10_Best,QWE,2map,2,full,0,0.0,6,3,789,0,0.998,0.997990503452285,0.9883629768056863,795.9563477420015,5.4402128660003655,801.3965606080019
success,UNSW_2018_IoT_Botnet_Final_10_Best,QWE,2map,2,full,0,0.0,6,4,1024,1,0.9953333333333333,0.995340603358116,0.9730368435381365,819.5445344419859,4.1707170809968375,823.7152515229827
success,UNSW_2018_IoT_Botnet_Final_10_Best,QWE,2map,2,full,0,0.0,6,5,2048,2,0.9926666666666667,0.9926081661625477,0.9569943361344565,818.9748231619742,4.744841476000147,823.7196646379743
success,UNSW_2018_IoT_Botnet_Final_10_Best,QWE,2map,2,full,0,0.0,6,6,3072,0,0.996,0.9959615546218488,0.9766394448969591,833.1032985769853,5.493579123984091,838.5968777009693
success,UNSW_2018_IoT_Botnet_Final_10_Best,QWE,2map,2,full,0,0.0,6,7,4096,1,0.992,0.9918424257354161,0.952918654507307,809.0173936589999,5.508439828976407,814.5258334879763
success,UNSW_2018_IoT_Botnet_Final_10_Best,QWE,2map,2,full,0,0.0,6,8,5120,2,0.9953333333333333,0.9952807936150397,0.9727117770954385,832.5868997540092,5.869125708981301,838.4560254629905
success,UNSW_2018_IoT_Botnet_Final_10_Best,QWE,2map,2,full,0,0.0,6,9,6144,0,0.9973333333333333,0.9973163830309103,0.9844649139608554,597.6002463900222,4.904568148995168,602.5048145390174
success,UNSW_2018_IoT_Botnet_Final_10_Best,QWE,2map,2,full,0,0.002,6,0,42,1,0.9966666666666667,0.9966400755284308,0.9805571131969575,700.7715949449921,3.81226553999295,704.583860484985
success,UNSW_2018_IoT_Botnet_Final_10_Best,QWE,2map,2,full,0,0.002,6,1,123,2,0.996,0.9960124139626352,0.976983222161292,695.469639272007,4.987048742012121,700.4566880140192
success,UNSW_2018_IoT_Botnet_Final_10_Best,QWE,2map,2,full,0,0.002,6,2,456,0,0.9973333333333333,0.9973163830309103,0.9844649139608554,608.6094548099791,4.4789533900038805,613.088408199983
success,UNSW_2018_IoT_Botnet_Final_10_Best,QWE,2map,2,full,0,0.002,6,3,789,1,0.998,0.997990503452285,0.9883629768056863,615.5224230550084,3.2508072149939835,618.7732302700024
success,UNSW_2018_IoT_Botnet_Final_10_Best,QWE,2map,2,full,0,0.002,6,4,1024,2,0.994,0.9940278220603231,0.9656024284882216,587.2471465649869,4.220341280990397,591.4674878459773
success,UNSW_2018_IoT_Botnet_Final_10_Best,QWE,2map,2,full,0,0.002,6,5,2048,0,0.9926666666666667,0.9926081661625477,0.9569943361344565,603.7688359590102,5.624141165986657,609.3929771249968
success,UNSW_2018_IoT_Botnet_Final_10_Best,QWE,2map,2,full,0,0.002,6,6,3072,1,0.996,0.9959615546218488,0.9766394448969591,602.7169217049959,5.670204051988549,608.3871257569845
success,UNSW_2018_IoT_Botnet_Final_10_Best,QWE,2map,2,full,0,0.002,6,7,4096,2,0.9933333333333333,0.9932247972929835,0.9608674205030172,615.5673777869815,3.9535903179930756,619.5209681049746
success,UNSW_2018_IoT_Botnet_Final_10_Best,QWE,2map,2,full,0,0.002,6,8,5120,0,0.9953333333333333,0.9952807936150397,0.9727117770954385,554.6758553370164,3.5263747059652815,558.2022300429817
success,UNSW_2018_IoT_Botnet_Final_10_Best,QWE,2map,2,full,0,0.002,6,9,6144,1,0.9973333333333333,0.9973163830309103,0.9844649139608554,606.390841201006,4.892126685997937,611.2829678870039
success,UNSW_2018_IoT_Botnet_Final_10_Best,QWE,2map,2,full,0,0.01,6,0,42,2,0.9946666666666667,0.994615406162465,0.968759465082397,595.0579511949763,3.838802416998078,598.8967536119744
success,UNSW_2018_IoT_Botnet_Final_10_Best,QWE,2map,2,full,0,0.01,6,1,123,0,0.9933333333333333,0.9933743902956271,0.9619401198184026,611.5874270320055,3.7167218899849104,615.3041489219904
success,UNSW_2018_IoT_Botnet_Final_10_Best,QWE,2map,2,full,0,0.01,6,2,456,1,0.9913333333333333,0.9912068615479935,0.9489080106657378,611.9022160769964,3.575800792008522,615.4780168690049
success,UNSW_2018_IoT_Botnet_Final_10_Best,QWE,2map,2,full,0,0.01,6,3,789,2,0.994,0.9939124426101495,0.9648259030152229,587.4365348050196,4.659179345006123,592.0957141500257
success,UNSW_2018_IoT_Botnet_Final_10_Best,QWE,2map,2,full,0,0.01,6,4,1024,0,0.9906666666666667,0.9907522173435044,0.9471327483613751,548.6717171579949,4.4990860279795015,553.1708031859744
success,UNSW_2018_IoT_Botnet_Final_10_Best,QWE,2map,2,full,0,0.01,6,5,2048,1,0.9873333333333333,0.9871907255265365,0.9252757916070182,612.9076009150158,4.036106206011027,616.9437071210268
success,UNSW_2018_IoT_Botnet_Final_10_Best,QWE,2map,2,full,0,0.01,6,6,3072,2,0.9933333333333333,0.9932909575772757,0.960978424440363,609.6122372129757,5.012344921007752,614.6245821339835
success,UNSW_2018_IoT_Botnet_Final_10_Best,QWE,2map,2,full,0,0.01,6,7,4096,0,0.9886666666666667,0.9883841604704064,0.9327882693097398,608.1862159619923,4.333837110010791,612.5200530720031
success,UNSW_2018_IoT_Botnet_Final_10_Best,QWE,2map,2,full,0,0.01,6,8,5120,1,0.9906666666666667,0.9905460895060587,0.9449770219559364,615.0487310630124,4.490428885008441,619.5391599480208
success,UNSW_2018_IoT_Botnet_Final_10_Best,QWE,2map,2,full,0,0.01,6,9,6144,2,0.9933333333333333,0.9932247972929835,0.9608674205030172,605.4524148249766,3.722646808018908,609.1750616329955
success,UNSW_2018_IoT_Botnet_Final_10_Best,QWE,2map,2,full,0,0.05,6,0,42,0,0.09533333333333334,0.016594846824913773,0.0,525.4587038460013,3.3559601029846817,528.814663948986
success,UNSW_2018_IoT_Botnet_Final_10_Best,QWE,2map,2,full,0,0.05,6,1,123,1,0.09533333333333334,0.016594846824913773,0.0,617.0557790800085,2.662262390993419,619.7180414710019
success,UNSW_2018_IoT_Botnet_Final_10_Best,QWE,2map,2,full,0,0.05,6,2,456,2,0.09533333333333334,0.016594846824913773,0.0,617.151508313982,2.687504515008186,619.8390128289902
success,UNSW_2018_IoT_Botnet_Final_10_Best,QWE,2map,2,full,0,0.05,6,3,789,0,0.09533333333333334,0.016594846824913773,0.0,617.0135905259958,4.43269417497504,621.4462847009709
success,UNSW_2018_IoT_Botnet_Final_10_Best,QWE,2map,2,full,0,0.05,6,4,1024,1,0.09533333333333334,0.016594846824913773,0.0,603.8329427409917,4.485858250991441,608.3188009919832
success,UNSW_2018_IoT_Botnet_Final_10_Best,QWE,2map,2,full,0,0.05,6,5,2048,2,0.09533333333333334,0.016594846824913773,0.0,614.7059833070089,4.402245520992437,619.1082288280013
success,UNSW_2018_IoT_Botnet_Final_10_Best,QWE,2map,2,full,0,0.05,6,6,3072,0,0.09533333333333334,0.016594846824913773,0.0,619.8543887130072,3.4636851480026962,623.3180738610099
success,UNSW_2018_IoT_Botnet_Final_10_Best,QWE,2map,2,full,0,0.05,6,7,4096,1,0.09533333333333334,0.016594846824913773,0.0,610.0546154889889,4.507928024002467,614.5625435129914
success,UNSW_2018_IoT_Botnet_Final_10_Best,QWE,2map,2,full,0,0.05,6,8,5120,2,0.09533333333333334,0.016594846824913773,0.0,579.8347502359975,3.2497931480029365,583.0845433840004
success,UNSW_2018_IoT_Botnet_Final_10_Best,QWE,2map,2,full,0,0.05,6,9,6144,0,0.09533333333333334,0.016594846824913773,0.0,904.4758679449878,3.8932524359988747,908.3691203809867
success,UNSW_2018_IoT_Botnet_Final_10_Best,QWE,3map,3,full,0,0.0,6,0,42,1,0.9973333333333333,0.9973249254980052,0.9844726035127892,888.4933827850327,7.819617938977899,896.3130007240106
success,UNSW_2018_IoT_Botnet_Final_10_Best,QWE,3map,3,full,0,0.0,6,1,123,2,0.9953333333333333,0.9953549727135846,0.9732609961997113,891.7688662579894,8.731165093005984,900.5000313509954
success,UNSW_2018_IoT_Botnet_Final_10_Best,QWE,3map,3,full,0,0.0,6,2,456,0,0.998,0.997990503452285,0.9883629768056863,1027.339854748032,9.876245543026016,1037.216100291058
success,UNSW_2018_IoT_Botnet_Final_10_Best,QWE,3map,3,full,0,0.0,6,3,789,1,0.996,0.996,0.976810219993713,1028.1164469100331,9.236540112018702,1037.3529870220518
success,UNSW_2018_IoT_Botnet_Final_10_Best,QWE,3map,3,full,0,0.0,6,4,1024,2,0.9946666666666667,0.9946995122365017,0.9695754135797602,998.3864847450168,12.215792046001297,1010.6022767910181
success,UNSW_2018_IoT_Botnet_Final_10_Best,QWE,3map,3,full,0,0.0,6,5,2048,0,0.9933333333333333,0.9933123137450129,0.9611361268733166,1016.4605590249848,6.179458154016174,1022.640017179001
success,UNSW_2018_IoT_Botnet_Final_10_Best,QWE,3map,3,full,0,0.0,6,6,3072,1,0.9966666666666667,0.9966400755284308,0.9805571131969575,987.7906898560032,10.3143658379704,998.1050556939736
success,UNSW_2018_IoT_Botnet_Final_10_Best,QWE,3map,3,full,0,0.0,6,7,4096,2,0.9953333333333333,0.9953260056217893,0.9728676747095873,1015.0434248389938,7.007520160987042,1022.0509449999809
success,UNSW_2018_IoT_Botnet_Final_10_Best,QWE,3map,3,full,0,0.0,6,8,5120,0,0.996,0.9959615546218488,0.9766394448969591,882.6974060850189,8.138991693005664,890.8363977780245
success,UNSW_2018_IoT_Botnet_Final_10_Best,QWE,3map,3,full,0,0.0,6,9,6144,1,0.9973333333333333,0.9973163830309103,0.9844649139608554,885.2073905990255,9.74748988999636,894.9548804890219
success,UNSW_2018_IoT_Botnet_Final_10_Best,QWE,3map,3,full,0,0.002,6,0,42,2,0.9966666666666667,0.9966614325869924,0.9806219150789104,932.9452940039919,7.431562875994132,940.376856879986
success,UNSW_2018_IoT_Botnet_Final_10_Best,QWE,3map,3,full,0,0.002,6,1,123,0,0.9933333333333333,0.9933944409596461,0.9623117253801959,686.775293609986,5.2930868590046884,692.0683804689907
success,UNSW_2018_IoT_Botnet_Final_10_Best,QWE,3map,3,full,0,0.002,6,2,456,1,0.998,0.9979968595521955,0.9883761554482334,685.3956354269758,5.847986648994265,691.24362207597
success,UNSW_2018_IoT_Botnet_Final_10_Best,QWE,3map,3,full,0,0.002,6,3,789,2,0.996,0.996,0.976810219993713,636.899576723983,5.125830504024634,642.0254072280077
success,UNSW_2018_IoT_Botnet_Final_10_Best,QWE,3map,3,full,0,0.002,6,4,1024,0,0.994,0.9940460092931921,0.9659258574367079,627.6880166420015,4.689754736013128,632.3777713780146
success,UNSW_2018_IoT_Botnet_Final_10_Best,QWE,3map,3,full,0,0.002,6,5,2048,1,0.9933333333333333,0.9933123137450129,0.9611361268733166,668.1410543080128,6.44335239699285,674.5844067050057
success,UNSW_2018_IoT_Botnet_Final_10_Best,QWE,3map,3,full,0,0.002,6,6,3072,2,0.9966666666666667,0.9966400755284308,0.9805571131969575,682.8556450029864,5.219511767994845,688.0751567709813
success,UNSW_2018_IoT_Botnet_Final_10_Best,QWE,3map,3,full,0,0.002,6,7,4096,0,0.9953333333333333,0.9953260056217893,0.9728676747095873,686.3058468779927,6.25546293501975,692.5613098130125
success,UNSW_2018_IoT_Botnet_Final_10_Best,QWE,3map,3,full,0,0.002,6,8,5120,1,0.996,0.9959615546218488,0.9766394448969591,691.9495499809855,5.044629398995312,696.9941793799808
success,UNSW_2018_IoT_Botnet_Final_10_Best,QWE,3map,3,full,0,0.002,6,9,6144,2,0.9966666666666667,0.9966508390871419,0.9805592897585838,686.3717654259963,7.061346565998974,693.4331119919952
success,UNSW_2018_IoT_Botnet_Final_10_Best,QWE,3map,3,full,0,0.01,6,0,42,0,0.996,0.996,0.976810219993713,649.7779970320116,5.8107154430035735,655.5887124750152
success,UNSW_2018_IoT_Botnet_Final_10_Best,QWE,3map,3,full,0,0.01,6,1,123,1,0.992,0.9920970179646138,0.9551873937472581,663.0475252730248,5.038807074990473,668.0863323480153
success,UNSW_2018_IoT_Botnet_Final_10_Best,QWE,3map,3,full,0,0.01,6,2,456,2,0.996,0.996,0.976810219993713,678.8539994019957,5.393249584973091,684.2472489869688
success,UNSW_2018_IoT_Botnet_Final_10_Best,QWE,3map,3,full,0,0.01,6,3,789,0,0.9953333333333333,0.995340603358116,0.9730368435381365,684.9945070029789,5.890863705033553,690.8853707080125
success,UNSW_2018_IoT_Botnet_Final_10_Best,QWE,3map,3,full,0,0.01,6,4,1024,1,0.992,0.9920970179646138,0.9551873937472581,665.5875294180296,4.08886288497888,669.6763923030085
success,UNSW_2018_IoT_Botnet_Final_10_Best,QWE,3map,3,full,0,0.01,6,5,2048,2,0.9906666666666667,0.9906666666666667,0.9458905133186637,687.5702604889811,5.604480492998846,693.17474098198
success,UNSW_2018_IoT_Botnet_Final_10_Best,QWE,3map,3,full,0,0.01,6,6,3072,0,0.9966666666666667,0.9966614325869924,0.9806219150789104,691.8156099369808,5.276386363009806,697.0919962999906
success,UNSW_2018_IoT_Botnet_Final_10_Best,QWE,3map,3,full,0,0.01,6,7,4096,1,0.9926666666666667,0.9926551516913831,0.9573591939709413,689.4646773729764,6.893018232003669,696.3576956049801
success,UNSW_2018_IoT_Botnet_Final_10_Best,QWE,3map,3,full,0,0.01,6,8,5120,2,0.996,0.9959615546218488,0.9766394448969591,677.4519387979817,8.208275850003702,685.6602146479854
success,UNSW_2018_IoT_Botnet_Final_10_Best,QWE,3map,3,full,0,0.01,6,9,6144,0,0.996,0.9959873882470078,0.9766937779662983,686.5317245930055,5.165152957997634,691.6968775510031
success,UNSW_2018_IoT_Botnet_Final_10_Best,QWE,3map,3,full,0,0.05,6,0,42,1,0.988,0.9883152038107137,0.9361715639953907,648.6015774970001,6.949095082003623,655.5506725790037
success,UNSW_2018_IoT_Botnet_Final_10_Best,QWE,3map,3,full,0,0.05,6,1,123,2,0.986,0.9864242413979541,0.9265298167372109,683.6076663219865,5.773868572010542,689.381534893997
success,UNSW_2018_IoT_Botnet_Final_10_Best,QWE,3map,3,full,0,0.05,6,2,456,0,0.9906666666666667,0.9908602469135802,0.9494372681609102,691.8343053230055,5.4914075789711205,697.3257129019767
success,UNSW_2018_IoT_Botnet_Final_10_Best,QWE,3map,3,full,0,0.05,6,3,789,1,0.9873333333333333,0.9876487479671214,0.9320891928349727,686.713316549969,5.653289438021602,692.3666059879906
success,UNSW_2018_IoT_Botnet_Final_10_Best,QWE,3map,3,full,0,0.05,6,4,1024,2,0.9886666666666667,0.9889175655476351,0.9386806937307621,686.0372089549928,6.401501525993808,692.4387104809866
success,UNSW_2018_IoT_Botnet_Final_10_Best,QWE,3map,3,full,0,0.05,6,5,2048,0,0.9853333333333333,0.9856375308641976,0.9197749236083979,690.8476416490012,5.500865481008077,696.3485071300092
success,UNSW_2018_IoT_Botnet_Final_10_Best,QWE,3map,3,full,0,0.05,6,6,3072,1,0.9913333333333333,0.9915008826575236,0.9528300165982294,670.9165223339951,7.128730584983714,678.0452529189788
success,UNSW_2018_IoT_Botnet_Final_10_Best,QWE,3map,3,full,0,0.05,6,7,4096,2,0.9893333333333333,0.9895842656730438,0.9427443139024599,654.8051323089894,8.01161382002465,662.8167461290141
success,UNSW_2018_IoT_Botnet_Final_10_Best,QWE,3map,3,full,0,0.05,6,8,5120,0,0.9853333333333333,0.9857972121984009,0.9233721161313739,900.2116839960217,8.720690306989127,908.9323743030109
success,UNSW_2018_IoT_Botnet_Final_10_Best,QWE,3map,3,full,0,0.05,6,9,6144,1,0.9893333333333333,0.9895545679012345,0.9420216820227821,900.8798291329877,7.884300929013989,908.7641300620016
success,UNSW_2018_IoT_Botnet_Final_10_Best,QWE,4map,4,full,0,0.0,6,0,42,2,0.996,0.9960124139626352,0.976983222161292,764.3501325550169,8.335059965000255,772.6851925200172
success,UNSW_2018_IoT_Botnet_Final_10_Best,QWE,4map,4,full,0,0.0,6,1,123,0,0.9933333333333333,0.9933944409596461,0.9623117253801959,1323.8170712189894,15.02063012601866,1338.837701345008
success,UNSW_2018_IoT_Botnet_Final_10_Best,QWE,4map,4,full,0,0.0,6,2,456,1,0.9973333333333333,0.9973333333333333,0.9845401466624754,1280.6891483899963,15.182324745008373,1295.8714731350046
success,UNSW_2018_IoT_Botnet_Final_10_Best,QWE,4map,4,full,0,0.0,6,3,789,2,0.9953333333333333,0.9953549727135846,0.9732609961997113,1322.5425255230075,16.119802999004605,1338.662328522012
success,UNSW_2018_IoT_Botnet_Final_10_Best,QWE,4map,4,full,0,0.0,6,4,1024,0,0.9926666666666667,0.992744784620667,0.9587324290599396,1294.453540330971,15.556026339021628,1310.0095666699926
success,UNSW_2018_IoT_Botnet_Final_10_Best,QWE,4map,4,full,0,0.0,6,5,2048,1,0.9906666666666667,0.990695632579482,0.9462548425687685,1322.5173167340108,14.584759338002186,1337.102076072013
success,UNSW_2018_IoT_Botnet_Final_10_Best,QWE,4map,4,full,0,0.0,6,6,3072,2,0.998,0.997990503452285,0.9883629768056863,1323.854364702027,14.264330138001242,1338.1186948400282
success,UNSW_2018_IoT_Botnet_Final_10_Best,QWE,4map,4,full,0,0.0,6,7,4096,0,0.998,0.9980092740201078,0.9885781316226904,1258.9625174449902,14.348047834995668,1273.310565279986
success,UNSW_2018_IoT_Botnet_Final_10_Best,QWE,4map,4,full,0,0.0,6,8,5120,1,0.9973333333333333,0.9973163830309103,0.9844649139608554,1299.1824099270016,12.754279827990104,1311.9366897549917
success,UNSW_2018_IoT_Botnet_Final_10_Best,QWE,4map,4,full,0,0.0,6,9,6144,2,0.996,0.996,0.976810219993713,1300.794054879996,11.18174128200917,1311.9757961620053
success,UNSW_2018_IoT_Botnet_Final_10_Best,QWE,4map,4,full,0,0.002,6,0,42,0,0.9953333333333333,0.9953549727135846,0.9732609961997113,847.9295285699918,9.87580893401173,857.8053375040035
success,UNSW_2018_IoT_Botnet_Final_10_Best,QWE,4map,4,full,0,0.002,6,1,123,1,0.9933333333333333,0.9933944409596461,0.9623117253801959,861.8028536290076,8.649314438007423,870.452168067015
success,UNSW_2018_IoT_Botnet_Final_10_Best,QWE,4map,4,full,0,0.002,6,2,456,2,0.9973333333333333,0.9973333333333333,0.9845401466624754,859.9936572459992,7.7226476809883025,867.7163049269875
success,UNSW_2018_IoT_Botnet_Final_10_Best,QWE,4map,4,full,0,0.002,6,3,789,0,0.9953333333333333,0.9953549727135846,0.9732609961997113,855.0505185520014,10.127664120998816,865.1781826730003
success,UNSW_2018_IoT_Botnet_Final_10_Best,QWE,4map,4,full,0,0.002,6,4,1024,1,0.9926666666666667,0.992744784620667,0.9587324290599396,770.5244007680303,9.415564860988525,779.9399656290188
success,UNSW_2018_IoT_Botnet_Final_10_Best,QWE,4map,4,full,0,0.002,6,5,2048,2,0.9906666666666667,0.990695632579482,0.9462548425687685,857.1975821429951,9.390310662973206,866.5878928059683
success,UNSW_2018_IoT_Botnet_Final_10_Best,QWE,4map,4,full,0,0.002,6,6,3072,0,0.998,0.997990503452285,0.9883629768056863,864.6042429650115,7.8865646550257225,872.4908076200372
success,UNSW_2018_IoT_Botnet_Final_10_Best,QWE,4map,4,full,0,0.002,6,7,4096,1,0.998,0.9980092740201078,0.9885781316226904,854.9550430870004,10.62021952100622,865.5752626080066
success,UNSW_2018_IoT_Botnet_Final_10_Best,QWE,4map,4,full,0,0.002,6,8,5120,2,0.998,0.997990503452285,0.9883629768056863,856.6208376180002,10.60675978398649,867.2275974019867
success,UNSW_2018_IoT_Botnet_Final_10_Best,QWE,4map,4,full,0,0.002,6,9,6144,0,0.996,0.996,0.976810219993713,833.4635381999979,6.570731396990595,840.0342695969885
success,UNSW_2018_IoT_Botnet_Final_10_Best,QWE,4map,4,full,0,0.01,6,0,42,1,0.994,0.9940639146896366,0.9662993779870109,854.5190262680117,9.752328221977223,864.2713544899889
success,UNSW_2018_IoT_Botnet_Final_10_Best,QWE,4map,4,full,0,0.01,6,1,123,2,0.9893333333333333,0.9895244122756032,0.941338822570379,866.5146707030071,7.3911128449835815,873.9057835479907
success,UNSW_2018_IoT_Botnet_Final_10_Best,QWE,4map,4,full,0,0.01,6,2,456,0,0.996,0.9960124139626352,0.976983222161292,806.0145322030003,8.57014087997959,814.5846730829799
success,UNSW_2018_IoT_Botnet_Final_10_Best,QWE,4map,4,full,0,0.01,6,3,789,1,0.994,0.9940460092931921,0.9659258574367079,860.8207975369878,10.93510806300037,871.7559055999882
success,UNSW_2018_IoT_Botnet_Final_10_Best,QWE,4map,4,full,0,0.01,6,4,1024,2,0.992,0.9920970179646138,0.9551873937472581,852.999504449981,10.664509607988293,863.6640140579693
success,UNSW_2018_IoT_Botnet_Final_10_Best,QWE,4map,4,full,0,0.01,6,5,2048,0,0.99,0.9900766821553204,0.9430890511653499,802.68143985598,7.326354321994586,810.0077941779746
success,UNSW_2018_IoT_Botnet_Final_10_Best,QWE,4map,4,full,0,0.01,6,6,3072,1,0.9953333333333333,0.9953549727135846,0.9732609961997113,855.278241847991,8.759377644964843,864.0376194929559
success,UNSW_2018_IoT_Botnet_Final_10_Best,QWE,4map,4,full,0,0.01,6,7,4096,2,0.9946666666666667,0.9947313453097425,0.9702766857756814,841.0524800929852,9.324203310985467,850.3766834039707
success,UNSW_2018_IoT_Botnet_Final_10_Best,QWE,4map,4,full,0,0.01,6,8,5120,0,0.998,0.9979968595521955,0.9883761554482334,784.106435988986,8.6508754069946,792.7573113959807
success,UNSW_2018_IoT_Botnet_Final_10_Best,QWE,4map,4,full,0,0.01,6,9,6144,1,0.992,0.9920733291515753,0.9547222368707855,859.0885370239848,6.7820077710202895,865.8705447950051
success,UNSW_2018_IoT_Botnet_Final_10_Best,QWE,4map,4,full,0,0.05,6,0,42,2,0.9866666666666667,0.9870529038143345,0.9297153391356787,865.953356544007,8.437745575982262,874.3911021199892
success,UNSW_2018_IoT_Botnet_Final_10_Best,QWE,4map,4,full,0,0.05,6,1,123,0,0.986,0.9864242413979541,0.9265298167372109,866.0528535789781,8.647916893009096,874.7007704719872
success,UNSW_2018_IoT_Botnet_Final_10_Best,QWE,4map,4,full,0,0.05,6,2,456,1,0.9906666666666667,0.9908602469135802,0.9494372681609102,811.2180198879942,9.501677849999396,820.7196977379936
success,UNSW_2018_IoT_Botnet_Final_10_Best,QWE,4map,4,full,0,0.05,6,3,789,2,0.9873333333333333,0.9876487479671214,0.9320891928349727,850.4742315909825,9.308576112016453,859.782807702999
success,UNSW_2018_IoT_Botnet_Final_10_Best,QWE,4map,4,full,0,0.05,6,4,1024,0,0.9893333333333333,0.9895842656730438,0.9427443139024599,875.5336383599933,8.267629158988711,883.8012675189821
success,UNSW_2018_IoT_Botnet_Final_10_Best,QWE,4map,4,full,0,0.05,6,5,2048,1,0.9846666666666667,0.9850061180938595,0.9164961873507719,869.7776657809882,9.101378175997525,878.8790439569857
success,UNSW_2018_IoT_Botnet_Final_10_Best,QWE,4map,4,full,0,0.05,6,6,3072,2,0.9913333333333333,0.9915008826575236,0.9528300165982294,875.4347076099948,8.57697347298381,884.0116810829786
success,UNSW_2018_IoT_Botnet_Final_10_Best,QWE,4map,4,full,0,0.05,6,7,4096,0,0.9886666666666667,0.9889488797600561,0.9394431471230669,848.3310049220017,10.061523721960839,858.3925286439626
success,UNSW_2018_IoT_Botnet_Final_10_Best,QWE,4map,4,full,0,0.05,6,8,5120,1,0.9853333333333333,0.9857972121984009,0.9233721161313739,860.3689797559782,7.717146294991835,868.08612605097
success,UNSW_2018_IoT_Botnet_Final_10_Best,QWE,4map,4,full,0,0.05,6,9,6144,2,0.9893333333333333,0.9895545679012345,0.9420216820227821,854.326286437019,6.901118474983377,861.2274049120024
success,UNSW_NB15,QVE,2map,2,full,0,0.0,6,0,42,0,0.89,0.8859594492695528,0.7638557540933594,382.6981009510055,5.22392438800307,387.92202533900854
success,UNSW_NB15,QVE,2map,2,full,0,0.0,6,1,123,1,0.884,0.8801165220478272,0.7487178654543052,398.0639981719869,1.217050470993854,399.28104864298075
success,UNSW_NB15,QVE,2map,2,full,0,0.0,6,2,456,2,0.8833333333333333,0.878497157257429,0.7498196471162395,398.4992721960007,1.4098619880096521,399.9091341840103
success,UNSW_NB15,QVE,2map,2,full,0,0.0,6,3,789,0,0.8833333333333333,0.8787654320987656,0.7488815358919463,375.2216191350017,5.346495411999058,380.56811454700073
success,UNSW_NB15,QVE,2map,2,full,0,0.0,6,4,1024,1,0.888,0.883400619706672,0.7606541546675857,395.4458865560009,1.3867139230133034,396.8326004790142
success,UNSW_NB15,QVE,2map,2,full,0,0.0,6,5,2048,2,0.8873333333333333,0.886459733048512,0.7531938353623014,395.2555695549963,1.4973161419911776,396.7528856969875
success,UNSW_NB15,QVE,2map,2,full,0,0.0,6,6,3072,0,0.89,0.8857761094460369,0.7642116339134922,381.86664330100757,5.354070868008421,387.220714169016
success,UNSW_NB15,QVE,2map,2,full,0,0.0,6,7,4096,1,0.8946666666666667,0.8910478585746642,0.7734800703161994,398.8530234229984,1.4062760870001512,400.2592995099985
success,UNSW_NB15,QVE,2map,2,full,0,0.0,6,8,5120,2,0.896,0.8925014705882354,0.776301918617425,398.06709501599835,2.0503105520037934,400.11740556800214
success,UNSW_NB15,QVE,2map,2,full,0,0.0,6,9,6144,0,0.8933333333333333,0.8885552447126733,0.7753948996470835,160.44923587300582,2.6449448710191064,163.09418074402492
success,UNSW_NB15,QVE,2map,2,full,0,0.002,6,0,42,1,0.8953333333333333,0.8912546953120003,0.7772848793124748,304.01529332701466,1.2697190010076156,305.2850123280223
success,UNSW_NB15,QVE,2map,2,full,0,0.002,6,1,123,2,0.8853333333333333,0.8814127450980392,0.7520498614131699,297.79996802400274,2.6146929399837973,300.41466096398653
success,UNSW_NB15,QVE,2map,2,full,0,0.002,6,2,456,0,0.8793333333333333,0.8737564109569224,0.7424366172660474,258.0459343219991,2.8897570519911824,260.93569137399027
success,UNSW_NB15,QVE,2map,2,full,0,0.002,6,3,789,1,0.884,0.8791463852967392,0.7515580326495767,268.17842412900063,2.065324310999131,270.24374843999976
success,UNSW_NB15,QVE,2map,2,full,0,0.002,6,4,1024,2,0.8886666666666667,0.8841375848873396,0.7620551537628131,270.64817240399134,1.1623386510036653,271.810511054995
success,UNSW_NB15,QVE,2map,2,full,0,0.002,6,5,2048,0,0.8933333333333333,0.8914610013765195,0.7662111430290206,270.55822901800275,1.1892413000023225,271.74747031800507
success,UNSW_NB15,QVE,2map,2,full,0,0.002,6,6,3072,1,0.8986666666666666,0.8962773204683654,0.7792816034030193,268.1932120850106,2.022165379996295,270.2153774650069
success,UNSW_NB15,QVE,2map,2,full,0,0.002,6,7,4096,2,0.8966666666666666,0.8930793478355381,0.7782715176995159,247.72876359899237,2.5284616710123373,250.2572252700047
success,UNSW_NB15,QVE,2map,2,full,0,0.002,6,8,5120,0,0.894,0.8899297054661811,0.7735858055256614,265.9476030159858,0.8858628979942296,266.83346591398004
success,UNSW_NB15,QVE,2map,2,full,0,0.002,6,9,6144,1,0.894,0.8892940885481079,0.7767707429792942,262.78094143100316,2.0533895840053447,264.8343310150085
success,UNSW_NB15,QVE,2map,2,full,0,0.01,6,0,42,2,0.83,0.8271763348264695,0.6244892215039763,262.90859152699704,3.0620498990028864,265.97064142599993
success,UNSW_NB15,QVE,2map,2,full,0,0.01,6,1,123,0,0.8593333333333333,0.8535297921379524,0.6935581716684412,238.939633684,2.7013618240016513,241.64099550800165
success,UNSW_NB15,QVE,2map,2,full,0,0.01,6,2,456,1,0.8386666666666667,0.8340222068617892,0.6428764328780656,263.91435760702007,1.9508022289955989,265.86515983601566
success,UNSW_NB15,QVE,2map,2,full,0,0.01,6,3,789,2,0.8626666666666667,0.854607665340818,0.7082227805218934,251.92168837699865,3.228974648998701,255.15066302599735
success,UNSW_NB15,QVE,2map,2,full,0,0.01,6,4,1024,0,0.8573333333333333,0.8488313812692376,0.6956186847009561,266.87899302100413,1.8903978039888898,268.769390824993
success,UNSW_NB15,QVE,2map,2,full,0,0.01,6,5,2048,1,0.8673333333333333,0.8616264902262907,0.7126376327701569,259.38816442299867,2.1285011669970118,261.5166655899957
success,UNSW_NB15,QVE,2map,2,full,0,0.01,6,6,3072,2,0.8446666666666667,0.8391615287787435,0.6574402258624721,269.20573255300405,0.9707710170041537,270.1765035700082
success,UNSW_NB15,QVE,2map,2,full,0,0.01,6,7,4096,0,0.8726666666666667,0.8663611852020726,0.7280194579241343,253.5697947590088,3.3486392220074777,256.9184339810163
success,UNSW_NB15,QVE,2map,2,full,0,0.01,6,8,5120,1,0.8366666666666667,0.8342147720980984,0.6394054632111262,265.3480519529985,1.567020645001321,266.9150725979998
success,UNSW_NB15,QVE,2map,2,full,0,0.01,6,9,6144,2,0.8346666666666667,0.8310942017234602,0.634271229800803,261.6595359759958,2.6704795959958574,264.3300155719917
success,UNSW_NB15,QVE,2map,2,full,0,0.05,6,0,42,0,0.83,0.8140362475512347,0.645952549360302,241.2680314219906,1.9991071299882606,243.26713855197886
success,UNSW_NB15,QVE,2map,2,full,0,0.05,6,1,123,1,0.8393333333333334,0.8256981848817343,0.6647632480607583,265.4483132880123,0.9013695360044949,266.3496828240168
success,UNSW_NB15,QVE,2map,2,full,0,0.05,6,2,456,2,0.8273333333333334,0.8106404179728318,0.6398888856425223,259.49789809499634,2.4827535139920656,261.9806516089884
success,UNSW_NB15,QVE,2map,2,full,0,0.05,6,3,789,0,0.842,0.8285307706036601,0.6712462508277454,268.48525975999655,1.374290943989763,269.8595507039863
success,UNSW_NB15,QVE,2map,2,full,0,0.05,6,4,1024,1,0.8366666666666667,0.8220121175565376,0.6601509963671619,268.56624349301273,0.6538798100082204,269.22012330302096
success,UNSW_NB15,QVE,2map,2,full,0,0.05,6,5,2048,2,0.8433333333333334,0.8301498490249916,0.6740144709948099,262.1327753700025,2.5057385460095247,264.638513916012
success,UNSW_NB15,QVE,2map,2,full,0,0.05,6,6,3072,0,0.842,0.8287043158252042,0.6705692233359188,247.25781609601108,2.010684974011383,249.26850107002247
success,UNSW_NB15,QVE,2map,2,full,0,0.05,6,7,4096,1,0.8406666666666667,0.8269074980573058,0.6684758674574827,259.37186324699724,2.2064306479878724,261.5782938949851
success,UNSW_NB15,QVE,2map,2,full,0,0.05,6,8,5120,2,0.8386666666666667,0.8244646384479717,0.664316074915773,267.16804255401075,1.3806802750186762,268.54872282902943
success,UNSW_NB15,QVE,2map,2,full,0,0.05,6,9,6144,0,0.844,0.8310163611491108,0.6758033524099721,420.6190804039943,3.2706532159936614,423.88973361998796
success,UNSW_NB15,QVE,3map,3,full,0,0.0,6,0,42,1,0.84,0.8422563685869181,0.671691855501092,482.6778775139828,3.72808380999777,486.4059613239806
success,UNSW_NB15,QVE,3map,3,full,0,0.0,6,1,123,2,0.8706666666666667,0.8715891513454587,0.7253736807567754,483.9347041769943,2.808590597982402,486.7432947749767
success,UNSW_NB15,QVE,3map,3,full,0,0.0,6,2,456,0,0.8753333333333333,0.8729633935585231,0.7258258853956213,562.8526230690186,6.9309872619924136,569.783610331011
success,UNSW_NB15,QVE,3map,3,full,0,0.0,6,3,789,1,0.8473333333333334,0.8488153605648151,0.6785953446150682,586.3748182019917,3.48520103401097,589.8600192360027
success,UNSW_NB15,QVE,3map,3,full,0,0.0,6,4,1024,2,0.8853333333333333,0.8808870791655603,0.7534243157290429,585.9792737759999,4.12734606199956,590.1066198379995
success,UNSW_NB15,QVE,3map,3,full,0,0.0,6,5,2048,0,0.86,0.8618049098218898,0.7108284249784182,585.6863566579996,3.725117116002366,589.4114737740019
success,UNSW_NB15,QVE,3map,3,full,0,0.0,6,6,3072,1,0.8553333333333333,0.8573420609956459,0.7030833807389016,585.3785152200144,3.985855177990743,589.3643703980051
success,UNSW_NB15,QVE,3map,3,full,0,0.0,6,7,4096,2,0.8506666666666667,0.8522984424660661,0.6875497649158131,563.9954621760116,6.9090715420024935,570.9045337180141
success,UNSW_NB15,QVE,3map,3,full,0,0.0,6,8,5120,0,0.8486666666666667,0.8506349857523203,0.6871145036474393,493.6390809919976,3.462624414009042,497.10170540600666
success,UNSW_NB15,QVE,3map,3,full,0,0.0,6,9,6144,1,0.894,0.8897082522447469,0.7748541220151361,490.3570563460089,3.271338452002965,493.62839479801187
success,UNSW_NB15,QVE,3map,3,full,0,0.002,6,0,42,2,0.836,0.8383784043378958,0.664283586221988,522.0445883479988,3.5180982780002523,525.562686625999
success,UNSW_NB15,QVE,3map,3,full,0,0.002,6,1,123,0,0.8713333333333333,0.8722711703703703,0.7269646711734267,389.63156547400285,3.998300551000284,393.62986602500314
success,UNSW_NB15,QVE,3map,3,full,0,0.002,6,2,456,1,0.8713333333333333,0.869612481218483,0.7169984450415018,392.5650560740178,3.239801235991763,395.80485731000954
success,UNSW_NB15,QVE,3map,3,full,0,0.002,6,3,789,2,0.8413333333333334,0.8431083117900509,0.6681881681829916,390.1736687500088,3.6848302139987936,393.8584989640076
success,UNSW_NB15,QVE,3map,3,full,0,0.002,6,4,1024,0,0.886,0.8816225134258927,0.754837462301323,389.91713978700864,2.012997809011722,391.93013759602036
success,UNSW_NB15,QVE,3map,3,full,0,0.002,6,5,2048,1,0.858,0.8599104370645461,0.7077592440374805,389.9669414920063,2.6379741620185087,392.6049156540248
success,UNSW_NB15,QVE,3map,3,full,0,0.002,6,6,3072,2,0.8513333333333334,0.853518863900463,0.6966252697884008,387.685037578005,3.1874784699903103,390.8725160479953
success,UNSW_NB15,QVE,3map,3,full,0,0.002,6,7,4096,0,0.8433333333333334,0.8454751974117225,0.6772887033915223,391.432816015993,3.1823414209939074,394.6151574369869
success,UNSW_NB15,QVE,3map,3,full,0,0.002,6,8,5120,1,0.846,0.8481706324686681,0.683893525753818,374.5560222620261,3.8671927499963203,378.4232150120224
success,UNSW_NB15,QVE,3map,3,full,0,0.002,6,9,6144,2,0.8926666666666667,0.8884841143008412,0.7710330906909637,380.49338714100304,3.7665659869962838,384.2599531279993
success,UNSW_NB15,QVE,3map,3,full,0,0.01,6,0,42,0,0.832,0.8347596208628996,0.6618120411338831,389.3414491450094,2.801817520012264,392.14326666502166
success,UNSW_NB15,QVE,3map,3,full,0,0.01,6,1,123,1,0.84,0.84244096754724,0.6747750724315983,384.8083336260024,3.4287653409846826,388.2370989669871
success,UNSW_NB15,QVE,3map,3,full,0,0.01,6,2,456,2,0.8313333333333334,0.8333681531167555,0.6485930514210627,381.85116865801683,4.161162020987831,386.01233067900466
success,UNSW_NB15,QVE,3map,3,full,0,0.01,6,3,789,0,0.8546666666666667,0.8546077932098767,0.6846099558043534,387.17747696001607,4.07088018101058,391.24835714102664
success,UNSW_NB15,QVE,3map,3,full,0,0.01,6,4,1024,1,0.84,0.8420627540821598,0.6685683014716145,390.1904458300123,3.5987561020010617,393.7892019320134
success,UNSW_NB15,QVE,3map,3,full,0,0.01,6,5,2048,2,0.84,0.8426222222222223,0.6778491766449535,391.3860107510118,2.672967496997444,394.0589782480092
success,UNSW_NB15,QVE,3map,3,full,0,0.01,6,6,3072,0,0.848,0.8504665897101903,0.6940840673141346,391.8809416350123,4.070922076993156,395.95186371200543
success,UNSW_NB15,QVE,3map,3,full,0,0.01,6,7,4096,1,0.8426666666666667,0.8452451851851853,0.6834438226647863,389.05336505199375,3.4807708199950866,392.53413587198884
success,UNSW_NB15,QVE,3map,3,full,0,0.01,6,8,5120,2,0.838,0.8407877131511545,0.676793022726538,373.97682219299895,3.8849762419995386,377.8617984349985
success,UNSW_NB15,QVE,3map,3,full,0,0.01,6,9,6144,0,0.8593333333333333,0.8609148492206564,0.7067546134595009,391.70826804499666,2.569506369996816,394.2777744149935
success,UNSW_NB15,QVE,3map,3,full,0,0.05,6,0,42,1,0.6386666666666667,0.49783780851640896,0.0,374.6294832120184,3.292510540006333,377.9219937520247
success,UNSW_NB15,QVE,3map,3,full,0,0.05,6,1,123,2,0.6386666666666667,0.49783780851640896,0.0,389.00482141401153,3.941864638996776,392.9466860530083
success,UNSW_NB15,QVE,3map,3,full,0,0.05,6,2,456,0,0.6393333333333333,0.49867480005422266,0.0,391.95376216199656,3.4852277419995517,395.4389899039961
success,UNSW_NB15,QVE,3map,3,full,0,0.05,6,3,789,1,0.6413333333333333,0.5032618716867855,0.05960194031277502,385.61890374298673,4.562133545972756,390.1810372889595
success,UNSW_NB15,QVE,3map,3,full,0,0.05,6,4,1024,2,0.836,0.8211924400145044,0.6587614177862073,377.27126467600465,4.217247331995168,381.4885120079998
success,UNSW_NB15,QVE,3map,3,full,0,0.05,6,5,2048,0,0.8146666666666667,0.7943562334049243,0.6139085691582791,393.02345337900624,1.700143305992242,394.7235966849985
success,UNSW_NB15,QVE,3map,3,full,0,0.05,6,6,3072,1,0.6393333333333333,0.49867480005422266,0.0,392.9035866650229,2.378363703013747,395.28195036803663
success,UNSW_NB15,QVE,3map,3,full,0,0.05,6,7,4096,2,0.824,0.8062461347454949,0.6336323282058194,377.95943520202127,4.890834576013731,382.850269778035
success,UNSW_NB15,QVE,3map,3,full,0,0.05,6,8,5120,0,0.6393333333333333,0.49867480005422266,0.0,514.1154237040028,1.9022724790120265,516.0176961830148
success,UNSW_NB15,QVE,3map,3,full,0,0.05,6,9,6144,1,0.6386666666666667,0.49783780851640896,0.0,509.4127440569864,4.117928489999031,513.5306725469854
success,UNSW_NB15,QVE,4map,4,full,0,0.0,6,0,42,2,0.9033333333333333,0.9007243217971574,0.7911274709014016,433.4846507140028,5.302106096001808,438.7867568100046
success,UNSW_NB15,QVE,4map,4,full,0,0.0,6,1,123,0,0.8833333333333333,0.8794688705470091,0.7470585781363145,744.5844263420004,6.45350738200068,751.037933724001
success,UNSW_NB15,QVE,4map,4,full,0,0.0,6,2,456,1,0.886,0.881274365091545,0.7561086382909387,715.1000937709905,8.373357234013383,723.4734510050039
success,UNSW_NB15,QVE,4map,4,full,0,0.0,6,3,789,2,0.8853333333333333,0.8808002264283673,0.7537299251452021,744.708944810016,6.140458416994079,750.84940322701
success,UNSW_NB15,QVE,4map,4,full,0,0.0,6,4,1024,0,0.8813333333333333,0.8759926860942289,0.7466418066569124,714.4087140669872,8.4597776360024,722.8684917029896
success,UNSW_NB15,QVE,4map,4,full,0,0.0,6,5,2048,1,0.9066666666666666,0.9040423659258299,0.7988907548448877,743.6343144029961,6.197327524991124,749.8316419279872
success,UNSW_NB15,QVE,4map,4,full,0,0.0,6,6,3072,2,0.8986666666666666,0.8956809766154495,0.7809684444108177,743.6622225280153,5.952323609002633,749.6145461370179
success,UNSW_NB15,QVE,4map,4,full,0,0.0,6,7,4096,0,0.8946666666666667,0.8909718194149902,0.7737618799827116,709.9068006029993,12.2001888469822,722.1069894499815
success,UNSW_NB15,QVE,4map,4,full,0,0.0,6,8,5120,1,0.8893333333333333,0.8851253403081073,0.7624951924516516,736.9046640310262,5.871163678006269,742.7758277090325
success,UNSW_NB15,QVE,4map,4,full,0,0.0,6,9,6144,2,0.8886666666666667,0.8833635601866927,0.7657647264534375,735.7359958580055,7.2775187810038915,743.0135146390094
success,UNSW_NB15,QVE,4map,4,full,0,0.002,6,0,42,0,0.9033333333333333,0.9004003500901874,0.7922914795883236,476.5291514660057,5.1961936380103,481.725345104016
success,UNSW_NB15,QVE,4map,4,full,0,0.002,6,1,123,1,0.8853333333333333,0.8814127450980392,0.7520498614131699,492.57068500599416,3.94544443799532,496.5161294439895
success,UNSW_NB15,QVE,4map,4,full,0,0.002,6,2,456,2,0.886,0.881274365091545,0.7561086382909387,483.8688414670178,5.558378960995469,489.42722042801324
success,UNSW_NB15,QVE,4map,4,full,0,0.002,6,3,789,0,0.8806666666666667,0.8757199494233131,0.7435306559415404,495.6986406420183,3.801383061989327,499.5000237040076
success,UNSW_NB15,QVE,4map,4,full,0,0.002,6,4,1024,1,0.8806666666666667,0.8753438585070007,0.7448782256591832,493.8021315939841,4.963235885021277,498.76536747900536
success,UNSW_NB15,QVE,4map,4,full,0,0.002,6,5,2048,2,0.8913333333333333,0.8891383307371301,0.7620236375042623,464.0376869259926,4.765468186000362,468.80315511199296
success,UNSW_NB15,QVE,4map,4,full,0,0.002,6,6,3072,0,0.8986666666666666,0.8956118971442114,0.7811993916571601,456.2918620619894,4.528149813020718,460.8200118750101
success,UNSW_NB15,QVE,4map,4,full,0,0.002,6,7,4096,1,0.892,0.8878122489815159,0.7690600671034886,455.25149149200297,5.666932284992072,460.91842377699504
success,UNSW_NB15,QVE,4map,4,full,0,0.002,6,8,5120,2,0.8873333333333333,0.8832580131170722,0.7570949636617683,489.33053033098986,4.33738200100197,493.66791233199183
success,UNSW_NB15,QVE,4map,4,full,0,0.002,6,9,6144,0,0.8873333333333333,0.8818737570665527,0.763013286003766,432.0687367129867,4.563347731018439,436.63208444400516
success,UNSW_NB15,QVE,4map,4,full,0,0.01,6,0,42,1,0.872,0.8647528203742484,0.7303763271698238,492.42820219400164,3.009084271005122,495.43728646500676
success,UNSW_NB15,QVE,4map,4,full,0,0.01,6,1,123,2,0.872,0.8653120039609694,0.7281352910608105,492.3429352790117,2.8758225799829233,495.21875785899465
success,UNSW_NB15,QVE,4map,4,full,0,0.01,6,2,456,0,0.858,0.849210084087277,0.698399581208484,486.63959324298776,3.4874786200234666,490.1270718630112
success,UNSW_NB15,QVE,4map,4,full,0,0.01,6,3,789,1,0.864,0.8552617463710702,0.7144651994553193,497.1207325899886,3.5178283610293875,500.638560951018
success,UNSW_NB15,QVE,4map,4,full,0,0.01,6,4,1024,2,0.858,0.8494727265489191,0.6974757323299777,492.5327338700008,4.647240410995437,497.17997428099625
success,UNSW_NB15,QVE,4map,4,full,0,0.01,6,5,2048,0,0.88,0.8742076792510737,0.7449937023627166,496.5406887170102,2.7416961139970226,499.2823848310072
success,UNSW_NB15,QVE,4map,4,full,0,0.01,6,6,3072,1,0.8733333333333333,0.866684227330779,0.7310443185180588,440.19948599798954,3.7490311020083027,443.94851709999784
success,UNSW_NB15,QVE,4map,4,full,0,0.01,6,7,4096,2,0.886,0.8807311948819543,0.7583153953605036,495.17580562099465,3.318844979003188,498.49465059999784
success,UNSW_NB15,QVE,4map,4,full,0,0.01,6,8,5120,0,0.87,0.863007072586742,0.7236297611178905,474.4202294449933,5.0067118240112904,479.4269412690046
success,UNSW_NB15,QVE,4map,4,full,0,0.01,6,9,6144,1,0.8646666666666667,0.8571840030285933,0.7118866503847848,492.44702343999234,5.273829397003283,497.7208528369956
success,UNSW_NB15,QVE,4map,4,full,0,0.05,6,0,42,2,0.6386666666666667,0.49783780851640896,0.0,493.193272368997,4.509838348007179,497.70311071700417
success,UNSW_NB15,QVE,4map,4,full,0,0.05,6,1,123,0,0.6386666666666667,0.49783780851640896,0.0,484.0760248019942,4.246394938018057,488.32241974001226
success,UNSW_NB15,QVE,4map,4,full,0,0.05,6,2,456,1,0.6393333333333333,0.49867480005422266,0.0,473.42946786301036,4.189445169002283,477.61891303201264
success,UNSW_NB15,QVE,4map,4,full,0,0.05,6,3,789,2,0.6393333333333333,0.49867480005422266,0.0,491.8565649969969,6.131935318975593,497.9885003159725
success,UNSW_NB15,QVE,4map,4,full,0,0.05,6,4,1024,0,0.6853333333333333,0.5946651302101196,0.2923582809015994,493.0019445329817,4.463094164006179,497.4650386969879
success,UNSW_NB15,QVE,4map,4,full,0,0.05,6,5,2048,1,0.676,0.576649744832438,0.25975151677929187,483.09685953998996,6.984439475010731,490.0812990150007
success,UNSW_NB15,QVE,4map,4,full,0,0.05,6,6,3072,2,0.6393333333333333,0.49867480005422266,0.0,491.3400641000044,4.143023284981609,495.483087384986
success,UNSW_NB15,QVE,4map,4,full,0,0.05,6,7,4096,0,0.6873333333333334,0.5984408267275182,0.2989598146094755,473.14241746100015,4.74000706699735,477.8824245279975
success,UNSW_NB15,QVE,4map,4,full,0,0.05,6,8,5120,1,0.6393333333333333,0.49867480005422266,0.0,489.2074268149736,2.793415396983619,492.0008422119572
success,UNSW_NB15,QVE,4map,4,full,0,0.05,6,9,6144,2,0.6386666666666667,0.49783780851640896,0.0,472.98575349600287,6.036223842995241,479.0219773389981
success,UNSW_NB15,QWE,2map,2,full,0,0.0,6,0,42,0,0.836,0.8384102571734731,0.664798492945224,817.1462397620053,5.054475842000102,822.2007156040054
success,UNSW_NB15,QWE,2map,2,full,0,0.0,6,1,123,1,0.8706666666666667,0.8717851689284344,0.7271078515681529,842.5506385680055,5.29930864898779,847.8499472169933
success,UNSW_NB15,QWE,2map,2,full,0,0.0,6,2,456,2,0.8646666666666667,0.8658242581388648,0.7139499733310113,841.8116767559986,5.932317377024447,847.7439941330231
success,UNSW_NB15,QWE,2map,2,full,0,0.0,6,3,789,0,0.8413333333333334,0.8429827234547062,0.6668874582850632,805.4856449159852,5.5693508999975165,811.0549958159827
success,UNSW_NB15,QWE,2map,2,full,0,0.0,6,4,1024,1,0.884,0.8795020452023691,0.7502971654541537,833.4362259719928,5.010784964018967,838.4470109360118
success,UNSW_NB15,QWE,2map,2,full,0,0.0,6,5,2048,2,0.8533333333333334,0.855445678393427,0.7000880564207085,832.3970203989884,6.256302164983936,838.6533225639723
success,UNSW_NB15,QWE,2map,2,full,0,0.0,6,6,3072,0,0.8486666666666667,0.8509207790361,0.6915196284151542,813.1356852999743,5.395893506996799,818.5315788069711
success,UNSW_NB15,QWE,2map,2,full,0,0.0,6,7,4096,1,0.8446666666666667,0.8467903021146015,0.6801015977489918,841.2717761209933,5.35415343400382,846.6259295549971
success,UNSW_NB15,QWE,2map,2,full,0,0.0,6,8,5120,2,0.8446666666666667,0.8468560924900418,0.681083050614695,840.2196235829906,6.13537971698679,846.3550032999774
success,UNSW_NB15,QWE,2map,2,full,0,0.0,6,9,6144,0,0.8926666666666667,0.8884028476164729,0.7713707663041929,601.3409743379889,4.739978052006336,606.0809523899952
success,UNSW_NB15,QWE,2map,2,full,0,0.002,6,0,42,1,0.8373333333333334,0.8398149836730272,0.6691719313644743,704.3408036919718,2.4433942239993485,706.7841979159712
success,UNSW_NB15,QWE,2map,2,full,0,0.002,6,1,123,2,0.8726666666666667,0.8731256991005346,0.7264673622827065,699.0732972400001,4.98693608600297,704.0602333260031
success,UNSW_NB15,QWE,2map,2,full,0,0.002,6,2,456,0,0.8733333333333333,0.872621040653448,0.722952232630148,605.6721002799895,4.492570776026696,610.1646710560162
success,UNSW_NB15,QWE,2map,2,full,0,0.002,6,3,789,1,0.8393333333333334,0.8411513090019621,0.6641695240585355,616.7279528240178,3.7804097330081277,620.508362557026
success,UNSW_NB15,QWE,2map,2,full,0,0.002,6,4,1024,2,0.886,0.8816225134258927,0.754837462301323,584.5425536949915,4.685328096995363,589.2278817919869
success,UNSW_NB15,QWE,2map,2,full,0,0.002,6,5,2048,0,0.8553333333333333,0.857460060387446,0.7050463027063824,618.3942926839954,4.843138475014712,623.2374311590102
success,UNSW_NB15,QWE,2map,2,full,0,0.002,6,6,3072,1,0.8466666666666667,0.8489941018361343,0.6880846524775807,615.0164600870194,5.141098804000649,620.15755889102
success,UNSW_NB15,QWE,2map,2,full,0,0.002,6,7,4096,2,0.8413333333333334,0.8435861528822055,0.674306619600555,621.6344540720311,3.6139007930032676,625.2483548650343
success,UNSW_NB15,QWE,2map,2,full,0,0.002,6,8,5120,0,0.842,0.8442914485092636,0.6764668758314729,626.8692166410037,2.371607363005751,629.2408240040095
success,UNSW_NB15,QWE,2map,2,full,0,0.002,6,9,6144,1,0.894,0.889789147646082,0.7745015497182217,621.2827135290136,4.515165673015872,625.7978792020294
success,UNSW_NB15,QWE,2map,2,full,0,0.01,6,0,42,2,0.824,0.8272049127343245,0.6534583111219389,625.5917440209887,2.6454978410183685,628.2372418620071
success,UNSW_NB15,QWE,2map,2,full,0,0.01,6,1,123,0,0.8433333333333334,0.8456803147042646,0.6809966471888783,620.1293427210039,3.535036706001847,623.6643794270058
success,UNSW_NB15,QWE,2map,2,full,0,0.01,6,2,456,1,0.836,0.8385195888242245,0.6661807037993029,615.3201101630111,3.8649459570006,619.1850561200117
success,UNSW_NB15,QWE,2map,2,full,0,0.01,6,3,789,2,0.832,0.8343853383458645,0.6546374309133054,617.9067469890142,4.596718098997371,622.5034650880116
success,UNSW_NB15,QWE,2map,2,full,0,0.01,6,4,1024,0,0.842,0.8446019626964559,0.6823235120437893,611.8586156499805,3.835790140001336,615.6944057899818
success,UNSW_NB15,QWE,2map,2,full,0,0.01,6,5,2048,1,0.84,0.8428660901838989,0.6842543978394603,583.548259084957,4.2173143649997655,587.7655734499567
success,UNSW_NB15,QWE,2map,2,full,0,0.01,6,6,3072,2,0.8413333333333334,0.8441939439439439,0.6876522787524371,614.595435878,2.212583090062253,616.8080189680622
success,UNSW_NB15,QWE,2map,2,full,0,0.01,6,7,4096,0,0.8346666666666667,0.837608497574753,0.6724922394611508,613.8374709899945,3.7071473179967143,617.5446183079912
success,UNSW_NB15,QWE,2map,2,full,0,0.01,6,8,5120,1,0.828,0.8312654161386959,0.6661833273790246,613.1338117599371,3.3503589940082747,616.4841707539454
success,UNSW_NB15,QWE,2map,2,full,0,0.01,6,9,6144,2,0.8586666666666667,0.8605086837749996,0.708648549815686,573.2982541839883,5.593116356030805,578.8913705400191
success,UNSW_NB15,QWE,2map,2,full,0,0.05,6,0,42,0,0.6386666666666667,0.49783780851640896,0.0,619.2486656349793,4.236809013993479,623.4854746489727
success,UNSW_NB15,QWE,2map,2,full,0,0.05,6,1,123,1,0.6386666666666667,0.49783780851640896,0.0,612.7387509570108,4.110639065969735,616.8493900229805
success,UNSW_NB15,QWE,2map,2,full,0,0.05,6,2,456,2,0.6393333333333333,0.49867480005422266,0.0,620.1786264599941,4.050274722016184,624.2289011820103
success,UNSW_NB15,QWE,2map,2,full,0,0.05,6,3,789,0,0.6393333333333333,0.49867480005422266,0.0,623.7910443129949,2.466248317010468,626.2572926300054
success,UNSW_NB15,QWE,2map,2,full,0,0.05,6,4,1024,1,0.662,0.5483192828328104,0.20276040237381732,619.2255754509824,3.5046184279199224,622.7301938789024
success,UNSW_NB15,QWE,2map,2,full,0,0.05,6,5,2048,2,0.6393333333333333,0.49867480005422266,0.0,621.6035921760194,3.493103618005989,625.0966957940254
success,UNSW_NB15,QWE,2map,2,full,0,0.05,6,6,3072,0,0.6393333333333333,0.49867480005422266,0.0,606.266175658995,3.45355036194087,609.7197260209359
success,UNSW_NB15,QWE,2map,2,full,0,0.05,6,7,4096,1,0.6393333333333333,0.49867480005422266,0.0,620.5683671989827,2.6247170199931134,623.1930842189759
success,UNSW_NB15,QWE,2map,2,full,0,0.05,6,8,5120,2,0.6393333333333333,0.49867480005422266,0.0,585.0568731259846,5.723447512980783,590.7803206389653
success,UNSW_NB15,QWE,2map,2,full,0,0.05,6,9,6144,0,0.6386666666666667,0.49783780851640896,0.0,899.9840046169993,6.634619587974157,906.6186242049735
success,UNSW_NB15,QWE,3map,3,full,0,0.0,6,0,42,1,0.8606666666666667,0.8619321726478368,0.7063778351564746,911.1368201239384,8.235193288011942,919.3720134119503
success,UNSW_NB15,QWE,3map,3,full,0,0.0,6,1,123,2,0.8866666666666667,0.8831109411943342,0.7542157824004997,907.7763912330265,9.542177085997537,917.318568319024
success,UNSW_NB15,QWE,3map,3,full,0,0.0,6,2,456,0,0.884,0.8800147303290605,0.7486892410659145,1005.9703135410382,11.710096701979637,1017.6804102430178
success,UNSW_NB15,QWE,3map,3,full,0,0.0,6,3,789,1,0.872,0.871842706876164,0.7218013596240164,1034.0880115320033,11.103146350971656,1045.191157882975
success,UNSW_NB15,QWE,3map,3,full,0,0.0,6,4,1024,2,0.8846666666666667,0.8802379814191782,0.7517127384305999,1033.2369600160455,11.578704577957978,1044.8156645940035
success,UNSW_NB15,QWE,3map,3,full,0,0.0,6,5,2048,0,0.8673333333333333,0.8687302848040428,0.7223021431077803,1029.65438041999,12.78890711296117,1042.4432875329512
success,UNSW_NB15,QWE,3map,3,full,0,0.0,6,6,3072,1,0.8693333333333333,0.8704315492246778,0.7237176432480096,999.1185705850075,12.362043067027116,1011.4806136520347
success,UNSW_NB15,QWE,3map,3,full,0,0.0,6,7,4096,2,0.8666666666666667,0.8676652325560809,0.7169711058555881,1030.8375571929791,12.242192845995305,1043.0797500389745
success,UNSW_NB15,QWE,3map,3,full,0,0.0,6,8,5120,0,0.8706666666666667,0.8714697775647025,0.7241963380333446,868.9383748739783,13.234281834040303,882.1726567080186
success,UNSW_NB15,QWE,3map,3,full,0,0.0,6,9,6144,1,0.8946666666666667,0.8901155171271451,0.7777451424096116,859.3058448969678,11.10488697103574,870.4107318680035
success,UNSW_NB15,QWE,3map,3,full,0,0.002,6,0,42,2,0.8573333333333333,0.8586897566496886,0.6998677135539806,926.1037217130361,6.379410529974848,932.4831322430109
success,UNSW_NB15,QWE,3map,3,full,0,0.002,6,1,123,0,0.886,0.8821429247264195,0.7534746819169976,684.1501846580068,6.72006207605591,690.8702467340627
success,UNSW_NB15,QWE,3map,3,full,0,0.002,6,2,456,1,0.884,0.8794141825496273,0.7505978838026296,688.2727915669966,5.911819974950049,694.1846115419467
success,UNSW_NB15,QWE,3map,3,full,0,0.002,6,3,789,2,0.8713333333333333,0.8712549325158722,0.7206701769352107,659.4682189709565,6.8433240139856935,666.3115429849422
success,UNSW_NB15,QWE,3map,3,full,0,0.002,6,4,1024,0,0.8853333333333333,0.8808870791655603,0.7534243157290429,686.8668013770075,7.5722065290028695,694.4390079060104
success,UNSW_NB15,QWE,3map,3,full,0,0.002,6,5,2048,1,0.8653333333333333,0.8668048454381488,0.7186637710568747,630.9292110379611,7.867270515969722,638.7964815539308
success,UNSW_NB15,QWE,3map,3,full,0,0.002,6,6,3072,2,0.8653333333333333,0.8666966055183656,0.7174595199310838,689.9996404610283,6.393713034020038,696.3933534950484
success,UNSW_NB15,QWE,3map,3,full,0,0.002,6,7,4096,0,0.862,0.8631804011563795,0.708265809110335,682.5082675800077,6.502061429026071,689.0103290090337
success,UNSW_NB15,QWE,3map,3,full,0,0.002,6,8,5120,1,0.868,0.86898858023052,0.7198192658218574,682.1133925090253,7.607145910063991,689.7205384190893
success,UNSW_NB15,QWE,3map,3,full,0,0.002,6,9,6144,2,0.896,0.8915880456385111,0.7805024678286779,662.7939486770192,6.643472358962754,669.437421035982
success,UNSW_NB15,QWE,3map,3,full,0,0.01,6,0,42,0,0.832,0.8339932828137923,0.6499950239117764,686.7692049659672,6.1999778790341225,692.9691828450013
success,UNSW_NB15,QWE,3map,3,full,0,0.01,6,1,123,1,0.884,0.8802799122983809,0.7482710445644346,672.8919274279615,6.371678940020502,679.263606367982
success,UNSW_NB15,QWE,3map,3,full,0,0.01,6,2,456,2,0.8653333333333333,0.8592725988260351,0.7086287547356211,674.7013590350398,4.611957319022622,679.3133163540624
success,UNSW_NB15,QWE,3map,3,full,0,0.01,6,3,789,0,0.8673333333333333,0.8606521142837598,0.7155972730003773,647.8327364439901,5.995503875950817,653.828240319941
success,UNSW_NB15,QWE,3map,3,full,0,0.01,6,4,1024,1,0.876,0.8701169581863223,0.7350465094221915,671.6824418170145,5.804334516957169,677.4867763339716
success,UNSW_NB15,QWE,3map,3,full,0,0.01,6,5,2048,2,0.8586666666666667,0.8595442930088503,0.6984970528563711,679.8147553639428,6.308051382016856,686.1228067459597
success,UNSW_NB15,QWE,3map,3,full,0,0.01,6,6,3072,0,0.8493333333333334,0.8513437468844091,0.6892294452258576,647.5858998900221,5.949454063986195,653.5353539540083
success,UNSW_NB15,QWE,3map,3,full,0,0.01,6,7,4096,1,0.8466666666666667,0.8486079620830594,0.6821896223268523,680.1708875259792,7.141265070968075,687.3121525969473
success,UNSW_NB15,QWE,3map,3,full,0,0.01,6,8,5120,2,0.842,0.8443534124738138,0.6774901291939032,666.1883237749862,4.870025708980393,671.0583494839666
success,UNSW_NB15,QWE,3map,3,full,0,0.01,6,9,6144,0,0.892,0.887585820133331,0.770326872193067,658.1186035440478,4.395711835997645,662.5143153800454
success,UNSW_NB15,QWE,3map,3,full,0,0.05,6,0,42,1,0.7926666666666666,0.7654356272435997,0.567228822111767,641.1728424690082,7.320778269961011,648.4936207389692
success,UNSW_NB15,QWE,3map,3,full,0,0.05,6,1,123,2,0.8253333333333334,0.8086251545804752,0.63469441033785,677.2423514910042,4.892685408005491,682.1350368990097
success,UNSW_NB15,QWE,3map,3,full,0,0.05,6,2,456,0,0.796,0.7698125231773344,0.573851259811707,683.3090052919288,5.224628123047296,688.5336334149761
success,UNSW_NB15,QWE,3map,3,full,0,0.05,6,3,789,1,0.844,0.8309578277337447,0.6753977926571318,682.4231222640083,5.4068154279957525,687.829937692004
success,UNSW_NB15,QWE,3map,3,full,0,0.05,6,4,1024,2,0.8473333333333334,0.8349823108955615,0.6823068756554503,613.1604026189889,6.680743026023265,619.8411456450121
success,UNSW_NB15,QWE,3map,3,full,0,0.05,6,5,2048,0,0.864,0.8547376846100833,0.7166972929701495,683.5091830380261,5.648797821981134,689.1579808600072
success,UNSW_NB15,QWE,3map,3,full,0,0.05,6,6,3072,1,0.8053333333333333,0.7822172938503542,0.5939934961139067,682.402676992002,6.456257280980935,688.8589342729829
success,UNSW_NB15,QWE,3map,3,full,0,0.05,6,7,4096,2,0.8486666666666667,0.8365850025218446,0.6850671620031636,641.4081540609768,7.034685304999584,648.4428393659764
success,UNSW_NB15,QWE,3map,3,full,0,0.05,6,8,5120,0,0.798,0.7724939476660816,0.5781885301889452,900.5161228950019,5.099231776024681,905.6153546710266
success,UNSW_NB15,QWE,3map,3,full,0,0.05,6,9,6144,1,0.8,0.7752726000147351,0.583109978948452,901.1210198499612,4.044752926012734,905.1657727759739
success,UNSW_NB15,QWE,4map,4,full,0,0.0,6,0,42,2,0.9026666666666666,0.8998782587096913,0.7901512535896307,762.8643292659253,8.019652032031445,770.8839812979568
success,UNSW_NB15,QWE,4map,4,full,0,0.0,6,1,123,0,0.8853333333333333,0.8814944930587717,0.7518086756650644,1252.4139232499874,16.158045210991986,1268.5719684609794
success,UNSW_NB15,QWE,4map,4,full,0,0.0,6,2,456,1,0.886,0.881274365091545,0.7561086382909387,1291.4521314499725,14.426950106979348,1305.8790815569519
success,UNSW_NB15,QWE,4map,4,full,0,0.0,6,3,789,2,0.88,0.8748852116875372,0.7424413652633337,1291.4082961470122,14.932669080008054,1306.3409652270202
success,UNSW_NB15,QWE,4map,4,full,0,0.0,6,4,1024,0,0.8813333333333333,0.8759926860942289,0.7466418066569124,1308.7007266950095,15.11694504096522,1323.8176717359747
success,UNSW_NB15,QWE,4map,4,full,0,0.0,6,5,2048,1,0.8953333333333333,0.8910754540557625,0.7777525271580921,1287.100299517013,16.773528191028163,1303.873827708041
success,UNSW_NB15,QWE,4map,4,full,0,0.0,6,6,3072,2,0.8966666666666666,0.8929289469416936,0.7788679653994693,1310.0207167300105,14.126533922972158,1324.1472506529826
success,UNSW_NB15,QWE,4map,4,full,0,0.0,6,7,4096,0,0.8933333333333333,0.8891972829447071,0.7721872173783777,1301.6150153850322,15.049387400998967,1316.6644027860311
success,UNSW_NB15,QWE,4map,4,full,0,0.0,6,8,5120,1,0.8893333333333333,0.8850421810551337,0.7628057665537102,1315.3619493119768,12.48604079100187,1327.8479901029787
success,UNSW_NB15,QWE,4map,4,full,0,0.0,6,9,6144,2,0.886,0.8805698730055356,0.7593995142994054,1311.9767370780173,14.885679807979614,1326.862416885997
success,UNSW_NB15,QWE,4map,4,full,0,0.002,6,0,42,0,0.9013333333333333,0.8980301451901059,0.7888983981941745,855.5388420429954,9.535411763994489,865.0742538069899
success,UNSW_NB15,QWE,4map,4,full,0,0.002,6,1,123,1,0.8826666666666667,0.8787385510368828,0.745627055243546,855.3493476299918,8.985616850026418,864.3349644800182
success,UNSW_NB15,QWE,4map,4,full,0,0.002,6,2,456,2,0.8833333333333333,0.8779412813119416,0.7519638841227212,819.5806560789642,7.0311428279965185,826.6117989069608
success,UNSW_NB15,QWE,4map,4,full,0,0.002,6,3,789,0,0.8813333333333333,0.8761818808719811,0.7459328965502687,859.7605841420009,7.831479058979312,867.5920632009802
success,UNSW_NB15,QWE,4map,4,full,0,0.002,6,4,1024,1,0.8793333333333333,0.874047243702525,0.7413665236210621,822.7396244539414,7.469603744975757,830.2092281989171
success,UNSW_NB15,QWE,4map,4,full,0,0.002,6,5,2048,2,0.8933333333333333,0.8891164897008069,0.7725221732006372,851.0958579130238,8.38008881098358,859.4759467240074
success,UNSW_NB15,QWE,4map,4,full,0,0.002,6,6,3072,0,0.8913333333333333,0.8871606414527515,0.7673363577842153,797.4991458339791,10.285174443008145,807.7843202769873
success,UNSW_NB15,QWE,4map,4,full,0,0.002,6,7,4096,1,0.8906666666666667,0.886344401943327,0.7662580905154922,849.8900988259993,8.94266474802862,858.8327635740279
success,UNSW_NB15,QWE,4map,4,full,0,0.002,6,8,5120,2,0.8906666666666667,0.8864272150183248,0.7659329168285994,833.6521975609649,8.453861810005037,842.1060593709699
success,UNSW_NB15,QWE,4map,4,full,0,0.002,6,9,6144,0,0.8853333333333333,0.8798242374196131,0.7580183258871996,850.8475233420031,9.06056288999389,859.908086231997
success,UNSW_NB15,QWE,4map,4,full,0,0.01,6,0,42,1,0.8686666666666667,0.861289113340981,0.722039023970104,799.4097712659568,8.336842385993805,807.7466136519506
success,UNSW_NB15,QWE,4map,4,full,0,0.01,6,1,123,2,0.868,0.8619811126694717,0.7155989115895294,864.8224122000101,8.242864486965118,873.0652766869753
success,UNSW_NB15,QWE,4map,4,full,0,0.01,6,2,456,0,0.858,0.849210084087277,0.698399581208484,791.6218915969948,9.35944427800132,800.9813358749961
success,UNSW_NB15,QWE,4map,4,full,0,0.01,6,3,789,1,0.8633333333333333,0.8552513132219142,0.7100836696148866,859.1649284209998,9.266791294969153,868.4317197159689
success,UNSW_NB15,QWE,4map,4,full,0,0.01,6,4,1024,2,0.8593333333333333,0.8507565251575252,0.7012079169539336,838.9800893420179,8.846365576930111,847.826454918948
success,UNSW_NB15,QWE,4map,4,full,0,0.01,6,5,2048,0,0.88,0.8742076792510737,0.7449937023627166,860.5260080630251,7.824615042016376,868.3506231050414
success,UNSW_NB15,QWE,4map,4,full,0,0.01,6,6,3072,1,0.8753333333333333,0.8686272952498503,0.736535895758472,841.2926718480303,9.789724338013912,851.0823961860442
success,UNSW_NB15,QWE,4map,4,full,0,0.01,6,7,4096,2,0.874,0.8672222395840733,0.7333093620983266,798.8636130480445,9.530679755000165,808.3942928030447
success,UNSW_NB15,QWE,4map,4,full,0,0.01,6,8,5120,0,0.8706666666666667,0.8636531812681272,0.7254598874771994,779.5657577730308,9.300314493943006,788.8660722669738
success,UNSW_NB15,QWE,4map,4,full,0,0.01,6,9,6144,1,0.8713333333333333,0.8637593123108036,0.7299740331033144,861.9151574760617,8.146630259958329,870.06178773602
success,UNSW_NB15,QWE,4map,4,full,0,0.05,6,0,42,2,0.6386666666666667,0.49783780851640896,0.0,856.5738070939842,9.551981101016281,866.1257881950005
success,UNSW_NB15,QWE,4map,4,full,0,0.05,6,1,123,0,0.688,0.6008878237264924,0.3008112450598491,855.9007114440028,7.797166295029456,863.6978777390323
success,UNSW_NB15,QWE,4map,4,full,0,0.05,6,2,456,1,0.7,0.6217012700992132,0.3383575492247239,820.0958525270398,8.906397668964928,829.0022501960048
success,UNSW_NB15,QWE,4map,4,full,0,0.05,6,3,789,2,0.704,0.6288236259054677,0.35008032431689295,845.8193060870108,8.127151128021069,853.9464572150318
success,UNSW_NB15,QWE,4map,4,full,0,0.05,6,4,1024,0,0.6393333333333333,0.49867480005422266,0.0,689.2851621500158,8.058989029028453,697.3441511790443
success,UNSW_NB15,QWE,4map,4,full,0,0.05,6,5,2048,1,0.7253333333333334,0.6651674161381931,0.40840100185126454,833.0529034159845,8.28495155600831,841.3378549719928
success,UNSW_NB15,QWE,4map,4,full,0,0.05,6,6,3072,2,0.696,0.6144742484476398,0.3263186637868824,858.2054074949992,7.266896643996006,865.4723041389952
success,UNSW_NB15,QWE,4map,4,full,0,0.05,6,7,4096,0,0.8066666666666666,0.783967299809691,0.5968515314967852,825.7172212690639,8.91597083900706,834.633192108071
success,UNSW_NB15,QWE,4map,4,full,0,0.05,6,8,5120,1,0.6946666666666667,0.6120414184580851,0.3222291250744,859.5174730479775,9.129909765993943,868.6473828139715
success,UNSW_NB15,QWE,4map,4,full,0,0.05,6,9,6144,2,0.6853333333333333,0.5950889961791528,0.294146789468806,841.9780161109811,8.95199433201924,850.9300104430004
