status,dataset,model,feature_regime,num_qubits,run_idx,seed,accuracy,balanced_accuracy,f1_score,mcc,roc_auc,g_mean,training_time
success,IoT_Original_Distribution,RBF-SVM,quantum_features,6,0,42,0.92,0.9177117091728899,0.9286941992662816,0.6684209934135701,0.9666943257192658,0.9177073822900479,0.4857864569639787
success,IoT_Original_Distribution,RBF-SVM,quantum_features,6,1,123,0.9266666666666666,0.9468163386720523,0.9349765863914373,0.7077950975641004,0.9861287241870587,0.9464910995630325,0.5386707190191373
success,IoT_Original_Distribution,RBF-SVM,quantum_features,6,2,456,0.918,0.9356770466394251,0.9278344679767039,0.68015265441926,0.9674875664730532,0.9354237612312121,0.4948779479600489
success,IoT_Original_Distribution,RBF-SVM,quantum_features,6,3,789,0.9186666666666666,0.9233322374086077,0.927883123088685,0.6705942830317453,0.963625736487509,0.9233143596236486,0.4750040350481868
success,IoT_Original_Distribution,RBF-SVM,quantum_features,6,4,1024,0.8933333333333333,0.8998168240101452,0.9077470826387234,0.6030814273943481,0.9700916923687108,0.899781397353546,0.5381453889422119
success,IoT_Original_Distribution,RBF-SVM,quantum_features,6,5,2048,0.918,0.9134297747091885,0.9269760439075901,0.6604392494095056,0.9493317468518258,0.9134124341889499,0.47685696999542415
success,IoT_Original_Distribution,RBF-SVM,quantum_features,6,6,3072,0.9333333333333333,0.915535515789144,0.9390809530348805,0.6975731288922437,0.9527969564604762,0.9152731069301652,0.319196755066514
success,IoT_Original_Distribution,RBF-SVM,quantum_features,6,7,4096,0.9206666666666666,0.914901445055031,0.9290986666666667,0.6673742506755516,0.9643511342820911,0.9148738950182401,0.5140089550986886
success,IoT_Original_Distribution,RBF-SVM,quantum_features,6,8,5120,0.9313333333333333,0.9271444898470402,0.9379398828495944,0.7020728433695325,0.9646120687405737,0.9271301381865281,0.4894242569571361
success,IoT_Original_Distribution,RBF-SVM,quantum_features,6,9,6144,0.9273333333333333,0.9249369843282764,0.93469828467954,0.6908167078128369,0.9654157468727005,0.9249322762134751,0.4979853800032288
success,IoT_Original_Distribution,RBF-SVM,quantum_features,6,10,7168,0.9306666666666666,0.9045293003303431,0.9365123450134771,0.6818094235720065,0.9551975534785173,0.9039563769869158,0.45517617801669985
success,IoT_Original_Distribution,RBF-SVM,quantum_features,6,11,8192,0.92,0.930424435990168,0.9291857713150791,0.679581103493735,0.9688209415558999,0.9303358627271908,0.5355790969915688
success,IoT_Original_Distribution,RBF-SVM,quantum_features,6,12,9216,0.9146666666666666,0.9211247318898439,0.9247165340406718,0.6605895503659727,0.9624932809376939,0.9210903956723683,0.5060795469908044
success,IoT_Original_Distribution,RBF-SVM,quantum_features,6,13,10240,0.92,0.9081771640599314,0.9283075563411401,0.6600262120763842,0.9546965593182303,0.9080604404785336,0.4810160759370774
success,IoT_Original_Distribution,RBF-SVM,quantum_features,6,14,11264,0.9426666666666667,0.9365772705211906,0.947390024444791,0.7387984345228015,0.9799654522776968,0.9365472464383835,0.43690796301234514
success,IoT_Original_Distribution,RBF-SVM,quantum_features,6,15,12288,0.9213333333333333,0.9089129992328526,0.9293721919638269,0.6635744882158399,0.9657627897024824,0.9087842831127866,0.47700214199721813
success,IoT_Original_Distribution,RBF-SVM,quantum_features,6,16,13312,0.9233333333333333,0.8973040251749566,0.9304376138438318,0.6579607484818063,0.9560690745698496,0.8967312526032327,0.47199161897879094
success,IoT_Original_Distribution,RBF-SVM,quantum_features,6,17,14336,0.9066666666666666,0.9294224476695944,0.9189294660514172,0.653324367884765,0.9703474081380239,0.9289998500708118,0.5232078529661521
success,IoT_Original_Distribution,RBF-SVM,quantum_features,6,18,15360,0.9266666666666666,0.9372817935590938,0.9346363493274248,0.6997369823105908,0.9739117728408979,0.9371906220238807,0.5069680250016972
success,IoT_Original_Distribution,RBF-SVM,quantum_features,6,19,16384,0.9193333333333333,0.9237001549950683,0.9284129217378637,0.6722950284182092,0.9573398253826604,0.9236844996904804,0.47960333398077637
success,IoT_Original_Distribution,RBF-SVM,quantum_features,6,20,17408,0.9246666666666666,0.9075744054608363,0.9319146287573218,0.6699066206589832,0.9560742932590192,0.9073302687075838,0.4708735099993646
success,IoT_Original_Distribution,RBF-SVM,quantum_features,6,21,18432,0.9173333333333333,0.9162400388270474,0.9265747643179119,0.6615638217968396,0.9675084412297319,0.9162390495378977,0.5108054369920865
success,IoT_Original_Distribution,RBF-SVM,quantum_features,6,22,19456,0.9233333333333333,0.9259076605138321,0.931604567228688,0.6827083166683477,0.9628846826254182,0.9259022327739583,0.5104160849004984
success,IoT_Original_Distribution,RBF-SVM,quantum_features,6,23,20480,0.9173333333333333,0.9225964022356865,0.9268252970255817,0.6672217126872653,0.9679572484983222,0.9225736339852657,0.5361053820233792
success,IoT_Original_Distribution,RBF-SVM,quantum_features,6,24,21504,0.91,0.9026584002630219,0.9204010359650762,0.6347017888520211,0.9615173860629688,0.9026131181361269,0.5192167790373787
success,IoT_Original_Distribution,RBF-SVM,quantum_features,6,25,22528,0.9366666666666666,0.9523351024689618,0.9430856609592321,0.7353576126346062,0.9793026787531508,0.9521395947001037,0.4387619879562408
success,IoT_Original_Distribution,RBF-SVM,quantum_features,6,26,23552,0.9246666666666666,0.9171089505737948,0.9323018914567709,0.6780907350066171,0.963625736487509,0.917061719334168,0.3978312329854816
success,IoT_Original_Distribution,RBF-SVM,quantum_features,6,27,24576,0.934,0.9063688882626462,0.9392430361090642,0.6919140455766796,0.9607554574441992,0.9057298854154303,0.47591946297325194
success,IoT_Original_Distribution,RBF-SVM,quantum_features,6,28,25600,0.9213333333333333,0.9343384528674088,0.9303660084598278,0.6857607988969698,0.9657888831483308,0.9342011706370523,0.5251452090451494
success,IoT_Original_Distribution,RBF-SVM,quantum_features,6,29,26624,0.9126666666666666,0.913664615721823,0.9228883259376239,0.6499345870197158,0.9719443270239382,0.9136637891357589,0.4796637240797281
success,IoT_Original_Distribution,LinearSVM,quantum_features,6,0,42,0.8853333333333333,0.8795109044510201,0.9009673596003246,0.5708479243470298,0.933686116721202,0.879481674215172,0.35338545707054436
success,IoT_Original_Distribution,LinearSVM,quantum_features,6,1,123,0.892,0.911793715654502,0.9072325421057815,0.6126584474056289,0.9680042167008491,0.911467808699582,0.3713909999933094
success,IoT_Original_Distribution,LinearSVM,quantum_features,6,2,456,0.8913333333333333,0.9082476163637218,0.9065975556824672,0.6082007909056447,0.9553645515319462,0.9080087153530052,0.3684314639540389
success,IoT_Original_Distribution,LinearSVM,quantum_features,6,3,789,0.9046666666666666,0.9028932412756563,0.916368487823099,0.6250418395658309,0.9457621634597823,0.9028905997914191,0.3542204840341583
success,IoT_Original_Distribution,LinearSVM,quantum_features,6,4,1024,0.896,0.8981103126516681,0.9096642621715791,0.6056860086682738,0.9416707111507732,0.8981065523492239,0.4054961969377473
success,IoT_Original_Distribution,LinearSVM,quantum_features,6,5,2048,0.9146666666666666,0.8893429148466488,0.9233867845031343,0.6318166112217629,0.9411044833758657,0.8887959261268872,0.3369531680364162
success,IoT_Original_Distribution,LinearSVM,quantum_features,6,6,3072,0.8733333333333333,0.8728883878947287,0.8918994117562867,0.5475497791580253,0.9449793600843339,0.8728882159009291,0.3265607899520546
success,IoT_Original_Distribution,LinearSVM,quantum_features,6,7,4096,0.9073333333333333,0.8852958213955819,0.9176212715678581,0.6134125907817463,0.9219466754340645,0.8848797223436308,0.3297423080075532
success,IoT_Original_Distribution,LinearSVM,quantum_features,6,8,5120,0.9046666666666666,0.8933586961626978,0.9159633768217238,0.616045834380666,0.929746006398113,0.8932501466704584,0.3505085529759526
success,IoT_Original_Distribution,LinearSVM,quantum_features,6,9,6144,0.8553333333333333,0.8565982496516524,0.8781880120275843,0.5092208637512294,0.9279194651887338,0.8565968331903541,0.43289203895255923
success,IoT_Original_Distribution,LinearSVM,quantum_features,6,10,7168,0.9173333333333333,0.8876364034881719,0.9253589020994181,0.6359543696498989,0.9308732432587583,0.8868826481842489,0.3154074560152367
success,IoT_Original_Distribution,LinearSVM,quantum_features,6,11,8192,0.8993333333333333,0.9031280822882908,0.9123655693698115,0.6160187551292047,0.9462057520392028,0.9031159908599458,0.41007338697090745
success,IoT_Original_Distribution,LinearSVM,quantum_features,6,12,9216,0.896,0.8822194041300706,0.90898,0.5902367392946438,0.9323762257396188,0.8820561525032018,0.38778996700420976
success,IoT_Original_Distribution,LinearSVM,quantum_features,6,13,10240,0.9193333333333333,0.8887401562475538,0.9269523396653019,0.6413459550624795,0.9352308487154197,0.8879411916063933,0.349032970960252
success,IoT_Original_Distribution,LinearSVM,quantum_features,6,14,11264,0.914,0.9048659057817857,0.923547798793192,0.6445692644297424,0.9493578402976741,0.9047959825527965,0.3793191260192543
success,IoT_Original_Distribution,LinearSVM,quantum_features,6,15,12288,0.8973333333333333,0.8893116027116309,0.9102856617604818,0.5993640920258795,0.9474869402303528,0.8892567303649643,0.3602945849997923
success,IoT_Original_Distribution,LinearSVM,quantum_features,6,16,13312,0.8593333333333333,0.8460930283531383,0.8806088612326568,0.502504262185291,0.9142464995642394,0.8459358921925971,0.3838955849641934
success,IoT_Original_Distribution,LinearSVM,quantum_features,6,17,14336,0.8953333333333333,0.894564213360888,0.9090183756259914,0.6011657393061969,0.9491856235550754,0.8945637119027017,0.3980617040069774
success,IoT_Original_Distribution,LinearSVM,quantum_features,6,18,15360,0.8866666666666667,0.8929594664412193,0.9025209480839096,0.5862171624028958,0.9493474029193346,0.8929258368022305,0.35840753000229597
success,IoT_Original_Distribution,LinearSVM,quantum_features,6,19,16384,0.9046666666666666,0.8965368778670173,0.9161002351273875,0.6190493902231932,0.9371539356744374,0.8964809714248108,0.38760692602954805
success,IoT_Original_Distribution,LinearSVM,quantum_features,6,20,17408,0.91,0.8963020368543829,0.9201301192943109,0.6288217882108462,0.9409244385995126,0.89614327212957,0.3643587199039757
success,IoT_Original_Distribution,LinearSVM,quantum_features,6,21,18432,0.8866666666666667,0.8897812847368998,0.902388713834524,0.5830626878282806,0.9341401426789618,0.8897730170067228,0.3827942149946466
success,IoT_Original_Distribution,LinearSVM,quantum_features,6,22,19456,0.8933333333333333,0.8712131886712695,0.9065000637314164,0.5750035845213713,0.9269435703140084,0.8707871827614425,0.3537822699872777
success,IoT_Original_Distribution,LinearSVM,quantum_features,6,23,20480,0.906,0.8972727130399386,0.9171387142088325,0.622175643677986,0.9321257286594754,0.8972083394726031,0.39254087791778147
success,IoT_Original_Distribution,LinearSVM,quantum_features,6,24,21504,0.9133333333333333,0.904497988195325,0.9230219303332947,0.6429012349069658,0.9500988941597649,0.9044325376766937,0.3838576450943947
success,IoT_Original_Distribution,LinearSVM,quantum_features,6,25,22528,0.874,0.9082163042287039,0.8937892958832372,0.5842789422614728,0.9692462647232268,0.9072382368813318,0.35627464100252837
success,IoT_Original_Distribution,LinearSVM,quantum_features,6,26,23552,0.86,0.859173672756877,0.8816571039579888,0.5171096639770637,0.9472599272514729,0.8591730700845089,0.32589809398632497
success,IoT_Original_Distribution,LinearSVM,quantum_features,6,27,24576,0.9146666666666666,0.8702738246207318,0.922497041770455,0.6143687219254546,0.9338583334638005,0.8685548991971589,0.35252632899209857
success,IoT_Original_Distribution,LinearSVM,quantum_features,6,28,25600,0.874,0.8859690322984672,0.8929294046087798,0.5617846401315361,0.9358805755170417,0.8858464048934148,0.38669046899303794
success,IoT_Original_Distribution,LinearSVM,quantum_features,6,29,26624,0.8713333333333333,0.8781409985439856,0.8906633602618756,0.5503908008395324,0.9544930304406138,0.8781009764351891,0.3302908119512722
success,IoT_Original_Distribution,RandomForest,quantum_features,6,0,42,0.9793333333333333,0.9027836488030936,0.9785024094298082,0.873224851570807,0.974420595034939,0.8978479359203928,0.6180099339690059
success,IoT_Original_Distribution,RandomForest,quantum_features,6,1,123,0.9846666666666667,0.9406869882422932,0.9844392219441724,0.9079239945432451,0.9901471148476926,0.9391264396616612,0.7673586760647595
success,IoT_Original_Distribution,RandomForest,quantum_features,6,2,456,0.984,0.9434972523601521,0.9838437081018961,0.9044967359694489,0.9805656015322071,0.9421778111154007,0.6044141789898276
success,IoT_Original_Distribution,RandomForest,quantum_features,6,3,789,0.982,0.9233244093748532,0.9815437782903096,0.8907256372671184,0.9714615982757451,0.9204924625357249,0.5941830630181357
success,IoT_Original_Distribution,RandomForest,quantum_features,6,4,1024,0.982,0.9360371361921314,0.9817940283569642,0.8922673677153246,0.9734394814710441,0.9343240602398634,0.5887570229824632
success,IoT_Original_Distribution,RandomForest,quantum_features,6,5,2048,0.9786666666666667,0.902415731216633,0.9778497473329589,0.8690683024350858,0.9674562543380354,0.8975165655692208,0.5931264109676704
success,IoT_Original_Distribution,RandomForest,quantum_features,6,6,3072,0.9813333333333333,0.9134219466754341,0.9806890414243417,0.8860699122300612,0.9655149019669239,0.9095850084028182,0.5905229250201955
success,IoT_Original_Distribution,RandomForest,quantum_features,6,7,4096,0.9853333333333333,0.9346985424201149,0.9849878280631978,0.9113817656201875,0.981940726128411,0.9326161217030536,0.586240108939819
success,IoT_Original_Distribution,RandomForest,quantum_features,6,8,5120,0.982,0.9137898642618947,0.9813448653548363,0.8902233115234885,0.9814814814814814,0.909920586723921,0.5885862440336496
success,IoT_Original_Distribution,RandomForest,quantum_features,6,9,6144,0.9793333333333333,0.9282091024376498,0.9790968473728107,0.87624878009342,0.9849597378130561,0.9260713071929075,0.5849621399538592
success,IoT_Original_Distribution,RandomForest,quantum_features,6,10,7168,0.978,0.8925132685172139,0.9769434908389585,0.8645091252083739,0.9734629655723075,0.8862822457093996,0.5787365819560364
success,IoT_Original_Distribution,RandomForest,quantum_features,6,11,8192,0.9833333333333333,0.9240602445477745,0.9828505398227034,0.8987869960763755,0.9812675152255257,0.9211725457186617,0.5834146409761161
success,IoT_Original_Distribution,RandomForest,quantum_features,6,12,9216,0.9826666666666667,0.9173359635526748,0.9820683956083173,0.8944586603813692,0.9781519577912421,0.9138008626927728,0.5914106710115448
success,IoT_Original_Distribution,RandomForest,quantum_features,6,13,10240,0.9773333333333334,0.9048580777480313,0.9766351674641147,0.8612566004953791,0.967915498984965,0.9004452469991446,0.5855965949594975
success,IoT_Original_Distribution,RandomForest,quantum_features,6,14,11264,0.9826666666666667,0.9141577818483553,0.9820029197080292,0.8944267643887619,0.9850954237314672,0.9102560413295009,0.584172455011867
success,IoT_Original_Distribution,RandomForest,quantum_features,6,15,12288,0.9806666666666667,0.9130540290889735,0.9800354194248371,0.8819655445560679,0.981186625543396,0.9092493062292131,0.5846277680248022
success,IoT_Original_Distribution,RandomForest,quantum_features,6,16,13312,0.9806666666666667,0.916232210793293,0.9801066261943362,0.8821956389901248,0.9710571498650968,0.9127894613173392,0.5891595869325101
success,IoT_Original_Distribution,RandomForest,quantum_features,6,17,14336,0.9873333333333333,0.9421586585881359,0.9870574091492557,0.9237306921729009,0.9832401797316549,0.940514653929653,0.5895836389390752
success,IoT_Original_Distribution,RandomForest,quantum_features,6,18,15360,0.986,0.9318882783022561,0.985594453451071,0.9153783531626262,0.9825173912816577,0.9295024834786397,0.5973604379687458
success,IoT_Original_Distribution,RandomForest,quantum_features,6,19,16384,0.982,0.9169680459662142,0.9814122870507105,0.8903228726134919,0.9812153283338291,0.9134638533275614,0.5815164690138772
success,IoT_Original_Distribution,RandomForest,quantum_features,6,20,17408,0.9793333333333333,0.9154963756203717,0.9788095232222072,0.8742545096871945,0.977259561943231,0.9121145706806573,0.5807724540354684
success,IoT_Original_Distribution,RandomForest,quantum_features,6,21,18432,0.9833333333333333,0.9304166079564136,0.982970275196389,0.8991999217200408,0.9774161226183207,0.9281315351167461,0.5824973549460992
success,IoT_Original_Distribution,RandomForest,quantum_features,6,22,19456,0.98,0.9222206566154714,0.9795995115995115,0.8789722710927302,0.9801950746011618,0.9194713945980089,0.5855170240392908
success,IoT_Original_Distribution,RandomForest,quantum_features,6,23,20480,0.9873333333333333,0.9358022951794969,0.9869664102652548,0.9236740317057516,0.9827522322942923,0.9336479672574922,0.5864086489891633
success,IoT_Original_Distribution,RandomForest,quantum_features,6,24,21504,0.9853333333333333,0.9346985424201149,0.9849878280631978,0.9113817656201875,0.9860400064711746,0.9326161217030536,0.5808820760576054
success,IoT_Original_Distribution,RandomForest,quantum_features,6,25,22528,0.986,0.9414228234152145,0.9857440826222112,0.9157398314668248,0.9851632666906727,0.9398208031130197,0.5839544839691371
success,IoT_Original_Distribution,RandomForest,quantum_features,6,26,23552,0.982,0.9265025910791728,0.9816078972121001,0.8910229982357541,0.9742588156706797,0.9239782457623649,0.7155395899899304
success,IoT_Original_Distribution,RandomForest,quantum_features,6,27,24576,0.9766666666666667,0.8917774333442926,0.9756381081805686,0.8560352675043535,0.972218308205345,0.8856284040521923,0.5809401359874755
success,IoT_Original_Distribution,RandomForest,quantum_features,6,28,25600,0.9833333333333333,0.9335947896607331,0.9830286697883469,0.8995004303058597,0.9801454970540499,0.9315831332505128,0.5888100740266964
success,IoT_Original_Distribution,RandomForest,quantum_features,6,29,26624,0.982,0.9201462276705337,0.9814785830085199,0.8904913175332501,0.9874568805807358,0.9169877377313883,0.590086423093453
success,IoT_Original_Distribution,GradientBoost,quantum_features,6,0,42,0.978,0.9179387221517699,0.9775978441206178,0.8670216279839293,0.9801324503311258,0.9149537513353319,1.9598102630116045
success,IoT_Original_Distribution,GradientBoost,quantum_features,6,1,123,0.9853333333333333,0.960123996054671,0.985379576427638,0.9144631735943715,0.9941498494408175,0.9596219228475871,0.4512387509457767
success,IoT_Original_Distribution,GradientBoost,quantum_features,6,2,456,0.9853333333333333,0.960123996054671,0.985379576427638,0.9144631735943715,0.9880074522881342,0.9596219228475871,0.44902013696264476
success,IoT_Original_Distribution,GradientBoost,quantum_features,6,3,789,0.9786666666666667,0.9246630031468696,0.97838653464074,0.8719340331288976,0.975117290039088,0.9222681235380827,0.43574668501969427
success,IoT_Original_Distribution,GradientBoost,quantum_features,6,4,1024,0.9826666666666667,0.9395832354829114,0.9824973504437209,0.896514238961511,0.9742118474681529,0.9380839308041512,0.4457689670380205
success,IoT_Original_Distribution,GradientBoost,quantum_features,6,5,2048,0.9786666666666667,0.908772094625272,0.9780095693779906,0.8695829080467179,0.9639336391485187,0.9046863875704296,0.41997144697234035
success,IoT_Original_Distribution,GradientBoost,quantum_features,6,6,3072,0.9766666666666667,0.9076683418658902,0.976075268154105,0.8577833821072708,0.967537144020165,0.9036821100498748,0.4290093530435115
success,IoT_Original_Distribution,GradientBoost,quantum_features,6,7,4096,0.9853333333333333,0.9315203607157954,0.9849351469383041,0.9112640070319885,0.9793026787531507,0.9291599360251501,0.434512997046113
success,IoT_Original_Distribution,GradientBoost,quantum_features,6,8,5120,0.98,0.9253988383197909,0.979669009832672,0.8794440360026416,0.9832062582520522,0.922952552666448,0.43428607599344105
success,IoT_Original_Distribution,GradientBoost,quantum_features,6,9,6144,0.982,0.9392153178964507,0.9818540710169158,0.8927916483667973,0.9813431862184856,0.9377361702988537,0.435722345020622
success,IoT_Original_Distribution,GradientBoost,quantum_features,6,10,7168,0.9786666666666667,0.9055939129209525,0.9779303330563904,0.8692924159274451,0.9680381381804518,0.9011115032848993,0.44383693498093635
success,IoT_Original_Distribution,GradientBoost,quantum_features,6,11,8192,0.9846666666666667,0.9502215333552518,0.9845926821653963,0.9091749181402492,0.979271366618133,0.9492741944783702,0.4351815909612924
success,IoT_Original_Distribution,GradientBoost,quantum_features,6,12,9216,0.9806666666666667,0.9257667559062515,0.9803132569544825,0.8832610291448945,0.9735047150856648,0.9232945769704491,0.44359763292595744
success,IoT_Original_Distribution,GradientBoost,quantum_features,6,13,10240,0.974,0.9093748532243671,0.9736143328618576,0.8434132659271271,0.9759366242387237,0.9058854422882674,0.4369765919400379
success,IoT_Original_Distribution,GradientBoost,quantum_features,6,14,11264,0.98,0.9158642932068324,0.9794570185522328,0.8782022743505559,0.981066595692494,0.9124520783964377,0.43640248791780323
success,IoT_Original_Distribution,GradientBoost,quantum_features,6,15,12288,0.9806666666666667,0.922588574201932,0.9802455192278112,0.8828460747514674,0.9794618487728253,0.9198118765184357,0.4394716980168596
success,IoT_Original_Distribution,GradientBoost,quantum_features,6,16,13312,0.9826666666666667,0.930048690369953,0.9823195767195768,0.8952685476949278,0.9674040674463389,0.9277884814975177,0.42439280403777957
success,IoT_Original_Distribution,GradientBoost,quantum_features,6,17,14336,0.9826666666666667,0.930048690369953,0.9823195767195768,0.8952685476949278,0.9858469149718974,0.9277884814975177,0.4266574380453676
success,IoT_Original_Distribution,GradientBoost,quantum_features,6,18,15360,0.9853333333333333,0.9410549058287538,0.9850906072106261,0.911810450665161,0.9831018844686592,0.9394736855377028,0.4501465340144932
success,IoT_Original_Distribution,GradientBoost,quantum_features,6,19,16384,0.9813333333333333,0.9197783100840731,0.9808265506487506,0.8864677075209141,0.9802081213240857,0.9166490534215047,0.971760951098986
success,IoT_Original_Distribution,GradientBoost,quantum_features,6,20,17408,0.9786666666666667,0.9183066397382306,0.9782394790394792,0.8708241327916314,0.977470918854602,0.9152930629551308,0.4321517220232636
success,IoT_Original_Distribution,GradientBoost,quantum_features,6,21,18432,0.9826666666666667,0.9427614171872309,0.9825547021603878,0.8970379935249326,0.9835506917372494,0.9414796429490415,0.43544961197767407
success,IoT_Original_Distribution,GradientBoost,quantum_features,6,22,19456,0.9793333333333333,0.9345654658462887,0.9792336150924904,0.8775591404812358,0.978499000621024,0.9329378219983125,0.43575689499266446
success,IoT_Original_Distribution,GradientBoost,quantum_features,6,23,20480,0.988,0.945704757878916,0.9877597069597069,0.9278611008993229,0.9880648578690004,0.9442692183749645,0.43415274505969137
success,IoT_Original_Distribution,GradientBoost,quantum_features,6,24,21504,0.9806666666666667,0.9321231193148904,0.9804454378648874,0.8842580739043723,0.9879709214639467,0.9302040308907356,0.4351555840112269
success,IoT_Original_Distribution,GradientBoost,quantum_features,6,25,22528,0.982,0.9455716813050898,0.9819712815707051,0.8939914996614826,0.9873081479394006,0.9445068364173214,0.4334282649215311
success,IoT_Original_Distribution,GradientBoost,quantum_features,6,26,23552,0.978,0.9147605404474504,0.9775207632592334,0.866492227782894,0.980792614511087,0.9114391803098665,0.4288227700162679
success,IoT_Original_Distribution,GradientBoost,quantum_features,6,27,24576,0.978,0.8956914502215334,0.977030216284536,0.8645874101224836,0.9656505878853349,0.8899372272170362,0.4283790390472859
success,IoT_Original_Distribution,GradientBoost,quantum_features,6,28,25600,0.984,0.9466754340644716,0.9838966481480503,0.9049678214410315,0.9860504438495139,0.9455588213393681,1.1292925209272653
success,IoT_Original_Distribution,GradientBoost,quantum_features,6,29,26624,0.9806666666666667,0.9194103924976125,0.9801766507562584,0.8824900734771565,0.9848788481309265,0.9163102439279787,0.43886245298199356
success,IoT_Original_Distribution,MLP,quantum_features,6,0,42,0.9566666666666667,0.8330671801856809,0.9547564866210559,0.7277531282324016,0.9489142517182534,0.8190428441931782,0.4368427370209247
success,IoT_Original_Distribution,MLP,quantum_features,6,1,123,0.9633333333333334,0.8335681743459677,0.9608108448461055,0.7664335539013728,0.9829140116585516,0.8181056692189417,0.3797771279932931
success,IoT_Original_Distribution,MLP,quantum_features,6,2,456,0.96,0.8444413132309427,0.9583145895883162,0.7496533667818801,0.9700551615445232,0.8323628748773843,0.49491249897982925
success,IoT_Original_Distribution,MLP,quantum_features,6,3,789,0.96,0.8380849498223036,0.9579992085839961,0.7476488441497657,0.9673988487571693,0.8245264439786294,0.38635873899329454
success,IoT_Original_Distribution,MLP,quantum_features,6,4,1024,0.9726666666666667,0.9213517448687238,0.9727099287173678,0.8400401037968195,0.9746945762163459,0.9191818858031867,0.4484863260295242
success,IoT_Original_Distribution,MLP,quantum_features,6,5,2048,0.9633333333333334,0.8558154462762044,0.9618591135044985,0.7713989661309025,0.9546052322577615,0.845510115015943,0.45167902600951493
success,IoT_Original_Distribution,MLP,quantum_features,6,6,3072,0.9746666666666667,0.9033864074021887,0.9740698848364328,0.8457332618568706,0.9640432316210814,0.8991112533081262,0.4598879830446094
success,IoT_Original_Distribution,MLP,quantum_features,6,7,4096,0.956,0.8263428991905812,0.9537991294423958,0.7216822029627818,0.9444992406807259,0.8107688251343067,0.33503815007861704
success,IoT_Original_Distribution,MLP,quantum_features,6,8,5120,0.9606666666666667,0.8765910478605984,0.9603477848147416,0.7654954840598467,0.9654261842510398,0.8704545037874054,0.6049451429862529
success,IoT_Original_Distribution,MLP,quantum_features,6,9,6144,0.9706666666666667,0.8916443567704664,0.9699756561263957,0.8211150729456268,0.974558890297935,0.8863175747607245,0.4588914199266583
success,IoT_Original_Distribution,MLP,quantum_features,6,10,7168,0.9666666666666667,0.8512986707998684,0.9647272727272727,0.7898579122330711,0.9590593834640615,0.839358706336772,0.644921116065234
success,IoT_Original_Distribution,MLP,quantum_features,6,11,8192,0.9646666666666667,0.8787985533793622,0.9640207799512953,0.7858246221791036,0.9608963620517799,0.872412784111244,0.4760970859788358
success,IoT_Original_Distribution,MLP,quantum_features,6,12,9216,0.9566666666666667,0.7790380912122493,0.9513945590864097,0.7164200491677266,0.9180874547931048,0.7476943617615786,0.2883885350311175
success,IoT_Original_Distribution,MLP,quantum_features,6,13,10240,0.9586666666666667,0.8437054780580213,0.957083885457608,0.7422759926667052,0.952843924663003,0.8317419401584559,0.3644494969630614
success,IoT_Original_Distribution,MLP,quantum_features,6,14,11264,0.966,0.8350398446918104,0.96336051158111,0.7839380082855353,0.9684269305235911,0.8193167811613778,0.2862319180276245
success,IoT_Original_Distribution,MLP,quantum_features,6,15,12288,0.9553333333333334,0.8259749816041206,0.953188299582128,0.7179587769121117,0.9627698714636856,0.810466242990858,0.31620783696416765
success,IoT_Original_Distribution,MLP,quantum_features,6,16,13312,0.9553333333333334,0.8100840730825232,0.9522604837216195,0.7124745596813381,0.9555628617203931,0.7900877949426739,0.42260829894803464
success,IoT_Original_Distribution,MLP,quantum_features,6,17,14336,0.968,0.8679254144943873,0.966651671670653,0.8007649347086463,0.9761349344271706,0.8591305504462434,0.487063392996788
success,IoT_Original_Distribution,MLP,quantum_features,6,18,15360,0.9646666666666667,0.8597294631534451,0.9632460548316076,0.7798844565842279,0.9776901037997277,0.8499609280041014,0.45440108503680676
success,IoT_Original_Distribution,MLP,quantum_features,6,19,16384,0.9533333333333334,0.8598312275922533,0.9531838235294117,0.7242886307607067,0.9552940992281558,0.8520857531540846,0.34740494994912297
success,IoT_Original_Distribution,MLP,quantum_features,6,20,17408,0.948,0.767898799179622,0.9428662049033287,0.6550038528369604,0.9395310485912148,0.7351690580099617,0.30338043498340994
success,IoT_Original_Distribution,MLP,quantum_features,6,21,18432,0.966,0.882712570256603,0.9653784863682277,0.7939443227595862,0.9720800129423491,0.87673298546273,0.6219637099420652
success,IoT_Original_Distribution,MLP,quantum_features,6,22,19456,0.966,0.8604652983263664,0.9645012433488285,0.7876181265593125,0.9613399506312005,0.8505931043116574,0.4669417659752071
success,IoT_Original_Distribution,MLP,quantum_features,6,23,20480,0.9606666666666667,0.8162055954785277,0.9574346024043803,0.746847250525383,0.9336078363836571,0.7965804517676004,0.26643221196718514
success,IoT_Original_Distribution,MLP,quantum_features,6,24,21504,0.9693333333333334,0.8686612496673085,0.9679213283527697,0.8087289026849049,0.9699925372744873,0.8597681242263479,0.43024622497614473
success,IoT_Original_Distribution,MLP,quantum_features,6,25,22528,0.9433333333333334,0.717650650509605,0.9341780740898205,0.6106372373288569,0.936598145277869,0.6616456451044065,0.24768904002849013
success,IoT_Original_Distribution,MLP,quantum_features,6,26,23552,0.9613333333333334,0.902384419081615,0.9619240403876894,0.78054148032012,0.9575981504965582,0.8994594424017506,0.4925687820650637
success,IoT_Original_Distribution,MLP,quantum_features,6,27,24576,0.954,0.7966355110923238,0.9502201282356311,0.7006245905681255,0.9559490447189476,0.772703195218032,0.2968339530052617
success,IoT_Original_Distribution,MLP,quantum_features,6,28,25600,0.9526666666666667,0.7768305856934855,0.9476418930312233,0.6875506033093253,0.9144735125431194,0.7460383367787732,0.2674306359840557
success,IoT_Original_Distribution,MLP,quantum_features,6,29,26624,0.9586666666666667,0.8087454793105068,0.9551751684019009,0.7327151731149332,0.9730141583037172,0.7873882608694002,0.3510711630806327
success,IoT_Original_Distribution,RBF-SVM,full_features,6,0,42,0.9526666666666667,0.9452742160224195,0.9559402761054018,0.7744695989017304,0.9790939311863646,0.9452303743540545,0.5340373689541593
success,IoT_Original_Distribution,RBF-SVM,full_features,6,1,123,0.9606666666666667,0.962401953877225,0.9632169872509591,0.8114401496630539,0.9911334471007572,0.9623995811669168,0.5740468610310927
success,IoT_Original_Distribution,RBF-SVM,full_features,6,2,456,0.9513333333333334,0.9508947442581372,0.95500357222028,0.7741725697493775,0.9745171407845777,0.9508945908525586,0.5271262349560857
success,IoT_Original_Distribution,RBF-SVM,full_features,6,3,789,0.9573333333333334,0.9414932757190049,0.9597639373304546,0.7873266306645084,0.973666494449924,0.9412911596439851,0.5261581030208617
success,IoT_Original_Distribution,RBF-SVM,full_features,6,4,1024,0.9526666666666667,0.929383307500822,0.9554175125808769,0.7639370639604357,0.9796366748600086,0.9289408640807164,0.5079748829593882
success,IoT_Original_Distribution,RBF-SVM,full_features,6,5,2048,0.956,0.9280447137288056,0.9581952640243129,0.7744116238094557,0.94662585651736,0.9274059114931265,0.46545902197249234
success,IoT_Original_Distribution,RBF-SVM,full_features,6,6,3072,0.9566666666666667,0.9220562679066273,0.9585625975736923,0.7731368502972973,0.9474478000615805,0.9210705652531148,0.46396788593847305
success,IoT_Original_Distribution,RBF-SVM,full_features,6,7,4096,0.964,0.9388160881749722,0.9654384458568175,0.8100269007530911,0.9729202218986633,0.9383036489737052,0.5110358729725704
success,IoT_Original_Distribution,RBF-SVM,full_features,6,8,5120,0.9573333333333334,0.9414932757190049,0.9597639373304546,0.7873266306645084,0.9799080466968307,0.9412911596439851,0.5293320830678567
success,IoT_Original_Distribution,RBF-SVM,full_features,6,9,6144,0.9653333333333334,0.9586210135738106,0.967145895522388,0.8257057441932293,0.9856903542968077,0.9585853713864312,0.5575478959362954
success,IoT_Original_Distribution,RBF-SVM,full_features,6,10,7168,0.9606666666666667,0.93062013683403,0.962288437232072,0.7928542048804118,0.9656244944394866,0.9298841909184347,0.49704560602549464
success,IoT_Original_Distribution,RBF-SVM,full_features,6,11,8192,0.954,0.9396536877867017,0.9568809969513825,0.7750222281710959,0.9618826943048445,0.9394875727031428,0.48036960104946047
success,IoT_Original_Distribution,RBF-SVM,full_features,6,12,9216,0.9546666666666667,0.9304870602602038,0.9571438405410545,0.7713432741068915,0.9617731018322818,0.9300104566792066,0.49114145594649017
success,IoT_Original_Distribution,RBF-SVM,full_features,6,13,10240,0.962,0.9249996085983123,0.9632706347516652,0.7949002935279957,0.9553697702211159,0.9238765749990577,0.4810115529689938
success,IoT_Original_Distribution,RBF-SVM,full_features,6,14,11264,0.9613333333333334,0.9532353263507272,0.9635360682057243,0.8082665399890844,0.9803986034787782,0.9531831557310044,0.543948701932095
success,IoT_Original_Distribution,RBF-SVM,full_features,6,15,12288,0.9533333333333334,0.9329294067916021,0.9560986734333344,0.7684535585645808,0.9790391349500832,0.9325909404760042,0.5114597140345722
success,IoT_Original_Distribution,RBF-SVM,full_features,6,16,13312,0.9546666666666667,0.9304870602602038,0.9571438405410545,0.7713432741068915,0.9567735976077528,0.9300104566792066,0.48642613098490983
success,IoT_Original_Distribution,RBF-SVM,full_features,6,17,14336,0.9566666666666667,0.9506599032455028,0.9594763418866499,0.7908347624191978,0.9731915937354855,0.9506311212833125,0.5211014359956607
success,IoT_Original_Distribution,RBF-SVM,full_features,6,18,15360,0.954,0.9460100511953408,0.9570827025000254,0.7791829486041725,0.9724140090492069,0.9459588757141056,0.5269532150123268
success,IoT_Original_Distribution,RBF-SVM,full_features,6,19,16384,0.9546666666666667,0.9463779687818015,0.9576555336789438,0.7815657603230876,0.9765993977632698,0.9463229160876795,0.5140111920190975
success,IoT_Original_Distribution,RBF-SVM,full_features,6,20,17408,0.9566666666666667,0.9411253581325443,0.9591850467289721,0.7848279265714736,0.9648312536856992,0.9409307188267706,0.49167892802506685
success,IoT_Original_Distribution,RBF-SVM,full_features,6,21,18432,0.956,0.9375792588417642,0.9585065603720313,0.7803466608896497,0.958464452898721,0.9373047680799795,0.48592874000314623
success,IoT_Original_Distribution,RBF-SVM,full_features,6,22,19456,0.9546666666666667,0.9400216053731624,0.9574553088944064,0.7774457883857081,0.9597639065019649,0.9398485669807121,0.4943039279896766
success,IoT_Original_Distribution,RBF-SVM,full_features,6,23,20480,0.96,0.952499491177806,0.9623702915142867,0.8031906329052634,0.9803464165870817,0.9524547007864406,0.5373217000160366
success,IoT_Original_Distribution,RBF-SVM,full_features,6,24,21504,0.9593333333333334,0.9425970284783868,0.9615077323453792,0.7949403762370603,0.9771369227477442,0.9423716549218166,0.503418106934987
success,IoT_Original_Distribution,RBF-SVM,full_features,6,25,22528,0.9526666666666667,0.9579869428396974,0.9563322627615486,0.7830497331395042,0.9830418695432079,0.9579645364549676,0.5494585699634627
success,IoT_Original_Distribution,RBF-SVM,full_features,6,26,23552,0.9466666666666667,0.9324284126313153,0.9505238309052676,0.7472366777523624,0.9573059039030576,0.9322635226292341,0.4664747449569404
success,IoT_Original_Distribution,RBF-SVM,full_features,6,27,24576,0.962,0.9218214268939928,0.9631688895252148,0.7932176200856282,0.964152824093644,0.9204924625357249,0.4976474680006504
success,IoT_Original_Distribution,RBF-SVM,full_features,6,28,25600,0.9626666666666667,0.9539711615236486,0.9647066922102803,0.8134218990649893,0.9718764840647328,0.9539110543905256,0.5330774859758094
success,IoT_Original_Distribution,RBF-SVM,full_features,6,29,26624,0.966,0.9430980226386736,0.967314868331331,0.8200537879811978,0.9747206696621943,0.9426761860834003,0.5217184480279684
success,IoT_Original_Distribution,LinearSVM,full_features,6,0,42,0.9486666666666667,0.9494230739122947,0.9527445836403831,0.7652213204008386,0.9758583439011789,0.9494226169192095,0.5422080659773201
success,IoT_Original_Distribution,LinearSVM,full_features,6,1,123,0.9586666666666667,0.9612982011178433,0.9614811307617323,0.8041083891943919,0.9881640129632239,0.9612927382691694,0.5992045749444515
success,IoT_Original_Distribution,LinearSVM,full_features,6,2,456,0.9426666666666667,0.946111815634149,0.9477171297897691,0.7459572362282476,0.9841873718159473,0.9461023022797889,0.5349087319336832
success,IoT_Original_Distribution,LinearSVM,full_features,6,3,789,0.946,0.9384168584534937,0.9501818772350061,0.7495895011487894,0.9789739013354626,0.938370388608593,0.5217190770199522
success,IoT_Original_Distribution,LinearSVM,full_features,6,4,1024,0.9526666666666667,0.935739670909461,0.9556311707760604,0.7681225929227954,0.9770429863426904,0.9355074418469568,0.4938892360078171
success,IoT_Original_Distribution,LinearSVM,full_features,6,5,2048,0.9553333333333334,0.9308549778466644,0.9577216076580395,0.7738506952261726,0.958704512600525,0.9303667142891626,0.4850546260131523
success,IoT_Original_Distribution,LinearSVM,full_features,6,6,3072,0.952,0.9194808448014028,0.9545097014925372,0.7552374027358045,0.9654627150752274,0.9186082755867336,0.4422053250018507
success,IoT_Original_Distribution,LinearSVM,full_features,6,7,4096,0.9553333333333334,0.9435677046639426,0.9581308231267048,0.7819218634193963,0.9806230071130734,0.9434564442276008,0.4943262879969552
success,IoT_Original_Distribution,LinearSVM,full_features,6,8,5120,0.9526666666666667,0.935739670909461,0.9556311707760604,0.7681225929227954,0.9825173912816578,0.9355074418469568,0.5274183470755816
success,IoT_Original_Distribution,LinearSVM,full_features,6,9,6144,0.9626666666666667,0.9635057066366071,0.9649631955600994,0.818938331929803,0.9845265866119748,0.9635051525609377,0.5548711679875851
success,IoT_Original_Distribution,LinearSVM,full_features,6,10,7168,0.9586666666666667,0.9358727474832871,0.960728884386476,0.7885739767987839,0.9690531732239496,0.9354516556015303,0.46011065400671214
success,IoT_Original_Distribution,LinearSVM,full_features,6,11,8192,0.9493333333333334,0.9402564463857968,0.9529976393600043,0.7607635269721875,0.9722574483741174,0.9401899954921694,0.486245670937933
success,IoT_Original_Distribution,LinearSVM,full_features,6,12,9216,0.9546666666666667,0.9241306968515648,0.9569284538432317,0.7673304473147916,0.9734055599914413,0.9233652273571288,0.4754894449142739
success,IoT_Original_Distribution,LinearSVM,full_features,6,13,10240,0.9593333333333334,0.9298843016611087,0.9611125915691574,0.7874765055072034,0.9710362751084183,0.9291767855738106,0.48587784892879426
success,IoT_Original_Distribution,LinearSVM,full_features,6,14,11264,0.9533333333333334,0.9488203153131997,0.9566103603603604,0.778931425176689,0.983315850724615,0.9488040369088592,0.5839607139350846
success,IoT_Original_Distribution,LinearSVM,full_features,6,15,12288,0.9526666666666667,0.9262051257965025,0.955308324206548,0.7618589077330157,0.9782224100950323,0.9256316494672784,0.504927241941914
success,IoT_Original_Distribution,LinearSVM,full_features,6,16,13312,0.9546666666666667,0.9304870602602038,0.9571438405410545,0.7713432741068915,0.9707649032715963,0.9300104566792066,0.43332113197539
success,IoT_Original_Distribution,LinearSVM,full_features,6,17,14336,0.9526666666666667,0.948452397726739,0.9560403819346557,0.7766025269954646,0.9846048669495195,0.9484381976676096,0.5641625459538773
success,IoT_Original_Distribution,LinearSVM,full_features,6,18,15360,0.9453333333333334,0.9412271225713525,0.9497300791476274,0.7497209841861407,0.9811970629217354,0.9412135379004958,0.5541599460411817
success,IoT_Original_Distribution,LinearSVM,full_features,6,19,16384,0.9506666666666667,0.9441704632630377,0.9542345435873726,0.7675269515821,0.9821729577964607,0.9441365683471449,0.5225640250137076
success,IoT_Original_Distribution,LinearSVM,full_features,6,20,17408,0.9473333333333334,0.9264399668091369,0.9508628043116232,0.7449938624712318,0.9658802102087998,0.9260825777233147,0.45589742704760283
success,IoT_Original_Distribution,LinearSVM,full_features,6,21,18432,0.948,0.9331642478042366,0.9516515444015443,0.7517601885785661,0.9700864736795412,0.9329853682833612,0.44012241589371115
success,IoT_Original_Distribution,LinearSVM,full_features,6,22,19456,0.946,0.9384168584534937,0.9501818772350061,0.7495895011487894,0.9724348838058856,0.938370388608593,0.4610111468937248
success,IoT_Original_Distribution,LinearSVM,full_features,6,23,20480,0.9613333333333334,0.9595916897593663,0.9637118811158171,0.8120229080057872,0.9782693782975592,0.959589292634961,0.5361752519384027
success,IoT_Original_Distribution,LinearSVM,full_features,6,24,21504,0.952,0.9353717533230004,0.9550594484167518,0.7657328544075529,0.9804403529921354,0.9351475620714368,0.5233081469777972
success,IoT_Original_Distribution,LinearSVM,full_features,6,25,22528,0.944,0.9532040142157092,0.9490365635995852,0.7548701190509531,0.9847927397596271,0.9531366169932997,0.5715844789519906
success,IoT_Original_Distribution,LinearSVM,full_features,6,26,23552,0.9493333333333334,0.9275437195685188,0.9525627511065713,0.7519648903964132,0.9733116235863876,0.9271554677271215,0.4753783649066463
success,IoT_Original_Distribution,LinearSVM,full_features,6,27,24576,0.9593333333333334,0.9298843016611087,0.9611125915691574,0.7874765055072034,0.9748928864047929,0.9291767855738106,0.503767719026655
success,IoT_Original_Distribution,LinearSVM,full_features,6,28,25600,0.9586666666666667,0.9581200194135238,0.9613918101190371,0.8021249845042887,0.984281308221001,0.9581197829019352,0.5778572419658303
success,IoT_Original_Distribution,LinearSVM,full_features,6,29,26624,0.96,0.9302522192475694,0.9616998626373626,0.7901542016194781,0.9801950746011616,0.9295305555411589,0.5365344120655209
success,IoT_Original_Distribution,RandomForest,full_features,6,0,42,0.986,0.9350664600065756,0.9856451608924629,0.9154323286370041,0.9890329247099714,0.932960197022527,0.6013941570417956
success,IoT_Original_Distribution,RandomForest,full_features,6,1,123,0.994,0.9776196514959372,0.9939710495429811,0.9645025290435227,0.9977664010353879,0.9774114995215313,0.6008920960593969
success,IoT_Original_Distribution,RandomForest,full_features,6,2,456,0.99,0.953164874046937,0.989817201873008,0.9400989332082725,0.9937401823409996,0.9520847829958657,0.6945007059257478
success,IoT_Original_Distribution,RandomForest,full_features,6,3,789,0.9873333333333333,0.9485150219967748,0.9871454442147511,0.9240516766972746,0.993296593761579,0.9473095334870358,0.5928918900899589
success,IoT_Original_Distribution,RandomForest,full_features,6,4,1024,0.9886666666666667,0.942894493761057,0.9883794159605653,0.9319034562169278,0.991258695640829,0.9412079932452915,0.5883704220177606
success,IoT_Original_Distribution,RandomForest,full_features,6,5,2048,0.984,0.9180717987255961,0.9833873104997192,0.9028795850399872,0.9818885392367146,0.9144745088312163,0.5959276260109618
success,IoT_Original_Distribution,RandomForest,full_features,6,6,3072,0.982,0.9169680459662142,0.9814122870507105,0.8903228726134919,0.9819694289188441,0.9134638533275614,0.5883855309803039
success,IoT_Original_Distribution,RandomForest,full_features,6,7,4096,0.986,0.9318882783022561,0.985594453451071,0.9153783531626262,0.9898861803892098,0.9295024834786397,0.587227039039135
success,IoT_Original_Distribution,RandomForest,full_features,6,8,5120,0.9893333333333333,0.9496187747561567,0.9891197395197394,0.9360092392004217,0.9950970415251097,0.9483584094682052,0.5718133900081739
success,IoT_Original_Distribution,RandomForest,full_features,6,9,6144,0.9913333333333333,0.9602570726284971,0.9912047776206191,0.948243199928319,0.9961303419807013,0.9594941148431952,0.5849112250143662
success,IoT_Original_Distribution,RandomForest,full_features,6,10,7168,0.9873333333333333,0.9326241134751774,0.9869197575542037,0.9237521848431879,0.9884249474217066,0.9301871999497492,0.5825659210095182
success,IoT_Original_Distribution,RandomForest,full_features,6,11,8192,0.9866666666666667,0.9386125592973558,0.9863525709665437,0.9195878285906022,0.9900688345101477,0.936745040948904,0.5846936349989846
success,IoT_Original_Distribution,RandomForest,full_features,6,12,9216,0.9846666666666667,0.9247960797206958,0.9841660223024572,0.9070375287283399,0.9868593406708104,0.9218521271801227,0.5895130638964474
success,IoT_Original_Distribution,RandomForest,full_features,6,13,10240,0.986,0.925531914893617,0.9854904508315393,0.9154850400003185,0.9819746476080137,0.9225312080288851,0.694827746017836
success,IoT_Original_Distribution,RandomForest,full_features,6,14,11264,0.9866666666666667,0.9386125592973558,0.9863525709665437,0.9195878285906022,0.9960912018119289,0.936745040948904,0.5873403489822522
success,IoT_Original_Distribution,RandomForest,full_features,6,15,12288,0.9853333333333333,0.9346985424201149,0.9849878280631978,0.9113817656201875,0.9901888643610499,0.9326161217030536,0.5821342400740832
success,IoT_Original_Distribution,RandomForest,full_features,6,16,13312,0.986,0.9287100965979365,0.9855428899283303,0.9153948567857638,0.99297825372223,0.9260262236995592,0.5908104369882494
success,IoT_Original_Distribution,RandomForest,full_features,6,17,14336,0.9893333333333333,0.9496187747561567,0.9891197395197394,0.9360092392004217,0.9954753964899096,0.9483584094682052,0.5862682269653305
success,IoT_Original_Distribution,RandomForest,full_features,6,18,15360,0.99,0.9563430557512564,0.9898516664853299,0.9401793588513041,0.9908829500206139,0.9554443910100788,0.5848447940079495
success,IoT_Original_Distribution,RandomForest,full_features,6,19,16384,0.9873333333333333,0.9453368402924553,0.9871017890391436,0.9238595320473074,0.9940585223803485,0.9439209722932793,0.5833068209467456
success,IoT_Original_Distribution,RandomForest,full_features,6,20,17408,0.9826666666666667,0.9332268720742725,0.9823798085216492,0.8956272433339013,0.9922163251034605,0.931238549131733,0.6835934839909896
success,IoT_Original_Distribution,RandomForest,full_features,6,21,18432,0.986,0.9350664600065756,0.9856451608924629,0.9154323286370041,0.9888607079673728,0.932960197022527,0.5795609350316226
success,IoT_Original_Distribution,RandomForest,full_features,6,22,19456,0.986,0.938244641710895,0.9856950311649668,0.9155537686886143,0.9773639357266242,0.936399569780618,0.586906168027781
success,IoT_Original_Distribution,RandomForest,full_features,6,23,20480,0.9893333333333333,0.9432624113475176,0.9890437432278574,0.936060306543063,0.9909977611823463,0.9415544714433868,0.5857756359037012
success,IoT_Original_Distribution,RandomForest,full_features,6,24,21504,0.986,0.9414228234152145,0.9857440826222112,0.9157398314668248,0.9944447053789028,0.9398208031130197,0.5806583159137517
success,IoT_Original_Distribution,RandomForest,full_features,6,25,22528,0.9873333333333333,0.9548713854054138,0.9872306425674592,0.9246156894435349,0.9946821557361222,0.95403414021778,0.5916209979914129
success,IoT_Original_Distribution,RandomForest,full_features,6,26,23552,0.982,0.9169680459662142,0.9814122870507105,0.8903228726134919,0.9774239506520751,0.9134638533275614,0.6794046169379726
success,IoT_Original_Distribution,RandomForest,full_features,6,27,24576,0.9806666666666667,0.9035194839760149,0.9798144324924712,0.8816916953587439,0.9838246729186562,0.8985103099949333,0.5815327779855579
success,IoT_Original_Distribution,RandomForest,full_features,6,28,25600,0.99,0.9468085106382979,0.9897465434946163,0.9401390200068898,0.992602508102015,0.9453131868733218,0.5851222650380805
success,IoT_Original_Distribution,RandomForest,full_features,6,29,26624,0.9853333333333333,0.9283421790114759,0.9848815789473685,0.9112144458034117,0.9927068818854081,0.9256852086912365,0.5840195040218532
success,IoT_Original_Distribution,GradientBoost,full_features,6,0,42,0.9873333333333333,0.9580495671097333,0.987272215701849,0.924982806969756,0.994322066183416,0.9573705546267842,0.7128171309595928
success,IoT_Original_Distribution,GradientBoost,full_features,6,1,123,0.9946666666666667,0.9843439324910368,0.9946666666666667,0.9686878649820738,0.9989406060985601,0.984261837118959,0.6722560330526903
success,IoT_Original_Distribution,GradientBoost,full_features,6,2,456,0.994,0.9776196514959372,0.9939710495429811,0.9645025290435227,0.9959294224476696,0.9774114995215313,0.6083760200999677
success,IoT_Original_Distribution,GradientBoost,full_features,6,3,789,0.9913333333333333,0.9666134360371361,0.9912630712303668,0.9484837202510881,0.9976646365965796,0.9661339166411559,0.536446560989134
success,IoT_Original_Distribution,GradientBoost,full_features,6,4,1024,0.992,0.9638031719192773,0.9918949504902775,0.9522980981926682,0.9937140888951513,0.9631774071384501,0.5358172300038859
success,IoT_Original_Distribution,GradientBoost,full_features,6,5,2048,0.986,0.9318882783022561,0.985594453451071,0.9153783531626262,0.9892573283442665,0.9295024834786397,0.5027986669447273
success,IoT_Original_Distribution,GradientBoost,full_features,6,6,3072,0.9893333333333333,0.9527969564604762,0.9891568052440918,0.9360852616620504,0.987104619061784,0.9517339133384756,0.5217192739946768
success,IoT_Original_Distribution,GradientBoost,full_features,6,7,4096,0.9913333333333333,0.9602570726284971,0.9912047776206191,0.948243199928319,0.9920832485296343,0.9594941148431952,0.5341516870539635
success,IoT_Original_Distribution,GradientBoost,full_features,6,8,5120,0.9893333333333333,0.9623315015734348,0.9892644320987001,0.9366871331054268,0.9976150590494679,0.9617567907205277,0.5423884829506278
success,IoT_Original_Distribution,GradientBoost,full_features,6,9,6144,0.9946666666666667,0.9843439324910368,0.9946666666666667,0.9686878649820738,0.9979229617104776,0.984261837118959,0.5602367270039394
success,IoT_Original_Distribution,GradientBoost,full_features,6,10,7168,0.988,0.9488829395832354,0.9878014058996032,0.9279936579964205,0.9875377702628654,0.9476592878033601,0.5422610729001462
success,IoT_Original_Distribution,GradientBoost,full_features,6,11,8192,0.9906666666666667,0.963067336746356,0.9905754963927728,0.9444092210091386,0.9923546203664564,0.9624673610359461,0.5158817629562691
success,IoT_Original_Distribution,GradientBoost,full_features,6,12,9216,0.9893333333333333,0.9496187747561567,0.9891197395197394,0.9360092392004217,0.9927460220541804,0.9483584094682052,0.67700442194473
success,IoT_Original_Distribution,GradientBoost,full_features,6,13,10240,0.99,0.953164874046937,0.989817201873008,0.9400989332082725,0.9870054639675606,0.9520847829958657,0.5107768919551745
success,IoT_Original_Distribution,GradientBoost,full_features,6,14,11264,0.994,0.9744414697916177,0.9939513570056385,0.9643957407894569,0.9975680908469411,0.9741437271940988,0.5433745449408889
success,IoT_Original_Distribution,GradientBoost,full_features,6,15,12288,0.988,0.9552393029918744,0.987882781076422,0.9284442269932627,0.9951361816938822,0.9543868982776137,0.5382062150165439
success,IoT_Original_Distribution,GradientBoost,full_features,6,16,13312,0.9866666666666667,0.9513252861146337,0.9865364234182469,0.9204617299853247,0.9962634185545275,0.9503291392689724,0.5342188569484279
success,IoT_Original_Distribution,GradientBoost,full_features,6,17,14336,0.9926666666666667,0.976883816323016,0.9926549665658428,0.9568159198766254,0.999018886436105,0.9766904286011621,0.5551677769981325
success,IoT_Original_Distribution,GradientBoost,full_features,6,18,15360,0.994,0.9776196514959372,0.9939710495429811,0.9645025290435227,0.9937375729964146,0.9774114995215313,0.5619362110737711
success,IoT_Original_Distribution,GradientBoost,full_features,6,19,16384,0.9926666666666667,0.970527452914377,0.9926072141180027,0.9564397305202724,0.9960755457444199,0.9701443987205336,0.5304512099828571
success,IoT_Original_Distribution,GradientBoost,full_features,6,20,17408,0.9893333333333333,0.9591533198691153,0.9892291387345974,0.9364267240012006,0.993732354307245,0.9584329228707461,0.5278723350493237
success,IoT_Original_Distribution,GradientBoost,full_features,6,21,18432,0.9866666666666667,0.9449689227059948,0.9864460065551147,0.9199020543307908,0.9928086463242163,0.9435725976837784,0.5206234409706667
success,IoT_Original_Distribution,GradientBoost,full_features,6,22,19456,0.9873333333333333,0.9485150219967748,0.9871454442147511,0.9240516766972746,0.9877178150392184,0.9473095334870358,0.6993280550232157
success,IoT_Original_Distribution,GradientBoost,full_features,6,23,20480,0.9933333333333333,0.9645390070921986,0.9932230032775574,0.9603600726589399,0.9968948799440556,0.963886930186522,0.5592005050275475
success,IoT_Original_Distribution,GradientBoost,full_features,6,24,21504,0.9893333333333333,0.9623315015734348,0.9892644320987001,0.9366871331054268,0.9979699299130045,0.9617567907205277,0.5796053149970248
success,IoT_Original_Distribution,GradientBoost,full_features,6,25,22528,0.9933333333333333,0.9708953705008376,0.9932682117091234,0.9603742150250145,0.9971662517808777,0.9705020556538712,0.5544129570480436
success,IoT_Original_Distribution,GradientBoost,full_features,6,26,23552,0.9873333333333333,0.9485150219967748,0.9871454442147511,0.9240516766972746,0.9909142621556317,0.9473095334870358,0.49726090708281845
success,IoT_Original_Distribution,GradientBoost,full_features,6,27,24576,0.9886666666666667,0.942894493761057,0.9883794159605653,0.9319034562169278,0.9941707241974961,0.9412079932452915,0.5437667150981724
success,IoT_Original_Distribution,GradientBoost,full_features,6,28,25600,0.9926666666666667,0.9673492712100575,0.9925827522935781,0.9563417182029426,0.9966000240059703,0.9668466676909885,0.5496942669851705
success,IoT_Original_Distribution,GradientBoost,full_features,6,29,26624,0.9926666666666667,0.9641710895057379,0.9925578887559084,0.9563070410053337,0.9948439351003816,0.9635322339720516,0.5451942390063778
success,IoT_Original_Distribution,MLP,full_features,6,0,42,0.9786666666666667,0.9246630031468696,0.97838653464074,0.8719340331288976,0.9840308111408577,0.9222681235380827,0.34466911293566227
success,IoT_Original_Distribution,MLP,full_features,6,1,123,0.9813333333333333,0.9166001283797536,0.9807583732057417,0.8862355231493954,0.990987323804007,0.9131267195816894,0.37736047501675785
success,IoT_Original_Distribution,MLP,full_features,6,2,456,0.984,0.9276063438385547,0.9835656148417863,0.9029985738616304,0.9889259415819933,0.9250028015150449,0.29656509996857494
success,IoT_Original_Distribution,MLP,full_features,6,3,789,0.9786666666666667,0.915128458033911,0.9781641135464697,0.8703514507681145,0.9831018844686592,0.9117769380314138,0.24580840300768614
success,IoT_Original_Distribution,MLP,full_features,6,4,1024,0.9773333333333334,0.9080362594523508,0.9767179543591971,0.8616714080098395,0.9801950746011616,0.9040169931853459,0.25828401697799563
success,IoT_Original_Distribution,MLP,full_features,6,5,2048,0.9733333333333334,0.9090069356379065,0.9729831683009249,0.8397884071033894,0.9738439298816923,0.9055483686236535,0.4650599139276892
success,IoT_Original_Distribution,MLP,full_features,6,6,3072,0.978,0.9020478136301724,0.9771992798781333,0.8649615830466586,0.9657967111820853,0.897185072828248,0.2457001230213791
success,IoT_Original_Distribution,MLP,full_features,6,7,4096,0.982,0.9137898642618947,0.9813448653548363,0.8902233115234885,0.9840725606542149,0.909920586723921,0.41392039600759745
success,IoT_Original_Distribution,MLP,full_features,6,8,5120,0.9806666666666667,0.8971631205673759,0.9796606804980208,0.8818900655306466,0.9880387644231521,0.8912498197109224,0.34999241307377815
success,IoT_Original_Distribution,MLP,full_features,6,9,6144,0.984,0.9339627072471937,0.9836796092796094,0.9034166859960265,0.9889937845411989,0.931927589957884,0.4157603899948299
success,IoT_Original_Distribution,MLP,full_features,6,10,7168,0.9806666666666667,0.9035194839760149,0.9798144324924712,0.8816916953587439,0.9684478052802697,0.8985103099949333,0.37683751492295414
success,IoT_Original_Distribution,MLP,full_features,6,11,8192,0.9713333333333334,0.892012274356927,0.9706067580179003,0.8248411269474233,0.9687452705629399,0.8866472446902058,0.2204378240276128
success,IoT_Original_Distribution,MLP,full_features,6,12,9216,0.9786666666666667,0.8992375495123135,0.9777677811137686,0.8689136919443347,0.9777214159347455,0.8939013324811795,0.3102275870041922
success,IoT_Original_Distribution,MLP,full_features,6,13,10240,0.976,0.8786967889405539,0.9746036363636364,0.8514596835817742,0.9730298143712263,0.8704874776495319,0.47994329303037375
success,IoT_Original_Distribution,MLP,full_features,6,14,11264,0.982,0.9201462276705337,0.9814785830085199,0.8904913175332501,0.9908568565747656,0.9169877377313883,0.27535791997797787
success,IoT_Original_Distribution,MLP,full_features,6,15,12288,0.974,0.915731216633006,0.9737892136911004,0.8450555867516908,0.9814110291776912,0.9129152332037531,0.37669588392600417
success,IoT_Original_Distribution,MLP,full_features,6,16,13312,0.9646666666666667,0.8470167363361671,0.9626839517158722,0.7769551659059556,0.9630516806788472,0.8345325080958288,0.21066552598495036
success,IoT_Original_Distribution,MLP,full_features,6,17,14336,0.98,0.9158642932068324,0.9794570185522328,0.8782022743505559,0.9889729097845203,0.9124520783964377,0.26216658402699977
success,IoT_Original_Distribution,MLP,full_features,6,18,15360,0.978,0.9115823587431309,0.9774423956881558,0.8660189458972327,0.9798402037376251,0.9079052562613056,0.23770442698150873
success,IoT_Original_Distribution,MLP,full_features,6,19,16384,0.9813333333333333,0.9229564917883926,0.9808935993531609,0.8867635767089437,0.98580516545854,0.9201522324510898,0.32640791800804436
success,IoT_Original_Distribution,MLP,full_features,6,20,17408,0.9726666666666667,0.9118171997557654,0.9724450708034645,0.8370995764825064,0.9769333938701277,0.9087325991884343,0.27162799204234034
success,IoT_Original_Distribution,MLP,full_features,6,21,18432,0.978,0.9115823587431309,0.9774423956881558,0.8660189458972327,0.9615226047521384,0.9079052562613056,0.2839713760185987
success,IoT_Original_Distribution,MLP,full_features,6,22,19456,0.9793333333333333,0.8996054670987741,0.9784223243885035,0.8731395527406138,0.973786524300826,0.8942311245353738,0.23245399701409042
success,IoT_Original_Distribution,MLP,full_features,6,23,20480,0.9773333333333334,0.9207489862696288,0.9770356930557861,0.8638976266225206,0.9772569525986462,0.9181082042344318,0.22117681498639286
success,IoT_Original_Distribution,MLP,full_features,6,24,21504,0.9833333333333333,0.9240602445477745,0.9828505398227034,0.8987869960763755,0.9862330979704518,0.9211725457186617,0.3736285089980811
success,IoT_Original_Distribution,MLP,full_features,6,25,22528,0.984,0.9403190706558326,0.983789900980555,0.9040796591544058,0.9912378208841504,0.938779065342523,0.38947025896050036
success,IoT_Original_Distribution,MLP,full_features,6,26,23552,0.9773333333333334,0.9143926228609898,0.9768794464794466,0.8626759944905327,0.9792922413748114,0.9111012973769175,0.5682263829512522
success,IoT_Original_Distribution,MLP,full_features,6,27,24576,0.9733333333333334,0.893116027116309,0.9725119617224882,0.8362776778413628,0.9802524801820278,0.8876355198378091,0.2450600010342896
success,IoT_Original_Distribution,MLP,full_features,6,28,25600,0.9786666666666667,0.9246630031468696,0.97838653464074,0.8719340331288976,0.9871724620209895,0.9222681235380827,0.2462744739605114
success,IoT_Original_Distribution,MLP,full_features,6,29,26624,0.976,0.9073004242794295,0.9754346277397784,0.8539393248272852,0.9871724620209896,0.90334710276865,0.37592159304767847
success,UNSW_2018_IoT_Botnet_Final_10_Best,RBF-SVM,quantum_features,6,0,42,0.9773333333333334,0.9874723655121591,0.9783937189054728,0.8875061757928756,0.998216963581739,0.987392895976226,0.16709318198263645
success,UNSW_2018_IoT_Botnet_Final_10_Best,RBF-SVM,quantum_features,6,1,123,0.986,0.992262343404569,0.9864242413979541,0.9265298167372109,0.9991806277731112,0.992232173842966,0.10012604296207428
success,UNSW_2018_IoT_Botnet_Final_10_Best,RBF-SVM,quantum_features,6,2,456,0.9853333333333333,0.9918938835666913,0.9857972121984009,0.9233721161313739,0.9990208759552901,0.9918607599524151,0.1715185099747032
success,UNSW_2018_IoT_Botnet_Final_10_Best,RBF-SVM,quantum_features,6,3,789,0.9853333333333333,0.9887658399080654,0.9857581941957679,0.9224212039059685,0.9985261606484893,0.988756743991915,0.1192977090831846
success,UNSW_2018_IoT_Botnet_Final_10_Best,RBF-SVM,quantum_features,6,4,1024,0.9893333333333333,0.9941046425939573,0.9895842656730438,0.9427443139024599,0.9989435766886025,0.9940871617659663,0.09940284094773233
success,UNSW_2018_IoT_Botnet_Final_10_Best,RBF-SVM,quantum_features,6,5,2048,0.9866666666666667,0.9832466722665691,0.9869432098765433,0.927190509746526,0.9975264234659961,0.9832375918565543,0.08317653997801244
success,UNSW_2018_IoT_Botnet_Final_10_Best,RBF-SVM,quantum_features,6,6,3072,0.9873333333333333,0.9898712194216984,0.9876487479671214,0.9320891928349727,0.9992424671864613,0.9898662525631541,0.16229473205748945
success,UNSW_2018_IoT_Botnet_Final_10_Best,RBF-SVM,quantum_features,6,7,4096,0.9866666666666667,0.9926308032424466,0.9870529038143345,0.9297153391356787,0.9987425985952146,0.9926034487573037,0.1553033790551126
success,UNSW_2018_IoT_Botnet_Final_10_Best,RBF-SVM,quantum_features,6,8,5120,0.9826666666666667,0.9872920005565547,0.9832603109885278,0.9099214646233007,0.9994022190042824,0.9872754596485499,0.14466449804604053
success,UNSW_2018_IoT_Botnet_Final_10_Best,RBF-SVM,quantum_features,6,9,6144,0.9873333333333333,0.9898712194216984,0.9876487479671214,0.9320891928349727,0.9994176788576199,0.9898662525631541,0.12685130396857858
success,UNSW_2018_IoT_Botnet_Final_10_Best,RBF-SVM,quantum_features,6,10,7168,0.9706666666666667,0.9837877671333825,0.9723805243445693,0.860180622122229,0.9976243358704671,0.9836541741215583,0.17137858900241554
success,UNSW_2018_IoT_Botnet_Final_10_Best,RBF-SVM,quantum_features,6,11,8192,0.98,0.9889462048636699,0.9808375936161783,0.8990637859893547,0.998665299328527,0.9888844268807856,0.15474782802630216
success,UNSW_2018_IoT_Botnet_Final_10_Best,RBF-SVM,quantum_features,6,12,9216,0.984,0.98802892023231,0.9845060496709829,0.9161168940355825,0.999283693462028,0.9880163794223629,0.12973110005259514
success,UNSW_2018_IoT_Botnet_Final_10_Best,RBF-SVM,quantum_features,6,13,10240,0.9806666666666667,0.9893146647015476,0.9814522065561171,0.9020132331077024,0.9989384234041566,0.9892569582282932,0.18927409301977605
success,UNSW_2018_IoT_Botnet_Final_10_Best,RBF-SVM,quantum_features,6,14,11264,0.984,0.98802892023231,0.9845060496709829,0.9161168940355825,0.998077824901701,0.9880163794223629,0.10527725203428417
success,UNSW_2018_IoT_Botnet_Final_10_Best,RBF-SVM,quantum_features,6,15,12288,0.9846666666666667,0.9915254237288136,0.985171797637817,0.9202418199295406,0.9984694745195851,0.9914892069294688,0.14956405793782324
success,UNSW_2018_IoT_Botnet_Final_10_Best,RBF-SVM,quantum_features,6,16,13312,0.9893333333333333,0.9941046425939573,0.9895842656730438,0.9427443139024599,0.9992167007642321,0.9940871617659663,0.14129871199838817
success,UNSW_2018_IoT_Botnet_Final_10_Best,RBF-SVM,quantum_features,6,17,14336,0.9893333333333333,0.9847205116180798,0.9894937896476357,0.9406971382596799,0.9987425985952147,0.98470401711862,0.08042777399532497
success,UNSW_2018_IoT_Botnet_Final_10_Best,RBF-SVM,quantum_features,6,18,15360,0.978,0.9878408253500368,0.9790025337946469,0.890360231138953,0.9987065256040938,0.9877659898478353,0.1617498709820211
success,UNSW_2018_IoT_Botnet_Final_10_Best,RBF-SVM,quantum_features,6,19,16384,0.9846666666666667,0.9915254237288136,0.985171797637817,0.9202418199295406,0.9988662774219149,0.9914892069294688,0.1462092010769993
success,UNSW_2018_IoT_Botnet_Final_10_Best,RBF-SVM,quantum_features,6,20,17408,0.9833333333333333,0.9907885040530582,0.983925739296734,0.9140618146205803,0.9990311825241818,0.9907456828601962,0.154907927964814
success,UNSW_2018_IoT_Botnet_Final_10_Best,RBF-SVM,quantum_features,6,21,18432,0.9813333333333333,0.9896831245394252,0.9820683104814931,0.9049873948858053,0.9987477518796605,0.989629349341889,0.15211295301560313
success,UNSW_2018_IoT_Botnet_Final_10_Best,RBF-SVM,quantum_features,6,22,19456,0.978,0.9878408253500368,0.9790025337946469,0.890360231138953,0.99850039422626,0.9877659898478353,0.14516084897331893
success,UNSW_2018_IoT_Botnet_Final_10_Best,RBF-SVM,quantum_features,6,23,20480,0.978,0.9878408253500368,0.9790025337946469,0.890360231138953,0.9989590365419401,0.9877659898478353,0.1743962561013177
success,UNSW_2018_IoT_Botnet_Final_10_Best,RBF-SVM,quantum_features,6,24,21504,0.9813333333333333,0.9896831245394252,0.9820683104814931,0.9049873948858053,0.9989899562486151,0.989629349341889,0.17574623797554523
success,UNSW_2018_IoT_Botnet_Final_10_Best,RBF-SVM,quantum_features,6,25,22528,0.9866666666666667,0.9926308032424466,0.9870529038143345,0.9297153391356787,0.9995362043998742,0.9926034487573037,0.14614398102276027
success,UNSW_2018_IoT_Botnet_Final_10_Best,RBF-SVM,quantum_features,6,26,23552,0.9753333333333334,0.9863669859985262,0.9765756655807045,0.8790808267590848,0.9983715621151141,0.9862727675430628,0.15706003201194108
success,UNSW_2018_IoT_Botnet_Final_10_Best,RBF-SVM,quantum_features,6,27,24576,0.9886666666666667,0.9843520517802021,0.9888534824132309,0.9372731838192551,0.9980314453416884,0.9843376156111934,0.08516042295377702
success,UNSW_2018_IoT_Botnet_Final_10_Best,RBF-SVM,quantum_features,6,28,25600,0.984,0.9911569638909359,0.9845479793740257,0.9171385194773077,0.9982839562795348,0.9911175146176521,0.1381187359802425
success,UNSW_2018_IoT_Botnet_Final_10_Best,RBF-SVM,quantum_features,6,29,26624,0.984,0.9911569638909359,0.9845479793740257,0.9171385194773077,0.9986395329062979,0.9911175146176521,0.1392431779531762
success,UNSW_2018_IoT_Botnet_Final_10_Best,LinearSVM,quantum_features,6,0,42,0.984,0.9911569638909359,0.9845479793740257,0.9171385194773077,0.998469474519585,0.9911175146176521,0.09832273900974542
success,UNSW_2018_IoT_Botnet_Final_10_Best,LinearSVM,quantum_features,6,1,123,0.986,0.992262343404569,0.9864242413979541,0.9265298167372109,0.9992476204709072,0.992232173842966,0.04007837700191885
success,UNSW_2018_IoT_Botnet_Final_10_Best,LinearSVM,quantum_features,6,2,456,0.9873333333333333,0.9929992630803243,0.9876832182649512,0.9329291096914644,0.9992579270397988,0.9929745848513186,0.09854593896307051
success,UNSW_2018_IoT_Botnet_Final_10_Best,LinearSVM,quantum_features,6,3,789,0.9853333333333333,0.9918938835666913,0.9857972121984009,0.9233721161313739,0.9983509489773307,0.9918607599524151,0.05431816400960088
success,UNSW_2018_IoT_Botnet_Final_10_Best,LinearSVM,quantum_features,6,4,1024,0.99,0.994473102431835,0.9902213813655606,0.9460755291907589,0.9991600146353279,0.9944577441317806,0.03951356606557965
success,UNSW_2018_IoT_Botnet_Final_10_Best,LinearSVM,quantum_features,6,5,2048,0.988,0.9839835919423245,0.9882149638100538,0.9338810982518136,0.9845401466624754,0.9839710776667736,0.032469742000103
success,UNSW_2018_IoT_Botnet_Final_10_Best,LinearSVM,quantum_features,6,6,3072,0.9906666666666667,0.9948415622697127,0.9908602469135802,0.9494372681609102,0.999510437977645,0.9948281884523705,0.09315997897647321
success,UNSW_2018_IoT_Botnet_Final_10_Best,LinearSVM,quantum_features,6,7,4096,0.9866666666666667,0.9926308032424466,0.9870529038143345,0.9297153391356787,0.9990311825241819,0.9926034487573037,0.08899850095622241
success,UNSW_2018_IoT_Botnet_Final_10_Best,LinearSVM,quantum_features,6,8,5120,0.9846666666666667,0.9883973800701877,0.9851313120072832,0.9192552327315903,0.9994073722887282,0.9883866310296715,0.0829257289879024
success,UNSW_2018_IoT_Botnet_Final_10_Best,LinearSVM,quantum_features,6,9,6144,0.9886666666666667,0.9937361827560796,0.9889488797600561,0.9394431471230669,0.9992527737553529,0.9937164412004862,0.05552730697672814
success,UNSW_2018_IoT_Botnet_Final_10_Best,LinearSVM,quantum_features,6,10,7168,0.9773333333333334,0.9874723655121591,0.9783937189054728,0.8875061757928756,0.9983921752528975,0.987392895976226,0.10141769493930042
success,UNSW_2018_IoT_Botnet_Final_10_Best,LinearSVM,quantum_features,6,11,8192,0.9806666666666667,0.9893146647015476,0.9814522065561171,0.9020132331077024,0.9988817372752524,0.9892569582282932,0.08872989099472761
success,UNSW_2018_IoT_Botnet_Final_10_Best,LinearSVM,quantum_features,6,12,9216,0.9846666666666667,0.9915254237288136,0.985171797637817,0.9202418199295406,0.9991806277731112,0.9914892069294688,0.07071558595634997
success,UNSW_2018_IoT_Botnet_Final_10_Best,LinearSVM,quantum_features,6,13,10240,0.9833333333333333,0.9907885040530582,0.983925739296734,0.9140618146205803,0.9989229635508191,0.9907456828601962,0.1024090169230476
success,UNSW_2018_IoT_Botnet_Final_10_Best,LinearSVM,quantum_features,6,14,11264,0.986,0.992262343404569,0.9864242413979541,0.9265298167372109,0.9983200292706557,0.992232173842966,0.03990807698573917
success,UNSW_2018_IoT_Botnet_Final_10_Best,LinearSVM,quantum_features,6,15,12288,0.9873333333333333,0.9929992630803243,0.9876832182649512,0.9329291096914644,0.9987116788885396,0.9929745848513186,0.09352548990864307
success,UNSW_2018_IoT_Botnet_Final_10_Best,LinearSVM,quantum_features,6,16,13312,0.99,0.994473102431835,0.9902213813655606,0.9460755291907589,0.9990621022308569,0.9944577441317806,0.07744545897003263
success,UNSW_2018_IoT_Botnet_Final_10_Best,LinearSVM,quantum_features,6,17,14336,0.9913333333333333,0.9858258911317128,0.9914256545516973,0.9511654801328682,0.9847333948291944,0.9858024045399773,0.035484708030708134
success,UNSW_2018_IoT_Botnet_Final_10_Best,LinearSVM,quantum_features,6,18,15360,0.9853333333333333,0.9918938835666913,0.9857972121984009,0.9233721161313739,0.9990724087997485,0.9918607599524151,0.10124016494955868
success,UNSW_2018_IoT_Botnet_Final_10_Best,LinearSVM,quantum_features,6,19,16384,0.988,0.9933677229182019,0.9883152038107137,0.9361715639953907,0.9989075036974816,0.9933455822806099,0.0785238619428128
success,UNSW_2018_IoT_Botnet_Final_10_Best,LinearSVM,quantum_features,6,20,17408,0.9833333333333333,0.9907885040530582,0.983925739296734,0.9140618146205803,0.9995413576843202,0.9907456828601962,0.09450064203701913
success,UNSW_2018_IoT_Botnet_Final_10_Best,LinearSVM,quantum_features,6,21,18432,0.9853333333333333,0.9918938835666913,0.9857972121984009,0.9233721161313739,0.9987786715863356,0.9918607599524151,0.07907950202934444
success,UNSW_2018_IoT_Botnet_Final_10_Best,LinearSVM,quantum_features,6,22,19456,0.9806666666666667,0.9893146647015476,0.9814522065561171,0.9020132331077024,0.9985931533462853,0.9892569582282932,0.08843139000236988
success,UNSW_2018_IoT_Botnet_Final_10_Best,LinearSVM,quantum_features,6,23,20480,0.9806666666666667,0.9893146647015476,0.9814522065561171,0.9020132331077024,0.9991394014975445,0.9892569582282932,0.10210886597633362
success,UNSW_2018_IoT_Botnet_Final_10_Best,LinearSVM,quantum_features,6,24,21504,0.9873333333333333,0.9929992630803243,0.9876832182649512,0.9329291096914644,0.9990930219375319,0.9929745848513186,0.09669865597970784
success,UNSW_2018_IoT_Botnet_Final_10_Best,LinearSVM,quantum_features,6,25,22528,0.9873333333333333,0.9929992630803243,0.9876832182649512,0.9329291096914644,0.9995928905287785,0.9929745848513186,0.08869409107137471
success,UNSW_2018_IoT_Botnet_Final_10_Best,LinearSVM,quantum_features,6,26,23552,0.98,0.9889462048636699,0.9808375936161783,0.8990637859893547,0.9986549927596354,0.9888844268807856,0.09533564397133887
success,UNSW_2018_IoT_Botnet_Final_10_Best,LinearSVM,quantum_features,6,27,24576,0.9893333333333333,0.9847205116180798,0.9894937896476357,0.9406971382596799,0.9842670225868457,0.98470401711862,0.042957952013239264
success,UNSW_2018_IoT_Botnet_Final_10_Best,LinearSVM,quantum_features,6,28,25600,0.9853333333333333,0.9918938835666913,0.9857972121984009,0.9233721161313739,0.9984797810884768,0.9918607599524151,0.06933390302583575
success,UNSW_2018_IoT_Botnet_Final_10_Best,LinearSVM,quantum_features,6,29,26624,0.986,0.992262343404569,0.9864242413979541,0.9265298167372109,0.9988817372752524,0.992232173842966,0.07984618400223553
success,UNSW_2018_IoT_Botnet_Final_10_Best,RandomForest,quantum_features,6,0,42,0.9953333333333333,0.9880366501589788,0.995340603358116,0.9730368435381365,0.9997784087688288,0.9879955160481791,0.5851386860013008
success,UNSW_2018_IoT_Botnet_Final_10_Best,RandomForest,quantum_features,6,1,123,0.9973333333333333,0.9922700733312377,0.9973333333333333,0.9845401466624754,0.9999072408799748,0.99225035137321,0.5803722060518339
success,UNSW_2018_IoT_Botnet_Final_10_Best,RandomForest,quantum_features,6,2,456,0.998,0.9957665768277412,0.998003115724907,0.9884486029707603,0.9999510437977644,0.9957627529810371,0.5932873350102454
success,UNSW_2018_IoT_Botnet_Final_10_Best,RandomForest,quantum_features,6,3,789,0.9933333333333333,0.9775471396694684,0.9933123137450129,0.9611361268733166,0.9997139927132558,0.9773525250213645,0.5804641420254484
success,UNSW_2018_IoT_Botnet_Final_10_Best,RandomForest,quantum_features,6,4,1024,0.9973333333333333,0.9953981169898636,0.9973416093084235,0.9846653170594228,0.9999227007333122,0.9953952450323763,0.5871554169571027
success,UNSW_2018_IoT_Botnet_Final_10_Best,RandomForest,quantum_features,6,5,2048,0.992,0.976810219993713,0.992,0.953620439987426,0.999281116819805,0.976629898286693,0.5950526399537921
success,UNSW_2018_IoT_Botnet_Final_10_Best,RandomForest,quantum_features,6,6,3072,0.9993333333333333,0.9965034965034965,0.9993322865173985,0.9961303958175565,1.0,0.9964973622679555,0.5820803510723636
success,UNSW_2018_IoT_Botnet_Final_10_Best,RandomForest,quantum_features,6,7,4096,0.9953333333333333,0.9786525191831014,0.9952961057398029,0.9727028541761238,0.9998969343110832,0.9784354644394682,0.5886476659215987
success,UNSW_2018_IoT_Botnet_Final_10_Best,RandomForest,quantum_features,6,8,5120,0.998,0.9895104895104896,0.997990503452285,0.9883629768056863,0.9999484671555415,0.9894548898363074,0.5836815699003637
success,UNSW_2018_IoT_Botnet_Final_10_Best,RandomForest,quantum_features,6,9,6144,0.9993333333333333,0.9965034965034965,0.9993322865173985,0.9961303958175565,0.9999793868622167,0.9964973622679555,0.5725024790735915
success,UNSW_2018_IoT_Botnet_Final_10_Best,RandomForest,quantum_features,6,10,7168,0.9986666666666667,0.9992630803242446,0.9986708046542117,0.9923474119575537,0.9999742335777708,0.9992628085986636,0.6010677949525416
success,UNSW_2018_IoT_Botnet_Final_10_Best,RandomForest,quantum_features,6,11,8192,0.9993333333333333,0.9996315401621223,0.9993343719083023,0.9961544826870722,0.9999690802933249,0.9996314722557732,0.5904604149982333
success,UNSW_2018_IoT_Botnet_Final_10_Best,RandomForest,quantum_features,6,12,9216,0.9986666666666667,0.9992630803242446,0.9986708046542117,0.9923474119575537,0.999963927008879,0.9992628085986636,0.5877723069861531
success,UNSW_2018_IoT_Botnet_Final_10_Best,RandomForest,quantum_features,6,13,10240,0.9966666666666667,0.9856455261761083,0.9966508390871419,0.9805592897585838,0.9998788978155227,0.9855514524823146,0.5818726309807971
success,UNSW_2018_IoT_Botnet_Final_10_Best,RandomForest,quantum_features,6,14,11264,0.9973333333333333,0.9953981169898636,0.9973416093084235,0.9846653170594228,0.9999227007333125,0.9953952450323763,0.6955801090225577
success,UNSW_2018_IoT_Botnet_Final_10_Best,RandomForest,quantum_features,6,15,12288,0.998,0.9926385331691154,0.9979968595521955,0.9883761554482334,0.9999639270088791,0.9926164278849723,0.5872111569624394
success,UNSW_2018_IoT_Botnet_Final_10_Best,RandomForest,quantum_features,6,16,13312,0.998,0.9957665768277412,0.998003115724907,0.9884486029707603,0.9999330073022041,0.9957627529810371,0.5856600879924372
success,UNSW_2018_IoT_Botnet_Final_10_Best,RandomForest,quantum_features,6,17,14336,0.9933333333333333,0.965034965034965,0.9932247972929835,0.9608674205030172,0.9997681021999372,0.9644013324700097,0.5908973240293562
success,UNSW_2018_IoT_Botnet_Final_10_Best,RandomForest,quantum_features,6,18,15360,0.998,0.9957665768277412,0.998003115724907,0.9884486029707603,0.9999536204399875,0.9957627529810371,0.5852607580600306
success,UNSW_2018_IoT_Botnet_Final_10_Best,RandomForest,quantum_features,6,19,16384,0.9973333333333333,0.9922700733312377,0.9973333333333333,0.9845401466624754,0.9999123941644207,0.99225035137321,0.584597769076936
success,UNSW_2018_IoT_Botnet_Final_10_Best,RandomForest,quantum_features,6,20,17408,0.9986666666666667,0.9961350366656189,0.9986666666666667,0.9922700733312376,0.9999433138710957,0.996130125342911,0.6780074139824137
success,UNSW_2018_IoT_Botnet_Final_10_Best,RandomForest,quantum_features,6,21,18432,0.998,0.9957665768277412,0.998003115724907,0.9884486029707603,0.9999742335777708,0.9957627529810371,0.5856922779930755
success,UNSW_2018_IoT_Botnet_Final_10_Best,RandomForest,quantum_features,6,22,19456,0.9973333333333333,0.9953981169898636,0.9973416093084235,0.9846653170594228,0.9998608613199623,0.9953952450323763,0.5830813699867576
success,UNSW_2018_IoT_Botnet_Final_10_Best,RandomForest,quantum_features,6,23,20480,0.9966666666666667,0.99190161349336,0.9966718595415115,0.9807427232544484,0.9999072408799748,0.9918841397529224,0.5821869310457259
success,UNSW_2018_IoT_Botnet_Final_10_Best,RandomForest,quantum_features,6,24,21504,0.996,0.9884051099968565,0.996,0.976810219993713,0.9999020875955291,0.9883605615127131,0.5895541849313304
success,UNSW_2018_IoT_Botnet_Final_10_Best,RandomForest,quantum_features,6,25,22528,0.9993333333333333,0.9965034965034965,0.9993322865173985,0.9961303958175565,0.9999330073022041,0.9964973622679555,0.5867411770159379
success,UNSW_2018_IoT_Botnet_Final_10_Best,RandomForest,quantum_features,6,26,23552,0.998,0.998894620486367,0.9980092740201078,0.9885781316226904,0.9999149708066437,0.9988940088781862,0.6893963740440086
success,UNSW_2018_IoT_Botnet_Final_10_Best,RandomForest,quantum_features,6,27,24576,0.994,0.9779155995073461,0.9939715103568553,0.9649519156643789,0.999675343079912,0.9777136381040806,0.5886345249600708
success,UNSW_2018_IoT_Botnet_Final_10_Best,RandomForest,quantum_features,6,28,25600,0.996,0.9884051099968565,0.996,0.976810219993713,0.9997835620532747,0.9883605615127131,0.5862159880343825
success,UNSW_2018_IoT_Botnet_Final_10_Best,RandomForest,quantum_features,6,29,26624,0.998,0.9957665768277412,0.998003115724907,0.9884486029707603,0.9999793868622165,0.9957627529810371,0.5836409500334412
success,UNSW_2018_IoT_Botnet_Final_10_Best,GradientBoost,quantum_features,6,0,42,0.9953333333333333,0.9880366501589788,0.995340603358116,0.9730368435381365,0.9997577956310455,0.9879955160481791,0.3685470629716292
success,UNSW_2018_IoT_Botnet_Final_10_Best,GradientBoost,quantum_features,6,1,123,0.9953333333333333,0.9817805628417271,0.9953111747219987,0.9727556027114813,0.9995619708221035,0.9816377430233175,0.2781838959781453
success,UNSW_2018_IoT_Botnet_Final_10_Best,GradientBoost,quantum_features,6,2,456,0.9973333333333333,0.9953981169898636,0.9973416093084235,0.9846653170594228,0.9998454014666247,0.9953952450323763,0.277142976061441
success,UNSW_2018_IoT_Botnet_Final_10_Best,GradientBoost,quantum_features,6,3,789,0.9953333333333333,0.9880366501589788,0.995340603358116,0.9730368435381365,0.9996856496488036,0.9879955160481791,0.26599165599327534
success,UNSW_2018_IoT_Botnet_Final_10_Best,GradientBoost,quantum_features,6,4,1024,0.9986666666666667,0.9961350366656189,0.9986666666666667,0.9922700733312376,0.9999948467155542,0.996130125342911,0.2696481120074168
success,UNSW_2018_IoT_Botnet_Final_10_Best,GradientBoost,quantum_features,6,5,2048,0.9946666666666667,0.9907962339797269,0.9946995122365017,0.9695754135797602,0.9993146131687031,0.9907846927424768,0.27400273899547756
success,UNSW_2018_IoT_Botnet_Final_10_Best,GradientBoost,quantum_features,6,6,3072,0.998,0.9957665768277412,0.998003115724907,0.9884486029707603,0.9999896934311082,0.9957627529810371,0.29114527499768883
success,UNSW_2018_IoT_Botnet_Final_10_Best,GradientBoost,quantum_features,6,7,4096,0.9973333333333333,0.9891420296726119,0.9973249254980052,0.9844726035127892,0.9999536204399874,0.9890902482577418,0.28487529000267386
success,UNSW_2018_IoT_Botnet_Final_10_Best,GradientBoost,quantum_features,6,8,5120,0.9986666666666667,0.9961350366656189,0.9986666666666667,0.9922700733312376,0.9999536204399875,0.996130125342911,0.2884062669472769
success,UNSW_2018_IoT_Botnet_Final_10_Best,GradientBoost,quantum_features,6,9,6144,0.9986666666666667,0.993006993006993,0.9986624627490026,0.99225142905928,0.9999742335777707,0.9929823694376382,0.2784619559533894
success,UNSW_2018_IoT_Botnet_Final_10_Best,GradientBoost,quantum_features,6,10,7168,0.9986666666666667,0.9992630803242446,0.9986708046542117,0.9923474119575537,0.9999793868622167,0.9992628085986636,0.4674475829815492
success,UNSW_2018_IoT_Botnet_Final_10_Best,GradientBoost,quantum_features,6,11,8192,0.9993333333333333,0.9996315401621223,0.9993343719083023,0.9961544826870722,1.0,0.9996314722557732,0.28406904195435345
success,UNSW_2018_IoT_Botnet_Final_10_Best,GradientBoost,quantum_features,6,12,9216,0.9973333333333333,0.9953981169898636,0.9973416093084235,0.9846653170594228,0.9996341168043452,0.9953952450323763,0.26995920203626156
success,UNSW_2018_IoT_Botnet_Final_10_Best,GradientBoost,quantum_features,6,13,10240,0.996,0.9852770663382306,0.9959873882470078,0.9766937779662983,0.999933007302204,0.9851879815304427,0.6458818099927157
success,UNSW_2018_IoT_Botnet_Final_10_Best,GradientBoost,quantum_features,6,14,11264,0.996,0.9946611973141082,0.9960246341773764,0.9772107073411178,0.9999433138710957,0.9946598217734772,0.264379026950337
success,UNSW_2018_IoT_Botnet_Final_10_Best,GradientBoost,quantum_features,6,15,12288,0.998,0.9895104895104896,0.997990503452285,0.9883629768056863,0.9999896934311084,0.9894548898363074,0.3037790160160512
success,UNSW_2018_IoT_Botnet_Final_10_Best,GradientBoost,quantum_features,6,16,13312,0.9973333333333333,0.9953981169898636,0.9973416093084235,0.9846653170594228,0.9995928905287785,0.9953952450323763,0.2980586099438369
success,UNSW_2018_IoT_Botnet_Final_10_Best,GradientBoost,quantum_features,6,17,14336,0.996,0.979020979020979,0.9959615546218488,0.9766394448969591,0.9996444233732369,0.9787961779869995,0.3017639870522544
success,UNSW_2018_IoT_Botnet_Final_10_Best,GradientBoost,quantum_features,6,18,15360,0.9973333333333333,0.9922700733312377,0.9973333333333333,0.9845401466624754,0.9999536204399874,0.99225035137321,0.2815076739061624
success,UNSW_2018_IoT_Botnet_Final_10_Best,GradientBoost,quantum_features,6,19,16384,0.998,0.9957665768277412,0.998003115724907,0.9884486029707603,0.999963927008879,0.9957627529810371,0.28107397293206304
success,UNSW_2018_IoT_Botnet_Final_10_Best,GradientBoost,quantum_features,6,20,17408,0.9986666666666667,0.9961350366656189,0.9986666666666667,0.9922700733312376,0.999994846715554,0.996130125342911,0.2898115470306948
success,UNSW_2018_IoT_Botnet_Final_10_Best,GradientBoost,quantum_features,6,21,18432,0.9973333333333333,0.9985261606484893,0.9973497561182509,0.9848460011024754,0.999577430675441,0.9985250729435784,0.27147588098887354
success,UNSW_2018_IoT_Botnet_Final_10_Best,GradientBoost,quantum_features,6,22,19456,0.996,0.9852770663382306,0.9959873882470078,0.9766937779662983,0.9997577956310454,0.9851879815304427,0.27605512796435505
success,UNSW_2018_IoT_Botnet_Final_10_Best,GradientBoost,quantum_features,6,23,20480,0.998,0.9957665768277412,0.998003115724907,0.9884486029707603,0.9999587737244333,0.9957627529810371,0.2778595060808584
success,UNSW_2018_IoT_Botnet_Final_10_Best,GradientBoost,quantum_features,6,24,21504,0.9966666666666667,0.99190161349336,0.9966718595415115,0.9807427232544484,0.9998402481821789,0.9918841397529224,0.5276727949967608
success,UNSW_2018_IoT_Botnet_Final_10_Best,GradientBoost,quantum_features,6,25,22528,0.998,0.9957665768277412,0.998003115724907,0.9884486029707603,0.9999123941644208,0.9957627529810371,0.27671652694698423
success,UNSW_2018_IoT_Botnet_Final_10_Best,GradientBoost,quantum_features,6,26,23552,0.9966666666666667,0.9981577008106117,0.9966922273851068,0.9811503949509465,0.9995516642532118,0.9981560006437988,0.26635747496038675
success,UNSW_2018_IoT_Botnet_Final_10_Best,GradientBoost,quantum_features,6,27,24576,0.9953333333333333,0.9880366501589788,0.995340603358116,0.9730368435381365,0.9995155912620909,0.9879955160481791,0.2920086750527844
success,UNSW_2018_IoT_Botnet_Final_10_Best,GradientBoost,quantum_features,6,28,25600,0.998,0.9926385331691154,0.9979968595521955,0.9883761554482334,0.9994640584176325,0.9926164278849723,0.5512727060122415
success,UNSW_2018_IoT_Botnet_Final_10_Best,GradientBoost,quantum_features,6,29,26624,0.9973333333333333,0.9922700733312377,0.9973333333333333,0.9845401466624754,0.9993661460131614,0.99225035137321,0.31612845603376627
success,UNSW_2018_IoT_Botnet_Final_10_Best,MLP,quantum_features,6,0,42,0.9906666666666667,0.9854574312938351,0.9907798542920494,0.9476427477330465,0.9981551241683888,0.9854364114311908,0.3884882970014587
success,UNSW_2018_IoT_Botnet_Final_10_Best,MLP,quantum_features,6,1,123,0.9866666666666667,0.9801186286079433,0.9869055153445041,0.9264233739332484,0.9975161168971044,0.9800852347731906,0.3326746919192374
success,UNSW_2018_IoT_Botnet_Final_10_Best,MLP,quantum_features,6,2,456,0.9626666666666667,0.8104518915130559,0.9588694464529607,0.7638464345022592,0.9778666433051105,0.7883275573936653,0.18118566402699798
success,UNSW_2018_IoT_Botnet_Final_10_Best,MLP,quantum_features,6,3,789,0.9826666666666667,0.9622676512875481,0.9828768722566632,0.9023748716477767,0.9962226425011983,0.9619375006180547,0.49419987201690674
success,UNSW_2018_IoT_Botnet_Final_10_Best,MLP,quantum_features,6,4,1024,0.9913333333333333,0.9889539347903387,0.991451118978247,0.9516760579317576,0.9980469051950261,0.9889495648608607,0.3053521839901805
success,UNSW_2018_IoT_Botnet_Final_10_Best,MLP,quantum_features,6,5,2048,0.99,0.9913450587732091,0.9901933261432965,0.9453934686415124,0.9978768468083133,0.9913436657025958,0.27900606498587877
success,UNSW_2018_IoT_Botnet_Final_10_Best,MLP,quantum_features,6,6,3072,0.9913333333333333,0.9795698038144611,0.9913735207538003,0.9502852930652425,0.9993609927287157,0.9794619640428902,0.6842454889556393
success,UNSW_2018_IoT_Botnet_Final_10_Best,MLP,quantum_features,6,7,4096,0.9933333333333333,0.9806751833280942,0.9933333333333333,0.9613503666561883,0.9990414890930734,0.9805504570226533,0.47891882399562746
success,UNSW_2018_IoT_Botnet_Final_10_Best,MLP,quantum_features,6,8,5120,0.988,0.9933677229182019,0.9883152038107137,0.9361715639953907,0.9987992847241189,0.9933455822806099,0.3685311530716717
success,UNSW_2018_IoT_Botnet_Final_10_Best,MLP,quantum_features,6,9,6144,0.99,0.97570484048008,0.9900463701005388,0.9426267253537529,0.9984488613818018,0.9755449545357894,0.549587527057156
success,UNSW_2018_IoT_Botnet_Final_10_Best,MLP,quantum_features,6,10,7168,0.9926666666666667,0.9959469417833456,0.9927875474438553,0.9597105399310694,0.9983354891239932,0.9959386946829063,0.39734707900788635
success,UNSW_2018_IoT_Botnet_Final_10_Best,MLP,quantum_features,6,11,8192,0.9953333333333333,0.9880366501589788,0.995340603358116,0.9730368435381365,0.9993506861598239,0.9879955160481791,0.6324949599802494
success,UNSW_2018_IoT_Botnet_Final_10_Best,MLP,quantum_features,6,12,9216,0.9713333333333334,0.8996990481883629,0.9708178593272172,0.8286879771147496,0.9821799423862799,0.895334750390785,0.27084607200231403
success,UNSW_2018_IoT_Botnet_Final_10_Best,MLP,quantum_features,6,13,10240,0.992,0.9799382636523388,0.9920248279252704,0.9539369374668993,0.9985622336396103,0.9798249293931452,0.29085412598215044
success,UNSW_2018_IoT_Botnet_Final_10_Best,MLP,quantum_features,6,14,11264,0.9946666666666667,0.9907962339797269,0.9946995122365017,0.9695754135797602,0.9979438395061092,0.9907846927424768,0.4105957499705255
success,UNSW_2018_IoT_Botnet_Final_10_Best,MLP,quantum_features,6,15,12288,0.9953333333333333,0.9942927374762305,0.9953691183391495,0.9735381261938272,0.9989332701197108,0.994291906161936,0.4885183059377596
success,UNSW_2018_IoT_Botnet_Final_10_Best,MLP,quantum_features,6,16,13312,0.992,0.9799382636523388,0.9920248279252704,0.9539369374668993,0.9992218540486779,0.9798249293931452,0.438265586970374
success,UNSW_2018_IoT_Botnet_Final_10_Best,MLP,quantum_features,6,17,14336,0.9906666666666667,0.969817213000706,0.9906372392430184,0.9455784757803349,0.9992270073331238,0.96947500414132,0.46099553804378957
success,UNSW_2018_IoT_Botnet_Final_10_Best,MLP,quantum_features,6,18,15360,0.996,0.9946611973141082,0.9960246341773764,0.9772107073411178,0.9989951095330611,0.9946598217734772,0.47592558700125664
success,UNSW_2018_IoT_Botnet_Final_10_Best,MLP,quantum_features,6,19,16384,0.9933333333333333,0.9963154016212232,0.9934336185297723,0.9631993422782028,0.9989075036974817,0.99630858836128,0.38801216799765825
success,UNSW_2018_IoT_Botnet_Final_10_Best,MLP,quantum_features,6,20,17408,0.9673333333333334,0.8818480708679677,0.9665190507676422,0.8027799156695057,0.9814378694260787,0.8754995879350677,0.2371442780131474
success,UNSW_2018_IoT_Botnet_Final_10_Best,MLP,quantum_features,6,21,18432,0.992,0.9955784819454679,0.9921433092067025,0.9562542712075097,0.9990827153686401,0.9955686635742087,0.31551205506548285
success,UNSW_2018_IoT_Botnet_Final_10_Best,MLP,quantum_features,6,22,19456,0.9873333333333333,0.9836151321044468,0.987578213114842,0.9305203727280785,0.9974851971904292,0.9836044031328317,0.3277999759884551
success,UNSW_2018_IoT_Botnet_Final_10_Best,MLP,quantum_features,6,23,20480,0.9953333333333333,0.9942927374762305,0.9953691183391495,0.9735381261938272,0.9987168321729855,0.994291906161936,0.39929268800187856
success,UNSW_2018_IoT_Botnet_Final_10_Best,MLP,quantum_features,6,24,21504,0.972,0.8781712024158597,0.9707328467153286,0.8282708396318539,0.9856996356627896,0.8704849787336875,0.22849569492973387
success,UNSW_2018_IoT_Botnet_Final_10_Best,MLP,quantum_features,6,25,22528,0.9966666666666667,0.9950296571519859,0.9966821233668463,0.9809195639112008,0.9996753430799119,0.9950276013466938,0.42279905907344073
success,UNSW_2018_IoT_Botnet_Final_10_Best,MLP,quantum_features,6,26,23552,0.9893333333333333,0.9941046425939573,0.9895842656730438,0.9427443139024599,0.9986137664840686,0.9940871617659663,0.3878475279780105
success,UNSW_2018_IoT_Botnet_Final_10_Best,MLP,quantum_features,6,27,24576,0.9893333333333333,0.9847205116180798,0.9894937896476357,0.9406971382596799,0.9880263435900871,0.98470401711862,0.28063175408169627
success,UNSW_2018_IoT_Botnet_Final_10_Best,MLP,quantum_features,6,28,25600,0.9926666666666667,0.9896908544660941,0.992744784620667,0.9587324290599396,0.997985065781676,0.9896840243492936,0.39956111810170114
success,UNSW_2018_IoT_Botnet_Final_10_Best,MLP,quantum_features,6,29,26624,0.994,0.9872997304832235,0.9940278220603231,0.9656024284882216,0.9987838248707814,0.9872650201878279,0.5102292289957404
success,UNSW_2018_IoT_Botnet_Final_10_Best,RBF-SVM,full_features,6,0,42,0.9906666666666667,0.9917135186110868,0.9908338607411529,0.9487965468889443,0.9957846133233017,0.9917126750828436,0.0665764770237729
success,UNSW_2018_IoT_Botnet_Final_10_Best,RBF-SVM,full_features,6,1,123,0.994,0.9935558178004751,0.9940639146896366,0.9662993779870109,0.9983561022617766,0.9935556662193201,0.06500865798443556
success,UNSW_2018_IoT_Botnet_Final_10_Best,RBF-SVM,full_features,6,2,456,0.996,0.997789240972734,0.9960366645757877,0.9774907023990167,0.9992476204709071,0.9977867918275266,0.07660460798069835
success,UNSW_2018_IoT_Botnet_Final_10_Best,RBF-SVM,full_features,6,3,789,0.9913333333333333,0.9920819784489645,0.991476192433647,0.9522314212271312,0.9970317081591953,0.9920815472083326,0.06445021799299866
success,UNSW_2018_IoT_Botnet_Final_10_Best,RBF-SVM,full_features,6,4,1024,0.994,0.9966838614591009,0.9940815439080173,0.9667212096665191,0.9988044380085648,0.9966783447623421,0.0716574729885906
success,UNSW_2018_IoT_Botnet_Final_10_Best,RBF-SVM,full_features,6,5,2048,0.9926666666666667,0.9959469417833456,0.9927875474438553,0.9597105399310694,0.9980675183328093,0.9959386946829063,0.06780246505513787
success,UNSW_2018_IoT_Botnet_Final_10_Best,RBF-SVM,full_features,6,6,3072,0.9953333333333333,0.9974207811348563,0.9953830447586062,0.9738663269140823,0.9998454014666247,0.9974174463431611,0.07208122196607292
success,UNSW_2018_IoT_Botnet_Final_10_Best,RBF-SVM,full_features,6,7,4096,0.9926666666666667,0.9928188981247198,0.992766331443132,0.9591986337991384,0.9968977227636034,0.9928188803069259,0.06485208799131215
success,UNSW_2018_IoT_Botnet_Final_10_Best,RBF-SVM,full_features,6,8,5120,0.9913333333333333,0.9952100221075904,0.9915008826575236,0.9528300165982294,0.9996135036665619,0.9951984948818907,0.06816773500759155
success,UNSW_2018_IoT_Botnet_Final_10_Best,RBF-SVM,full_features,6,9,6144,0.9933333333333333,0.9963154016212232,0.9934336185297723,0.9631993422782028,0.9997474890621538,0.99630858836128,0.07048164308071136
success,UNSW_2018_IoT_Botnet_Final_10_Best,RBF-SVM,full_features,6,10,7168,0.9906666666666667,0.9948415622697127,0.9908602469135802,0.9494372681609102,0.9988920438441441,0.9948281884523705,0.06931263499427587
success,UNSW_2018_IoT_Botnet_Final_10_Best,RBF-SVM,full_features,6,11,8192,0.992,0.9955784819454679,0.9921433092067025,0.9562542712075097,0.9990724087997485,0.9955686635742087,0.07006283302325755
success,UNSW_2018_IoT_Botnet_Final_10_Best,RBF-SVM,full_features,6,12,9216,0.9946666666666667,0.9970523212969786,0.9947313453097425,0.9702766857756814,0.9994279854265116,0.9970479640388206,0.06828443496488035
success,UNSW_2018_IoT_Botnet_Final_10_Best,RBF-SVM,full_features,6,13,10240,0.994,0.9935558178004751,0.9940639146896366,0.9662993779870109,0.9978716935238675,0.9935556662193201,0.06600999692454934
success,UNSW_2018_IoT_Botnet_Final_10_Best,RBF-SVM,full_features,6,14,11264,0.992,0.9955784819454679,0.9921433092067025,0.9562542712075097,0.9980262920572427,0.9955686635742087,0.06975753407459706
success,UNSW_2018_IoT_Botnet_Final_10_Best,RBF-SVM,full_features,6,15,12288,0.992,0.9955784819454679,0.9921433092067025,0.9562542712075097,0.9988817372752524,0.9955686635742087,0.06887591490522027
success,UNSW_2018_IoT_Botnet_Final_10_Best,RBF-SVM,full_features,6,16,13312,0.9946666666666667,0.9970523212969786,0.9947313453097425,0.9702766857756814,0.9994589051331867,0.9970479640388206,0.07097517291549593
success,UNSW_2018_IoT_Botnet_Final_10_Best,RBF-SVM,full_features,6,17,14336,0.9946666666666667,0.9970523212969786,0.9947313453097425,0.9702766857756814,0.9994743649865242,0.9970479640388206,0.07317963102832437
success,UNSW_2018_IoT_Botnet_Final_10_Best,RBF-SVM,full_features,6,18,15360,0.994,0.9966838614591009,0.9940815439080173,0.9667212096665191,0.9993300730220407,0.9966783447623421,0.07200534199364483
success,UNSW_2018_IoT_Botnet_Final_10_Best,RBF-SVM,full_features,6,19,16384,0.994,0.9966838614591009,0.9940815439080173,0.9667212096665191,0.9989384234041566,0.9966783447623421,0.07065010303631425
success,UNSW_2018_IoT_Botnet_Final_10_Best,RBF-SVM,full_features,6,20,17408,0.992,0.9955784819454679,0.9921433092067025,0.9562542712075097,0.9993352263064865,0.9955686635742087,0.06848811497911811
success,UNSW_2018_IoT_Botnet_Final_10_Best,RBF-SVM,full_features,6,21,18432,0.994,0.9966838614591009,0.9940815439080173,0.9667212096665191,0.999381605866499,0.9966783447623421,0.07070458307862282
success,UNSW_2018_IoT_Botnet_Final_10_Best,RBF-SVM,full_features,6,22,19456,0.992,0.9955784819454679,0.9921433092067025,0.9562542712075097,0.9985261606484893,0.9955686635742087,0.06713011604733765
success,UNSW_2018_IoT_Botnet_Final_10_Best,RBF-SVM,full_features,6,23,20480,0.9933333333333333,0.9931873579625975,0.9934141816371781,0.9627320397614697,0.9963257081901149,0.9931873415852658,0.06709118594881147
success,UNSW_2018_IoT_Botnet_Final_10_Best,RBF-SVM,full_features,6,24,21504,0.994,0.9935558178004751,0.9940639146896366,0.9662993779870109,0.9975985694482379,0.9935556662193201,0.06669595697894692
success,UNSW_2018_IoT_Botnet_Final_10_Best,RBF-SVM,full_features,6,25,22528,0.9946666666666667,0.9970523212969786,0.9947313453097425,0.9702766857756814,0.9996701897954662,0.9970479640388206,0.06862113496754318
success,UNSW_2018_IoT_Botnet_Final_10_Best,RBF-SVM,full_features,6,26,23552,0.9906666666666667,0.9948415622697127,0.9908602469135802,0.9494372681609102,0.9991290949286527,0.9948281884523705,0.0669252760708332
success,UNSW_2018_IoT_Botnet_Final_10_Best,RBF-SVM,full_features,6,27,24576,0.994,0.9966838614591009,0.9940815439080173,0.9667212096665191,0.9983767153995599,0.9966783447623421,0.06911008397582918
success,UNSW_2018_IoT_Botnet_Final_10_Best,RBF-SVM,full_features,6,28,25600,0.9926666666666667,0.9928188981247198,0.992766331443132,0.9591986337991384,0.9952022921809215,0.9928188803069259,0.06198803998995572
success,UNSW_2018_IoT_Botnet_Final_10_Best,RBF-SVM,full_features,6,29,26624,0.9933333333333333,0.9963154016212232,0.9934336185297723,0.9631993422782028,0.998572540208502,0.99630858836128,0.06959385401569307
success,UNSW_2018_IoT_Botnet_Final_10_Best,LinearSVM,full_features,6,0,42,0.9933333333333333,0.9931873579625975,0.9934141816371781,0.9627320397614697,0.9978820000927592,0.9931873415852658,0.02790975698735565
success,UNSW_2018_IoT_Botnet_Final_10_Best,LinearSVM,full_features,6,1,123,0.9946666666666667,0.9939242776383528,0.9947155527677168,0.9699012138896063,0.998113897892822,0.9939238543610001,0.03209871402941644
success,UNSW_2018_IoT_Botnet_Final_10_Best,LinearSVM,full_features,6,2,456,0.9966666666666667,0.9981577008106117,0.9966922273851068,0.9811503949509465,0.9992527737553529,0.9981560006437988,0.049246551003307104
success,UNSW_2018_IoT_Botnet_Final_10_Best,LinearSVM,full_features,6,3,789,0.992,0.9924504382868422,0.992120342235727,0.9556986076053618,0.9975573431726712,0.9924502822321069,0.03234966401942074
success,UNSW_2018_IoT_Botnet_Final_10_Best,LinearSVM,full_features,6,4,1024,0.9933333333333333,0.9963154016212232,0.9934336185297723,0.9631993422782028,0.9992373139020154,0.99630858836128,0.04561214300338179
success,UNSW_2018_IoT_Botnet_Final_10_Best,LinearSVM,full_features,6,5,2048,0.994,0.9966838614591009,0.9940815439080173,0.9667212096665191,0.99837671539956,0.9966783447623421,0.03634794999379665
success,UNSW_2018_IoT_Botnet_Final_10_Best,LinearSVM,full_features,6,6,3072,0.9953333333333333,0.9974207811348563,0.9953830447586062,0.9738663269140823,0.9996547299421287,0.9974174463431611,0.04101559694390744
success,UNSW_2018_IoT_Botnet_Final_10_Best,LinearSVM,full_features,6,7,4096,0.9933333333333333,0.9931873579625975,0.9934141816371781,0.9627320397614697,0.9978871533772049,0.9931873415852658,0.02762713807169348
success,UNSW_2018_IoT_Botnet_Final_10_Best,LinearSVM,full_features,6,8,5120,0.9886666666666667,0.9937361827560796,0.9889488797600561,0.9394431471230669,0.9995877372443327,0.9937164412004862,0.04666194203309715
success,UNSW_2018_IoT_Botnet_Final_10_Best,LinearSVM,full_features,6,9,6144,0.9946666666666667,0.9970523212969786,0.9947313453097425,0.9702766857756814,0.9998814744577457,0.9970479640388206,0.04677333193831146
success,UNSW_2018_IoT_Botnet_Final_10_Best,LinearSVM,full_features,6,10,7168,0.9866666666666667,0.9926308032424466,0.9870529038143345,0.9297153391356787,0.9986137664840687,0.9926034487573037,0.04510040290188044
success,UNSW_2018_IoT_Botnet_Final_10_Best,LinearSVM,full_features,6,11,8192,0.9886666666666667,0.9937361827560796,0.9889488797600561,0.9394431471230669,0.9990363358086276,0.9937164412004862,0.03845397895202041
success,UNSW_2018_IoT_Botnet_Final_10_Best,LinearSVM,full_features,6,12,9216,0.9933333333333333,0.9963154016212232,0.9934336185297723,0.9631993422782028,0.999577430675441,0.99630858836128,0.04291938489768654
success,UNSW_2018_IoT_Botnet_Final_10_Best,LinearSVM,full_features,6,13,10240,0.9946666666666667,0.9939242776383528,0.9947155527677168,0.9699012138896063,0.9986395329062979,0.9939238543610001,0.03859975899104029
success,UNSW_2018_IoT_Botnet_Final_10_Best,LinearSVM,full_features,6,14,11264,0.9933333333333333,0.9963154016212232,0.9934336185297723,0.9631993422782028,0.998242730003968,0.99630858836128,0.03599595103878528
success,UNSW_2018_IoT_Botnet_Final_10_Best,LinearSVM,full_features,6,15,12288,0.9933333333333333,0.9963154016212232,0.9934336185297723,0.9631993422782028,0.9990105693863984,0.99630858836128,0.04189413599669933
success,UNSW_2018_IoT_Botnet_Final_10_Best,LinearSVM,full_features,6,16,13312,0.9946666666666667,0.9970523212969786,0.9947313453097425,0.9702766857756814,0.9992063941953404,0.9970479640388206,0.04519541410263628
success,UNSW_2018_IoT_Botnet_Final_10_Best,LinearSVM,full_features,6,17,14336,0.996,0.997789240972734,0.9960366645757877,0.9774907023990167,0.9997320292088162,0.9977867918275266,0.033145513967610896
success,UNSW_2018_IoT_Botnet_Final_10_Best,LinearSVM,full_features,6,18,15360,0.9893333333333333,0.9941046425939573,0.9895842656730438,0.9427443139024599,0.9992167007642321,0.9940871617659663,0.044287825003266335
success,UNSW_2018_IoT_Botnet_Final_10_Best,LinearSVM,full_features,6,19,16384,0.9953333333333333,0.9974207811348563,0.9953830447586062,0.9738663269140823,0.9989693431108317,0.9974174463431611,0.049508199910633266
success,UNSW_2018_IoT_Botnet_Final_10_Best,LinearSVM,full_features,6,20,17408,0.992,0.9955784819454679,0.9921433092067025,0.9562542712075097,0.9993197664531489,0.9955686635742087,0.04043510707560927
success,UNSW_2018_IoT_Botnet_Final_10_Best,LinearSVM,full_features,6,21,18432,0.9946666666666667,0.9970523212969786,0.9947313453097425,0.9702766857756814,0.9988765839908066,0.9970479640388206,0.03615783108398318
success,UNSW_2018_IoT_Botnet_Final_10_Best,LinearSVM,full_features,6,22,19456,0.9893333333333333,0.9941046425939573,0.9895842656730438,0.9427443139024599,0.9985776934929478,0.9940871617659663,0.03816122899297625
success,UNSW_2018_IoT_Botnet_Final_10_Best,LinearSVM,full_features,6,23,20480,0.9946666666666667,0.9939242776383528,0.9947155527677168,0.9699012138896063,0.9984282482440183,0.9939238543610001,0.03413362195715308
success,UNSW_2018_IoT_Botnet_Final_10_Best,LinearSVM,full_features,6,24,21504,0.9946666666666667,0.9939242776383528,0.9947155527677168,0.9699012138896063,0.9991342482130986,0.9939238543610001,0.04164924600627273
success,UNSW_2018_IoT_Botnet_Final_10_Best,LinearSVM,full_features,6,25,22528,0.9946666666666667,0.9970523212969786,0.9947313453097425,0.9702766857756814,0.9996444233732369,0.9970479640388206,0.03409747302066535
success,UNSW_2018_IoT_Botnet_Final_10_Best,LinearSVM,full_features,6,26,23552,0.9893333333333333,0.9941046425939573,0.9895842656730438,0.9427443139024599,0.9987477518796605,0.9940871617659663,0.03485212195664644
success,UNSW_2018_IoT_Botnet_Final_10_Best,LinearSVM,full_features,6,27,24576,0.9946666666666667,0.9970523212969786,0.9947313453097425,0.9702766857756814,0.9985776934929478,0.9970479640388206,0.038918758975341916
success,UNSW_2018_IoT_Botnet_Final_10_Best,LinearSVM,full_features,6,28,25600,0.9926666666666667,0.9928188981247198,0.992766331443132,0.9591986337991384,0.9973872847859584,0.9928188803069259,0.028929635998792946
success,UNSW_2018_IoT_Botnet_Final_10_Best,LinearSVM,full_features,6,29,26624,0.9933333333333333,0.9963154016212232,0.9934336185297723,0.9631993422782028,0.9988868905596983,0.99630858836128,0.037917410023510456
success,UNSW_2018_IoT_Botnet_Final_10_Best,RandomForest,full_features,6,0,42,0.9973333333333333,0.9922700733312377,0.9973333333333333,0.9845401466624754,0.9999484671555416,0.99225035137321,0.5292707339394838
success,UNSW_2018_IoT_Botnet_Final_10_Best,RandomForest,full_features,6,1,123,0.9986666666666667,0.993006993006993,0.9986624627490026,0.99225142905928,0.9999536204399875,0.9929823694376382,0.5646267649717629
success,UNSW_2018_IoT_Botnet_Final_10_Best,RandomForest,full_features,6,2,456,0.9993333333333333,0.9996315401621223,0.9993343719083023,0.9961544826870722,1.0,0.9996314722557732,0.6663258830085397
success,UNSW_2018_IoT_Botnet_Final_10_Best,RandomForest,full_features,6,3,789,0.998,0.9957665768277412,0.998003115724907,0.9884486029707603,0.9999433138710957,0.9957627529810371,0.5643546149367467
success,UNSW_2018_IoT_Botnet_Final_10_Best,RandomForest,full_features,6,4,1024,0.9993333333333333,0.9996315401621223,0.9993343719083023,0.9961544826870722,1.0,0.9996314722557732,0.5720326689770445
success,UNSW_2018_IoT_Botnet_Final_10_Best,RandomForest,full_features,6,5,2048,0.9966666666666667,0.99190161349336,0.9966718595415115,0.9807427232544484,0.9999587737244333,0.9918841397529224,0.5898370050126687
success,UNSW_2018_IoT_Botnet_Final_10_Best,RandomForest,full_features,6,6,3072,1.0,1.0,1.0,1.0,1.0,1.0,0.5885023958981037
success,UNSW_2018_IoT_Botnet_Final_10_Best,RandomForest,full_features,6,7,4096,0.9993333333333333,0.9965034965034965,0.9993322865173985,0.9961303958175565,0.9999639270088791,0.9964973622679555,0.5857630770187825
success,UNSW_2018_IoT_Botnet_Final_10_Best,RandomForest,full_features,6,8,5120,0.9986666666666667,0.9961350366656189,0.9986666666666667,0.9922700733312376,0.9999948467155542,0.996130125342911,0.5724539279472083
success,UNSW_2018_IoT_Botnet_Final_10_Best,RandomForest,full_features,6,9,6144,0.9993333333333333,0.9965034965034965,0.9993322865173985,0.9961303958175565,1.0,0.9964973622679555,0.5790682639926672
success,UNSW_2018_IoT_Botnet_Final_10_Best,RandomForest,full_features,6,10,7168,0.998,0.998894620486367,0.9980092740201078,0.9885781316226904,1.0,0.9988940088781862,0.5768449950264767
success,UNSW_2018_IoT_Botnet_Final_10_Best,RandomForest,full_features,6,11,8192,1.0,1.0,1.0,1.0,1.0,1.0,0.5876178370090201
success,UNSW_2018_IoT_Botnet_Final_10_Best,RandomForest,full_features,6,12,9216,0.9993333333333333,0.9996315401621223,0.9993343719083023,0.9961544826870722,0.999969080293325,0.9996314722557732,0.5787452540826052
success,UNSW_2018_IoT_Botnet_Final_10_Best,RandomForest,full_features,6,13,10240,0.9993333333333333,0.9965034965034965,0.9993322865173985,0.9961303958175565,0.9999845401466623,0.9964973622679555,0.5765904550207779
success,UNSW_2018_IoT_Botnet_Final_10_Best,RandomForest,full_features,6,14,11264,0.998,0.998894620486367,0.9980092740201078,0.9885781316226904,1.0,0.9988940088781862,0.5737819069763646
success,UNSW_2018_IoT_Botnet_Final_10_Best,RandomForest,full_features,6,15,12288,0.9993333333333333,0.9965034965034965,0.9993322865173985,0.9961303958175565,0.9999896934311083,0.9964973622679555,0.5800264230929315
success,UNSW_2018_IoT_Botnet_Final_10_Best,RandomForest,full_features,6,16,13312,0.9993333333333333,0.9996315401621223,0.9993343719083023,0.9961544826870722,0.9999845401466625,0.9996314722557732,0.5834495099261403
success,UNSW_2018_IoT_Botnet_Final_10_Best,RandomForest,full_features,6,17,14336,0.998,0.9895104895104896,0.997990503452285,0.9883629768056863,0.9999896934311083,0.9894548898363074,0.5835557200480253
success,UNSW_2018_IoT_Botnet_Final_10_Best,RandomForest,full_features,6,18,15360,0.998,0.9926385331691154,0.9979968595521955,0.9883761554482334,0.9999896934311083,0.9926164278849723,0.5745806869817898
success,UNSW_2018_IoT_Botnet_Final_10_Best,RandomForest,full_features,6,19,16384,0.9993333333333333,0.9996315401621223,0.9993343719083023,0.9961544826870722,1.0,0.9996314722557732,0.5769968149252236
success,UNSW_2018_IoT_Botnet_Final_10_Best,RandomForest,full_features,6,20,17408,1.0,1.0,1.0,1.0,1.0,1.0,0.5852172990562394
success,UNSW_2018_IoT_Botnet_Final_10_Best,RandomForest,full_features,6,21,18432,0.9986666666666667,0.9992630803242446,0.9986708046542117,0.9923474119575537,0.9999742335777708,0.9992628085986636,0.5862885280512273
success,UNSW_2018_IoT_Botnet_Final_10_Best,RandomForest,full_features,6,22,19456,1.0,1.0,1.0,1.0,1.0,1.0,0.5920479129999876
success,UNSW_2018_IoT_Botnet_Final_10_Best,RandomForest,full_features,6,23,20480,0.9966666666666667,0.9950296571519859,0.9966821233668463,0.9809195639112008,0.9999587737244332,0.9950276013466938,0.581710280966945
success,UNSW_2018_IoT_Botnet_Final_10_Best,RandomForest,full_features,6,24,21504,0.9986666666666667,0.993006993006993,0.9986624627490026,0.99225142905928,0.9999742335777708,0.9929823694376382,0.5710144100012258
success,UNSW_2018_IoT_Botnet_Final_10_Best,RandomForest,full_features,6,25,22528,1.0,1.0,1.0,1.0,1.0,1.0,0.5816676410613582
success,UNSW_2018_IoT_Botnet_Final_10_Best,RandomForest,full_features,6,26,23552,0.998,0.9957665768277412,0.998003115724907,0.9884486029707603,0.9999845401466625,0.9957627529810371,0.5820400100201368
success,UNSW_2018_IoT_Botnet_Final_10_Best,RandomForest,full_features,6,27,24576,0.998,0.9926385331691154,0.9979968595521955,0.9883761554482334,0.9999793868622167,0.9926164278849723,0.5836761329555884
success,UNSW_2018_IoT_Botnet_Final_10_Best,RandomForest,full_features,6,28,25600,0.9966666666666667,0.9950296571519859,0.9966821233668463,0.9809195639112008,0.9999304306599811,0.9950276013466938,0.5801878540078178
success,UNSW_2018_IoT_Botnet_Final_10_Best,RandomForest,full_features,6,29,26624,0.9986666666666667,0.9961350366656189,0.9986666666666667,0.9922700733312376,0.9999845401466625,0.996130125342911,0.5912841609679163
success,UNSW_2018_IoT_Botnet_Final_10_Best,GradientBoost,full_features,6,0,42,0.998,0.9957665768277412,0.998003115724907,0.9884486029707603,0.9999484671555415,0.9957627529810371,0.2318822720553726
success,UNSW_2018_IoT_Botnet_Final_10_Best,GradientBoost,full_features,6,1,123,0.9973333333333333,0.9953981169898636,0.9973416093084235,0.9846653170594228,0.999902087595529,0.9953952450323763,0.23017284704837948
success,UNSW_2018_IoT_Botnet_Final_10_Best,GradientBoost,full_features,6,2,456,0.9986666666666667,0.9992630803242446,0.9986708046542117,0.9923474119575537,0.9999330073022041,0.9992628085986636,0.2440871010767296
success,UNSW_2018_IoT_Botnet_Final_10_Best,GradientBoost,full_features,6,3,789,0.9986666666666667,0.9961350366656189,0.9986666666666667,0.9922700733312376,0.9999536204399875,0.996130125342911,0.24044157192111015
success,UNSW_2018_IoT_Botnet_Final_10_Best,GradientBoost,full_features,6,4,1024,0.9993333333333333,0.9996315401621223,0.9993343719083023,0.9961544826870722,0.9999639270088791,0.9996314722557732,0.2857494610361755
success,UNSW_2018_IoT_Botnet_Final_10_Best,GradientBoost,full_features,6,5,2048,0.9966666666666667,0.99190161349336,0.9966718595415115,0.9807427232544484,0.9998144817599497,0.9918841397529224,0.37952443899121135
success,UNSW_2018_IoT_Botnet_Final_10_Best,GradientBoost,full_features,6,6,3072,1.0,1.0,1.0,1.0,0.9999999999999999,1.0,0.25375773501582444
success,UNSW_2018_IoT_Botnet_Final_10_Best,GradientBoost,full_features,6,7,4096,0.9986666666666667,0.9961350366656189,0.9986666666666667,0.9922700733312376,0.9999433138710958,0.996130125342911,0.235753949964419
success,UNSW_2018_IoT_Botnet_Final_10_Best,GradientBoost,full_features,6,8,5120,0.9993333333333333,0.9996315401621223,0.9993343719083023,0.9961544826870722,1.0,0.9996314722557732,0.23999666096642613
success,UNSW_2018_IoT_Botnet_Final_10_Best,GradientBoost,full_features,6,9,6144,0.9993333333333333,0.9965034965034965,0.9993322865173985,0.9961303958175565,1.0,0.9964973622679555,0.4353740829974413
success,UNSW_2018_IoT_Botnet_Final_10_Best,GradientBoost,full_features,6,10,7168,0.998,0.9957665768277412,0.998003115724907,0.9884486029707603,0.9999639270088791,0.9957627529810371,0.24807753099594265
success,UNSW_2018_IoT_Botnet_Final_10_Best,GradientBoost,full_features,6,11,8192,0.9993333333333333,0.9996315401621223,0.9993343719083023,0.9961544826870722,1.0,0.9996314722557732,0.2486550520407036
success,UNSW_2018_IoT_Botnet_Final_10_Best,GradientBoost,full_features,6,12,9216,0.9993333333333333,0.9996315401621223,0.9993343719083023,0.9961544826870722,0.9998608613199624,0.9996314722557732,0.2412727540358901
success,UNSW_2018_IoT_Botnet_Final_10_Best,GradientBoost,full_features,6,13,10240,0.9986666666666667,0.9961350366656189,0.9986666666666667,0.9922700733312376,0.9999536204399874,0.996130125342911,0.23693423299118876
success,UNSW_2018_IoT_Botnet_Final_10_Best,GradientBoost,full_features,6,14,11264,0.9973333333333333,0.9985261606484893,0.9973497561182509,0.9848460011024754,0.999969080293325,0.9985250729435784,0.23745576501823962
success,UNSW_2018_IoT_Botnet_Final_10_Best,GradientBoost,full_features,6,15,12288,0.9993333333333333,0.9996315401621223,0.9993343719083023,0.9961544826870722,1.0,0.9996314722557732,0.2471631879452616
success,UNSW_2018_IoT_Botnet_Final_10_Best,GradientBoost,full_features,6,16,13312,0.9993333333333333,0.9996315401621223,0.9993343719083023,0.9961544826870722,0.9994846715554159,0.9996314722557732,0.23322142497636378
success,UNSW_2018_IoT_Botnet_Final_10_Best,GradientBoost,full_features,6,17,14336,0.9973333333333333,0.986013986013986,0.9973163830309103,0.9844649139608554,1.0,0.9859147894356651,0.37336324399802834
success,UNSW_2018_IoT_Botnet_Final_10_Best,GradientBoost,full_features,6,18,15360,0.9986666666666667,0.9992630803242446,0.9986708046542117,0.9923474119575537,0.999902087595529,0.9992628085986636,0.3659448359394446
success,UNSW_2018_IoT_Botnet_Final_10_Best,GradientBoost,full_features,6,19,16384,0.9986666666666667,0.9992630803242446,0.9986708046542117,0.9923474119575537,0.999866014604408,0.9992628085986636,0.35331597505137324
success,UNSW_2018_IoT_Botnet_Final_10_Best,GradientBoost,full_features,6,20,17408,1.0,1.0,1.0,1.0,1.0,1.0,0.24457560200244188
success,UNSW_2018_IoT_Botnet_Final_10_Best,GradientBoost,full_features,6,21,18432,0.9986666666666667,0.9992630803242446,0.9986708046542117,0.9923474119575537,0.9993609927287157,0.9992628085986636,0.4062692840816453
success,UNSW_2018_IoT_Botnet_Final_10_Best,GradientBoost,full_features,6,22,19456,0.9986666666666667,0.9992630803242446,0.9986708046542117,0.9923474119575537,0.9999587737244333,0.9992628085986636,0.2397751910611987
success,UNSW_2018_IoT_Botnet_Final_10_Best,GradientBoost,full_features,6,23,20480,0.9966666666666667,0.99190161349336,0.9966718595415115,0.9807427232544484,0.9998969343110832,0.9918841397529224,0.23062183801084757
success,UNSW_2018_IoT_Botnet_Final_10_Best,GradientBoost,full_features,6,24,21504,0.998,0.9926385331691154,0.9979968595521955,0.9883761554482334,0.999933007302204,0.9926164278849723,0.23019518807996064
success,UNSW_2018_IoT_Botnet_Final_10_Best,GradientBoost,full_features,6,25,22528,0.9993333333333333,0.9996315401621223,0.9993343719083023,0.9961544826870722,1.0,0.9996314722557732,0.2507849771063775
success,UNSW_2018_IoT_Botnet_Final_10_Best,GradientBoost,full_features,6,26,23552,0.998,0.998894620486367,0.9980092740201078,0.9885781316226904,0.9993970657198366,0.9988940088781862,0.34762962104287
success,UNSW_2018_IoT_Botnet_Final_10_Best,GradientBoost,full_features,6,27,24576,0.9986666666666667,0.9992630803242446,0.9986708046542117,0.9923474119575537,0.99993816058665,0.9992628085986636,0.24012664100155234
success,UNSW_2018_IoT_Botnet_Final_10_Best,GradientBoost,full_features,6,28,25600,0.9973333333333333,0.9953981169898636,0.9973416093084235,0.9846653170594228,0.9997732554843829,0.9953952450323763,0.22447313298471272
success,UNSW_2018_IoT_Botnet_Final_10_Best,GradientBoost,full_features,6,29,26624,0.9986666666666667,0.9992630803242446,0.9986708046542117,0.9923474119575537,0.9999484671555416,0.9992628085986636,0.24028740101493895
success,UNSW_2018_IoT_Botnet_Final_10_Best,MLP,full_features,6,0,42,0.9913333333333333,0.9920819784489645,0.991476192433647,0.9522314212271312,0.9985003942262601,0.9920815472083326,0.24124214402399957
success,UNSW_2018_IoT_Botnet_Final_10_Best,MLP,full_features,6,1,123,0.9933333333333333,0.9931873579625975,0.9934141816371781,0.9627320397614697,0.9987632117329981,0.9931873415852658,0.25087053794413805
success,UNSW_2018_IoT_Botnet_Final_10_Best,MLP,full_features,6,2,456,0.994,0.9935558178004751,0.9940639146896366,0.9662993779870109,0.999087868653086,0.9935556662193201,0.17962107504718006
success,UNSW_2018_IoT_Botnet_Final_10_Best,MLP,full_features,6,3,789,0.992,0.9924504382868422,0.992120342235727,0.9556986076053618,0.9988147445774564,0.9924502822321069,0.22238145908340812
success,UNSW_2018_IoT_Botnet_Final_10_Best,MLP,full_features,6,4,1024,0.9913333333333333,0.9889539347903387,0.991451118978247,0.9516760579317576,0.9986549927596354,0.9889495648608607,0.20124990702606738
success,UNSW_2018_IoT_Botnet_Final_10_Best,MLP,full_features,6,5,2048,0.9886666666666667,0.9655837898284472,0.988648870795774,0.9340964728629721,0.9842386795223936,0.9651624817288512,0.27578810695558786
success,UNSW_2018_IoT_Botnet_Final_10_Best,MLP,full_features,6,6,3072,0.9953333333333333,0.9974207811348563,0.9953830447586062,0.9738663269140823,0.999835094897733,0.9974174463431611,0.23299645399674773
success,UNSW_2018_IoT_Botnet_Final_10_Best,MLP,full_features,6,7,4096,0.9953333333333333,0.9942927374762305,0.9953691183391495,0.9735381261938272,0.9982891095639806,0.994291906161936,0.3583691369276494
success,UNSW_2018_IoT_Botnet_Final_10_Best,MLP,full_features,6,8,5120,0.988,0.9839835919423245,0.9882149638100538,0.9338810982518136,0.9991600146353279,0.9839710776667736,0.17077235307078809
success,UNSW_2018_IoT_Botnet_Final_10_Best,MLP,full_features,6,9,6144,0.992,0.9893223946282164,0.9920970179646138,0.9551873937472581,0.9993249197375949,0.9893168627620523,0.16986776096746325
success,UNSW_2018_IoT_Botnet_Final_10_Best,MLP,full_features,6,10,7168,0.9893333333333333,0.9941046425939573,0.9895842656730438,0.9427443139024599,0.9988508175685774,0.9940871617659663,0.2725816499441862
success,UNSW_2018_IoT_Botnet_Final_10_Best,MLP,full_features,6,11,8192,0.9893333333333333,0.9941046425939573,0.9895842656730438,0.9427443139024599,0.9989332701197108,0.9940871617659663,0.19008275994565338
success,UNSW_2018_IoT_Botnet_Final_10_Best,MLP,full_features,6,12,9216,0.9906666666666667,0.9948415622697127,0.9908602469135802,0.9494372681609102,0.9988250511463481,0.9948281884523705,0.16867386805824935
success,UNSW_2018_IoT_Botnet_Final_10_Best,MLP,full_features,6,13,10240,0.986,0.9797501687700656,0.986270656600615,0.9230838247713615,0.9981190511772678,0.9797197358849359,0.1597349459771067
success,UNSW_2018_IoT_Botnet_Final_10_Best,MLP,full_features,6,14,11264,0.9866666666666667,0.9707344976320658,0.986788881919292,0.9243642828331439,0.9976758687149255,0.9705348752871806,0.19120998308062553
success,UNSW_2018_IoT_Botnet_Final_10_Best,MLP,full_features,6,15,12288,0.9886666666666667,0.9780959644629504,0.9887873944137582,0.9360315822787255,0.9968977227636034,0.9780087555807726,0.1689632689813152
success,UNSW_2018_IoT_Botnet_Final_10_Best,MLP,full_features,6,16,13312,0.994,0.9935558178004751,0.9940639146896366,0.9662993779870109,0.9990569489464111,0.9935556662193201,0.2215229159919545
success,UNSW_2018_IoT_Botnet_Final_10_Best,MLP,full_features,6,17,14336,0.99,0.97570484048008,0.9900463701005388,0.9426267253537529,0.9783974316030322,0.9755449545357894,0.21227572404313833
success,UNSW_2018_IoT_Botnet_Final_10_Best,MLP,full_features,6,18,15360,0.9886666666666667,0.9812240081215763,0.9888206940484768,0.9366309061969962,0.9991857810575571,0.9811809145281701,0.18070867692586035
success,UNSW_2018_IoT_Botnet_Final_10_Best,MLP,full_features,6,19,16384,0.996,0.9946611973141082,0.9960246341773764,0.9772107073411178,0.9993300730220406,0.9946598217734772,0.2943828230490908
success,UNSW_2018_IoT_Botnet_Final_10_Best,MLP,full_features,6,20,17408,0.994,0.9935558178004751,0.9940639146896366,0.9662993779870109,0.9996804963643579,0.9935556662193201,0.34484276501461864
success,UNSW_2018_IoT_Botnet_Final_10_Best,MLP,full_features,6,21,18432,0.996,0.997789240972734,0.9960366645757877,0.9774907023990167,0.9991290949286529,0.9977867918275266,0.3850223420886323
success,UNSW_2018_IoT_Botnet_Final_10_Best,MLP,full_features,6,22,19456,0.9833333333333333,0.9782763294185549,0.9837483525883178,0.9100273299706902,0.9950992264920047,0.9782563747456801,0.17958541493862867
success,UNSW_2018_IoT_Botnet_Final_10_Best,MLP,full_features,6,23,20480,0.9906666666666667,0.9917135186110868,0.9908338607411529,0.9487965468889443,0.9987477518796605,0.9917126750828436,0.19001840997952968
success,UNSW_2018_IoT_Botnet_Final_10_Best,MLP,full_features,6,24,21504,0.9906666666666667,0.988585474952461,0.9908070659416813,0.9481978729325209,0.9995104379776449,0.9885821304937805,0.19013293099123985
success,UNSW_2018_IoT_Botnet_Final_10_Best,MLP,full_features,6,25,22528,0.994,0.9966838614591009,0.9940815439080173,0.9667212096665191,0.9996856496488037,0.9966783447623421,0.25091994693502784
success,UNSW_2018_IoT_Botnet_Final_10_Best,MLP,full_features,6,26,23552,0.9873333333333333,0.9898712194216984,0.9876487479671214,0.9320891928349727,0.9982478832884139,0.9898662525631541,0.179701435030438
success,UNSW_2018_IoT_Botnet_Final_10_Best,MLP,full_features,6,27,24576,0.9906666666666667,0.9792013439765834,0.9907241464138778,0.9466695322956873,0.977526526531685,0.979098864136421,0.17963747505564243
success,UNSW_2018_IoT_Botnet_Final_10_Best,MLP,full_features,6,28,25600,0.9893333333333333,0.9847205116180798,0.9894937896476357,0.9406971382596799,0.9970214015903035,0.98470401711862,0.16828136797994375
success,UNSW_2018_IoT_Botnet_Final_10_Best,MLP,full_features,6,29,26624,0.9933333333333333,0.9900593143039716,0.9933944409596461,0.9623117253801959,0.9991084817908693,0.9900510497742411,0.3654076249804348
success,UNSW_NB15,RBF-SVM,quantum_features,6,0,42,0.8673333333333333,0.8180230184347772,0.8591587075414556,0.7217011148145975,0.8795615096025701,0.7984661821006769,0.8835248879622668
success,UNSW_NB15,RBF-SVM,quantum_features,6,1,123,0.87,0.8233154095632814,0.8626973456928493,0.7252792500734719,0.8945864693511235,0.805923057919779,0.8744781169807538
success,UNSW_NB15,RBF-SVM,quantum_features,6,2,456,0.8593333333333333,0.8070049477756212,0.8499583384891074,0.7042305374774875,0.870341101617327,0.7848536001408226,0.8833398880669847
success,UNSW_NB15,RBF-SVM,quantum_features,6,3,789,0.834,0.7904153471634616,0.8268592767153087,0.6337702085453442,0.8573356025897277,0.7747865057884815,1.042684013955295
success,UNSW_NB15,RBF-SVM,quantum_features,6,4,1024,0.862,0.8098961294786814,0.8528027301765176,0.7108625427902464,0.8640354343229527,0.7880176781597044,0.8944164849817753
success,UNSW_NB15,RBF-SVM,quantum_features,6,5,2048,0.8806666666666667,0.8365798091434585,0.8744537811480273,0.7485140761522653,0.8764810078273926,0.8214843295369011,0.8728013620711863
success,UNSW_NB15,RBF-SVM,quantum_features,6,6,3072,0.838,0.8007946894774478,0.8328362770684014,0.6415330462157766,0.8689755001262482,0.7895864187218717,1.006794187007472
success,UNSW_NB15,RBF-SVM,quantum_features,6,7,4096,0.872,0.8241621837288149,0.8644886977933839,0.7310432271374339,0.866291519778574,0.8060854875372074,0.8800030199345201
success,UNSW_NB15,RBF-SVM,quantum_features,6,8,5120,0.87,0.8217923784595398,0.8623122247720648,0.7263997304539439,0.879588064430948,0.8033777683408666,0.9182199930073693
success,UNSW_NB15,RBF-SVM,quantum_features,6,9,6144,0.8713333333333333,0.8219557195571956,0.8632853629812693,0.732079360441204,0.8685039172938702,0.8024409256228094,0.8941643150756136
success,UNSW_NB15,RBF-SVM,quantum_features,6,10,7168,0.864,0.8178169464366878,0.8566590462169409,0.70964691867338,0.9041042993937245,0.8006833568080988,0.8246809859992936
success,UNSW_NB15,RBF-SVM,quantum_features,6,11,8192,0.8606666666666667,0.8092562145950708,0.8516479918793658,0.7064773279081309,0.8742711812790203,0.7879467423202068,0.8322255240054801
success,UNSW_NB15,RBF-SVM,quantum_features,6,12,9216,0.8553333333333333,0.8006539853012322,0.8449793429068122,0.6970356584234645,0.8422426703725191,0.7762379766356282,0.8692021040478721
success,UNSW_NB15,RBF-SVM,quantum_features,6,13,10240,0.8773333333333333,0.8318606568111611,0.8706049084267597,0.7423711600743459,0.8841490189432165,0.8155415172262824,0.8840310689993203
success,UNSW_NB15,RBF-SVM,quantum_features,6,14,11264,0.8666666666666667,0.817100509209685,0.8583889971437729,0.7203215213193153,0.8613087305194553,0.797314824353808,0.8728908329503611
success,UNSW_NB15,RBF-SVM,quantum_features,6,15,12288,0.8633333333333333,0.8161757761377282,0.8557419621390929,0.7083153729273122,0.8606749174567625,0.7984394563927677,0.8887305100215599
success,UNSW_NB15,RBF-SVM,quantum_features,6,16,13312,0.8686666666666667,0.8198680368849618,0.8606955895557707,0.7244596084241041,0.869814496683589,0.8007639312597732,0.8274433030746877
success,UNSW_NB15,RBF-SVM,quantum_features,6,17,14336,0.8246666666666667,0.7878248041353064,0.8194663295933132,0.6111011817831047,0.839613393524332,0.776544005058668,0.9090615909080952
success,UNSW_NB15,RBF-SVM,quantum_features,6,18,15360,0.87,0.8213895404755801,0.8621933412067571,0.7269017771771107,0.8714542065730053,0.8026528864741298,0.891296977060847
success,UNSW_NB15,RBF-SVM,quantum_features,6,19,16384,0.8686666666666667,0.8198680368849618,0.8606955895557707,0.7244596084241041,0.9000011555439144,0.8007639312597732,0.8264815600123256
success,UNSW_NB15,RBF-SVM,quantum_features,6,20,17408,0.8366666666666667,0.7916951769306829,0.829117793836718,0.6408124374615273,0.8519551134403327,0.7750725411725842,0.9684928350616246
success,UNSW_NB15,RBF-SVM,quantum_features,6,21,18432,0.8673333333333333,0.8176926828046005,0.8591211583726204,0.7213768508393443,0.8793558061674689,0.7980531185922352,0.8722010310739279
success,UNSW_NB15,RBF-SVM,quantum_features,6,22,19456,0.866,0.8157774114275589,0.8574927219838875,0.7194722746002462,0.8950111317397098,0.7954236678214278,0.8397252729628235
success,UNSW_NB15,RBF-SVM,quantum_features,6,23,20480,0.834,0.8037090006341325,0.8306468978745116,0.6325574995340144,0.8520746156173925,0.7963243812696817,0.9324198570102453
success,UNSW_NB15,RBF-SVM,quantum_features,6,24,21504,0.8466666666666667,0.8019328513412192,0.8393919375422265,0.6650010432156338,0.8564277715349669,0.7857016257408959,0.9601495739771053
success,UNSW_NB15,RBF-SVM,quantum_features,6,25,22528,0.8666666666666667,0.8159627924189361,0.8580997513441865,0.721063206561154,0.8725576742563398,0.795417410425168,0.8334463179344311
success,UNSW_NB15,RBF-SVM,quantum_features,6,26,23552,0.8733333333333333,0.8259250129035738,0.8659343915343916,0.734607773365858,0.8866642528638231,0.8080411247994895,0.8859340540366247
success,UNSW_NB15,RBF-SVM,quantum_features,6,27,24576,0.864,0.8142801246677551,0.855644727325329,0.7129207839250018,0.8700172892665843,0.7944924222721428,0.8603166620014235
success,UNSW_NB15,RBF-SVM,quantum_features,6,28,25600,0.8406666666666667,0.8032830331965484,0.8354761502035807,0.6477694183435164,0.8675655671823892,0.7920018480957023,1.0135288330493495
success,UNSW_NB15,RBF-SVM,quantum_features,6,29,26624,0.8673333333333333,0.8172898448206407,0.8589970907828847,0.7219019959581665,0.8627324751021069,0.7973161436148656,0.8834446480032057
success,UNSW_NB15,LinearSVM,quantum_features,6,0,42,0.8253333333333334,0.7971596730581085,0.8224814685462704,0.6141004478499134,0.8614069517521897,0.7906601545772071,0.6011033849790692
success,UNSW_NB15,LinearSVM,quantum_features,6,1,123,0.8206666666666667,0.7951085826098345,0.8184708031060814,0.6048730378877493,0.8683142155012364,0.7897498514482133,0.6374891230370849
success,UNSW_NB15,LinearSVM,quantum_features,6,2,456,0.8226666666666667,0.7807462718211939,0.8159237380840756,0.6063796862209859,0.8286579712770735,0.7661167943788452,0.5455289810197428
success,UNSW_NB15,LinearSVM,quantum_features,6,3,789,0.8306666666666667,0.7870027890266162,0.8234491320479692,0.6258126853065966,0.8252357758678847,0.7712470980919578,0.5607211069436744
success,UNSW_NB15,LinearSVM,quantum_features,6,4,1024,0.8166666666666667,0.7812907777086036,0.8119339799563998,0.5925697221460428,0.8494262931773894,0.7709083902476652,0.6179850458865985
success,UNSW_NB15,LinearSVM,quantum_features,6,5,2048,0.8293333333333334,0.8012678795495154,0.8265325682141856,0.6226944147682204,0.851388441826533,0.7949132252947475,0.5485537180211395
success,UNSW_NB15,LinearSVM,quantum_features,6,6,3072,0.826,0.7942297795570323,0.8222747103016488,0.6143160859466518,0.8383029534384825,0.7860045330312398,0.5817464480642229
success,UNSW_NB15,LinearSVM,quantum_features,6,7,4096,0.8213333333333334,0.7934000104082541,0.8186017206594782,0.6050636325014627,0.8499987471545952,0.7870423621893882,0.6325540420366451
success,UNSW_NB15,LinearSVM,quantum_features,6,8,5120,0.834,0.7992777828105755,0.8294977041372029,0.6321397435624065,0.8381285188090645,0.7895058585185396,0.5877585189882666
success,UNSW_NB15,LinearSVM,quantum_features,6,9,6144,0.826,0.7908715882565924,0.8213037792348834,0.6142197030689689,0.8368208290642406,0.7806624497938567,0.5549955479800701
success,UNSW_NB15,LinearSVM,quantum_features,6,10,7168,0.828,0.7956420587170381,0.824071704403891,0.6190543114065016,0.8559152292984308,0.787040765902121,0.6207112029660493
success,UNSW_NB15,LinearSVM,quantum_features,6,11,8192,0.8166666666666667,0.774845369965248,0.8099001898286923,0.5922719701649302,0.8285924378251375,0.76017262147825,0.6022264249622822
success,UNSW_NB15,LinearSVM,quantum_features,6,12,9216,0.8053333333333333,0.7675933225267386,0.7998597917881595,0.5663615626721963,0.827066857613156,0.7555514839544916,0.6214358470169827
success,UNSW_NB15,LinearSVM,quantum_features,6,13,10240,0.8293333333333334,0.7994900199523916,0.8260550451885809,0.6225236859787359,0.8391001394356324,0.792215115088056,0.5822515100007877
success,UNSW_NB15,LinearSVM,quantum_features,6,14,11264,0.8126666666666666,0.7800325863383895,0.8086758742750747,0.5845487157699,0.8242099931437727,0.7711059462108943,0.5442085809772834
success,UNSW_NB15,LinearSVM,quantum_features,6,15,12288,0.822,0.788684493050563,0.8178588059082262,0.6050071140192914,0.8276836430431422,0.7795705541464452,0.5678099249489605
success,UNSW_NB15,LinearSVM,quantum_features,6,16,13312,0.8326666666666667,0.8008978576215825,0.8288967965346266,0.6296642657295632,0.857498324461324,0.792663515043686,0.6207977130543441
success,UNSW_NB15,LinearSVM,quantum_features,6,17,14336,0.8146666666666667,0.7759901085440917,0.8088520097177936,0.5880293055707232,0.8186036792518239,0.7633556887158554,0.5760069879470393
success,UNSW_NB15,LinearSVM,quantum_features,6,18,15360,0.8233333333333334,0.7933527877737708,0.8200785204355595,0.6088003925795676,0.840412552354482,0.7860241505304763,0.6017319629900157
success,UNSW_NB15,LinearSVM,quantum_features,6,19,16384,0.8266666666666667,0.788989977582448,0.8212284982972169,0.6157270517090193,0.8345550000385181,0.7772059095738273,0.5916948600206524
success,UNSW_NB15,LinearSVM,quantum_features,6,20,17408,0.8233333333333334,0.7804619722870596,0.8162818801657189,0.6081318072333095,0.8371734651198202,0.7651488287535192,0.5778452680679038
success,UNSW_NB15,LinearSVM,quantum_features,6,21,18432,0.8253333333333334,0.7908885372355292,0.8208808717253838,0.6123859002183041,0.8285558161902321,0.7811698294411855,0.5824106920044869
success,UNSW_NB15,LinearSVM,quantum_features,6,22,19456,0.82,0.7865748908011001,0.8157767317825472,0.6008272515903188,0.8311914042940012,0.7772864399952909,0.5832326259696856
success,UNSW_NB15,LinearSVM,quantum_features,6,23,20480,0.8066666666666666,0.7823325668489396,0.8049306583486747,0.5749066091392414,0.8411575135066373,0.7774438128347008,0.6047364689875394
success,UNSW_NB15,LinearSVM,quantum_features,6,24,21504,0.8286666666666667,0.7870500116610994,0.8220876371371605,0.6204743358602314,0.8304437578423304,0.7727513629558072,0.5416263069491833
success,UNSW_NB15,LinearSVM,quantum_features,6,25,22528,0.8333333333333334,0.7971450544409515,0.8284226589069894,0.6306362782731092,0.8265011497265906,0.7864960490603934,0.5368646018905565
success,UNSW_NB15,LinearSVM,quantum_features,6,26,23552,0.834,0.7971346362732938,0.8288492941450856,0.6326330468328344,0.8496271444969146,0.7859731399371698,0.615605714963749
success,UNSW_NB15,LinearSVM,quantum_features,6,27,24576,0.8233333333333334,0.7909357598700124,0.8194426329486169,0.6081927911632505,0.8517816425381491,0.7823446596851342,0.6036815230036154
success,UNSW_NB15,LinearSVM,quantum_features,6,28,25600,0.838,0.8016003654453673,0.8330608265384983,0.6414318459038709,0.8430097972510645,0.7908864514541089,0.5856090279994532
success,UNSW_NB15,LinearSVM,quantum_features,6,29,26624,0.8233333333333334,0.790130083902093,0.8192231594220223,0.6080366939592978,0.8386065275173037,0.7810945702708346,0.5777669770177454
success,UNSW_NB15,RandomForest,quantum_features,6,0,42,0.912,0.9022640957098507,0.911781321607729,0.8085369328383203,0.9754581731621075,0.9015808935443616,0.5944208840373904
success,UNSW_NB15,RandomForest,quantum_features,6,1,123,0.9026666666666666,0.8937554406859309,0.9025878086419753,0.7887879860541759,0.9713367332003174,0.8931776607222282,0.5885690239956602
success,UNSW_NB15,RandomForest,quantum_features,6,2,456,0.9,0.8863437923437654,0.8994376636737748,0.7814301084647178,0.9694729761246215,0.8849880091101772,0.5875627279747277
success,UNSW_NB15,RandomForest,quantum_features,6,3,789,0.922,0.9095917844180725,0.9215068196085145,0.8296133193904858,0.9732806624275518,0.9085012672471247,0.5866449240129441
success,UNSW_NB15,RandomForest,quantum_features,6,4,1024,0.9033333333333333,0.8913677024164497,0.9029435269956272,0.7890749120677782,0.9704713975394116,0.8903328785450073,0.5824201019713655
success,UNSW_NB15,RandomForest,quantum_features,6,5,2048,0.9206666666666666,0.9158001152617772,0.9208068804929197,0.8286657511898269,0.9772367627245726,0.9156335895178827,0.581136625027284
success,UNSW_NB15,RandomForest,quantum_features,6,6,3072,0.9126666666666666,0.9055152182167576,0.9126842081179667,0.8107047005238603,0.9737403603183383,0.9051514879313117,0.5824670819565654
success,UNSW_NB15,RandomForest,quantum_features,6,7,4096,0.9113333333333333,0.9000412475256303,0.9109757868304719,0.8065624993216185,0.9746867404624735,0.8991285935892032,0.5952364490367472
success,UNSW_NB15,RandomForest,quantum_features,6,8,5120,0.9113333333333333,0.9036667893812678,0.9113154242343753,0.8076597790367904,0.9713686275945945,0.903247907511087,0.5825762529857457
success,UNSW_NB15,RandomForest,quantum_features,6,9,6144,0.92,0.9093283208406197,0.9196613434412478,0.8256186761416963,0.9781785161275411,0.9085137943454368,0.6843855880433694
success,UNSW_NB15,RandomForest,quantum_features,6,10,7168,0.9093333333333333,0.8993752359235492,0.9091080283231148,0.8027304244873964,0.974467294255406,0.898658183616069,0.5888688249979168
success,UNSW_NB15,RandomForest,quantum_features,6,11,8192,0.9086666666666666,0.9019841216300868,0.9087573661576974,0.8023730290506248,0.9729231196236067,0.9016652898390476,0.5884502829285339
success,UNSW_NB15,RandomForest,quantum_features,6,12,9216,0.8926666666666667,0.8757745957646115,0.8917294493809294,0.7648005980485831,0.968351197623834,0.8736742320729933,0.5789552739588544
success,UNSW_NB15,RandomForest,quantum_features,6,13,10240,0.91,0.8982948023634725,0.9095988744219976,0.8037237926490547,0.9737248572903267,0.8973027276975939,0.587881640996784
success,UNSW_NB15,RandomForest,quantum_features,6,14,11264,0.906,0.8959644554691893,0.9057864660286864,0.7955352845730452,0.9730844933710298,0.8952334271953496,0.600829757982865
success,UNSW_NB15,RandomForest,quantum_features,6,15,12288,0.9106666666666666,0.8979085191560062,0.9101643128819054,0.8048212587985457,0.9757131099670598,0.8967405653904733,0.5885790429310873
success,UNSW_NB15,RandomForest,quantum_features,6,16,13312,0.9086666666666666,0.896449783913288,0.908218408230807,0.8007231713802971,0.9716169525995886,0.8953667972272215,0.5976393709424883
success,UNSW_NB15,RandomForest,quantum_features,6,17,14336,0.9066666666666666,0.8924804905669099,0.9060137465093703,0.7960269692730928,0.9690314230908489,0.8910134067634499,0.5863708918914199
success,UNSW_NB15,RandomForest,quantum_features,6,18,15360,0.9133333333333333,0.9007997008590665,0.9128459751839382,0.8106690463820028,0.9775943055285177,0.8996761400877583,0.5825053020380437
success,UNSW_NB15,RandomForest,quantum_features,6,19,16384,0.922,0.9120958485158964,0.9217216218483198,0.830096673240558,0.9782016270058317,0.9113964471556085,0.5899123009294271
success,UNSW_NB15,RandomForest,quantum_features,6,20,17408,0.9113333333333333,0.9016525994614693,0.9111308036606729,0.8069836057104606,0.9756745608776858,0.9009831180158142,0.6025324870133772
success,UNSW_NB15,RandomForest,quantum_features,6,21,18432,0.916,0.9073164244177642,0.9158616056666492,0.8173216685822012,0.9763366414876865,0.9067811623265706,0.7000990799861029
success,UNSW_NB15,RandomForest,quantum_features,6,22,19456,0.9066666666666666,0.9000916731505519,0.9067769505419728,0.7982945288455365,0.9711441425478972,0.8997793924684933,0.6015575219644234
success,UNSW_NB15,RandomForest,quantum_features,6,23,20480,0.9146666666666666,0.9018424537266367,0.9141471157040213,0.8135354645853891,0.976218103037861,0.9006675190553006,0.5795561069389805
success,UNSW_NB15,RandomForest,quantum_features,6,24,21504,0.9113333333333333,0.8984298955897914,0.9108141603414597,0.8062501945579635,0.9761631705855028,0.8972358653815059,0.587905989959836
success,UNSW_NB15,RandomForest,quantum_features,6,25,22528,0.9093333333333333,0.8944487383846775,0.9086083137138246,0.8016250383646133,0.9735244854178431,0.8928524687678219,0.5956137019675225
success,UNSW_NB15,RandomForest,quantum_features,6,26,23552,0.9146666666666666,0.9039511898250507,0.9143433208319832,0.8140493480423,0.9765703841798334,0.9031250712635366,0.5874287970364094
success,UNSW_NB15,RandomForest,quantum_features,6,27,24576,0.91,0.9006098465938988,0.9098327248387195,0.8042036809907254,0.9760369223178026,0.8999792367926338,0.5852530769770965
success,UNSW_NB15,RandomForest,quantum_features,6,28,25600,0.9146666666666666,0.9062736715501938,0.9145618045841094,0.8145468396929543,0.9750799411740896,0.905773067337505,0.5887588750338182
success,UNSW_NB15,RandomForest,quantum_features,6,29,26624,0.914,0.9053494571324489,0.9138763636363636,0.8130333039809792,0.9753883338890826,0.9048171060502191,0.5892344770254567
success,UNSW_NB15,GradientBoost,quantum_features,6,0,42,0.91,0.9006983337056753,0.9098336454243431,0.8043648579249351,0.9749381784005732,0.9000736522113765,0.44497249892447144
success,UNSW_NB15,GradientBoost,quantum_features,6,1,123,0.9073333333333333,0.8978094739193738,0.9071620497332126,0.7985657389965289,0.973269380397353,0.8971524721139402,0.4525717990472913
success,UNSW_NB15,GradientBoost,quantum_features,6,2,456,0.894,0.8812485664557389,0.8935725571883085,0.768672726938298,0.9669460833161467,0.8800597560685985,0.4536005649715662
success,UNSW_NB15,GradientBoost,quantum_features,6,3,789,0.9113333333333333,0.8964157056699928,0.910602681546927,0.8060163414312619,0.97205383765822,0.894815861265495,0.4509348099818453
success,UNSW_NB15,GradientBoost,quantum_features,6,4,1024,0.8993333333333333,0.8874337678458191,0.8989720954495275,0.780449577113151,0.967971489093499,0.8864058040432272,0.4527027499862015
success,UNSW_NB15,GradientBoost,quantum_features,6,5,2048,0.9186666666666666,0.9118189580566634,0.9186666666666666,0.8236379161133266,0.9747378180058942,0.9114877806045371,0.45063648896757513
success,UNSW_NB15,GradientBoost,quantum_features,6,6,3072,0.912,0.9033824898471337,0.9118918609773629,0.8087502471886456,0.9731842897041165,0.902853046885115,0.44992567494045943
success,UNSW_NB15,GradientBoost,quantum_features,6,7,4096,0.9126666666666666,0.9043067042648785,0.9125774809265351,0.8102666479509337,0.9748438280016731,0.903808952972749,0.4695125879952684
success,UNSW_NB15,GradientBoost,quantum_features,6,8,5120,0.9093333333333333,0.9000884701601136,0.9091839553227326,0.8028180461399113,0.9724884786409134,0.8994768760296332,0.4577040559379384
success,UNSW_NB15,GradientBoost,quantum_features,6,9,6144,0.924,0.9120592562919366,0.9235397493453048,0.8341651673984929,0.978224737884122,0.9110424277728555,0.45760628499556333
success,UNSW_NB15,GradientBoost,quantum_features,6,10,7168,0.9086666666666666,0.8992539038125246,0.9084978475787778,0.801465298460732,0.9747215139166007,0.8986131775720385,0.4669662549858913
success,UNSW_NB15,GradientBoost,quantum_features,6,11,8192,0.902,0.895159005356396,0.9021354806809353,0.7881358123166178,0.9700136271030938,0.8948223233129142,0.46342124603688717
success,UNSW_NB15,GradientBoost,quantum_features,6,12,9216,0.8966666666666666,0.8809170442871213,0.8958654356362091,0.7737486191236247,0.9684514252562069,0.8791021436931384,0.45584330591373146
success,UNSW_NB15,GradientBoost,quantum_features,6,13,10240,0.9166666666666666,0.907519894614395,0.9164773635006086,0.8187514077421184,0.9723680561440269,0.9069203950273657,0.4571532029658556
success,UNSW_NB15,GradientBoost,quantum_features,6,14,11264,0.9066666666666666,0.8936822562380112,0.9061446342158255,0.7962250457570824,0.971831691177037,0.8924550275739485,0.4708678650204092
success,UNSW_NB15,GradientBoost,quantum_features,6,15,12288,0.9086666666666666,0.8963443898546506,0.908215980489599,0.8005528782461705,0.9753430387090681,0.8952530212663927,0.45751779491547495
success,UNSW_NB15,GradientBoost,quantum_features,6,16,13312,0.904,0.8919951621228113,0.9035936121294973,0.7906575487890569,0.9660963415479665,0.8909442367593271,0.4763262739870697
success,UNSW_NB15,GradientBoost,quantum_features,6,17,14336,0.9033333333333333,0.8894702986695837,0.902725390578995,0.7888046792208856,0.9712356231077968,0.8880645931801839,0.4705158229917288
success,UNSW_NB15,GradientBoost,quantum_features,6,18,15360,0.9153333333333333,0.9027666681443818,0.9148375816794388,0.8150259509823559,0.9765187859349792,0.9016396375455576,0.46256006695330143
success,UNSW_NB15,GradientBoost,quantum_features,6,19,16384,0.9126666666666666,0.9019848392638414,0.9123549783088025,0.8097297727404392,0.9753031376869092,0.9011621120790435,0.4605441050371155
success,UNSW_NB15,GradientBoost,quantum_features,6,20,17408,0.9186666666666666,0.9098047681368646,0.918498240127165,0.8230112843920371,0.9744323164726041,0.9092488152261018,0.4527190589578822
success,UNSW_NB15,GradientBoost,quantum_features,6,21,18432,0.908,0.9006570692283822,0.9080368541472471,0.80067239964217,0.9744911038338997,0.9002715266672654,0.46060361503623426
success,UNSW_NB15,GradientBoost,quantum_features,6,22,19456,0.91,0.9006983337056753,0.9098336454243431,0.8043648579249351,0.9715013982081365,0.9000736522113765,0.46003530197776854
success,UNSW_NB15,GradientBoost,quantum_features,6,23,20480,0.91,0.8998041706259794,0.9097557114268261,0.8039613268862098,0.9748120250029394,0.8990599928390215,45.133340977015905
success,UNSW_NB15,GradientBoost,quantum_features,6,24,21504,0.9106666666666666,0.8975056811720465,0.9101227617526472,0.8047556100869894,0.9748939418178595,0.8962621962228751,0.4544435089919716
success,UNSW_NB15,GradientBoost,quantum_features,6,25,22528,0.9166666666666666,0.9026009070600729,0.9160205126098463,0.8177945843264601,0.9727120633592833,0.9011884654207967,0.45461480994708836
success,UNSW_NB15,GradientBoost,quantum_features,6,26,23552,0.9166666666666666,0.9047157747151584,0.9162196992584356,0.8181642432742665,0.9761929065010901,0.9036889392352162,0.46989277098327875
success,UNSW_NB15,GradientBoost,quantum_features,6,27,24576,0.916,0.908927776353603,0.916,0.8178555527072062,0.9763973563034507,0.9085733979671117,0.46035538404248655
success,UNSW_NB15,GradientBoost,quantum_features,6,28,25600,0.9106666666666666,0.9015340610116438,0.910519485391516,0.8057187706283693,0.9747040875526918,0.9009381920319579,0.5961108469637111
success,UNSW_NB15,GradientBoost,quantum_features,6,29,26624,0.906,0.8934532081515905,0.905536155102434,0.7947131492297808,0.9721906869254981,0.8923180156327588,0.4711332080187276
success,UNSW_NB15,MLP,quantum_features,6,0,42,0.8106666666666666,0.764846813395065,0.8023364254408241,0.5791542286915874,0.8415874477116377,0.746789382453639,0.2058085579192266
success,UNSW_NB15,MLP,quantum_features,6,1,123,0.8273333333333334,0.794318960934912,0.8232279317574782,0.6174561299441556,0.9006540378556187,0.7853480530155731,0.26625951495952904
success,UNSW_NB15,MLP,quantum_features,6,2,456,0.85,0.7993028397186688,0.8408541145044699,0.6782760672273451,0.9105131076541144,0.7783234384160219,0.5428021319676191
success,UNSW_NB15,MLP,quantum_features,6,3,789,0.822,0.788684493050563,0.8178588059082262,0.6050071140192914,0.8472126117200797,0.7795705541464452,0.28264882205985487
success,UNSW_NB15,MLP,quantum_features,6,4,1024,0.8173333333333334,0.7661014727679596,0.8071059188452792,0.5966939921553781,0.8415083102199419,0.7437149800914666,0.18842294497881085
success,UNSW_NB15,MLP,quantum_features,6,5,2048,0.8586666666666667,0.8076920852937152,0.8497193898443899,0.7007689745465211,0.8927352313619972,0.7867055547673206,0.49700966104865074
success,UNSW_NB15,MLP,quantum_features,6,6,3072,0.8693333333333333,0.8228823539615935,0.8621328930972757,0.7226664277809223,0.914239840869359,0.8058224204097214,0.5971217929618433
success,UNSW_NB15,MLP,quantum_features,6,7,4096,0.8693333333333333,0.8224795159776338,0.8620173726046522,0.7231135843611808,0.9131113162779312,0.805110512803119,0.4345086010871455
success,UNSW_NB15,MLP,quantum_features,6,8,5120,0.8026666666666666,0.7651049788076381,0.7972493491835212,0.5603359220515677,0.8265290978163868,0.7531381569237128,0.17009943700395525
success,UNSW_NB15,MLP,quantum_features,6,9,6144,0.8753333333333333,0.8330990147062223,0.8693951242809074,0.7339386656832774,0.9147449329399349,0.8190620092606292,0.543490195996128
success,UNSW_NB15,MLP,quantum_features,6,10,7168,0.8666666666666667,0.8187028634378202,0.8588783068783068,0.7183296513196613,0.910577271221564,0.8002274172363835,0.4512735200114548
success,UNSW_NB15,MLP,quantum_features,6,11,8192,0.814,0.775982568101785,0.8084564200148313,0.586129347079238,0.8470940732702542,0.7638958308571842,0.22989239997696131
success,UNSW_NB15,MLP,quantum_features,6,12,9216,0.7966666666666666,0.7604125909035714,0.7916791010408032,0.5471572718521117,0.8307193838313555,0.749200724539149,0.2600134189706296
success,UNSW_NB15,MLP,quantum_features,6,13,10240,0.8393333333333334,0.78849116779268,0.8297293148663242,0.6521207138791448,0.856224337295565,0.7668834484341106,0.15086043195333332
success,UNSW_NB15,MLP,quantum_features,6,14,11264,0.8673333333333333,0.8256342010184193,0.8613374200536209,0.7138559363983313,0.9226777419131186,0.8118278583830466,0.773946521920152
success,UNSW_NB15,MLP,quantum_features,6,15,12288,0.8233333333333334,0.790130083902093,0.8192231594220223,0.6080366939592978,0.8854735466511442,0.7810945702708346,0.29140367603395134
success,UNSW_NB15,MLP,quantum_features,6,16,13312,0.862,0.8146488302043773,0.85424795158164,0.7058378934532641,0.897906732198846,0.796555999184706,0.4698167550377548
success,UNSW_NB15,MLP,quantum_features,6,17,14336,0.8106666666666666,0.7588379850395581,0.7999468801369093,0.5811857903525796,0.8310758499025492,0.7354659110979083,0.18959353095851839
success,UNSW_NB15,MLP,quantum_features,6,18,15360,0.8673333333333333,0.8205125486923186,0.8599641486130707,0.7180308631740017,0.9384930004490969,0.8031258140702008,0.6786725909914821
success,UNSW_NB15,MLP,quantum_features,6,19,16384,0.834,0.7939299278170235,0.8279024416249614,0.6331714887326915,0.8651075811384419,0.7806723177943096,0.19072732899803668
success,UNSW_NB15,MLP,quantum_features,6,20,17408,0.8166666666666667,0.7583290126228993,0.8033606773231006,0.6002198971835179,0.8529516074006542,0.7288602683965542,0.14927354210522026
success,UNSW_NB15,MLP,quantum_features,6,21,18432,0.8673333333333333,0.8201097107083588,0.8598464166760403,0.7184745092569563,0.9292903690882562,0.8024103129712213,0.6446414820384234
success,UNSW_NB15,MLP,quantum_features,6,22,19456,0.8193333333333334,0.7712311935227911,0.810277039250228,0.6007468126521781,0.8421883305471886,0.7514747574111855,0.1902697659097612
success,UNSW_NB15,MLP,quantum_features,6,23,20480,0.8153333333333334,0.7883047845202277,0.8128635093135742,0.5922706977789558,0.8396425342942336,0.782315094850278,0.2269547909963876
success,UNSW_NB15,MLP,quantum_features,6,24,21504,0.8246666666666667,0.7730451274914758,0.8144571705794705,0.615173752815557,0.8588544367110689,0.7505219176305356,0.24700979993212968
success,UNSW_NB15,MLP,quantum_features,6,25,22528,0.8293333333333334,0.7819316563194485,0.8208103403171493,0.6241963450598027,0.8464358475691908,0.7632054263477199,0.15618851594626904
success,UNSW_NB15,MLP,quantum_features,6,26,23552,0.8766666666666667,0.8493652212096234,0.8740392766579672,0.7292758105871762,0.9409979277245799,0.8436411034661618,0.6952104170341045
success,UNSW_NB15,MLP,quantum_features,6,27,24576,0.8106666666666666,0.7556508146386312,0.798680692055692,0.5822449382969412,0.8433316821473386,0.7294048272997679,0.15604243392590433
success,UNSW_NB15,MLP,quantum_features,6,28,25600,0.8626666666666667,0.8152515617199833,0.8549774426355019,0.7069059443347958,0.9079804324822338,0.7972980126977932,0.4494404239812866
success,UNSW_NB15,MLP,quantum_features,6,29,26624,0.864,0.8150858006356745,0.855895335415535,0.7119505732428246,0.910645138285221,0.7959612326388323,0.5023803759831935
success,UNSW_NB15,RBF-SVM,full_features,6,0,42,0.8946666666666667,0.8874923926692294,0.8948316784543201,0.7725603708098348,0.9626489688696469,0.8871152988488079,0.8517098140437156
success,UNSW_NB15,RBF-SVM,full_features,6,1,123,0.8926666666666667,0.8895319276783582,0.8932402235754068,0.7707784120244384,0.9640481399594789,0.8894601111142963,0.8561107430141419
success,UNSW_NB15,RBF-SVM,full_features,6,2,456,0.8933333333333333,0.8883811117171885,0.8937392753348798,0.770871173367654,0.9597210202401995,0.8882033475433595,0.8332383759552613
success,UNSW_NB15,RBF-SVM,full_features,6,3,789,0.8986666666666666,0.89255212318747,0.8989034326956217,0.7814437235109816,0.9625418498551517,0.8922823740416019,0.8402363809291273
success,UNSW_NB15,RBF-SVM,full_features,6,4,1024,0.8966666666666666,0.8881681279983964,0.8966874218189682,0.7760244543859218,0.9608206330145966,0.8876443812337494,0.8549109059385955
success,UNSW_NB15,RBF-SVM,full_features,6,5,2048,0.8953333333333333,0.8992105146496177,0.8964354508253,0.7817491705833641,0.9629784182923139,0.8991028689212651,0.8729081510100514
success,UNSW_NB15,RBF-SVM,full_features,6,6,3072,0.904,0.9067940842567446,0.9048911322009309,0.7986008865263076,0.9671571395804702,0.9067386493205074,0.8729488219833001
success,UNSW_NB15,RBF-SVM,full_features,6,7,4096,0.8913333333333333,0.8896368483035509,0.8920611201141749,0.7688977212935282,0.965626740732317,0.8896160181561227,0.8627083250321448
success,UNSW_NB15,RBF-SVM,full_features,6,8,5120,0.9033333333333333,0.901035814031483,0.9038529443203717,0.7934913343038135,0.9664160333372525,0.900998092845962,0.8550327059347183
success,UNSW_NB15,RBF-SVM,full_features,6,9,6144,0.916,0.9110038595166745,0.9161635554805281,0.8188127301591486,0.9704575568720197,0.91082572118095,0.8729831309756264
success,UNSW_NB15,RBF-SVM,full_features,6,10,7168,0.8926666666666667,0.887929573450223,0.893091853213784,0.769735097548199,0.9639778443713456,0.8877652682210574,0.8627406860468909
success,UNSW_NB15,RBF-SVM,full_features,6,11,8192,0.898,0.8932392607055639,0.8983698404294242,0.7807947103463118,0.9593461303460358,0.8930758725101785,0.8440872259670869
success,UNSW_NB15,RBF-SVM,full_features,6,12,9216,0.8893333333333333,0.8719591996438064,0.8883396182271724,0.7574110368917578,0.9509973613148324,0.8697273430995781,0.825987549033016
success,UNSW_NB15,RBF-SVM,full_features,6,13,10240,0.892,0.8890100070102998,0.892595258267,0.7694867825297824,0.9605776564028689,0.8889446314354661,0.844163135974668
success,UNSW_NB15,RBF-SVM,full_features,6,14,11264,0.9006666666666666,0.9006020383794653,0.9013906962962963,0.7895990243530052,0.9624804520487794,0.9006020082300956,0.8443758880021051
success,UNSW_NB15,RBF-SVM,full_features,6,15,12288,0.8986666666666666,0.8981918549629062,0.8993938027142312,0.7850267978618685,0.9630025114731726,0.8981902388411823,0.8561329229269177
success,UNSW_NB15,RBF-SVM,full_features,6,16,13312,0.8853333333333333,0.8833902117726814,0.8861150045844651,0.7563895215943429,0.9525543298230478,0.8833624261553784,0.830065465066582
success,UNSW_NB15,RBF-SVM,full_features,6,17,14336,0.896,0.8905391767905153,0.8963184688995216,0.7763086925203433,0.9591110785846898,0.8903214648972135,0.8385325099807233
success,UNSW_NB15,RBF-SVM,full_features,6,18,15360,0.9093333333333333,0.9037140120157512,0.9095108776618209,0.8042718145011688,0.962863734751426,0.9034890077544303,0.8529001720016822
success,UNSW_NB15,RBF-SVM,full_features,6,19,16384,0.9006666666666666,0.8921896786817555,0.9006467149396155,0.7846945159204065,0.9647713178593164,0.8916659344019071,0.8544546619523317
success,UNSW_NB15,RBF-SVM,full_features,6,20,17408,0.898,0.8972676405451612,0.8987157668754471,0.783453477093783,0.9575005926922491,0.8972637917263162,0.8387774120783433
success,UNSW_NB15,RBF-SVM,full_features,6,21,18432,0.9013333333333333,0.8998745227140872,0.901946015874103,0.7898722890411658,0.9628425327522699,0.8998592955331165,0.851984387030825
success,UNSW_NB15,RBF-SVM,full_features,6,22,19456,0.8993333333333333,0.9007599627144497,0.9001891359395064,0.7879906039199729,0.9620789005384833,0.9007452740382955,0.8553597980644554
success,UNSW_NB15,RBF-SVM,full_features,6,23,20480,0.8953333333333333,0.8951821348100204,0.8961334518518518,0.7783610126434818,0.9582426626627013,0.8951819703790228,0.8527955909958109
success,UNSW_NB15,RBF-SVM,full_features,6,24,21504,0.9073333333333333,0.9041640726341942,0.9077353804765259,0.8013424704672357,0.9683290318974439,0.9040925430299561,0.8494135299697518
success,UNSW_NB15,RBF-SVM,full_features,6,25,22528,0.9,0.8875523062956445,0.8995743762863456,0.7817322877920116,0.9583371079316678,0.8864275483822094,0.8270142660476267
success,UNSW_NB15,RBF-SVM,full_features,6,26,23552,0.9073333333333333,0.903417713717847,0.9076673935862529,0.8010380215192807,0.9668744077837438,0.9033073808844951,0.8742507300339639
success,UNSW_NB15,RBF-SVM,full_features,6,27,24576,0.908,0.8998513932604627,0.9079627314814814,0.8003509577971942,0.9673826517533091,0.8993761558947234,0.8433148810872808
success,UNSW_NB15,RBF-SVM,full_features,6,28,25600,0.8953333333333333,0.8883338890827052,0.8955183213225916,0.7739271397425906,0.9627384502109598,0.8879787179387846,0.844098565983586
success,UNSW_NB15,RBF-SVM,full_features,6,29,26624,0.904,0.8983344865935905,0.90422430465901,0.7929545301628016,0.964933820850817,0.8981043974906723,0.855801701080054
success,UNSW_NB15,LinearSVM,full_features,6,0,42,0.874,0.8713128519594173,0.8748788858521228,0.7323295405446391,0.9521412228736066,0.8712589768264959,0.8120317489374429
success,UNSW_NB15,LinearSVM,full_features,6,1,123,0.878,0.8760467301959032,0.8788892444444444,0.7411997514415127,0.958279086966235,0.8760184182266103,0.861454457975924
success,UNSW_NB15,LinearSVM,full_features,6,2,456,0.8733333333333333,0.8703227907998743,0.8742020010131712,0.730548873691376,0.9482979613314084,0.8702557366180499,0.8059093189658597
success,UNSW_NB15,LinearSVM,full_features,6,3,789,0.874,0.8704413292496997,0.8748030338832441,0.7314929391507099,0.9513799610268705,0.870347646539891,0.7770646440330893
success,UNSW_NB15,LinearSVM,full_features,6,4,1024,0.8773333333333333,0.8738538873865452,0.8780950467623982,0.7384737186872188,0.9552579994179088,0.8737646794502332,0.8420892030699179
success,UNSW_NB15,LinearSVM,full_features,6,5,2048,0.872,0.8773367976114984,0.8736205596519452,0.7357442107768957,0.9589529296344198,0.8771277492228073,0.7883380560670048
success,UNSW_NB15,LinearSVM,full_features,6,6,3072,0.8786666666666667,0.8797306960616322,0.8798274596861221,0.7450451577135461,0.9549862283378211,0.8797224097834269,0.8010431689908728
success,UNSW_NB15,LinearSVM,full_features,6,7,4096,0.8746666666666667,0.875393923507042,0.8758657275878624,0.736536255416698,0.9556907129461334,0.8753900332972219,0.7979954779148102
success,UNSW_NB15,LinearSVM,full_features,6,8,5120,0.8813333333333333,0.8810105258288536,0.8823306926632278,0.7493040321375192,0.9592757782579282,0.88100976426505,0.8242345280013978
success,UNSW_NB15,LinearSVM,full_features,6,9,6144,0.886,0.883511543883706,0.8867222357624502,0.7573594999040207,0.9566593995793821,0.8834659795730199,0.7954359919531271
success,UNSW_NB15,LinearSVM,full_features,6,10,7168,0.8786666666666667,0.8737645309647251,0.879253119786453,0.7403351257713642,0.960800098606414,0.8735857231283992,0.8871082229306921
success,UNSW_NB15,LinearSVM,full_features,6,11,8192,0.8713333333333333,0.865535957626841,0.8719365875609805,0.7242464629094942,0.9492896366555581,0.865285899786401,0.8173358039930463
success,UNSW_NB15,LinearSVM,full_features,6,12,9216,0.8753333333333333,0.8646358363899549,0.8753081528708887,0.7295663324174188,0.941457425421968,0.8637832365503192,0.7674607030348852
success,UNSW_NB15,LinearSVM,full_features,6,13,10240,0.8773333333333333,0.8771271637559799,0.8783941808393398,0.7413041489387747,0.9512562688257362,0.8771268487255256,0.7504048630362377
success,UNSW_NB15,LinearSVM,full_features,6,14,11264,0.8686666666666667,0.8747486691985917,0.8703929776399452,0.7299810740402817,0.955250598956929,0.8744737253412901,0.8110098029719666
success,UNSW_NB15,LinearSVM,full_features,6,15,12288,0.874,0.8760810610251359,0.875326752904342,0.7364561972686335,0.9557282983082731,0.8760492312780523,0.8130398750072345
success,UNSW_NB15,LinearSVM,full_features,6,16,13312,0.846,0.8562021893705367,0.8484686081636603,0.689783030314819,0.9478994137540541,0.8554115528825325,0.7607809699838981
success,UNSW_NB15,LinearSVM,full_features,6,17,14336,0.872,0.8713494441833771,0.8731069713106155,0.7299471110422773,0.9507969401197144,0.8713462866829493,0.8375305338995531
success,UNSW_NB15,LinearSVM,full_features,6,18,15360,0.8713333333333333,0.8723842033541562,0.8726181686804623,0.7300158703907694,0.955768774852116,0.8723760527049876,0.8448216599645093
success,UNSW_NB15,LinearSVM,full_features,6,19,16384,0.8793333333333333,0.8746870401898174,0.8799372189204099,0.7419080640561077,0.9573787256661711,0.8745265803996102,0.8221422149799764
success,UNSW_NB15,LinearSVM,full_features,6,20,17408,0.872,0.8733084177719013,0.8732957834630009,0.7316251613914233,0.9488135554017875,0.873295795767716,0.7677654440049082
success,UNSW_NB15,LinearSVM,full_features,6,21,18432,0.8726666666666667,0.8738297942056864,0.8739381876578668,0.7328497829311063,0.9561542657458575,0.8738198256953226,0.8456233959877864
success,UNSW_NB15,LinearSVM,full_features,6,22,19456,0.8713333333333333,0.8752339976426904,0.8728441937248292,0.7330023727632846,0.9505176836737053,0.8751209798356478,0.8230726909823716
success,UNSW_NB15,LinearSVM,full_features,6,23,20480,0.8706666666666667,0.8698486370005725,0.8717920617025194,0.7269194214961224,0.9550980206970061,0.8698436836893544,0.8258283479372039
success,UNSW_NB15,LinearSVM,full_features,6,24,21504,0.8833333333333333,0.88136614117833,0.884152020935969,0.7520940516121289,0.9584440816546812,0.8813378699857227,0.8522570279892534
success,UNSW_NB15,LinearSVM,full_features,6,25,22528,0.8793333333333333,0.8738066647520619,0.8798568623471309,0.7411523598750275,0.951670042924411,0.8735815689521862,0.7500673610484228
success,UNSW_NB15,LinearSVM,full_features,6,26,23552,0.8853333333333333,0.8829896232156476,0.886078318135765,0.7560839534360648,0.9627452641958569,0.8829491816466247,0.8742927300045267
success,UNSW_NB15,LinearSVM,full_features,6,27,24576,0.8906666666666667,0.8875041199339269,0.8912728427427549,0.7664579706633371,0.9597778801470261,0.8874315559297964,0.8582201369572431
success,UNSW_NB15,LinearSVM,full_features,6,28,25600,0.8753333333333333,0.8690670542135118,0.8758300598055845,0.7322740317662926,0.9434523407970795,0.8687760904864388,0.79649082000833
success,UNSW_NB15,LinearSVM,full_features,6,29,26624,0.8893333333333333,0.8896840709380343,0.8902634549555944,0.7663616247305256,0.9571921999772561,0.8896831806530989,0.8529973729746416
success,UNSW_NB15,RandomForest,full_features,6,0,42,0.938,0.9294290072337049,0.937778725058921,0.8650113598121904,0.9872687949217697,0.9289150440718408,0.5959758330136538
success,UNSW_NB15,RandomForest,full_features,6,1,123,0.938,0.9282272415626035,0.9376957077771173,0.8649051881194673,0.9879014552149697,0.9275581239843328,0.5950783399166539
success,UNSW_NB15,RandomForest,full_features,6,2,456,0.9333333333333333,0.9224835636320181,0.9329584424491831,0.8545274532579301,0.9833458296631388,0.9216615559035712,0.603166384040378
success,UNSW_NB15,RandomForest,full_features,6,3,789,0.9373333333333334,0.9292373640903668,0.9371496498941541,0.8635226297288813,0.9859527118320649,0.9287830908415271,0.5860539500135928
success,UNSW_NB15,RandomForest,full_features,6,4,1024,0.93,0.9202795194470519,0.9297177264451093,0.8473668695805789,0.9822847659781156,0.9196181993129954,0.5892204920528457
success,UNSW_NB15,RandomForest,full_features,6,5,2048,0.9406666666666667,0.9334555981951317,0.9405311392917285,0.8708808607634759,0.9856288994813222,0.9330968506024665,0.6020732959732413
success,UNSW_NB15,RandomForest,full_features,6,6,3072,0.9426666666666667,0.9386452693521248,0.9427123434766795,0.8758937851950633,0.9887851061738293,0.938534331923459,0.5938858219888061
success,UNSW_NB15,RandomForest,full_features,6,7,4096,0.9386666666666666,0.9270574130862594,0.9382353113553115,0.8662205415448588,0.9870272676983689,0.9261208838398546,0.6019730960251763
success,UNSW_NB15,RandomForest,full_features,6,8,5120,0.9453333333333334,0.9423421270231044,0.9454194597883344,0.8819009349934246,0.9864914353560683,0.9422809908602665,0.5960785869974643
success,UNSW_NB15,RandomForest,full_features,6,9,6144,0.9373333333333334,0.927705320894545,0.9370399367200543,0.8634602254556724,0.9871975363803742,0.9270555186242201,0.5989039350533858
success,UNSW_NB15,RandomForest,full_features,6,10,7168,0.9313333333333333,0.9246103891101541,0.931263598582051,0.8509474145068955,0.9832831313699357,0.9242925548133253,0.6738812489202246
success,UNSW_NB15,RandomForest,full_features,6,11,8192,0.934,0.9258248059535215,0.933820855046339,0.8562859048704733,0.9850304248687884,0.9253598879720737,0.5970042020780966
success,UNSW_NB15,RandomForest,full_features,6,12,9216,0.926,0.9070803112453476,0.9248891416444446,0.8390322100244986,0.9841380134497772,0.9045358740378157,0.5915504370350391
success,UNSW_NB15,RandomForest,full_features,6,13,10240,0.9426666666666667,0.9338836290241816,0.9424239627995609,0.8751469398912687,0.9862971750803102,0.9333464890163732,0.6056067289318889
success,UNSW_NB15,RandomForest,full_features,6,14,11264,0.9373333333333334,0.9293076751226803,0.9371506529143059,0.8636364281404075,0.986909613355006,0.9288569902507245,0.5933959389803931
success,UNSW_NB15,RandomForest,full_features,6,15,12288,0.9346666666666666,0.9215121265797899,0.9341122785573812,0.8574650622523337,0.9858775411077852,0.9203022657125982,0.7129430959466845
success,UNSW_NB15,RandomForest,full_features,6,16,13312,0.9286666666666666,0.9217215293238528,0.9285942237697034,0.8451579476707733,0.9824626951906262,0.9213812716138869,0.5843081990024075
success,UNSW_NB15,RandomForest,full_features,6,17,14336,0.9346666666666666,0.924015283994176,0.9343012439510777,0.8575738010804657,0.9848720042524016,0.92321676292752,0.5956257639918476
success,UNSW_NB15,RandomForest,full_features,6,18,15360,0.9433333333333334,0.934735427962353,0.9431048261698505,0.8765128483369793,0.988843893535125,0.9342260795936961,0.5974972060648724
success,UNSW_NB15,RandomForest,full_features,6,19,16384,0.9346666666666666,0.924015283994176,0.9343012439510777,0.8575738010804657,0.986093028988745,0.92321676292752,0.5990417960565537
success,UNSW_NB15,RandomForest,full_features,6,20,17408,0.9373333333333334,0.9284316881224474,0.937094580459413,0.8634185811097425,0.9858322459277705,0.9278819964598423,0.5844390499405563
success,UNSW_NB15,RandomForest,full_features,6,21,18432,0.944,0.9364653183480174,0.9438358573522228,0.8780635401674527,0.9880179792952841,0.9360749014421158,0.5893471819581464
success,UNSW_NB15,RandomForest,full_features,6,22,19456,0.9366666666666666,0.9287857544546219,0.9364957000598754,0.8622144378276168,0.9863164341455524,0.9283509390062707,0.6984024910489097
success,UNSW_NB15,RandomForest,full_features,6,23,20480,0.94,0.9301143558736285,0.9396902225016985,0.8691602167031972,0.9877510268513683,0.9294376007042615,0.5952526510227472
success,UNSW_NB15,RandomForest,full_features,6,24,21504,0.9453333333333334,0.9338825293599502,0.9449226577816711,0.8809099007340427,0.9894375495114867,0.932978067984634,0.6041350199375302
success,UNSW_NB15,RandomForest,full_features,6,25,22528,0.926,0.9131228810047435,0.9254618672246004,0.8383579534771758,0.9814665615561495,0.9119528793515681,0.595242791925557
success,UNSW_NB15,RandomForest,full_features,6,26,23552,0.942,0.9329611197990895,0.9417414968497317,0.8736773646293988,0.988556263433198,0.9323916585986305,0.5981978500494733
success,UNSW_NB15,RandomForest,full_features,6,27,24576,0.936,0.9261804213029978,0.9356987356545419,0.860425441939072,0.9866726160761269,0.9255098463610112,0.5958986959885806
success,UNSW_NB15,RandomForest,full_features,6,28,25600,0.9366666666666666,0.9303273395924205,0.9366019899848919,0.8624143188700593,0.986043302192094,0.9300491663022076,0.6953544409479946
success,UNSW_NB15,RandomForest,full_features,6,29,26624,0.944,0.9340482904442591,0.943685091657314,0.877918603591758,0.9880362901127367,0.933365346885187,0.5960835969308391
success,UNSW_NB15,GradientBoost,full_features,6,0,42,0.9453333333333334,0.9395766087097197,0.9452665275361872,0.8813046383260097,0.9880227873259944,0.9393472910100413,0.5741965229390189
success,UNSW_NB15,GradientBoost,full_features,6,1,123,0.938,0.9322331271329415,0.937962431288652,0.8655145357945727,0.9889452965510865,0.9320011868866676,0.5783953900681809
success,UNSW_NB15,GradientBoost,full_features,6,2,456,0.936,0.9269860972709172,0.9357561672776983,0.8605052811917012,0.9846536075201563,0.9264215702506984,0.7389036579988897
success,UNSW_NB15,GradientBoost,full_features,6,3,789,0.928,0.9203267420815351,0.9278813762856994,0.8434281889783231,0.9854303716710452,0.919914725462268,0.5544283021008596
success,UNSW_NB15,GradientBoost,full_features,6,4,1024,0.9233333333333333,0.9174827830129583,0.9233792718974223,0.8339655400494164,0.9828668572276651,0.9172425391304766,0.5521979179466143
success,UNSW_NB15,GradientBoost,full_features,6,5,2048,0.938,0.9317729304439506,0.9379366849325784,0.8653114116988996,0.9864018087232734,0.931504939719824,0.5537182980915532
success,UNSW_NB15,GradientBoost,full_features,6,6,3072,0.9346666666666666,0.929971724242944,0.9347187169850534,0.8585743136595302,0.9882675846489817,0.9298190989904317,0.5508300890214741
success,UNSW_NB15,GradientBoost,full_features,6,7,4096,0.9366666666666666,0.9275074737047024,0.93641127630748,0.8619398589587791,0.9863131458177129,0.926924923490907,0.802823439007625
success,UNSW_NB15,GradientBoost,full_features,6,8,5120,0.9346666666666666,0.9315830761787829,0.9348193184484929,0.8591416684107667,0.9866369581684558,0.9315173547369139,0.5443989369086921
success,UNSW_NB15,GradientBoost,full_features,6,9,6144,0.9333333333333333,0.9257755625572958,0.9331960373677075,0.855065984604538,0.9852668150898628,0.92537438032506,0.665486864047125
success,UNSW_NB15,GradientBoost,full_features,6,10,7168,0.9333333333333333,0.9277785053424648,0.9333333333333333,0.8555570106849294,0.9846678581608364,0.9275622766129678,0.5511591699905694
success,UNSW_NB15,GradientBoost,full_features,6,11,8192,0.9346666666666666,0.9279575343231454,0.9345863816347089,0.858021283475269,0.9858120076558492,0.927645158309705,0.7152553420746699
success,UNSW_NB15,GradientBoost,full_features,6,12,9216,0.9313333333333333,0.9156825405391862,0.9305600222319448,0.8503288186022366,0.9851990771348005,0.9139585426309875,0.6972178629366681
success,UNSW_NB15,GradientBoost,full_features,6,13,10240,0.9353333333333333,0.9289436787896064,0.9352676608005722,0.8596316147610786,0.9860391036060673,0.9286579210263529,0.5501526949228719
success,UNSW_NB15,GradientBoost,full_features,6,14,11264,0.9386666666666666,0.9331556363580338,0.9386419592703171,0.8670095216295711,0.986630356908997,0.9329440310194136,0.5486174239777029
success,UNSW_NB15,GradientBoost,full_features,6,15,12288,0.93,0.9190710054951727,0.929622519964689,0.847233551160579,0.9858544116541607,0.918233844186209,0.5563211749540642
success,UNSW_NB15,GradientBoost,full_features,6,16,13312,0.926,0.9192332580945851,0.9259551599251654,0.8394832695407425,0.9835489064702756,0.9189093842543239,0.5472798460396007
success,UNSW_NB15,GradientBoost,full_features,6,17,14336,0.9333333333333333,0.9241732083291605,0.933080719399987,0.8548011056655402,0.9840284571948016,0.9235827978802784,0.5483752320287749
success,UNSW_NB15,GradientBoost,full_features,6,18,15360,0.9426666666666667,0.9350197274964873,0.942498615860609,0.8751553580797384,0.9879476272071763,0.934616965947359,0.5587581909494475
success,UNSW_NB15,GradientBoost,full_features,6,19,16384,0.9406666666666667,0.9335196326911077,0.9405318828124334,0.870987684872533,0.9881730080348821,0.9331638565141748,0.5543573019094765
success,UNSW_NB15,GradientBoost,full_features,6,20,17408,0.934,0.92783899587332,0.9339597840366389,0.8567214177542197,0.9857387643860382,0.9275755496378902,0.5515041130129248
success,UNSW_NB15,GradientBoost,full_features,6,21,18432,0.94,0.9333370597453061,0.9399011469047495,0.8695347093744449,0.9881018235646728,0.9330307473595092,0.5800772509537637
success,UNSW_NB15,GradientBoost,full_features,6,22,19456,0.934,0.926698071782388,0.9338780066445184,0.8565569282805906,0.9850318544939103,0.9263239694721196,0.7859828679356724
success,UNSW_NB15,GradientBoost,full_features,6,23,20480,0.94,0.9337398977292659,0.9399262688482019,0.8696144684838861,0.9885509204558816,0.9334696265371706,0.5796796380309388
success,UNSW_NB15,GradientBoost,full_features,6,24,21504,0.9473333333333334,0.9382665245490238,0.9470734486034914,0.885228948983823,0.9892274569743976,0.9377022203660185,0.5481077209115028
success,UNSW_NB15,GradientBoost,full_features,6,25,22528,0.9286666666666666,0.918431090611562,0.928347010460581,0.8443979465616246,0.9812439405650141,0.917696320097779,0.5487825049785897
success,UNSW_NB15,GradientBoost,full_features,6,26,23552,0.9446666666666667,0.9382535109275936,0.9445643894090405,0.8797534039942153,0.9873082760055157,0.9379685041403988,0.5534429659601301
success,UNSW_NB15,GradientBoost,full_features,6,27,24576,0.9393333333333334,0.9324128453275613,0.9392205774838776,0.8680465666951334,0.9867872996170148,0.9320820630802695,0.5631204890087247
success,UNSW_NB15,GradientBoost,full_features,6,28,25600,0.936,0.9322229910623936,0.9361008309717086,0.8617263350177585,0.9869742627004794,0.9321244541096367,0.7559072289150208
success,UNSW_NB15,GradientBoost,full_features,6,29,26624,0.94,0.9317257078094673,0.9397979088533229,0.8692883962316468,0.9878955859365213,0.9312524651414721,0.5461287280777469
success,UNSW_NB15,MLP,full_features,6,0,42,0.9033333333333333,0.885063824542212,0.9022002571306846,0.7884220908773046,0.9710709580999777,0.8826088457152996,0.3876203529071063
success,UNSW_NB15,MLP,full_features,6,1,123,0.912,0.8990593872535803,0.9114670781893004,0.8078484720034592,0.9713829549568983,0.8978477296556674,0.5012296619825065
success,UNSW_NB15,MLP,full_features,6,2,456,0.906,0.8894248283119932,0.9050854570771036,0.7941691941591803,0.9701610773699498,0.8874337278743223,0.41190728393848985
success,UNSW_NB15,MLP,full_features,6,3,789,0.9113333333333333,0.8992355715577108,0.9108958058767639,0.8063926072625603,0.9720307082045956,0.898187019938595,0.41323677194304764
success,UNSW_NB15,MLP,full_features,6,4,1024,0.9106666666666666,0.9007283850437242,0.9104434522944813,0.8054722578558667,0.9739639450367085,0.9000220690830865,0.6990572949871421
success,UNSW_NB15,MLP,full_features,6,5,2048,0.9226666666666666,0.9089046468999786,0.9220482675794386,0.8310032999497028,0.9757246746938721,0.9075619843210854,0.5475677869981155
success,UNSW_NB15,MLP,full_features,6,6,3072,0.9053333333333333,0.8848750720386107,0.9039383640324816,0.7928245454996979,0.9642476470599574,0.8818243352899404,0.2125933209899813
success,UNSW_NB15,MLP,full_features,6,7,4096,0.9106666666666666,0.889448921492852,0.9092006411746127,0.8049569327262065,0.9738617899498668,0.8861839813096961,0.4988880360033363
success,UNSW_NB15,MLP,full_features,6,8,5120,0.8933333333333333,0.8666278605833634,0.8909513177436168,0.7669039144379326,0.9605141677540722,0.8613128803837975,0.2122530679916963
success,UNSW_NB15,MLP,full_features,6,9,6144,0.922,0.9068881972744571,0.9212450979959487,0.8296982503271558,0.9750383255398316,0.9052497323173031,0.33869152108673006
success,UNSW_NB15,MLP,full_features,6,10,7168,0.9113333333333333,0.8925286382300148,0.9101535592557297,0.8062687932233317,0.9731047153895338,0.889949323845125,0.5999254919588566
success,UNSW_NB15,MLP,full_features,6,11,8192,0.9046666666666666,0.8875763994765034,0.9036909151675001,0.7912023363596088,0.964036590795634,0.885455054893172,0.36210080492310226
success,UNSW_NB15,MLP,full_features,6,12,9216,0.9006666666666666,0.8856566548256714,0.8999443082564457,0.7826202293568705,0.9685179224353774,0.8840172025120197,0.6240732010919601
success,UNSW_NB15,MLP,full_features,6,13,10240,0.8973333333333333,0.8779630071874831,0.8960491777963957,0.7751067553163,0.9577744994568944,0.8751803975757291,0.24880908895283937
success,UNSW_NB15,MLP,full_features,6,14,11264,0.918,0.9069613817223767,0.9176345300289311,0.8212121856441408,0.9741427790060783,0.9060875742452378,0.4499823240330443
success,UNSW_NB15,MLP,full_features,6,15,12288,0.914,0.8972926974532545,0.9130758417229045,0.811869169372623,0.9775181710770038,0.8952874681517681,0.6234982979949564
success,UNSW_NB15,MLP,full_features,6,16,13312,0.9,0.8776471585175142,0.8983106598258818,0.781323808196587,0.9691219406974863,0.8739383878406489,0.3755141230067238
success,UNSW_NB15,MLP,full_features,6,17,14336,0.91,0.9035024536049119,0.9100888721667943,0.8054126749263915,0.9733589350507285,0.9031986392233649,0.6115275879856199
success,UNSW_NB15,MLP,full_features,6,18,15360,0.9186666666666666,0.8993309805539118,0.9174681719152307,0.822603037096262,0.9741335610299546,0.8966502860321044,0.373227559030056
success,UNSW_NB15,MLP,full_features,6,19,16384,0.896,0.8665038633684876,0.8931588603758336,0.7744468841649925,0.9624794890955173,0.859951911904831,0.21321441500913352
success,UNSW_NB15,MLP,full_features,6,20,17408,0.9006666666666666,0.8808225990181546,0.8993381331686736,0.7823320269409307,0.965479290465461,0.8779393357795527,0.3884780090302229
success,UNSW_NB15,MLP,full_features,6,21,18432,0.9093333333333333,0.9016998220959525,0.9093333333333333,0.8033996441919051,0.9727824154473911,0.9012836366290056,0.33622273500077426
success,UNSW_NB15,MLP,full_features,6,22,19456,0.9193333333333333,0.9116105200717979,0.919251411926487,0.8248948137443461,0.9767061605897898,0.9111851088461805,0.6373473890125751
success,UNSW_NB15,MLP,full_features,6,23,20480,0.9153333333333333,0.8983354503208248,0.9143798332374466,0.8148432513892566,0.9789406324749093,0.8962621962228751,0.5345221010502428
success,UNSW_NB15,MLP,full_features,6,24,21504,0.914,0.9001125633409724,0.9133746024502113,0.8119558736307153,0.9751917335332745,0.8987319231318519,0.5373615600401536
success,UNSW_NB15,MLP,full_features,6,25,22528,0.902,0.8782398100300877,0.900136999214454,0.7858982117341061,0.9643459472378614,0.8740910945533685,0.3362612050259486
success,UNSW_NB15,MLP,full_features,6,26,23552,0.912,0.8958546787973098,0.9111262166405023,0.8076061988877978,0.974811068569976,0.8939611108187682,0.3360099029960111
success,UNSW_NB15,MLP,full_features,6,27,24576,0.9026666666666666,0.8767469965440742,0.9004930774410504,0.7880708954923749,0.9663370077040356,0.8717992005619588,0.23747861408628523
success,UNSW_NB15,MLP,full_features,6,28,25600,0.9113333333333333,0.8907759738945566,0.9099530215286177,0.8063290957072378,0.9709416964297761,0.8877160354137918,0.5920923700323328
success,UNSW_NB15,MLP,full_features,6,29,26624,0.9066666666666666,0.8798752551467853,0.9044069724701721,0.7976474652324218,0.9723911421902436,0.8746069347248858,0.3084643220063299
