dataset,config,model,entanglement,optimization_level,optimization_name,optimization_description,noise_level,num_qubits,run_idx,seed,gpu_id,accuracy,f1_score,mcc,kernel_time,classifier_time,total_time
UNSW_2018_IoT_Botnet_Final_10_Best,6q_5k,QSVC,full,0,L0,baseline_unoptimized,0.0,6,0,42,0,0.9966666666666667,0.9966400755284308,0.9805571131969575,276.1762813539244,0.36068021797109395,276.5369615718955
UNSW_2018_IoT_Botnet_Final_10_Best,6q_5k,QSVC,full,0,L0,baseline_unoptimized,0.0,6,1,123,1,0.996,0.996,0.976810219993713,276.05219016899355,0.36294536804780364,276.41513553704135
UNSW_2018_IoT_Botnet_Final_10_Best,6q_5k,QSVC,full,0,L0,baseline_unoptimized,0.0,6,2,456,2,0.996,0.9959615546218488,0.9766394448969591,275.63554643804673,0.10083735699299723,275.7363837950397
UNSW_2018_IoT_Botnet_Final_10_Best,6q_5k,QSVC,full,0,L0,baseline_unoptimized,0.0,6,3,789,0,0.9973333333333333,0.9973163830309103,0.9844649139608554,271.5875351530267,1.2012235670117661,272.78875872003846
UNSW_2018_IoT_Botnet_Final_10_Best,6q_5k,QSVC,full,0,L0,baseline_unoptimized,0.0,6,4,1024,1,0.9953333333333333,0.995340603358116,0.9730368435381365,281.2816431749379,0.07958349294494838,281.3612266678829
UNSW_2018_IoT_Botnet_Final_10_Best,6q_5k,QSVC,full,0,L0,baseline_unoptimized,0.0,6,5,2048,2,0.9926666666666667,0.9926081661625477,0.9569943361344565,281.14824354695156,0.3353633269434795,281.48360687389504
UNSW_2018_IoT_Botnet_Final_10_Best,6q_5k,QSVC,full,0,L0,baseline_unoptimized,0.0,6,6,3072,0,0.996,0.9959615546218488,0.9766394448969591,277.3276120459195,0.6658405199414119,277.99345256586093
UNSW_2018_IoT_Botnet_Final_10_Best,6q_5k,QSVC,full,0,L0,baseline_unoptimized,0.0,6,7,4096,1,0.9906666666666667,0.9904504197573457,0.9449265089561836,278.2438504480524,0.37248765502590686,278.6163381030783
UNSW_2018_IoT_Botnet_Final_10_Best,6q_5k,QSVC,full,0,L0,baseline_unoptimized,0.0,6,8,5120,2,0.9953333333333333,0.9952807936150397,0.9727117770954385,277.9110413120361,0.37690261704847217,278.2879439290846
UNSW_2018_IoT_Botnet_Final_10_Best,6q_5k,QSVC,full,0,L0,baseline_unoptimized,0.0,6,9,6144,0,0.996,0.9959615546218488,0.9766394448969591,281.8242042630445,0.06457094696816057,281.8887752100127
UNSW_2018_IoT_Botnet_Final_10_Best,6q_5k,QSVC,full,0,L0,baseline_unoptimized,0.0,6,10,7168,1,0.9993333333333333,0.9993322865173985,0.9961303958175565,277.86360871302895,1.0941400829469785,278.95774879597593
UNSW_2018_IoT_Botnet_Final_10_Best,6q_5k,QSVC,full,0,L0,baseline_unoptimized,0.0,6,11,8192,2,0.9946666666666667,0.9945977654320335,0.9687739754174306,281.6897860210156,0.3315434859832749,282.0213295069989
UNSW_2018_IoT_Botnet_Final_10_Best,6q_5k,QSVC,full,0,L0,baseline_unoptimized,0.0,6,12,9216,0,0.9933333333333333,0.9932247972929835,0.9608674205030172,274.4836488709552,1.2458821929758415,275.72953106393106
UNSW_2018_IoT_Botnet_Final_10_Best,6q_5k,QSVC,full,0,L0,baseline_unoptimized,0.0,6,13,10240,1,0.9966666666666667,0.9966400755284308,0.9805571131969575,282.9807463870384,0.06660992803517729,283.04735631507356
UNSW_2018_IoT_Botnet_Final_10_Best,6q_5k,QSVC,full,0,L0,baseline_unoptimized,0.0,6,14,11264,2,0.9946666666666667,0.9946832186168468,0.9693011272631611,282.87393178394996,0.33091055299155414,283.2048423369415
UNSW_2018_IoT_Botnet_Final_10_Best,6q_5k,QSVC,full,0,L0,baseline_unoptimized,0.0,6,15,12288,0,0.996,0.9959615546218488,0.9766394448969591,279.73367623297963,0.07950514403637499,279.813181377016
UNSW_2018_IoT_Botnet_Final_10_Best,6q_5k,QSVC,full,0,L0,baseline_unoptimized,0.0,6,16,13312,1,0.9946666666666667,0.994615406162465,0.968759465082397,276.4711848270381,1.200522504048422,277.6717073310865
UNSW_2018_IoT_Botnet_Final_10_Best,6q_5k,QSVC,full,0,L0,baseline_unoptimized,0.0,6,17,14336,2,0.9933333333333333,0.9932247972929835,0.9608674205030172,279.5763019879814,0.3353615029482171,279.91166349092964
UNSW_2018_IoT_Botnet_Final_10_Best,6q_5k,QSVC,full,0,L0,baseline_unoptimized,0.0,6,18,15360,0,0.9973333333333333,0.9973163830309103,0.9844649139608554,278.06375876197126,0.36409196408931166,278.42785072606057
UNSW_2018_IoT_Botnet_Final_10_Best,6q_5k,QSVC,full,0,L0,baseline_unoptimized,0.0,6,19,16384,1,0.9946666666666667,0.9945977654320335,0.9687739754174306,277.6383739049779,0.5258896049344912,278.1642635099124
UNSW_2018_IoT_Botnet_Final_10_Best,6q_5k,QSVC,full,0,L0,baseline_unoptimized,0.0,6,20,17408,2,0.994,0.9939124426101495,0.9648259030152229,278.477396339993,0.3289892850443721,278.80638562503736
UNSW_2018_IoT_Botnet_Final_10_Best,6q_5k,QSVC,full,0,L0,baseline_unoptimized,0.0,6,21,18432,0,0.996,0.9959615546218488,0.9766394448969591,276.8540226588957,0.10136358300223947,276.95538624189794
UNSW_2018_IoT_Botnet_Final_10_Best,6q_5k,QSVC,full,0,L0,baseline_unoptimized,0.0,6,22,19456,1,0.9966666666666667,0.9966400755284308,0.9805571131969575,277.40165221598,0.35937835508957505,277.76103057106957
UNSW_2018_IoT_Botnet_Final_10_Best,6q_5k,QSVC,full,0,L0,baseline_unoptimized,0.0,6,23,20480,2,0.9966666666666667,0.9966400755284308,0.9805571131969575,277.14449924998917,0.35629337502177805,277.50079262501094
UNSW_2018_IoT_Botnet_Final_10_Best,6q_5k,QSVC,full,0,L0,baseline_unoptimized,0.0,6,24,21504,0,0.9953333333333333,0.9952807936150397,0.9727117770954385,276.92527031200007,0.3666938570095226,277.2919641690096
UNSW_2018_IoT_Botnet_Final_10_Best,6q_5k,QSVC,full,0,L0,baseline_unoptimized,0.0,6,25,22528,1,0.9966666666666667,0.9966400755284308,0.9805571131969575,276.6573534311028,0.3725077990675345,277.02986123017035
UNSW_2018_IoT_Botnet_Final_10_Best,6q_5k,QSVC,full,0,L0,baseline_unoptimized,0.0,6,26,23552,2,0.9966666666666667,0.9966400755284308,0.9805571131969575,276.16960441996343,0.10896796407178044,276.2785723840352
UNSW_2018_IoT_Botnet_Final_10_Best,6q_5k,QSVC,full,0,L0,baseline_unoptimized,0.0,6,27,24576,0,0.9946666666666667,0.9946327660618205,0.9688072542805272,275.9387619239278,0.36438244103919715,276.303144364967
UNSW_2018_IoT_Botnet_Final_10_Best,6q_5k,QSVC,full,0,L0,baseline_unoptimized,0.0,6,28,25600,1,0.9953333333333333,0.9952807936150397,0.9727117770954385,274.8506320670713,0.8087642439641058,275.6593963110354
UNSW_2018_IoT_Botnet_Final_10_Best,6q_5k,QSVC,full,0,L0,baseline_unoptimized,0.0,6,29,26624,2,0.9966666666666667,0.9966400755284308,0.9805571131969575,275.6709791109897,0.37704020203091204,276.04801931302063
UNSW_2018_IoT_Botnet_Final_10_Best,6q_5k,QSVC,full,0,L0,baseline_unoptimized,0.0003,6,0,42,0,0.9966666666666667,0.9966400755284308,0.9805571131969575,225.82070903398562,0.04367130494210869,225.86438033892773
UNSW_2018_IoT_Botnet_Final_10_Best,6q_5k,QSVC,full,0,L0,baseline_unoptimized,0.0003,6,1,123,1,0.996,0.996,0.976810219993713,217.30175645696,1.0381968170404434,218.33995327400044
UNSW_2018_IoT_Botnet_Final_10_Best,6q_5k,QSVC,full,0,L0,baseline_unoptimized,0.0003,6,2,456,2,0.9973333333333333,0.9973163830309103,0.9844649139608554,216.9732630989747,0.8766168130096048,217.84987991198432
UNSW_2018_IoT_Botnet_Final_10_Best,6q_5k,QSVC,full,0,L0,baseline_unoptimized,0.0003,6,3,789,0,0.998,0.997990503452285,0.9883629768056863,226.47074802499264,0.3445718949660659,226.8153199199587
UNSW_2018_IoT_Botnet_Final_10_Best,6q_5k,QSVC,full,0,L0,baseline_unoptimized,0.0003,6,4,1024,1,0.9953333333333333,0.995340603358116,0.9730368435381365,225.24242463405244,0.8294475800357759,226.07187221408822
UNSW_2018_IoT_Botnet_Final_10_Best,6q_5k,QSVC,full,0,L0,baseline_unoptimized,0.0003,6,5,2048,2,0.9926666666666667,0.9926081661625477,0.9569943361344565,226.45765738002956,0.0842919530114159,226.54194933304098
UNSW_2018_IoT_Botnet_Final_10_Best,6q_5k,QSVC,full,0,L0,baseline_unoptimized,0.0003,6,6,3072,0,0.996,0.9959615546218488,0.9766394448969591,226.570844497066,0.0883461779449135,226.6591906750109
UNSW_2018_IoT_Botnet_Final_10_Best,6q_5k,QSVC,full,0,L0,baseline_unoptimized,0.0003,6,7,4096,1,0.9913333333333333,0.9911476417483018,0.9489280789420477,226.56543131696526,0.4002695180242881,226.96570083498955
UNSW_2018_IoT_Botnet_Final_10_Best,6q_5k,QSVC,full,0,L0,baseline_unoptimized,0.0003,6,8,5120,2,0.9953333333333333,0.9952807936150397,0.9727117770954385,226.55974200600758,0.3946217600023374,226.95436376600992
UNSW_2018_IoT_Botnet_Final_10_Best,6q_5k,QSVC,full,0,L0,baseline_unoptimized,0.0003,6,9,6144,0,0.996,0.9959615546218488,0.9766394448969591,223.2876775909681,0.7292760969139636,224.01695368788205
UNSW_2018_IoT_Botnet_Final_10_Best,6q_5k,QSVC,full,0,L0,baseline_unoptimized,0.0003,6,10,7168,1,0.9993333333333333,0.9993322865173985,0.9961303958175565,217.1646135279443,0.7902155909687281,217.95482911891304
UNSW_2018_IoT_Botnet_Final_10_Best,6q_5k,QSVC,full,0,L0,baseline_unoptimized,0.0003,6,11,8192,2,0.9946666666666667,0.9945977654320335,0.9687739754174306,226.062087874976,0.04665558796841651,226.1087434629444
UNSW_2018_IoT_Botnet_Final_10_Best,6q_5k,QSVC,full,0,L0,baseline_unoptimized,0.0003,6,12,9216,0,0.9933333333333333,0.9932247972929835,0.9608674205030172,218.40965021809097,1.1822112340014428,219.59186145209242
UNSW_2018_IoT_Botnet_Final_10_Best,6q_5k,QSVC,full,0,L0,baseline_unoptimized,0.0003,6,13,10240,1,0.9966666666666667,0.9966400755284308,0.9805571131969575,228.26670987298712,0.04689796990714967,228.31360784289427
UNSW_2018_IoT_Botnet_Final_10_Best,6q_5k,QSVC,full,0,L0,baseline_unoptimized,0.0003,6,14,11264,2,0.9946666666666667,0.9946832186168468,0.9693011272631611,226.18313349306118,0.7575141589622945,226.94064765202347
UNSW_2018_IoT_Botnet_Final_10_Best,6q_5k,QSVC,full,0,L0,baseline_unoptimized,0.0003,6,15,12288,0,0.996,0.9959615546218488,0.9766394448969591,225.84935360390227,0.05874204798601568,225.9080956518883
UNSW_2018_IoT_Botnet_Final_10_Best,6q_5k,QSVC,full,0,L0,baseline_unoptimized,0.0003,6,16,13312,1,0.9946666666666667,0.994615406162465,0.968759465082397,221.33870010694955,1.2288444750010967,222.56754458195064
UNSW_2018_IoT_Botnet_Final_10_Best,6q_5k,QSVC,full,0,L0,baseline_unoptimized,0.0003,6,17,14336,2,0.9933333333333333,0.9932247972929835,0.9608674205030172,224.8566747449804,0.8302030089544132,225.68687775393482
UNSW_2018_IoT_Botnet_Final_10_Best,6q_5k,QSVC,full,0,L0,baseline_unoptimized,0.0003,6,18,15360,0,0.9973333333333333,0.9973163830309103,0.9844649139608554,226.7988923320081,0.09402551793027669,226.89291784993839
UNSW_2018_IoT_Botnet_Final_10_Best,6q_5k,QSVC,full,0,L0,baseline_unoptimized,0.0003,6,19,16384,1,0.9946666666666667,0.9945977654320335,0.9687739754174306,226.7703100250801,0.10287588997744024,226.87318591505755
UNSW_2018_IoT_Botnet_Final_10_Best,6q_5k,QSVC,full,0,L0,baseline_unoptimized,0.0003,6,20,17408,2,0.9946666666666667,0.9945977654320335,0.9687739754174306,225.3599154050462,1.2640286110108718,226.62394401605707
UNSW_2018_IoT_Botnet_Final_10_Best,6q_5k,QSVC,full,0,L0,baseline_unoptimized,0.0003,6,21,18432,0,0.996,0.9959615546218488,0.9766394448969591,220.73048861103598,1.055943856947124,221.7864324679831
UNSW_2018_IoT_Botnet_Final_10_Best,6q_5k,QSVC,full,0,L0,baseline_unoptimized,0.0003,6,22,19456,1,0.9966666666666667,0.9966400755284308,0.9805571131969575,223.918856468983,0.04748264094814658,223.96633910993114
UNSW_2018_IoT_Botnet_Final_10_Best,6q_5k,QSVC,full,0,L0,baseline_unoptimized,0.0003,6,23,20480,2,0.9973333333333333,0.9973163830309103,0.9844649139608554,220.60436848399695,1.0350062330253422,221.6393747170223
UNSW_2018_IoT_Botnet_Final_10_Best,6q_5k,QSVC,full,0,L0,baseline_unoptimized,0.0003,6,24,21504,0,0.9953333333333333,0.9952807936150397,0.9727117770954385,221.96029324701522,0.729268028982915,222.68956127599813
UNSW_2018_IoT_Botnet_Final_10_Best,6q_5k,QSVC,full,0,L0,baseline_unoptimized,0.0003,6,25,22528,1,0.9966666666666667,0.9966400755284308,0.9805571131969575,211.28990487090778,0.6597320580622181,211.94963692897
UNSW_2018_IoT_Botnet_Final_10_Best,6q_5k,QSVC,full,0,L0,baseline_unoptimized,0.0003,6,26,23552,2,0.9966666666666667,0.9966400755284308,0.9805571131969575,224.96888670395128,0.0467386239906773,225.01562532794196
UNSW_2018_IoT_Botnet_Final_10_Best,6q_5k,QSVC,full,0,L0,baseline_unoptimized,0.0003,6,27,24576,0,0.9946666666666667,0.9946327660618205,0.9688072542805272,223.4241933200974,0.7293795590521768,224.15357287914958
UNSW_2018_IoT_Botnet_Final_10_Best,6q_5k,QSVC,full,0,L0,baseline_unoptimized,0.0003,6,28,25600,1,0.9953333333333333,0.9952807936150397,0.9727117770954385,216.83705012104474,1.2446247009793296,218.08167482202407
UNSW_2018_IoT_Botnet_Final_10_Best,6q_5k,QSVC,full,0,L0,baseline_unoptimized,0.0003,6,29,26624,2,0.9973333333333333,0.9973163830309103,0.9844649139608554,226.3223604010418,0.04675161198247224,226.36911201302428
UNSW_2018_IoT_Botnet_Final_10_Best,6q_5k,QSVC,full,0,L0,baseline_unoptimized,0.0005,6,0,42,0,0.9966666666666667,0.9966400755284308,0.9805571131969575,208.72490321402438,1.1823594389716163,209.907262652996
UNSW_2018_IoT_Botnet_Final_10_Best,6q_5k,QSVC,full,0,L0,baseline_unoptimized,0.0005,6,1,123,1,0.996,0.996,0.976810219993713,226.80407882505096,0.07138555590063334,226.8754643809516
UNSW_2018_IoT_Botnet_Final_10_Best,6q_5k,QSVC,full,0,L0,baseline_unoptimized,0.0005,6,2,456,2,0.9973333333333333,0.9973163830309103,0.9844649139608554,226.80718219897244,0.36184455396141857,227.16902675293386
UNSW_2018_IoT_Botnet_Final_10_Best,6q_5k,QSVC,full,0,L0,baseline_unoptimized,0.0005,6,3,789,0,0.998,0.997990503452285,0.9883629768056863,192.4697503260104,0.8102323160273954,193.2799826420378
UNSW_2018_IoT_Botnet_Final_10_Best,6q_5k,QSVC,full,0,L0,baseline_unoptimized,0.0005,6,4,1024,1,0.9953333333333333,0.995340603358116,0.9730368435381365,226.37656870903447,0.04545485891867429,226.42202356795315
UNSW_2018_IoT_Botnet_Final_10_Best,6q_5k,QSVC,full,0,L0,baseline_unoptimized,0.0005,6,5,2048,2,0.9926666666666667,0.9926081661625477,0.9569943361344565,223.35829335998278,0.7201184689765796,224.07841182895936
UNSW_2018_IoT_Botnet_Final_10_Best,6q_5k,QSVC,full,0,L0,baseline_unoptimized,0.0005,6,6,3072,0,0.996,0.9959615546218488,0.9766394448969591,218.18889331899118,1.4534713899483904,219.64236470893957
UNSW_2018_IoT_Botnet_Final_10_Best,6q_5k,QSVC,full,0,L0,baseline_unoptimized,0.0005,6,7,4096,1,0.9913333333333333,0.9911476417483018,0.9489280789420477,227.3960073509952,0.046745712985284626,227.4427530639805
UNSW_2018_IoT_Botnet_Final_10_Best,6q_5k,QSVC,full,0,L0,baseline_unoptimized,0.0005,6,8,5120,2,0.9953333333333333,0.9952807936150397,0.9727117770954385,224.4542750279652,0.7411133180139586,225.19538834597915
UNSW_2018_IoT_Botnet_Final_10_Best,6q_5k,QSVC,full,0,L0,baseline_unoptimized,0.0005,6,9,6144,0,0.996,0.9959615546218488,0.9766394448969591,225.38759379193652,0.3398627860005945,225.72745657793712
UNSW_2018_IoT_Botnet_Final_10_Best,6q_5k,QSVC,full,0,L0,baseline_unoptimized,0.0005,6,10,7168,1,0.9993333333333333,0.9993322865173985,0.9961303958175565,225.36914830701426,0.0641079330816865,225.43325624009594
UNSW_2018_IoT_Botnet_Final_10_Best,6q_5k,QSVC,full,0,L0,baseline_unoptimized,0.0005,6,11,8192,2,0.9946666666666667,0.9945977654320335,0.9687739754174306,221.19202485505957,0.9010952609824017,222.09312011604197
UNSW_2018_IoT_Botnet_Final_10_Best,6q_5k,QSVC,full,0,L0,baseline_unoptimized,0.0005,6,12,9216,0,0.9933333333333333,0.9932247972929835,0.9608674205030172,226.0362109360285,0.7451816239627078,226.78139255999122
UNSW_2018_IoT_Botnet_Final_10_Best,6q_5k,QSVC,full,0,L0,baseline_unoptimized,0.0005,6,13,10240,1,0.9966666666666667,0.9966400755284308,0.9805571131969575,223.27003104996402,0.9290979229845107,224.19912897294853
UNSW_2018_IoT_Botnet_Final_10_Best,6q_5k,QSVC,full,0,L0,baseline_unoptimized,0.0005,6,14,11264,2,0.9946666666666667,0.9946832186168468,0.9693011272631611,229.01474948902614,0.0454157879576087,229.06016527698375
UNSW_2018_IoT_Botnet_Final_10_Best,6q_5k,QSVC,full,0,L0,baseline_unoptimized,0.0005,6,15,12288,0,0.996,0.9959615546218488,0.9766394448969591,190.49651786102913,1.3352335849776864,191.83175144600682
UNSW_2018_IoT_Botnet_Final_10_Best,6q_5k,QSVC,full,0,L0,baseline_unoptimized,0.0005,6,16,13312,1,0.9946666666666667,0.994615406162465,0.968759465082397,221.84337851707824,0.7309643779881299,222.57434289506637
UNSW_2018_IoT_Botnet_Final_10_Best,6q_5k,QSVC,full,0,L0,baseline_unoptimized,0.0005,6,17,14336,2,0.9933333333333333,0.9932247972929835,0.9608674205030172,224.77339196798857,0.04629190289415419,224.81968387088273
UNSW_2018_IoT_Botnet_Final_10_Best,6q_5k,QSVC,full,0,L0,baseline_unoptimized,0.0005,6,18,15360,0,0.9973333333333333,0.9973163830309103,0.9844649139608554,216.06084384710994,1.0166698560351506,217.0775137031451
UNSW_2018_IoT_Botnet_Final_10_Best,6q_5k,QSVC,full,0,L0,baseline_unoptimized,0.0005,6,19,16384,1,0.9946666666666667,0.9945977654320335,0.9687739754174306,215.95838688802905,1.0480197509750724,217.00640663900413
UNSW_2018_IoT_Botnet_Final_10_Best,6q_5k,QSVC,full,0,L0,baseline_unoptimized,0.0005,6,20,17408,2,0.9946666666666667,0.9945977654320335,0.9687739754174306,224.99382876500022,0.04996415099594742,225.04379291599616
UNSW_2018_IoT_Botnet_Final_10_Best,6q_5k,QSVC,full,0,L0,baseline_unoptimized,0.0005,6,21,18432,0,0.996,0.9959615546218488,0.9766394448969591,225.64684572000988,0.06591634103097022,225.71276206104085
UNSW_2018_IoT_Botnet_Final_10_Best,6q_5k,QSVC,full,0,L0,baseline_unoptimized,0.0005,6,22,19456,1,0.9966666666666667,0.9966400755284308,0.9805571131969575,217.45867441094015,1.7219726770417765,219.18064708798192
UNSW_2018_IoT_Botnet_Final_10_Best,6q_5k,QSVC,full,0,L0,baseline_unoptimized,0.0005,6,23,20480,2,0.9973333333333333,0.9973163830309103,0.9844649139608554,225.64594897499774,0.34512836299836636,225.9910773379961
UNSW_2018_IoT_Botnet_Final_10_Best,6q_5k,QSVC,full,0,L0,baseline_unoptimized,0.0005,6,24,21504,0,0.9953333333333333,0.9952807936150397,0.9727117770954385,192.965935710934,1.6976125199580565,194.66354823089205
UNSW_2018_IoT_Botnet_Final_10_Best,6q_5k,QSVC,full,0,L0,baseline_unoptimized,0.0005,6,25,22528,1,0.9966666666666667,0.9966400755284308,0.9805571131969575,224.39611679094378,0.08250088104978204,224.47861767199356
UNSW_2018_IoT_Botnet_Final_10_Best,6q_5k,QSVC,full,0,L0,baseline_unoptimized,0.0005,6,26,23552,2,0.9966666666666667,0.9966400755284308,0.9805571131969575,224.38409726705868,0.0813283360330388,224.46542560309172
UNSW_2018_IoT_Botnet_Final_10_Best,6q_5k,QSVC,full,0,L0,baseline_unoptimized,0.0005,6,27,24576,0,0.9946666666666667,0.9946327660618205,0.9688072542805272,226.6621508479584,0.34789710701443255,227.01004795497283
UNSW_2018_IoT_Botnet_Final_10_Best,6q_5k,QSVC,full,0,L0,baseline_unoptimized,0.0005,6,28,25600,1,0.9953333333333333,0.9952807936150397,0.9727117770954385,226.67529540904798,0.06784825003705919,226.74314365908504
UNSW_2018_IoT_Botnet_Final_10_Best,6q_5k,QSVC,full,0,L0,baseline_unoptimized,0.0005,6,29,26624,2,0.9973333333333333,0.9973163830309103,0.9844649139608554,219.26565501198638,1.1680498369969428,220.43370484898333
UNSW_2018_IoT_Botnet_Final_10_Best,6q_5k,QSVC,full,0,L0,baseline_unoptimized,0.001,6,0,42,0,0.9966666666666667,0.9966400755284308,0.9805571131969575,209.19732706900686,1.0292013389989734,210.22652840800583
UNSW_2018_IoT_Botnet_Final_10_Best,6q_5k,QSVC,full,0,L0,baseline_unoptimized,0.001,6,1,123,1,0.996,0.996,0.976810219993713,226.94819963199552,0.3703755979659036,227.31857522996143
UNSW_2018_IoT_Botnet_Final_10_Best,6q_5k,QSVC,full,0,L0,baseline_unoptimized,0.001,6,2,456,2,0.9973333333333333,0.9973163830309103,0.9844649139608554,226.94105918193236,0.0679366709664464,227.0089958528988
UNSW_2018_IoT_Botnet_Final_10_Best,6q_5k,QSVC,full,0,L0,baseline_unoptimized,0.001,6,3,789,0,0.998,0.997990503452285,0.9883629768056863,217.5669321299065,1.3932921909727156,218.9602243208792
UNSW_2018_IoT_Botnet_Final_10_Best,6q_5k,QSVC,full,0,L0,baseline_unoptimized,0.001,6,4,1024,1,0.9953333333333333,0.995340603358116,0.9730368435381365,223.72645250090864,0.749904575990513,224.47635707689915
UNSW_2018_IoT_Botnet_Final_10_Best,6q_5k,QSVC,full,0,L0,baseline_unoptimized,0.001,6,5,2048,2,0.9926666666666667,0.9926081661625477,0.9569943361344565,226.62110124807805,0.04606207401957363,226.66716332209762
UNSW_2018_IoT_Botnet_Final_10_Best,6q_5k,QSVC,full,0,L0,baseline_unoptimized,0.001,6,6,3072,0,0.996,0.9959615546218488,0.9766394448969591,216.39853941800538,1.0922315230127424,217.49077094101813
UNSW_2018_IoT_Botnet_Final_10_Best,6q_5k,QSVC,full,0,L0,baseline_unoptimized,0.001,6,7,4096,1,0.9913333333333333,0.9911476417483018,0.9489280789420477,217.9851608730387,1.019124971004203,219.0042858440429
UNSW_2018_IoT_Botnet_Final_10_Best,6q_5k,QSVC,full,0,L0,baseline_unoptimized,0.001,6,8,5120,2,0.9953333333333333,0.9952807936150397,0.9727117770954385,223.95978091203142,0.04702501802239567,224.00680593005382
UNSW_2018_IoT_Botnet_Final_10_Best,6q_5k,QSVC,full,0,L0,baseline_unoptimized,0.001,6,9,6144,0,0.996,0.9959615546218488,0.9766394448969591,226.02822123200167,0.043002389022149146,226.07122362102382
UNSW_2018_IoT_Botnet_Final_10_Best,6q_5k,QSVC,full,0,L0,baseline_unoptimized,0.001,6,10,7168,1,0.9993333333333333,0.9993322865173985,0.9961303958175565,220.9086576140253,1.5126936609158292,222.42135127494112
UNSW_2018_IoT_Botnet_Final_10_Best,6q_5k,QSVC,full,0,L0,baseline_unoptimized,0.001,6,11,8192,2,0.9946666666666667,0.9945977654320335,0.9687739754174306,222.91273235308472,1.0291604429949075,223.94189279607963
UNSW_2018_IoT_Botnet_Final_10_Best,6q_5k,QSVC,full,0,L0,baseline_unoptimized,0.001,6,12,9216,0,0.9933333333333333,0.9932247972929835,0.9608674205030172,220.86085230705794,1.008671428076923,221.86952373513486
UNSW_2018_IoT_Botnet_Final_10_Best,6q_5k,QSVC,full,0,L0,baseline_unoptimized,0.001,6,13,10240,1,0.9966666666666667,0.9966400755284308,0.9805571131969575,225.37398156302515,0.046967338072136045,225.4209489010973
UNSW_2018_IoT_Botnet_Final_10_Best,6q_5k,QSVC,full,0,L0,baseline_unoptimized,0.001,6,14,11264,2,0.9946666666666667,0.9946832186168468,0.9693011272631611,222.20939941506367,1.1100380179705098,223.31943743303418
UNSW_2018_IoT_Botnet_Final_10_Best,6q_5k,QSVC,full,0,L0,baseline_unoptimized,0.001,6,15,12288,0,0.996,0.9959615546218488,0.9766394448969591,226.01525331288576,0.5201261889887974,226.53537950187456
UNSW_2018_IoT_Botnet_Final_10_Best,6q_5k,QSVC,full,0,L0,baseline_unoptimized,0.001,6,16,13312,1,0.9946666666666667,0.994615406162465,0.968759465082397,225.93484255496878,0.07249325700104237,226.00733581196982
UNSW_2018_IoT_Botnet_Final_10_Best,6q_5k,QSVC,full,0,L0,baseline_unoptimized,0.001,6,17,14336,2,0.9933333333333333,0.9932247972929835,0.9608674205030172,225.9977011589799,0.3925502049969509,226.39025136397686
UNSW_2018_IoT_Botnet_Final_10_Best,6q_5k,QSVC,full,0,L0,baseline_unoptimized,0.001,6,18,15360,0,0.9973333333333333,0.9973163830309103,0.9844649139608554,226.4061486789724,0.043555357959121466,226.4497040369315
UNSW_2018_IoT_Botnet_Final_10_Best,6q_5k,QSVC,full,0,L0,baseline_unoptimized,0.001,6,19,16384,1,0.9946666666666667,0.9945977654320335,0.9687739754174306,220.6141756720608,1.2804784530308098,221.89465412509162
UNSW_2018_IoT_Botnet_Final_10_Best,6q_5k,QSVC,full,0,L0,baseline_unoptimized,0.001,6,20,17408,2,0.9946666666666667,0.9945977654320335,0.9687739754174306,219.8871427490376,0.9634071859763935,220.850549935014
UNSW_2018_IoT_Botnet_Final_10_Best,6q_5k,QSVC,full,0,L0,baseline_unoptimized,0.001,6,21,18432,0,0.996,0.9959615546218488,0.9766394448969591,225.89618488994893,1.1105412669712678,227.0067261569202
UNSW_2018_IoT_Botnet_Final_10_Best,6q_5k,QSVC,full,0,L0,baseline_unoptimized,0.001,6,22,19456,1,0.9966666666666667,0.9966400755284308,0.9805571131969575,227.14895723410882,0.053808935917913914,227.20276617002673
UNSW_2018_IoT_Botnet_Final_10_Best,6q_5k,QSVC,full,0,L0,baseline_unoptimized,0.001,6,23,20480,2,0.998,0.997990503452285,0.9883629768056863,218.2888742450159,1.3531411370495334,219.64201538206544
UNSW_2018_IoT_Botnet_Final_10_Best,6q_5k,QSVC,full,0,L0,baseline_unoptimized,0.001,6,24,21504,0,0.9953333333333333,0.9952807936150397,0.9727117770954385,227.33675444603432,0.07577119302004576,227.41252563905437
UNSW_2018_IoT_Botnet_Final_10_Best,6q_5k,QSVC,full,0,L0,baseline_unoptimized,0.001,6,25,22528,1,0.9966666666666667,0.9966400755284308,0.9805571131969575,227.33386149292346,0.07394544896669686,227.40780694189016
UNSW_2018_IoT_Botnet_Final_10_Best,6q_5k,QSVC,full,0,L0,baseline_unoptimized,0.001,6,26,23552,2,0.9966666666666667,0.9966400755284308,0.9805571131969575,220.6355732450029,1.0391588700003922,221.67473211500328
UNSW_2018_IoT_Botnet_Final_10_Best,6q_5k,QSVC,full,0,L0,baseline_unoptimized,0.001,6,27,24576,0,0.9946666666666667,0.9946327660618205,0.9688072542805272,221.75500588107388,1.0665737070376053,222.8215795881115
UNSW_2018_IoT_Botnet_Final_10_Best,6q_5k,QSVC,full,0,L0,baseline_unoptimized,0.001,6,28,25600,1,0.9953333333333333,0.9952807936150397,0.9727117770954385,224.93776090699248,0.04668242100160569,224.9844433279941
UNSW_2018_IoT_Botnet_Final_10_Best,6q_5k,QSVC,full,0,L0,baseline_unoptimized,0.001,6,29,26624,2,0.9973333333333333,0.9973163830309103,0.9844649139608554,221.62914147099946,1.0265586180612445,222.6557000890607
UNSW_2018_IoT_Botnet_Final_10_Best,6q_5k,QSVC,full,0,L0,baseline_unoptimized,0.002,6,0,42,0,0.9966666666666667,0.9966400755284308,0.9805571131969575,212.01008987100795,1.6770287819672376,213.6871186529752
UNSW_2018_IoT_Botnet_Final_10_Best,6q_5k,QSVC,full,0,L0,baseline_unoptimized,0.002,6,1,123,1,0.996,0.996,0.976810219993713,222.4686786920065,0.734256258001551,223.20293495000806
UNSW_2018_IoT_Botnet_Final_10_Best,6q_5k,QSVC,full,0,L0,baseline_unoptimized,0.002,6,2,456,2,0.9973333333333333,0.9973163830309103,0.9844649139608554,225.42326600500382,0.0468201880576089,225.47008619306143
UNSW_2018_IoT_Botnet_Final_10_Best,6q_5k,QSVC,full,0,L0,baseline_unoptimized,0.002,6,3,789,0,0.998,0.997990503452285,0.9883629768056863,225.46466638799757,0.3449365620035678,225.80960295000114
UNSW_2018_IoT_Botnet_Final_10_Best,6q_5k,QSVC,full,0,L0,baseline_unoptimized,0.002,6,4,1024,1,0.9953333333333333,0.995340603358116,0.9730368435381365,222.84693400003016,0.7785624020034447,223.6254964020336
UNSW_2018_IoT_Botnet_Final_10_Best,6q_5k,QSVC,full,0,L0,baseline_unoptimized,0.002,6,5,2048,2,0.9926666666666667,0.9926081661625477,0.9569943361344565,225.44316143600736,0.06596820708364248,225.509129643091
UNSW_2018_IoT_Botnet_Final_10_Best,6q_5k,QSVC,full,0,L0,baseline_unoptimized,0.002,6,6,3072,0,0.996,0.9959615546218488,0.9766394448969591,224.47932667902205,0.06628646096214652,224.5456131399842
UNSW_2018_IoT_Botnet_Final_10_Best,6q_5k,QSVC,full,0,L0,baseline_unoptimized,0.002,6,7,4096,1,0.9913333333333333,0.9911476417483018,0.9489280789420477,224.477339553996,0.34054061595816165,224.81788016995415
UNSW_2018_IoT_Botnet_Final_10_Best,6q_5k,QSVC,full,0,L0,baseline_unoptimized,0.002,6,8,5120,2,0.9953333333333333,0.9952807936150397,0.9727117770954385,216.968466833001,1.4763189270161092,218.4447857600171
UNSW_2018_IoT_Botnet_Final_10_Best,6q_5k,QSVC,full,0,L0,baseline_unoptimized,0.002,6,9,6144,0,0.996,0.9959615546218488,0.9766394448969591,201.9669668279821,1.2376293649431318,203.20459619292524
UNSW_2018_IoT_Botnet_Final_10_Best,6q_5k,QSVC,full,0,L0,baseline_unoptimized,0.002,6,10,7168,1,0.9993333333333333,0.9993322865173985,0.9961303958175565,223.95904294704087,0.04667508299462497,224.0057180300355
UNSW_2018_IoT_Botnet_Final_10_Best,6q_5k,QSVC,full,0,L0,baseline_unoptimized,0.002,6,11,8192,2,0.9946666666666667,0.9945977654320335,0.9687739754174306,221.07202624203637,0.7844651560299098,221.85649139806628
UNSW_2018_IoT_Botnet_Final_10_Best,6q_5k,QSVC,full,0,L0,baseline_unoptimized,0.002,6,12,9216,0,0.9933333333333333,0.9932247972929835,0.9608674205030172,226.99840375594795,0.049462686059996486,227.04786644200794
UNSW_2018_IoT_Botnet_Final_10_Best,6q_5k,QSVC,full,0,L0,baseline_unoptimized,0.002,6,13,10240,1,0.9966666666666667,0.9966400755284308,0.9805571131969575,227.03237169492058,0.32508821110241115,227.357459906023
UNSW_2018_IoT_Botnet_Final_10_Best,6q_5k,QSVC,full,0,L0,baseline_unoptimized,0.002,6,14,11264,2,0.994,0.9940278220603231,0.9656024284882216,224.25615934398957,0.9741176210809499,225.23027696507052
UNSW_2018_IoT_Botnet_Final_10_Best,6q_5k,QSVC,full,0,L0,baseline_unoptimized,0.002,6,15,12288,0,0.996,0.9959615546218488,0.9766394448969591,211.72872595791705,1.2662019259296358,212.99492788384669
UNSW_2018_IoT_Botnet_Final_10_Best,6q_5k,QSVC,full,0,L0,baseline_unoptimized,0.002,6,16,13312,1,0.9946666666666667,0.994615406162465,0.968759465082397,223.84318707801867,0.740845720982179,224.58403279900085
UNSW_2018_IoT_Botnet_Final_10_Best,6q_5k,QSVC,full,0,L0,baseline_unoptimized,0.002,6,17,14336,2,0.9933333333333333,0.9932247972929835,0.9608674205030172,226.82513396302238,0.046341332024894655,226.87147529504728
UNSW_2018_IoT_Botnet_Final_10_Best,6q_5k,QSVC,full,0,L0,baseline_unoptimized,0.002,6,18,15360,0,0.998,0.997990503452285,0.9883629768056863,217.32644675299525,1.1416419410379604,218.4680886940332
UNSW_2018_IoT_Botnet_Final_10_Best,6q_5k,QSVC,full,0,L0,baseline_unoptimized,0.002,6,19,16384,1,0.996,0.9959615546218488,0.9766394448969591,225.58662701095454,1.2753899289527908,226.86201693990733
UNSW_2018_IoT_Botnet_Final_10_Best,6q_5k,QSVC,full,0,L0,baseline_unoptimized,0.002,6,20,17408,2,0.996,0.9959615546218488,0.9766394448969591,227.33142630406655,0.04277812200598419,227.37420442607254
UNSW_2018_IoT_Botnet_Final_10_Best,6q_5k,QSVC,full,0,L0,baseline_unoptimized,0.002,6,21,18432,0,0.9966666666666667,0.9966400755284308,0.9805571131969575,209.04814178100787,2.2125955099472776,211.26073729095515
UNSW_2018_IoT_Botnet_Final_10_Best,6q_5k,QSVC,full,0,L0,baseline_unoptimized,0.002,6,22,19456,1,0.9966666666666667,0.9966400755284308,0.9805571131969575,227.09285170899238,0.07675858691800386,227.1696102959104
UNSW_2018_IoT_Botnet_Final_10_Best,6q_5k,QSVC,full,0,L0,baseline_unoptimized,0.002,6,23,20480,2,0.998,0.997990503452285,0.9883629768056863,227.09206431207713,0.07579221902415156,227.16785653110128
UNSW_2018_IoT_Botnet_Final_10_Best,6q_5k,QSVC,full,0,L0,baseline_unoptimized,0.002,6,24,21504,0,0.9953333333333333,0.9952807936150397,0.9727117770954385,225.6286831049947,0.7341729589970782,226.36285606399179
UNSW_2018_IoT_Botnet_Final_10_Best,6q_5k,QSVC,full,0,L0,baseline_unoptimized,0.002,6,25,22528,1,0.9973333333333333,0.9973163830309103,0.9844649139608554,228.6701648660237,0.047087528044357896,228.71725239406805
UNSW_2018_IoT_Botnet_Final_10_Best,6q_5k,QSVC,full,0,L0,baseline_unoptimized,0.002,6,26,23552,2,0.9973333333333333,0.9973163830309103,0.9844649139608554,223.02159684093203,2.013327287044376,225.0349241279764
UNSW_2018_IoT_Botnet_Final_10_Best,6q_5k,QSVC,full,0,L0,baseline_unoptimized,0.002,6,27,24576,0,0.9946666666666667,0.9946327660618205,0.9688072542805272,226.17613731697202,0.3441056109732017,226.52024292794522
UNSW_2018_IoT_Botnet_Final_10_Best,6q_5k,QSVC,full,0,L0,baseline_unoptimized,0.002,6,28,25600,1,0.9953333333333333,0.9952807936150397,0.9727117770954385,223.22874734306242,1.0770010130945593,224.30574835615698
UNSW_2018_IoT_Botnet_Final_10_Best,6q_5k,QSVC,full,0,L0,baseline_unoptimized,0.002,6,29,26624,2,0.9973333333333333,0.9973163830309103,0.9844649139608554,226.11875431996305,0.06550206104293466,226.18425638100598
UNSW_2018_IoT_Botnet_Final_10_Best,6q_5k,QSVC,full,0,L0,baseline_unoptimized,0.005,6,0,42,0,0.996,0.9959615546218488,0.9766394448969591,209.8227394069545,1.3574913390912116,211.1802307460457
UNSW_2018_IoT_Botnet_Final_10_Best,6q_5k,QSVC,full,0,L0,baseline_unoptimized,0.005,6,1,123,1,0.9946666666666667,0.9946995122365017,0.9695754135797602,224.71302703290712,0.04625393601600081,224.75928096892312
UNSW_2018_IoT_Botnet_Final_10_Best,6q_5k,QSVC,full,0,L0,baseline_unoptimized,0.005,6,2,456,2,0.9926666666666667,0.9925348012232417,0.9568983858893686,216.31162473198492,0.7138979539740831,217.025522685959
UNSW_2018_IoT_Botnet_Final_10_Best,6q_5k,QSVC,full,0,L0,baseline_unoptimized,0.005,6,3,789,0,0.9946666666666667,0.994615406162465,0.968759465082397,224.15316385601182,0.740511940093711,224.89367579610553
UNSW_2018_IoT_Botnet_Final_10_Best,6q_5k,QSVC,full,0,L0,baseline_unoptimized,0.005,6,4,1024,1,0.9933333333333333,0.9933540232710586,0.9616190323650302,217.26560808205977,1.4341986660147086,218.69980674807448
UNSW_2018_IoT_Botnet_Final_10_Best,6q_5k,QSVC,full,0,L0,baseline_unoptimized,0.005,6,5,2048,2,0.9893333333333333,0.9891955308640671,0.9370447041354383,227.12303306593094,0.0474410600727424,227.17047412600368
UNSW_2018_IoT_Botnet_Final_10_Best,6q_5k,QSVC,full,0,L0,baseline_unoptimized,0.005,6,6,3072,0,0.994,0.9939124426101495,0.9648259030152229,223.97283166705165,0.7345787750091404,224.7074104420608
UNSW_2018_IoT_Botnet_Final_10_Best,6q_5k,QSVC,full,0,L0,baseline_unoptimized,0.005,6,7,4096,1,0.9893333333333333,0.9890485415818749,0.9368897701925781,222.46620415500365,0.28087356907781214,222.74707772408146
UNSW_2018_IoT_Botnet_Final_10_Best,6q_5k,QSVC,full,0,L0,baseline_unoptimized,0.005,6,8,5120,2,0.9953333333333333,0.9952807936150397,0.9727117770954385,226.99031813908368,0.047436896013095975,227.03775503509678
UNSW_2018_IoT_Botnet_Final_10_Best,6q_5k,QSVC,full,0,L0,baseline_unoptimized,0.005,6,9,6144,0,0.9926666666666667,0.9925348012232417,0.9568983858893686,225.70301889895927,0.10182582004927099,225.80484471900854
UNSW_2018_IoT_Botnet_Final_10_Best,6q_5k,QSVC,full,0,L0,baseline_unoptimized,0.005,6,10,7168,1,0.996,0.9959745745463654,0.9766360841206913,225.69327656109817,0.10113296296913177,225.7944095240673
UNSW_2018_IoT_Botnet_Final_10_Best,6q_5k,QSVC,full,0,L0,baseline_unoptimized,0.005,6,11,8192,2,0.994,0.9939124426101495,0.9648259030152229,225.63057698705234,0.062594244023785,225.69317123107612
UNSW_2018_IoT_Botnet_Final_10_Best,6q_5k,QSVC,full,0,L0,baseline_unoptimized,0.005,6,12,9216,0,0.9906666666666667,0.9904504197573457,0.9449265089561836,225.68809187004808,0.3423039619810879,226.03039583202917
UNSW_2018_IoT_Botnet_Final_10_Best,6q_5k,QSVC,full,0,L0,baseline_unoptimized,0.005,6,13,10240,1,0.9966666666666667,0.9966400755284308,0.9805571131969575,214.931563569,1.4480171259492636,216.37958069494925
UNSW_2018_IoT_Botnet_Final_10_Best,6q_5k,QSVC,full,0,L0,baseline_unoptimized,0.005,6,14,11264,2,0.9906666666666667,0.9907522173435044,0.9471327483613751,225.68981741007883,0.07078180892858654,225.76059921900742
UNSW_2018_IoT_Botnet_Final_10_Best,6q_5k,QSVC,full,0,L0,baseline_unoptimized,0.005,6,15,12288,0,0.996,0.9959615546218488,0.9766394448969591,225.79290010593832,0.07342665095347911,225.8663267568918
UNSW_2018_IoT_Botnet_Final_10_Best,6q_5k,QSVC,full,0,L0,baseline_unoptimized,0.005,6,16,13312,1,0.99,0.9897857404788099,0.9408594200314809,225.78136295895092,0.07570161309558898,225.8570645720465
UNSW_2018_IoT_Botnet_Final_10_Best,6q_5k,QSVC,full,0,L0,baseline_unoptimized,0.005,6,17,14336,2,0.9906666666666667,0.9904828300246521,0.9448779158901229,220.06668281392194,0.8632878479547799,220.92997066187672
UNSW_2018_IoT_Botnet_Final_10_Best,6q_5k,QSVC,full,0,L0,baseline_unoptimized,0.005,6,18,15360,0,0.996,0.9959615546218488,0.9766394448969591,225.4479510699166,0.34427042701281607,225.79222149692941
UNSW_2018_IoT_Botnet_Final_10_Best,6q_5k,QSVC,full,0,L0,baseline_unoptimized,0.005,6,19,16384,1,0.9933333333333333,0.9932472067900419,0.9608416575969325,225.43818760605063,0.0659667260479182,225.50415433209855
UNSW_2018_IoT_Botnet_Final_10_Best,6q_5k,QSVC,full,0,L0,baseline_unoptimized,0.005,6,20,17408,2,0.9926666666666667,0.9925348012232417,0.9568983858893686,221.34206853900105,0.9645004040794447,222.3065689430805
UNSW_2018_IoT_Botnet_Final_10_Best,6q_5k,QSVC,full,0,L0,baseline_unoptimized,0.005,6,21,18432,0,0.9966666666666667,0.9966400755284308,0.9805571131969575,223.11607346998062,1.1040754349669442,224.22014890494756
UNSW_2018_IoT_Botnet_Final_10_Best,6q_5k,QSVC,full,0,L0,baseline_unoptimized,0.005,6,22,19456,1,0.9933333333333333,0.9932247972929835,0.9608674205030172,222.99193980405107,0.9388276200043038,223.93076742405538
UNSW_2018_IoT_Botnet_Final_10_Best,6q_5k,QSVC,full,0,L0,baseline_unoptimized,0.005,6,23,20480,2,0.9973333333333333,0.9973249254980052,0.9844726035127892,226.29684718395583,0.04737422801554203,226.34422141197138
UNSW_2018_IoT_Botnet_Final_10_Best,6q_5k,QSVC,full,0,L0,baseline_unoptimized,0.005,6,24,21504,0,0.9946666666666667,0.9945977654320335,0.9687739754174306,225.34600004693493,0.0440771859139204,225.39007723284885
UNSW_2018_IoT_Botnet_Final_10_Best,6q_5k,QSVC,full,0,L0,baseline_unoptimized,0.005,6,25,22528,1,0.9953333333333333,0.9952807936150397,0.9727117770954385,222.37647428398486,0.720431113964878,223.09690539794974
UNSW_2018_IoT_Botnet_Final_10_Best,6q_5k,QSVC,full,0,L0,baseline_unoptimized,0.005,6,26,23552,2,0.9933333333333333,0.9932247972929835,0.9608674205030172,203.15456979395822,1.4898987469496205,204.64446854090784
UNSW_2018_IoT_Botnet_Final_10_Best,6q_5k,QSVC,full,0,L0,baseline_unoptimized,0.005,6,27,24576,0,0.9926666666666667,0.9925841042522053,0.9568997819326318,223.27265891397838,1.4375069789821282,224.7101658929605
UNSW_2018_IoT_Botnet_Final_10_Best,6q_5k,QSVC,full,0,L0,baseline_unoptimized,0.005,6,28,25600,1,0.994,0.9939124426101495,0.9648259030152229,225.2125989869237,0.07295899000018835,225.28555797692388
UNSW_2018_IoT_Botnet_Final_10_Best,6q_5k,QSVC,full,0,L0,baseline_unoptimized,0.005,6,29,26624,2,0.996,0.9959615546218488,0.9766394448969591,225.2177671439713,0.3260872580576688,225.54385440202896
UNSW_2018_IoT_Botnet_Final_10_Best,6q_5k,QSVC,full,0,L0,baseline_unoptimized,0.008,6,0,42,0,0.9866666666666667,0.986262829337937,0.9205937014497528,226.34536964597646,0.0471019649412483,226.3924716109177
UNSW_2018_IoT_Botnet_Final_10_Best,6q_5k,QSVC,full,0,L0,baseline_unoptimized,0.008,6,1,123,1,0.986,0.985795699423682,0.9170722259667676,220.499575032969,0.7446588750462979,221.2442339080153
UNSW_2018_IoT_Botnet_Final_10_Best,6q_5k,QSVC,full,0,L0,baseline_unoptimized,0.008,6,2,456,2,0.9853333333333333,0.9848891122717306,0.9123802260464837,217.36921944806818,0.9431167059810832,218.31233615404926
UNSW_2018_IoT_Botnet_Final_10_Best,6q_5k,QSVC,full,0,L0,baseline_unoptimized,0.008,6,3,789,0,0.9873333333333333,0.9870175911139836,0.9246627472072252,224.6259589160327,0.3922158069908619,225.01817472302355
UNSW_2018_IoT_Botnet_Final_10_Best,6q_5k,QSVC,full,0,L0,baseline_unoptimized,0.008,6,4,1024,1,0.9893333333333333,0.9893333333333333,0.9381605866499013,224.61818935594056,0.3959124160464853,225.01410177198704
UNSW_2018_IoT_Botnet_Final_10_Best,6q_5k,QSVC,full,0,L0,baseline_unoptimized,0.008,6,5,2048,2,0.9793333333333333,0.978669840525907,0.8752870929402085,224.5461738719605,0.10103898600209504,224.6472128579626
UNSW_2018_IoT_Botnet_Final_10_Best,6q_5k,QSVC,full,0,L0,baseline_unoptimized,0.008,6,6,3072,0,0.984,0.9835728123728126,0.9042718565389335,224.64552705106325,0.04665028105955571,224.6921773321228
UNSW_2018_IoT_Botnet_Final_10_Best,6q_5k,QSVC,full,0,L0,baseline_unoptimized,0.008,6,7,4096,1,0.9813333333333333,0.980415720998083,0.8876585458806096,220.99433287698776,1.0514224139042199,222.04575529089198
UNSW_2018_IoT_Botnet_Final_10_Best,6q_5k,QSVC,full,0,L0,baseline_unoptimized,0.008,6,8,5120,2,0.982,0.9814872502004385,0.8919353171845754,221.6122227240121,0.9638951199594885,222.5761178439716
UNSW_2018_IoT_Botnet_Final_10_Best,6q_5k,QSVC,full,0,L0,baseline_unoptimized,0.008,6,9,6144,0,0.9826666666666667,0.9819487413966473,0.8958711969571395,227.9646606760798,0.047111283987760544,228.01177196006756
UNSW_2018_IoT_Botnet_Final_10_Best,6q_5k,QSVC,full,0,L0,baseline_unoptimized,0.008,6,10,7168,1,0.9853333333333333,0.9851438549380922,0.913247750673944,224.73546310607344,1.080420312937349,225.8158834190108
UNSW_2018_IoT_Botnet_Final_10_Best,6q_5k,QSVC,full,0,L0,baseline_unoptimized,0.008,6,11,8192,2,0.9866666666666667,0.986262829337937,0.9205937014497528,224.67848176707048,1.043643546057865,225.72212531312834
UNSW_2018_IoT_Botnet_Final_10_Best,6q_5k,QSVC,full,0,L0,baseline_unoptimized,0.008,6,12,9216,0,0.982,0.9811504298377702,0.8918315961781297,224.49402141792234,1.0351387989940122,225.52916021691635
UNSW_2018_IoT_Botnet_Final_10_Best,6q_5k,QSVC,full,0,L0,baseline_unoptimized,0.008,6,13,10240,1,0.988,0.9877636386031243,0.9287964386557548,224.9783374989638,1.2195011149160564,226.19783861387987
UNSW_2018_IoT_Botnet_Final_10_Best,6q_5k,QSVC,full,0,L0,baseline_unoptimized,0.008,6,14,11264,2,0.9846666666666667,0.9845938598008525,0.9103261063346615,228.11489292699844,0.048763343016617,228.16365627001505
UNSW_2018_IoT_Botnet_Final_10_Best,6q_5k,QSVC,full,0,L0,baseline_unoptimized,0.008,6,15,12288,0,0.9866666666666667,0.9863106769773436,0.9205808133657558,210.84163277002517,1.2201494290493429,212.0617821990745
UNSW_2018_IoT_Botnet_Final_10_Best,6q_5k,QSVC,full,0,L0,baseline_unoptimized,0.008,6,16,13312,1,0.9773333333333334,0.9765641096156631,0.8627596473305231,226.24407588806935,0.05028955498710275,226.29436544305645
UNSW_2018_IoT_Botnet_Final_10_Best,6q_5k,QSVC,full,0,L0,baseline_unoptimized,0.008,6,17,14336,2,0.98,0.9792470760233919,0.8791550651911754,223.83338460302912,0.7312186768976972,224.5646032799268
UNSW_2018_IoT_Botnet_Final_10_Best,6q_5k,QSVC,full,0,L0,baseline_unoptimized,0.008,6,18,15360,0,0.9853333333333333,0.9847811890838206,0.9124991260213242,217.0679830609588,0.7142903519561514,217.78227341291495
UNSW_2018_IoT_Botnet_Final_10_Best,6q_5k,QSVC,full,0,L0,baseline_unoptimized,0.008,6,19,16384,1,0.9826666666666667,0.9820784367649188,0.895855515805139,226.07168083300348,0.05037742597050965,226.122058258974
UNSW_2018_IoT_Botnet_Final_10_Best,6q_5k,QSVC,full,0,L0,baseline_unoptimized,0.008,6,20,17408,2,0.9846666666666667,0.9840606234889392,0.9083913392227081,223.12529760005418,0.7408902789466083,223.8661878790008
UNSW_2018_IoT_Botnet_Final_10_Best,6q_5k,QSVC,full,0,L0,baseline_unoptimized,0.008,6,21,18432,0,0.9913333333333333,0.9911774923547401,0.9488852353409548,224.16032455000095,1.014690913958475,225.17501546395943
UNSW_2018_IoT_Botnet_Final_10_Best,6q_5k,QSVC,full,0,L0,baseline_unoptimized,0.008,6,22,19456,1,0.9833333333333333,0.9829178830447154,0.9002861808996813,227.36384563602041,0.051624939078465104,227.41547057509888
UNSW_2018_IoT_Botnet_Final_10_Best,6q_5k,QSVC,full,0,L0,baseline_unoptimized,0.008,6,23,20480,2,0.9846666666666667,0.9843381354008417,0.9085847843892142,223.6922827179078,1.0232611099490896,224.7155438278569
UNSW_2018_IoT_Botnet_Final_10_Best,6q_5k,QSVC,full,0,L0,baseline_unoptimized,0.008,6,24,21504,0,0.988,0.9876365464041434,0.928807176853022,226.65024429908954,0.07782393204979599,226.72806823113933
UNSW_2018_IoT_Botnet_Final_10_Best,6q_5k,QSVC,full,0,L0,baseline_unoptimized,0.008,6,25,22528,1,0.9833333333333333,0.9827982584886344,0.9000176848873097,223.50692122394685,1.227796231978573,224.73471745592542
UNSW_2018_IoT_Botnet_Final_10_Best,6q_5k,QSVC,full,0,L0,baseline_unoptimized,0.008,6,26,23552,2,0.9846666666666667,0.9843381354008417,0.9085847843892142,226.6546155369142,0.37550047400873154,227.03011601092294
UNSW_2018_IoT_Botnet_Final_10_Best,6q_5k,QSVC,full,0,L0,baseline_unoptimized,0.008,6,27,24576,0,0.9853333333333333,0.984941744675078,0.9124263349523447,226.47168632911053,0.07239531492814422,226.54408164403867
UNSW_2018_IoT_Botnet_Final_10_Best,6q_5k,QSVC,full,0,L0,baseline_unoptimized,0.008,6,28,25600,1,0.9846666666666667,0.9840606234889392,0.9083913392227081,218.85982555395458,1.4110167101025581,220.27084226405714
UNSW_2018_IoT_Botnet_Final_10_Best,6q_5k,QSVC,full,0,L0,baseline_unoptimized,0.008,6,29,26624,2,0.9833333333333333,0.9826111831512744,0.9001375669755347,226.46845894597936,0.3616099120117724,226.83006885799114
UNSW_2018_IoT_Botnet_Final_10_Best,6q_5k,QSVC,full,0,L0,baseline_unoptimized,0.01,6,0,42,0,0.9846666666666667,0.9842844524011382,0.9084117030021959,227.88088728510775,0.08140104601625353,227.962288331124
UNSW_2018_IoT_Botnet_Final_10_Best,6q_5k,QSVC,full,0,L0,baseline_unoptimized,0.01,6,1,123,1,0.9833333333333333,0.9829762341313497,0.9005161254786475,227.88154021801893,0.38044479594100267,228.26198501395993
UNSW_2018_IoT_Botnet_Final_10_Best,6q_5k,QSVC,full,0,L0,baseline_unoptimized,0.01,6,2,456,2,0.978,0.9774516056190244,0.8677840924896227,208.8348296181066,1.1978283970383927,210.032658015145
UNSW_2018_IoT_Botnet_Final_10_Best,6q_5k,QSVC,full,0,L0,baseline_unoptimized,0.01,6,3,789,0,0.9826666666666667,0.982384472961757,0.8969803130178182,224.01925298792776,1.9056335050845519,225.9248864930123
UNSW_2018_IoT_Botnet_Final_10_Best,6q_5k,QSVC,full,0,L0,baseline_unoptimized,0.01,6,4,1024,1,0.9873333333333333,0.9871907255265365,0.9252757916070182,229.23205813695677,0.05196783994324505,229.2840259769
UNSW_2018_IoT_Botnet_Final_10_Best,6q_5k,QSVC,full,0,L0,baseline_unoptimized,0.01,6,5,2048,2,0.98,0.979321273190291,0.8793075815678311,223.1460455300985,0.9615764360642061,224.1076219661627
UNSW_2018_IoT_Botnet_Final_10_Best,6q_5k,QSVC,full,0,L0,baseline_unoptimized,0.01,6,6,3072,0,0.8973333333333333,0.9114114200874764,0.6325627925373901,222.50817589799408,1.0604294249787927,223.56860532297287
UNSW_2018_IoT_Botnet_Final_10_Best,6q_5k,QSVC,full,0,L0,baseline_unoptimized,0.01,6,7,4096,1,0.9746666666666667,0.9738993757420802,0.8466724228203303,228.45009684399702,0.055537480977363884,228.50563432497438
UNSW_2018_IoT_Botnet_Final_10_Best,6q_5k,QSVC,full,0,L0,baseline_unoptimized,0.01,6,8,5120,2,0.976,0.9751855278283492,0.8544856802118692,224.05697242799215,0.3301952569745481,224.3871676849667
UNSW_2018_IoT_Botnet_Final_10_Best,6q_5k,QSVC,full,0,L0,baseline_unoptimized,0.01,6,9,6144,0,0.9813333333333333,0.9804885644768856,0.8875261579629351,226.38633589295205,0.39607895899098366,226.78241485194303
UNSW_2018_IoT_Botnet_Final_10_Best,6q_5k,QSVC,full,0,L0,baseline_unoptimized,0.01,6,10,7168,1,0.976,0.9761478050642576,0.8626813009207533,226.37656753195915,0.3979932740330696,226.77456080599222
UNSW_2018_IoT_Botnet_Final_10_Best,6q_5k,QSVC,full,0,L0,baseline_unoptimized,0.01,6,11,8192,2,0.9813333333333333,0.9807679610731117,0.8877397998366762,226.31917822605465,0.0973911180626601,226.4165693441173
UNSW_2018_IoT_Botnet_Final_10_Best,6q_5k,QSVC,full,0,L0,baseline_unoptimized,0.01,6,12,9216,0,0.982,0.9811504298377702,0.8918315961781297,202.4060503829969,1.961469245958142,204.36751962895505
UNSW_2018_IoT_Botnet_Final_10_Best,6q_5k,QSVC,full,0,L0,baseline_unoptimized,0.01,6,13,10240,1,0.986,0.9858423808451195,0.9173697940256148,223.28430967405438,0.38060882093850523,223.6649184949929
UNSW_2018_IoT_Botnet_Final_10_Best,6q_5k,QSVC,full,0,L0,baseline_unoptimized,0.01,6,14,11264,2,0.966,0.9639868314841488,0.7882103489838631,223.28425190493,0.07913668395485729,223.36338858888485
UNSW_2018_IoT_Botnet_Final_10_Best,6q_5k,QSVC,full,0,L0,baseline_unoptimized,0.01,6,15,12288,0,0.9653333333333334,0.9659543398957108,0.8070997848362029,227.37194336403627,0.11838338593952358,227.4903267499758
UNSW_2018_IoT_Botnet_Final_10_Best,6q_5k,QSVC,full,0,L0,baseline_unoptimized,0.01,6,16,13312,1,0.9733333333333334,0.9724283642537213,0.8379377459745613,225.493092661025,1.5274295469280332,227.02052220795304
UNSW_2018_IoT_Botnet_Final_10_Best,6q_5k,QSVC,full,0,L0,baseline_unoptimized,0.01,6,17,14336,2,0.9766666666666667,0.9755653720119243,0.8578380659703387,227.3642588830553,0.11695327400229871,227.4812121570576
UNSW_2018_IoT_Botnet_Final_10_Best,6q_5k,QSVC,full,0,L0,baseline_unoptimized,0.01,6,18,15360,0,0.9726666666666667,0.9722677941129029,0.8374827642193422,213.1848620250821,1.2910102850291878,214.4758723101113
UNSW_2018_IoT_Botnet_Final_10_Best,6q_5k,QSVC,full,0,L0,baseline_unoptimized,0.01,6,19,16384,1,0.9813333333333333,0.9806306042884989,0.8874910803987126,227.02523791696876,0.08992196503095329,227.11515988199972
UNSW_2018_IoT_Botnet_Final_10_Best,6q_5k,QSVC,full,0,L0,baseline_unoptimized,0.01,6,20,17408,2,0.9766666666666667,0.9756556564117844,0.8579768201117118,227.01436964597087,0.08627262397203594,227.1006422699429
UNSW_2018_IoT_Botnet_Final_10_Best,6q_5k,QSVC,full,0,L0,baseline_unoptimized,0.01,6,21,18432,0,0.978,0.9782343538620012,0.8754959908621548,227.94348816596903,0.08457114198245108,228.02805930795148
UNSW_2018_IoT_Botnet_Final_10_Best,6q_5k,QSVC,full,0,L0,baseline_unoptimized,0.01,6,22,19456,1,0.9706666666666667,0.9705741804780573,0.8288960925829721,227.9347638009349,0.36375033005606383,228.29851413099095
UNSW_2018_IoT_Botnet_Final_10_Best,6q_5k,QSVC,full,0,L0,baseline_unoptimized,0.01,6,23,20480,2,0.978,0.9776044036697248,0.868753729856818,220.4761580179911,1.139100207015872,221.61525822500698
UNSW_2018_IoT_Botnet_Final_10_Best,6q_5k,QSVC,full,0,L0,baseline_unoptimized,0.01,6,24,21504,0,0.984,0.9835153952055244,0.9041667506432145,219.7432023549918,0.7556782210012898,220.4988805759931
UNSW_2018_IoT_Botnet_Final_10_Best,6q_5k,QSVC,full,0,L0,baseline_unoptimized,0.01,6,25,22528,1,0.9786666666666667,0.9779426914029772,0.8710336144491772,226.0764018689515,0.7388943600235507,226.81529622897506
UNSW_2018_IoT_Botnet_Final_10_Best,6q_5k,QSVC,full,0,L0,baseline_unoptimized,0.01,6,26,23552,2,0.9773333333333334,0.9768868729170126,0.8644705297182822,229.0406317349989,0.05422051204368472,229.09485224704258
UNSW_2018_IoT_Botnet_Final_10_Best,6q_5k,QSVC,full,0,L0,baseline_unoptimized,0.01,6,27,24576,0,0.986,0.9856011946003411,0.9164866985435666,227.38739563792478,0.6523945759981871,228.03979021392297
UNSW_2018_IoT_Botnet_Final_10_Best,6q_5k,QSVC,full,0,L0,baseline_unoptimized,0.01,6,28,25600,1,0.9713333333333334,0.971104649544504,0.8313261918011179,227.26175876299385,0.10427021293435246,227.3660289759282
UNSW_2018_IoT_Botnet_Final_10_Best,6q_5k,QSVC,full,0,L0,baseline_unoptimized,0.01,6,29,26624,2,0.9726666666666667,0.9723589340309474,0.838309818211581,227.28639123006724,0.37605051998980343,227.66244175005704
UNSW_2018_IoT_Botnet_Final_10_Best,6q_5k,QSVC,full,0,L0,baseline_unoptimized,0.02,6,0,42,0,0.09533333333333334,0.016594846824913773,0.0,228.58411980804522,0.36518927197903395,228.94930908002425
UNSW_2018_IoT_Botnet_Final_10_Best,6q_5k,QSVC,full,0,L0,baseline_unoptimized,0.02,6,1,123,1,0.09533333333333334,0.016594846824913773,0.0,228.52042655006517,0.09267498704139143,228.61310153710656
UNSW_2018_IoT_Botnet_Final_10_Best,6q_5k,QSVC,full,0,L0,baseline_unoptimized,0.02,6,2,456,2,0.09533333333333334,0.016594846824913773,0.0,228.59532148507424,0.6458421850111336,229.24116367008537
UNSW_2018_IoT_Botnet_Final_10_Best,6q_5k,QSVC,full,0,L0,baseline_unoptimized,0.02,6,3,789,0,0.09533333333333334,0.016594846824913773,0.0,224.811651048949,1.104079245007597,225.91573029395659
UNSW_2018_IoT_Botnet_Final_10_Best,6q_5k,QSVC,full,0,L0,baseline_unoptimized,0.02,6,4,1024,1,0.09533333333333334,0.016594846824913773,0.0,228.05151483695954,0.055404376005753875,228.1069192129653
UNSW_2018_IoT_Botnet_Final_10_Best,6q_5k,QSVC,full,0,L0,baseline_unoptimized,0.02,6,5,2048,2,0.09533333333333334,0.016594846824913773,0.0,224.76932867697906,1.0397705399664119,225.80909921694547
UNSW_2018_IoT_Botnet_Final_10_Best,6q_5k,QSVC,full,0,L0,baseline_unoptimized,0.02,6,6,3072,0,0.09533333333333334,0.016594846824913773,0.0,226.29947253502905,0.4005906330421567,226.7000631680712
UNSW_2018_IoT_Botnet_Final_10_Best,6q_5k,QSVC,full,0,L0,baseline_unoptimized,0.02,6,7,4096,1,0.09533333333333334,0.016594846824913773,0.0,226.29119837097824,0.40542265493422747,226.69662102591246
UNSW_2018_IoT_Botnet_Final_10_Best,6q_5k,QSVC,full,0,L0,baseline_unoptimized,0.02,6,8,5120,2,0.09533333333333334,0.016594846824913773,0.0,226.29038148990367,0.10368182405363768,226.3940633139573
UNSW_2018_IoT_Botnet_Final_10_Best,6q_5k,QSVC,full,0,L0,baseline_unoptimized,0.02,6,9,6144,0,0.09533333333333334,0.016594846824913773,0.0,220.05104707495775,2.0911698719719425,222.1422169469297
UNSW_2018_IoT_Botnet_Final_10_Best,6q_5k,QSVC,full,0,L0,baseline_unoptimized,0.02,6,10,7168,1,0.09533333333333334,0.016594846824913773,0.0,227.1694006699836,0.056803568033501506,227.2262042380171
UNSW_2018_IoT_Botnet_Final_10_Best,6q_5k,QSVC,full,0,L0,baseline_unoptimized,0.02,6,11,8192,2,0.09533333333333334,0.016594846824913773,0.0,224.58587163104676,0.7359010450309142,225.32177267607767
UNSW_2018_IoT_Botnet_Final_10_Best,6q_5k,QSVC,full,0,L0,baseline_unoptimized,0.02,6,12,9216,0,0.09533333333333334,0.016594846824913773,0.0,225.89414283796214,0.1148015740327537,226.0089444119949
UNSW_2018_IoT_Botnet_Final_10_Best,6q_5k,QSVC,full,0,L0,baseline_unoptimized,0.02,6,13,10240,1,0.09533333333333334,0.016594846824913773,0.0,224.2005751769757,1.4773689460707828,225.67794412304647
UNSW_2018_IoT_Botnet_Final_10_Best,6q_5k,QSVC,full,0,L0,baseline_unoptimized,0.02,6,14,11264,2,0.09533333333333334,0.016594846824913773,0.0,225.80120491795242,0.11771329899784178,225.91891821695026
UNSW_2018_IoT_Botnet_Final_10_Best,6q_5k,QSVC,full,0,L0,baseline_unoptimized,0.02,6,15,12288,0,0.09533333333333334,0.016594846824913773,0.0,226.81682209402788,0.0522655249806121,226.8690876190085
UNSW_2018_IoT_Botnet_Final_10_Best,6q_5k,QSVC,full,0,L0,baseline_unoptimized,0.02,6,16,13312,1,0.09533333333333334,0.016594846824913773,0.0,223.10272287204862,0.9995451109716669,224.10226798302028
UNSW_2018_IoT_Botnet_Final_10_Best,6q_5k,QSVC,full,0,L0,baseline_unoptimized,0.02,6,17,14336,2,0.09533333333333334,0.016594846824913773,0.0,223.5635023789946,1.375861273962073,224.93936365295667
UNSW_2018_IoT_Botnet_Final_10_Best,6q_5k,QSVC,full,0,L0,baseline_unoptimized,0.02,6,18,15360,0,0.09533333333333334,0.016594846824913773,0.0,228.6401972649619,0.35964532394427806,228.99984258890618
UNSW_2018_IoT_Botnet_Final_10_Best,6q_5k,QSVC,full,0,L0,baseline_unoptimized,0.02,6,19,16384,1,0.09533333333333334,0.016594846824913773,0.0,221.92821525607724,1.1266327520133927,223.05484800809063
UNSW_2018_IoT_Botnet_Final_10_Best,6q_5k,QSVC,full,0,L0,baseline_unoptimized,0.02,6,20,17408,2,0.09533333333333334,0.016594846824913773,0.0,228.5599973909557,0.07947518199216574,228.63947257294785
UNSW_2018_IoT_Botnet_Final_10_Best,6q_5k,QSVC,full,0,L0,baseline_unoptimized,0.02,6,21,18432,0,0.09533333333333334,0.016594846824913773,0.0,222.15942803001963,0.9862562390044332,223.14568426902406
UNSW_2018_IoT_Botnet_Final_10_Best,6q_5k,QSVC,full,0,L0,baseline_unoptimized,0.02,6,22,19456,1,0.09533333333333334,0.016594846824913773,0.0,228.3286882370012,0.055680610006675124,228.38436884700786
UNSW_2018_IoT_Botnet_Final_10_Best,6q_5k,QSVC,full,0,L0,baseline_unoptimized,0.02,6,23,20480,2,0.09533333333333334,0.016594846824913773,0.0,223.38025001401547,1.5670039809774607,224.94725399499293
UNSW_2018_IoT_Botnet_Final_10_Best,6q_5k,QSVC,full,0,L0,baseline_unoptimized,0.02,6,24,21504,0,0.09533333333333334,0.016594846824913773,0.0,225.46443890605588,0.729837009916082,226.19427591597196
UNSW_2018_IoT_Botnet_Final_10_Best,6q_5k,QSVC,full,0,L0,baseline_unoptimized,0.02,6,25,22528,1,0.09533333333333334,0.016594846824913773,0.0,228.38357780396473,0.05573859706055373,228.43931640102528
UNSW_2018_IoT_Botnet_Final_10_Best,6q_5k,QSVC,full,0,L0,baseline_unoptimized,0.02,6,26,23552,2,0.09533333333333334,0.016594846824913773,0.0,219.04865277698264,1.057963236933574,220.1066160139162
UNSW_2018_IoT_Botnet_Final_10_Best,6q_5k,QSVC,full,0,L0,baseline_unoptimized,0.02,6,27,24576,0,0.09533333333333334,0.016594846824913773,0.0,223.46433788596187,1.6732979329535738,225.13763581891544
UNSW_2018_IoT_Botnet_Final_10_Best,6q_5k,QSVC,full,0,L0,baseline_unoptimized,0.02,6,28,25600,1,0.09533333333333334,0.016594846824913773,0.0,228.40742011601105,0.05567491601686925,228.46309503202792
UNSW_2018_IoT_Botnet_Final_10_Best,6q_5k,QSVC,full,0,L0,baseline_unoptimized,0.02,6,29,26624,2,0.09533333333333334,0.016594846824913773,0.0,222.16496329801157,1.1162873739376664,223.28125067194924
UNSW_2018_IoT_Botnet_Final_10_Best,6q_5k,QSVC,full,0,L0,baseline_unoptimized,0.05,6,0,42,0,0.09533333333333334,0.016594846824913773,0.0,225.97894891607575,0.6533899079076946,226.63233882398345
UNSW_2018_IoT_Botnet_Final_10_Best,6q_5k,QSVC,full,0,L0,baseline_unoptimized,0.05,6,1,123,1,0.09533333333333334,0.016594846824913773,0.0,225.91508325806353,0.09349034097976983,226.0085735990433
UNSW_2018_IoT_Botnet_Final_10_Best,6q_5k,QSVC,full,0,L0,baseline_unoptimized,0.05,6,2,456,2,0.09533333333333334,0.016594846824913773,0.0,225.91963718400802,0.37837951397523284,226.29801669798326
UNSW_2018_IoT_Botnet_Final_10_Best,6q_5k,QSVC,full,0,L0,baseline_unoptimized,0.05,6,3,789,0,0.09533333333333334,0.016594846824913773,0.0,225.49664117605425,0.05161854100879282,225.54825971706305
UNSW_2018_IoT_Botnet_Final_10_Best,6q_5k,QSVC,full,0,L0,baseline_unoptimized,0.05,6,4,1024,1,0.09533333333333334,0.016594846824913773,0.0,223.61288824502844,1.3626536440569907,224.97554188908543
UNSW_2018_IoT_Botnet_Final_10_Best,6q_5k,QSVC,full,0,L0,baseline_unoptimized,0.05,6,5,2048,2,0.09533333333333334,0.016594846824913773,0.0,214.57761846401263,1.468662592000328,216.04628105601296
UNSW_2018_IoT_Botnet_Final_10_Best,6q_5k,QSVC,full,0,L0,baseline_unoptimized,0.05,6,6,3072,0,0.09533333333333334,0.016594846824913773,0.0,224.75597599998582,1.085651122033596,225.84162712201942
UNSW_2018_IoT_Botnet_Final_10_Best,6q_5k,QSVC,full,0,L0,baseline_unoptimized,0.05,6,7,4096,1,0.09533333333333334,0.016594846824913773,0.0,224.7589365800377,1.0846646319841966,225.8436012120219
UNSW_2018_IoT_Botnet_Final_10_Best,6q_5k,QSVC,full,0,L0,baseline_unoptimized,0.05,6,8,5120,2,0.09533333333333334,0.016594846824913773,0.0,227.98563308501616,0.05859604093711823,228.04422912595328
UNSW_2018_IoT_Botnet_Final_10_Best,6q_5k,QSVC,full,0,L0,baseline_unoptimized,0.05,6,9,6144,0,0.09533333333333334,0.016594846824913773,0.0,222.81314919597935,0.283775347052142,223.0969245430315
UNSW_2018_IoT_Botnet_Final_10_Best,6q_5k,QSVC,full,0,L0,baseline_unoptimized,0.05,6,10,7168,1,0.09533333333333334,0.016594846824913773,0.0,220.68763738800772,1.0207881449023262,221.70842553291004
UNSW_2018_IoT_Botnet_Final_10_Best,6q_5k,QSVC,full,0,L0,baseline_unoptimized,0.05,6,11,8192,2,0.09533333333333334,0.016594846824913773,0.0,226.7543399289716,0.05514290893916041,226.80948283791076
UNSW_2018_IoT_Botnet_Final_10_Best,6q_5k,QSVC,full,0,L0,baseline_unoptimized,0.05,6,12,9216,0,0.09533333333333334,0.016594846824913773,0.0,221.7571253660135,1.3520292260218412,223.10915459203534
UNSW_2018_IoT_Botnet_Final_10_Best,6q_5k,QSVC,full,0,L0,baseline_unoptimized,0.05,6,13,10240,1,0.09533333333333334,0.016594846824913773,0.0,208.17819185392,0.7470662710256875,208.92525812494569
UNSW_2018_IoT_Botnet_Final_10_Best,6q_5k,QSVC,full,0,L0,baseline_unoptimized,0.05,6,14,11264,2,0.09533333333333334,0.016594846824913773,0.0,226.4825608789688,0.0522067149868235,226.53476759395562
UNSW_2018_IoT_Botnet_Final_10_Best,6q_5k,QSVC,full,0,L0,baseline_unoptimized,0.05,6,15,12288,0,0.09533333333333334,0.016594846824913773,0.0,223.59380211902317,1.413310082978569,225.00711220200174
UNSW_2018_IoT_Botnet_Final_10_Best,6q_5k,QSVC,full,0,L0,baseline_unoptimized,0.05,6,16,13312,1,0.09533333333333334,0.016594846824913773,0.0,225.11251443403307,0.11125912505667657,225.22377355908975
UNSW_2018_IoT_Botnet_Final_10_Best,6q_5k,QSVC,full,0,L0,baseline_unoptimized,0.05,6,17,14336,2,0.09533333333333334,0.016594846824913773,0.0,225.0916525539942,0.10549217707011849,225.19714473106433
UNSW_2018_IoT_Botnet_Final_10_Best,6q_5k,QSVC,full,0,L0,baseline_unoptimized,0.05,6,18,15360,0,0.09533333333333334,0.016594846824913773,0.0,225.73707147303503,0.09068103705067188,225.8277525100857
UNSW_2018_IoT_Botnet_Final_10_Best,6q_5k,QSVC,full,0,L0,baseline_unoptimized,0.05,6,19,16384,1,0.09533333333333334,0.016594846824913773,0.0,215.0534820809262,1.5959302190458402,216.64941229997203
UNSW_2018_IoT_Botnet_Final_10_Best,6q_5k,QSVC,full,0,L0,baseline_unoptimized,0.05,6,20,17408,2,0.09533333333333334,0.016594846824913773,0.0,225.73519529192708,0.09218661696650088,225.82738190889359
UNSW_2018_IoT_Botnet_Final_10_Best,6q_5k,QSVC,full,0,L0,baseline_unoptimized,0.05,6,21,18432,0,0.09533333333333334,0.016594846824913773,0.0,226.6765107450774,0.08521287108305842,226.76172361616045
UNSW_2018_IoT_Botnet_Final_10_Best,6q_5k,QSVC,full,0,L0,baseline_unoptimized,0.05,6,22,19456,1,0.09533333333333334,0.016594846824913773,0.0,214.42832402093336,1.349675436038524,215.77799945697188
UNSW_2018_IoT_Botnet_Final_10_Best,6q_5k,QSVC,full,0,L0,baseline_unoptimized,0.05,6,23,20480,2,0.09533333333333334,0.016594846824913773,0.0,226.66892558394466,0.08458880800753832,226.7535143919522
UNSW_2018_IoT_Botnet_Final_10_Best,6q_5k,QSVC,full,0,L0,baseline_unoptimized,0.05,6,24,21504,0,0.09533333333333334,0.016594846824913773,0.0,221.56102813396137,1.9068233340512961,223.46785146801267
UNSW_2018_IoT_Botnet_Final_10_Best,6q_5k,QSVC,full,0,L0,baseline_unoptimized,0.05,6,25,22528,1,0.09533333333333334,0.016594846824913773,0.0,225.54580574505962,0.8359596990048885,226.3817654440645
UNSW_2018_IoT_Botnet_Final_10_Best,6q_5k,QSVC,full,0,L0,baseline_unoptimized,0.05,6,26,23552,2,0.09533333333333334,0.016594846824913773,0.0,226.50410444801673,0.33557505905628204,226.83967950707301
UNSW_2018_IoT_Botnet_Final_10_Best,6q_5k,QSVC,full,0,L0,baseline_unoptimized,0.05,6,27,24576,0,0.09533333333333334,0.016594846824913773,0.0,209.4145343330456,1.4565645930124447,210.87109892605804
UNSW_2018_IoT_Botnet_Final_10_Best,6q_5k,QSVC,full,0,L0,baseline_unoptimized,0.05,6,28,25600,1,0.09533333333333334,0.016594846824913773,0.0,225.58786019403487,0.36396700399927795,225.95182719803415
UNSW_2018_IoT_Botnet_Final_10_Best,6q_5k,QSVC,full,0,L0,baseline_unoptimized,0.05,6,29,26624,2,0.09533333333333334,0.016594846824913773,0.0,225.54238335497212,0.08074802404735237,225.62313137901947
UNSW_2018_IoT_Botnet_Final_10_Best,6q_5k,QSVC,full,3,L3,qiskit_heavy,0.0,6,0,42,0,0.9966666666666667,0.9966400755284308,0.9805571131969575,275.23077959602233,0.08030397805850953,275.31108357408084
UNSW_2018_IoT_Botnet_Final_10_Best,6q_5k,QSVC,full,3,L3,qiskit_heavy,0.0,6,1,123,1,0.996,0.996,0.976810219993713,270.3784345430322,1.2358982510631904,271.6143327940954
UNSW_2018_IoT_Botnet_Final_10_Best,6q_5k,QSVC,full,3,L3,qiskit_heavy,0.0,6,2,456,2,0.996,0.9959615546218488,0.9766394448969591,275.0397994800005,0.33991950808558613,275.3797189880861
UNSW_2018_IoT_Botnet_Final_10_Best,6q_5k,QSVC,full,3,L3,qiskit_heavy,0.0,6,3,789,0,0.9973333333333333,0.9973163830309103,0.9844649139608554,271.6694336310029,0.3665245820302516,272.03595821303315
UNSW_2018_IoT_Botnet_Final_10_Best,6q_5k,QSVC,full,3,L3,qiskit_heavy,0.0,6,4,1024,1,0.9953333333333333,0.995340603358116,0.9730368435381365,271.38601914804894,0.10371129505801946,271.48973044310696
UNSW_2018_IoT_Botnet_Final_10_Best,6q_5k,QSVC,full,3,L3,qiskit_heavy,0.0,6,5,2048,2,0.9926666666666667,0.9926081661625477,0.9569943361344565,271.93162565201055,0.3637639150256291,272.2953895670362
UNSW_2018_IoT_Botnet_Final_10_Best,6q_5k,QSVC,full,3,L3,qiskit_heavy,0.0,6,6,3072,0,0.996,0.9959615546218488,0.9766394448969591,269.31676718208473,1.0678579730447382,270.38462515512947
UNSW_2018_IoT_Botnet_Final_10_Best,6q_5k,QSVC,full,3,L3,qiskit_heavy,0.0,6,7,4096,1,0.9906666666666667,0.9904504197573457,0.9449265089561836,275.1186114869779,0.07883957703597844,275.1974510640139
UNSW_2018_IoT_Botnet_Final_10_Best,6q_5k,QSVC,full,3,L3,qiskit_heavy,0.0,6,8,5120,2,0.9953333333333333,0.9952807936150397,0.9727117770954385,275.1597537699854,0.07624081207904965,275.23599458206445
UNSW_2018_IoT_Botnet_Final_10_Best,6q_5k,QSVC,full,3,L3,qiskit_heavy,0.0,6,9,6144,0,0.996,0.9959615546218488,0.9766394448969591,271.8370235610055,0.09857777901925147,271.93560134002473
UNSW_2018_IoT_Botnet_Final_10_Best,6q_5k,QSVC,full,3,L3,qiskit_heavy,0.0,6,10,7168,1,0.9993333333333333,0.9993322865173985,0.9961303958175565,272.40734024206176,0.34302218293305486,272.7503624249948
UNSW_2018_IoT_Botnet_Final_10_Best,6q_5k,QSVC,full,3,L3,qiskit_heavy,0.0,6,11,8192,2,0.9946666666666667,0.9945977654320335,0.9687739754174306,272.407451011939,0.3544207529630512,272.761871764902
UNSW_2018_IoT_Botnet_Final_10_Best,6q_5k,QSVC,full,3,L3,qiskit_heavy,0.0,6,12,9216,0,0.9933333333333333,0.9932247972929835,0.9608674205030172,270.1972791540902,1.0302162349689752,271.2274953890592
UNSW_2018_IoT_Botnet_Final_10_Best,6q_5k,QSVC,full,3,L3,qiskit_heavy,0.0,6,13,10240,1,0.9966666666666667,0.9966400755284308,0.9805571131969575,277.2259263260057,0.07728607603348792,277.3032124020392
UNSW_2018_IoT_Botnet_Final_10_Best,6q_5k,QSVC,full,3,L3,qiskit_heavy,0.0,6,14,11264,2,0.9946666666666667,0.9946832186168468,0.9693011272631611,277.0898693529889,0.3410087409429252,277.4308780939318
UNSW_2018_IoT_Botnet_Final_10_Best,6q_5k,QSVC,full,3,L3,qiskit_heavy,0.0,6,15,12288,0,0.996,0.9959615546218488,0.9766394448969591,272.550179703976,0.36098924290854484,272.9111689468846
UNSW_2018_IoT_Botnet_Final_10_Best,6q_5k,QSVC,full,3,L3,qiskit_heavy,0.0,6,16,13312,1,0.9946666666666667,0.994615406162465,0.968759465082397,271.7886962189805,0.05882203904911876,271.8475182580296
UNSW_2018_IoT_Botnet_Final_10_Best,6q_5k,QSVC,full,3,L3,qiskit_heavy,0.0,6,17,14336,2,0.9933333333333333,0.9932247972929835,0.9608674205030172,272.4143044600496,0.3709079009713605,272.78521236102097
UNSW_2018_IoT_Botnet_Final_10_Best,6q_5k,QSVC,full,3,L3,qiskit_heavy,0.0,6,18,15360,0,0.9973333333333333,0.9973163830309103,0.9844649139608554,273.6854659820674,1.0161874149926007,274.70165339706
UNSW_2018_IoT_Botnet_Final_10_Best,6q_5k,QSVC,full,3,L3,qiskit_heavy,0.0,6,19,16384,1,0.9946666666666667,0.9945977654320335,0.9687739754174306,279.62912046792917,0.30085898796096444,279.92997945589013
UNSW_2018_IoT_Botnet_Final_10_Best,6q_5k,QSVC,full,3,L3,qiskit_heavy,0.0,6,20,17408,2,0.994,0.9939124426101495,0.9648259030152229,279.0875430901069,0.4982301240088418,279.58577321411576
UNSW_2018_IoT_Botnet_Final_10_Best,6q_5k,QSVC,full,3,L3,qiskit_heavy,0.0,6,21,18432,0,0.996,0.9959615546218488,0.9766394448969591,272.8292350269621,0.3679079719586298,273.19714299892075
UNSW_2018_IoT_Botnet_Final_10_Best,6q_5k,QSVC,full,3,L3,qiskit_heavy,0.0,6,22,19456,1,0.9966666666666667,0.9966400755284308,0.9805571131969575,273.0947376959957,0.35881570808123797,273.45355340407696
UNSW_2018_IoT_Botnet_Final_10_Best,6q_5k,QSVC,full,3,L3,qiskit_heavy,0.0,6,23,20480,2,0.9966666666666667,0.9966400755284308,0.9805571131969575,271.9438725520158,0.8604966580169275,272.80436921003275
UNSW_2018_IoT_Botnet_Final_10_Best,6q_5k,QSVC,full,3,L3,qiskit_heavy,0.0,6,24,21504,0,0.9953333333333333,0.9952807936150397,0.9727117770954385,268.10795273294207,1.1508460839977488,269.2587988169398
UNSW_2018_IoT_Botnet_Final_10_Best,6q_5k,QSVC,full,3,L3,qiskit_heavy,0.0,6,25,22528,1,0.9966666666666667,0.9966400755284308,0.9805571131969575,275.57203934097197,0.08149954595137388,275.65353888692334
UNSW_2018_IoT_Botnet_Final_10_Best,6q_5k,QSVC,full,3,L3,qiskit_heavy,0.0,6,26,23552,2,0.9966666666666667,0.9966400755284308,0.9805571131969575,275.4364433810115,0.3383183969417587,275.77476177795324
UNSW_2018_IoT_Botnet_Final_10_Best,6q_5k,QSVC,full,3,L3,qiskit_heavy,0.0,6,27,24576,0,0.9946666666666667,0.9946327660618205,0.9688072542805272,270.7421286989702,1.0885223560035229,271.8306510549737
UNSW_2018_IoT_Botnet_Final_10_Best,6q_5k,QSVC,full,3,L3,qiskit_heavy,0.0,6,28,25600,1,0.9953333333333333,0.9952807936150397,0.9727117770954385,271.6704787199851,0.6246781209483743,272.2951568409335
UNSW_2018_IoT_Botnet_Final_10_Best,6q_5k,QSVC,full,3,L3,qiskit_heavy,0.0,6,29,26624,2,0.9966666666666667,0.9966400755284308,0.9805571131969575,271.9109713570215,0.35042344499379396,272.2613948020153
UNSW_2018_IoT_Botnet_Final_10_Best,6q_5k,QSVC,full,3,L3,qiskit_heavy,0.0003,6,0,42,0,0.9966666666666667,0.9966400755284308,0.9805571131969575,221.09736729308497,0.7444060830166563,221.84177337610163
UNSW_2018_IoT_Botnet_Final_10_Best,6q_5k,QSVC,full,3,L3,qiskit_heavy,0.0003,6,1,123,1,0.996,0.996,0.976810219993713,211.5109763899818,0.8785820009652525,212.38955839094706
UNSW_2018_IoT_Botnet_Final_10_Best,6q_5k,QSVC,full,3,L3,qiskit_heavy,0.0003,6,2,456,2,0.9973333333333333,0.9973163830309103,0.9844649139608554,223.98978653608356,0.046479943906888366,224.03626647999045
UNSW_2018_IoT_Botnet_Final_10_Best,6q_5k,QSVC,full,3,L3,qiskit_heavy,0.0003,6,3,789,0,0.998,0.997990503452285,0.9883629768056863,203.08020403503906,1.0215398999862373,204.1017439350253
UNSW_2018_IoT_Botnet_Final_10_Best,6q_5k,QSVC,full,3,L3,qiskit_heavy,0.0003,6,4,1024,1,0.9953333333333333,0.995340603358116,0.9730368435381365,222.63998826500028,0.7350959930336103,223.3750842580339
UNSW_2018_IoT_Botnet_Final_10_Best,6q_5k,QSVC,full,3,L3,qiskit_heavy,0.0003,6,5,2048,2,0.9926666666666667,0.9926081661625477,0.9569943361344565,224.79389024700504,0.0461941990070045,224.84008444601204
UNSW_2018_IoT_Botnet_Final_10_Best,6q_5k,QSVC,full,3,L3,qiskit_heavy,0.0003,6,6,3072,0,0.996,0.9959615546218488,0.9766394448969591,219.44351336103864,0.7227369180181995,220.16625027905684
UNSW_2018_IoT_Botnet_Final_10_Best,6q_5k,QSVC,full,3,L3,qiskit_heavy,0.0003,6,7,4096,1,0.9906666666666667,0.9904504197573457,0.9449265089561836,225.38290896103717,0.08477611897978932,225.46768508001696
UNSW_2018_IoT_Botnet_Final_10_Best,6q_5k,QSVC,full,3,L3,qiskit_heavy,0.0003,6,8,5120,2,0.9953333333333333,0.9952807936150397,0.9727117770954385,225.3678161840653,0.08442773798014969,225.45224392204545
UNSW_2018_IoT_Botnet_Final_10_Best,6q_5k,QSVC,full,3,L3,qiskit_heavy,0.0003,6,9,6144,0,0.996,0.9959615546218488,0.9766394448969591,213.08133955299854,0.8794638810213655,213.9608034340199
UNSW_2018_IoT_Botnet_Final_10_Best,6q_5k,QSVC,full,3,L3,qiskit_heavy,0.0003,6,10,7168,1,0.9993333333333333,0.9993322865173985,0.9961303958175565,225.01615705399308,0.0779350510565564,225.09409210504964
UNSW_2018_IoT_Botnet_Final_10_Best,6q_5k,QSVC,full,3,L3,qiskit_heavy,0.0003,6,11,8192,2,0.9946666666666667,0.9945977654320335,0.9687739754174306,225.02957231900655,0.0741928709903732,225.10376518999692
UNSW_2018_IoT_Botnet_Final_10_Best,6q_5k,QSVC,full,3,L3,qiskit_heavy,0.0003,6,12,9216,0,0.9933333333333333,0.9932247972929835,0.9608674205030172,213.12350499699824,1.1760063969995826,214.29951139399782
UNSW_2018_IoT_Botnet_Final_10_Best,6q_5k,QSVC,full,3,L3,qiskit_heavy,0.0003,6,13,10240,1,0.9966666666666667,0.9966400755284308,0.9805571131969575,219.95620458794292,0.7040009149350226,220.66020550287794
UNSW_2018_IoT_Botnet_Final_10_Best,6q_5k,QSVC,full,3,L3,qiskit_heavy,0.0003,6,14,11264,2,0.9946666666666667,0.9946832186168468,0.9693011272631611,222.9228356149979,0.04544091899879277,222.9682765339967
UNSW_2018_IoT_Botnet_Final_10_Best,6q_5k,QSVC,full,3,L3,qiskit_heavy,0.0003,6,15,12288,0,0.996,0.9959615546218488,0.9766394448969591,201.71654999698512,1.1310194119578227,202.84756940894295
UNSW_2018_IoT_Botnet_Final_10_Best,6q_5k,QSVC,full,3,L3,qiskit_heavy,0.0003,6,16,13312,1,0.9946666666666667,0.994615406162465,0.968759465082397,222.76506169093773,0.07211814296897501,222.8371798339067
UNSW_2018_IoT_Botnet_Final_10_Best,6q_5k,QSVC,full,3,L3,qiskit_heavy,0.0003,6,17,14336,2,0.9933333333333333,0.9932247972929835,0.9608674205030172,222.77075676305685,0.07441752299200743,222.84517428604886
UNSW_2018_IoT_Botnet_Final_10_Best,6q_5k,QSVC,full,3,L3,qiskit_heavy,0.0003,6,18,15360,0,0.9973333333333333,0.9973163830309103,0.9844649139608554,225.77083427307662,0.08013009303249419,225.8509643661091
UNSW_2018_IoT_Botnet_Final_10_Best,6q_5k,QSVC,full,3,L3,qiskit_heavy,0.0003,6,19,16384,1,0.9946666666666667,0.9945977654320335,0.9687739754174306,213.66106703295372,1.4032435779226944,215.06431061087642
UNSW_2018_IoT_Botnet_Final_10_Best,6q_5k,QSVC,full,3,L3,qiskit_heavy,0.0003,6,20,17408,2,0.9946666666666667,0.9945977654320335,0.9687739754174306,225.76566356793046,0.08050198503769934,225.84616555296816
UNSW_2018_IoT_Botnet_Final_10_Best,6q_5k,QSVC,full,3,L3,qiskit_heavy,0.0003,6,21,18432,0,0.996,0.9959615546218488,0.9766394448969591,223.19351210596506,0.9269410390406847,224.12045314500574
UNSW_2018_IoT_Botnet_Final_10_Best,6q_5k,QSVC,full,3,L3,qiskit_heavy,0.0003,6,22,19456,1,0.9966666666666667,0.9966400755284308,0.9805571131969575,226.1137109680567,0.046417829929850996,226.16012879798654
UNSW_2018_IoT_Botnet_Final_10_Best,6q_5k,QSVC,full,3,L3,qiskit_heavy,0.0003,6,23,20480,2,0.9973333333333333,0.9973163830309103,0.9844649139608554,223.8698526499793,1.827408896991983,225.69726154697128
UNSW_2018_IoT_Botnet_Final_10_Best,6q_5k,QSVC,full,3,L3,qiskit_heavy,0.0003,6,24,21504,0,0.9953333333333333,0.9952807936150397,0.9727117770954385,212.63540846703108,1.4484792209696025,214.0838876880007
UNSW_2018_IoT_Botnet_Final_10_Best,6q_5k,QSVC,full,3,L3,qiskit_heavy,0.0003,6,25,22528,1,0.9966666666666667,0.9966400755284308,0.9805571131969575,224.45301753096282,0.07862672803457826,224.5316442589974
UNSW_2018_IoT_Botnet_Final_10_Best,6q_5k,QSVC,full,3,L3,qiskit_heavy,0.0003,6,26,23552,2,0.9966666666666667,0.9966400755284308,0.9805571131969575,224.44066471292172,0.07943311508279294,224.5200978280045
UNSW_2018_IoT_Botnet_Final_10_Best,6q_5k,QSVC,full,3,L3,qiskit_heavy,0.0003,6,27,24576,0,0.9946666666666667,0.9946327660618205,0.9688072542805272,184.57935769797768,1.0866770999273285,185.666034797905
UNSW_2018_IoT_Botnet_Final_10_Best,6q_5k,QSVC,full,3,L3,qiskit_heavy,0.0003,6,28,25600,1,0.9953333333333333,0.9952807936150397,0.9727117770954385,224.52625128696673,0.0465147829381749,224.5727660699049
UNSW_2018_IoT_Botnet_Final_10_Best,6q_5k,QSVC,full,3,L3,qiskit_heavy,0.0003,6,29,26624,2,0.9973333333333333,0.9973163830309103,0.9844649139608554,222.35681160108652,0.7314698260743171,223.08828142716084
UNSW_2018_IoT_Botnet_Final_10_Best,6q_5k,QSVC,full,3,L3,qiskit_heavy,0.0005,6,0,42,0,0.9966666666666667,0.9966400755284308,0.9805571131969575,224.22463534399867,0.07855147903319448,224.30318682303187
UNSW_2018_IoT_Botnet_Final_10_Best,6q_5k,QSVC,full,3,L3,qiskit_heavy,0.0005,6,1,123,1,0.996,0.996,0.976810219993713,215.87308127002325,1.684776111971587,217.55785738199484
UNSW_2018_IoT_Botnet_Final_10_Best,6q_5k,QSVC,full,3,L3,qiskit_heavy,0.0005,6,2,456,2,0.9973333333333333,0.9973163830309103,0.9844649139608554,224.18603622692171,0.07720933901146054,224.26324556593318
UNSW_2018_IoT_Botnet_Final_10_Best,6q_5k,QSVC,full,3,L3,qiskit_heavy,0.0005,6,3,789,0,0.998,0.997990503452285,0.9883629768056863,224.75229786301497,0.04324998310767114,224.79554784612264
UNSW_2018_IoT_Botnet_Final_10_Best,6q_5k,QSVC,full,3,L3,qiskit_heavy,0.0005,6,4,1024,1,0.9953333333333333,0.995340603358116,0.9730368435381365,216.9916404839605,1.49003010999877,218.48167059395928
UNSW_2018_IoT_Botnet_Final_10_Best,6q_5k,QSVC,full,3,L3,qiskit_heavy,0.0005,6,5,2048,2,0.9926666666666667,0.9926081661625477,0.9569943361344565,221.80118265596684,0.7052544140024111,222.50643706996925
UNSW_2018_IoT_Botnet_Final_10_Best,6q_5k,QSVC,full,3,L3,qiskit_heavy,0.0005,6,6,3072,0,0.996,0.9959615546218488,0.9766394448969591,223.2668059009593,0.3901540139922872,223.65695991495159
UNSW_2018_IoT_Botnet_Final_10_Best,6q_5k,QSVC,full,3,L3,qiskit_heavy,0.0005,6,7,4096,1,0.9906666666666667,0.9904504197573457,0.9449265089561836,223.24763779598288,0.09033067896962166,223.3379684749525
UNSW_2018_IoT_Botnet_Final_10_Best,6q_5k,QSVC,full,3,L3,qiskit_heavy,0.0005,6,8,5120,2,0.9953333333333333,0.9952807936150397,0.9727117770954385,223.26640958094504,0.380128436954692,223.64653801789973
UNSW_2018_IoT_Botnet_Final_10_Best,6q_5k,QSVC,full,3,L3,qiskit_heavy,0.0005,6,9,6144,0,0.996,0.9959615546218488,0.9766394448969591,210.26233032206073,0.73397949594073,210.99630981800146
UNSW_2018_IoT_Botnet_Final_10_Best,6q_5k,QSVC,full,3,L3,qiskit_heavy,0.0005,6,10,7168,1,0.9993333333333333,0.9993322865173985,0.9961303958175565,222.47774382901844,0.07864571397658437,222.55638954299502
UNSW_2018_IoT_Botnet_Final_10_Best,6q_5k,QSVC,full,3,L3,qiskit_heavy,0.0005,6,11,8192,2,0.9946666666666667,0.9945977654320335,0.9687739754174306,222.47698981605936,0.07777048798743635,222.5547603040468
UNSW_2018_IoT_Botnet_Final_10_Best,6q_5k,QSVC,full,3,L3,qiskit_heavy,0.0005,6,12,9216,0,0.9933333333333333,0.9932247972929835,0.9608674205030172,215.6151524640154,1.219792285002768,216.83494474901818
UNSW_2018_IoT_Botnet_Final_10_Best,6q_5k,QSVC,full,3,L3,qiskit_heavy,0.0005,6,13,10240,1,0.9966666666666667,0.9966400755284308,0.9805571131969575,224.18044827505946,0.08057315403129905,224.26102142909076
UNSW_2018_IoT_Botnet_Final_10_Best,6q_5k,QSVC,full,3,L3,qiskit_heavy,0.0005,6,14,11264,2,0.9946666666666667,0.9946832186168468,0.9693011272631611,224.17845826607663,0.08006371092051268,224.25852197699714
UNSW_2018_IoT_Botnet_Final_10_Best,6q_5k,QSVC,full,3,L3,qiskit_heavy,0.0005,6,15,12288,0,0.996,0.9959615546218488,0.9766394448969591,225.81718764198013,0.07530819601379335,225.89249583799392
UNSW_2018_IoT_Botnet_Final_10_Best,6q_5k,QSVC,full,3,L3,qiskit_heavy,0.0005,6,16,13312,1,0.9946666666666667,0.994615406162465,0.968759465082397,207.95327688509133,0.7840173030272126,208.73729418811854
UNSW_2018_IoT_Botnet_Final_10_Best,6q_5k,QSVC,full,3,L3,qiskit_heavy,0.0005,6,17,14336,2,0.9933333333333333,0.9932247972929835,0.9608674205030172,225.81323698093183,0.07247886003460735,225.88571584096644
UNSW_2018_IoT_Botnet_Final_10_Best,6q_5k,QSVC,full,3,L3,qiskit_heavy,0.0005,6,18,15360,0,0.9973333333333333,0.9973163830309103,0.9844649139608554,210.52765316097066,1.085700004012324,211.61335316498298
UNSW_2018_IoT_Botnet_Final_10_Best,6q_5k,QSVC,full,3,L3,qiskit_heavy,0.0005,6,19,16384,1,0.9946666666666667,0.9945977654320335,0.9687739754174306,224.99394006398506,0.07777560001704842,225.0717156640021
UNSW_2018_IoT_Botnet_Final_10_Best,6q_5k,QSVC,full,3,L3,qiskit_heavy,0.0005,6,20,17408,2,0.9953333333333333,0.9952807936150397,0.9727117770954385,224.99161238293163,0.07582733710296452,225.0674397200346
UNSW_2018_IoT_Botnet_Final_10_Best,6q_5k,QSVC,full,3,L3,qiskit_heavy,0.0005,6,21,18432,0,0.996,0.9959615546218488,0.9766394448969591,224.02833673800342,0.37869346200022846,224.40703020000365
UNSW_2018_IoT_Botnet_Final_10_Best,6q_5k,QSVC,full,3,L3,qiskit_heavy,0.0005,6,22,19456,1,0.9966666666666667,0.9966400755284308,0.9805571131969575,224.01959197805263,0.0821099280146882,224.10170190606732
UNSW_2018_IoT_Botnet_Final_10_Best,6q_5k,QSVC,full,3,L3,qiskit_heavy,0.0005,6,23,20480,2,0.9973333333333333,0.9973163830309103,0.9844649139608554,224.03410628298298,0.3813538399990648,224.41546012298204
UNSW_2018_IoT_Botnet_Final_10_Best,6q_5k,QSVC,full,3,L3,qiskit_heavy,0.0005,6,24,21504,0,0.9953333333333333,0.9952807936150397,0.9727117770954385,225.94413455703761,0.04316583601757884,225.9873003930552
UNSW_2018_IoT_Botnet_Final_10_Best,6q_5k,QSVC,full,3,L3,qiskit_heavy,0.0005,6,25,22528,1,0.9966666666666667,0.9966400755284308,0.9805571131969575,222.41103990597185,1.0505973300896585,223.4616372360615
UNSW_2018_IoT_Botnet_Final_10_Best,6q_5k,QSVC,full,3,L3,qiskit_heavy,0.0005,6,26,23552,2,0.9966666666666667,0.9966400755284308,0.9805571131969575,222.43148562696297,1.0562349810497835,223.48772060801275
UNSW_2018_IoT_Botnet_Final_10_Best,6q_5k,QSVC,full,3,L3,qiskit_heavy,0.0005,6,27,24576,0,0.9946666666666667,0.9946327660618205,0.9688072542805272,216.21867953101173,1.3008148790104315,217.51949441002216
UNSW_2018_IoT_Botnet_Final_10_Best,6q_5k,QSVC,full,3,L3,qiskit_heavy,0.0005,6,28,25600,1,0.9953333333333333,0.9952807936150397,0.9727117770954385,226.1324605770642,0.04680715000722557,226.17926772707142
UNSW_2018_IoT_Botnet_Final_10_Best,6q_5k,QSVC,full,3,L3,qiskit_heavy,0.0005,6,29,26624,2,0.9973333333333333,0.9973163830309103,0.9844649139608554,223.15323552500922,0.7268367409706116,223.88007226597983
UNSW_2018_IoT_Botnet_Final_10_Best,6q_5k,QSVC,full,3,L3,qiskit_heavy,0.001,6,0,42,0,0.9966666666666667,0.9966400755284308,0.9805571131969575,194.96973456407432,0.820204071002081,195.7899386350764
UNSW_2018_IoT_Botnet_Final_10_Best,6q_5k,QSVC,full,3,L3,qiskit_heavy,0.001,6,1,123,1,0.996,0.996,0.976810219993713,225.45857182901818,0.08047296409495175,225.53904479311313
UNSW_2018_IoT_Botnet_Final_10_Best,6q_5k,QSVC,full,3,L3,qiskit_heavy,0.001,6,2,456,2,0.9973333333333333,0.9973163830309103,0.9844649139608554,225.45919831003994,0.08056251402013004,225.53976082406007
UNSW_2018_IoT_Botnet_Final_10_Best,6q_5k,QSVC,full,3,L3,qiskit_heavy,0.001,6,3,789,0,0.998,0.997990503452285,0.9883629768056863,209.47358003107365,1.0178400400327519,210.4914200711064
UNSW_2018_IoT_Botnet_Final_10_Best,6q_5k,QSVC,full,3,L3,qiskit_heavy,0.001,6,4,1024,1,0.9953333333333333,0.995340603358116,0.9730368435381365,224.8269527599914,0.045495650032535195,224.87244841002394
UNSW_2018_IoT_Botnet_Final_10_Best,6q_5k,QSVC,full,3,L3,qiskit_heavy,0.001,6,5,2048,2,0.9926666666666667,0.9926081661625477,0.9569943361344565,222.57786547695287,0.741016001906246,223.3188814788591
UNSW_2018_IoT_Botnet_Final_10_Best,6q_5k,QSVC,full,3,L3,qiskit_heavy,0.001,6,6,3072,0,0.996,0.9959615546218488,0.9766394448969591,226.07477952097543,0.042739177006296813,226.11751869798172
UNSW_2018_IoT_Botnet_Final_10_Best,6q_5k,QSVC,full,3,L3,qiskit_heavy,0.001,6,7,4096,1,0.9913333333333333,0.9911476417483018,0.9489280789420477,222.47263048391324,1.0002088400069624,223.4728393239202
UNSW_2018_IoT_Botnet_Final_10_Best,6q_5k,QSVC,full,3,L3,qiskit_heavy,0.001,6,8,5120,2,0.9953333333333333,0.9952807936150397,0.9727117770954385,222.86825726996176,1.0227683829143643,223.89102565287612
UNSW_2018_IoT_Botnet_Final_10_Best,6q_5k,QSVC,full,3,L3,qiskit_heavy,0.001,6,9,6144,0,0.996,0.9959615546218488,0.9766394448969591,226.1603569240542,0.04349692293908447,226.2038538469933
UNSW_2018_IoT_Botnet_Final_10_Best,6q_5k,QSVC,full,3,L3,qiskit_heavy,0.001,6,10,7168,1,0.9993333333333333,0.9993322865173985,0.9961303958175565,223.19753618503455,0.7351891500875354,223.9327253351221
UNSW_2018_IoT_Botnet_Final_10_Best,6q_5k,QSVC,full,3,L3,qiskit_heavy,0.001,6,11,8192,2,0.9946666666666667,0.9945977654320335,0.9687739754174306,215.07100395602174,1.6386052599409595,216.7096092159627
UNSW_2018_IoT_Botnet_Final_10_Best,6q_5k,QSVC,full,3,L3,qiskit_heavy,0.001,6,12,9216,0,0.9933333333333333,0.9932247972929835,0.9608674205030172,216.73699023702648,1.6236923329997808,218.36068257002626
UNSW_2018_IoT_Botnet_Final_10_Best,6q_5k,QSVC,full,3,L3,qiskit_heavy,0.001,6,13,10240,1,0.9966666666666667,0.9966400755284308,0.9805571131969575,223.4541637150105,0.7246599019272253,224.17882361693773
UNSW_2018_IoT_Botnet_Final_10_Best,6q_5k,QSVC,full,3,L3,qiskit_heavy,0.001,6,14,11264,2,0.9946666666666667,0.9946832186168468,0.9693011272631611,226.3684826149838,0.04512676503509283,226.4136093800189
UNSW_2018_IoT_Botnet_Final_10_Best,6q_5k,QSVC,full,3,L3,qiskit_heavy,0.001,6,15,12288,0,0.996,0.9959615546218488,0.9766394448969591,220.04253433598205,0.7245203520869836,220.76705468806904
UNSW_2018_IoT_Botnet_Final_10_Best,6q_5k,QSVC,full,3,L3,qiskit_heavy,0.001,6,16,13312,1,0.9946666666666667,0.994615406162465,0.968759465082397,213.28399821696803,1.2064411159371957,214.49043933290523
UNSW_2018_IoT_Botnet_Final_10_Best,6q_5k,QSVC,full,3,L3,qiskit_heavy,0.001,6,17,14336,2,0.9933333333333333,0.9932247972929835,0.9608674205030172,222.66861130506732,0.04663712403271347,222.71524842910003
UNSW_2018_IoT_Botnet_Final_10_Best,6q_5k,QSVC,full,3,L3,qiskit_heavy,0.001,6,18,15360,0,0.9973333333333333,0.9973163830309103,0.9844649139608554,197.65981595998164,1.3110386859625578,198.9708546459442
UNSW_2018_IoT_Botnet_Final_10_Best,6q_5k,QSVC,full,3,L3,qiskit_heavy,0.001,6,19,16384,1,0.9953333333333333,0.9952807936150397,0.9727117770954385,223.70735338400118,0.0765139180002734,223.78386730200145
UNSW_2018_IoT_Botnet_Final_10_Best,6q_5k,QSVC,full,3,L3,qiskit_heavy,0.001,6,20,17408,2,0.9953333333333333,0.9952807936150397,0.9727117770954385,223.69712445000187,0.08001257991418242,223.77713702991605
UNSW_2018_IoT_Botnet_Final_10_Best,6q_5k,QSVC,full,3,L3,qiskit_heavy,0.001,6,21,18432,0,0.996,0.9959615546218488,0.9766394448969591,213.22153365402482,1.5008285379735753,214.7223621919984
UNSW_2018_IoT_Botnet_Final_10_Best,6q_5k,QSVC,full,3,L3,qiskit_heavy,0.001,6,22,19456,1,0.9966666666666667,0.9966400755284308,0.9805571131969575,225.20357748901006,0.0810617390088737,225.28463922801893
UNSW_2018_IoT_Botnet_Final_10_Best,6q_5k,QSVC,full,3,L3,qiskit_heavy,0.001,6,23,20480,2,0.9973333333333333,0.9973163830309103,0.9844649139608554,225.19681717501953,0.08196882798802108,225.27878600300755
UNSW_2018_IoT_Botnet_Final_10_Best,6q_5k,QSVC,full,3,L3,qiskit_heavy,0.001,6,24,21504,0,0.9953333333333333,0.9952807936150397,0.9727117770954385,224.68104185990524,0.05435877398122102,224.73540063388646
UNSW_2018_IoT_Botnet_Final_10_Best,6q_5k,QSVC,full,3,L3,qiskit_heavy,0.001,6,25,22528,1,0.9973333333333333,0.9973163830309103,0.9844649139608554,220.12043425091542,1.4703832400264218,221.59081749094184
UNSW_2018_IoT_Botnet_Final_10_Best,6q_5k,QSVC,full,3,L3,qiskit_heavy,0.001,6,26,23552,2,0.9966666666666667,0.9966400755284308,0.9805571131969575,224.71625353291165,0.3260647190036252,225.04231825191528
UNSW_2018_IoT_Botnet_Final_10_Best,6q_5k,QSVC,full,3,L3,qiskit_heavy,0.001,6,27,24576,0,0.9946666666666667,0.9946327660618205,0.9688072542805272,214.74339846498333,1.5487519250018522,216.29215038998518
UNSW_2018_IoT_Botnet_Final_10_Best,6q_5k,QSVC,full,3,L3,qiskit_heavy,0.001,6,28,25600,1,0.9953333333333333,0.9952807936150397,0.9727117770954385,225.40942084696144,0.04671117395628244,225.45613202091772
UNSW_2018_IoT_Botnet_Final_10_Best,6q_5k,QSVC,full,3,L3,qiskit_heavy,0.001,6,29,26624,2,0.9973333333333333,0.9973163830309103,0.9844649139608554,221.4153154429514,0.7269997339462861,222.14231517689768
UNSW_2018_IoT_Botnet_Final_10_Best,6q_5k,QSVC,full,3,L3,qiskit_heavy,0.002,6,0,42,0,0.9966666666666667,0.9966400755284308,0.9805571131969575,208.53618937602732,0.8536091579589993,209.38979853398632
UNSW_2018_IoT_Botnet_Final_10_Best,6q_5k,QSVC,full,3,L3,qiskit_heavy,0.002,6,1,123,1,0.996,0.996,0.976810219993713,223.37185284600127,0.05887789197731763,223.4307307379786
UNSW_2018_IoT_Botnet_Final_10_Best,6q_5k,QSVC,full,3,L3,qiskit_heavy,0.002,6,2,456,2,0.9973333333333333,0.9973163830309103,0.9844649139608554,222.13858794094995,1.0608612180221826,223.19944915897213
UNSW_2018_IoT_Botnet_Final_10_Best,6q_5k,QSVC,full,3,L3,qiskit_heavy,0.002,6,3,789,0,0.998,0.997990503452285,0.9883629768056863,221.78467127098702,1.3659377390285954,223.15060901001561
UNSW_2018_IoT_Botnet_Final_10_Best,6q_5k,QSVC,full,3,L3,qiskit_heavy,0.002,6,4,1024,1,0.9953333333333333,0.995340603358116,0.9730368435381365,226.47227522707544,0.04244288697373122,226.51471811404917
UNSW_2018_IoT_Botnet_Final_10_Best,6q_5k,QSVC,full,3,L3,qiskit_heavy,0.002,6,5,2048,2,0.9926666666666667,0.9926081661625477,0.9569943361344565,208.0142662510043,1.155750771984458,209.17001702298876
UNSW_2018_IoT_Botnet_Final_10_Best,6q_5k,QSVC,full,3,L3,qiskit_heavy,0.002,6,6,3072,0,0.996,0.9959615546218488,0.9766394448969591,220.259045401006,1.131202119984664,221.39024752099067
UNSW_2018_IoT_Botnet_Final_10_Best,6q_5k,QSVC,full,3,L3,qiskit_heavy,0.002,6,7,4096,1,0.9913333333333333,0.9911476417483018,0.9489280789420477,226.8055559550412,0.08428983297199011,226.8898457880132
UNSW_2018_IoT_Botnet_Final_10_Best,6q_5k,QSVC,full,3,L3,qiskit_heavy,0.002,6,8,5120,2,0.9953333333333333,0.9952807936150397,0.9727117770954385,226.80838576692622,0.08419460197910666,226.89258036890533
UNSW_2018_IoT_Botnet_Final_10_Best,6q_5k,QSVC,full,3,L3,qiskit_heavy,0.002,6,9,6144,0,0.996,0.9959615546218488,0.9766394448969591,213.3309404659085,1.425451600109227,214.75639206601772
UNSW_2018_IoT_Botnet_Final_10_Best,6q_5k,QSVC,full,3,L3,qiskit_heavy,0.002,6,10,7168,1,0.9993333333333333,0.9993322865173985,0.9961303958175565,225.24513944599312,0.07480154500808567,225.3199409910012
UNSW_2018_IoT_Botnet_Final_10_Best,6q_5k,QSVC,full,3,L3,qiskit_heavy,0.002,6,11,8192,2,0.9946666666666667,0.9945977654320335,0.9687739754174306,225.256541070994,0.07753665093332529,225.33407772192731
UNSW_2018_IoT_Botnet_Final_10_Best,6q_5k,QSVC,full,3,L3,qiskit_heavy,0.002,6,12,9216,0,0.9933333333333333,0.9932247972929835,0.9608674205030172,225.43100979703013,0.0634796260856092,225.49448942311574
UNSW_2018_IoT_Botnet_Final_10_Best,6q_5k,QSVC,full,3,L3,qiskit_heavy,0.002,6,13,10240,1,0.9966666666666667,0.9966400755284308,0.9805571131969575,211.2345433010487,1.1924952709814534,212.42703857203014
UNSW_2018_IoT_Botnet_Final_10_Best,6q_5k,QSVC,full,3,L3,qiskit_heavy,0.002,6,14,11264,2,0.9946666666666667,0.9946832186168468,0.9693011272631611,225.44059004809242,0.3721035330090672,225.81269358110148
UNSW_2018_IoT_Botnet_Final_10_Best,6q_5k,QSVC,full,3,L3,qiskit_heavy,0.002,6,15,12288,0,0.996,0.9959615546218488,0.9766394448969591,225.64315495092887,0.06669924105517566,225.70985419198405
UNSW_2018_IoT_Botnet_Final_10_Best,6q_5k,QSVC,full,3,L3,qiskit_heavy,0.002,6,16,13312,1,0.9946666666666667,0.994615406162465,0.968759465082397,217.2059145809617,1.7522136860061437,218.95812826696783
UNSW_2018_IoT_Botnet_Final_10_Best,6q_5k,QSVC,full,3,L3,qiskit_heavy,0.002,6,17,14336,2,0.9933333333333333,0.9932247972929835,0.9608674205030172,225.538559208042,0.3427097029052675,225.88126891094726
UNSW_2018_IoT_Botnet_Final_10_Best,6q_5k,QSVC,full,3,L3,qiskit_heavy,0.002,6,18,15360,0,0.998,0.997990503452285,0.9883629768056863,226.0783663080074,0.35501432605087757,226.43338063405827
UNSW_2018_IoT_Botnet_Final_10_Best,6q_5k,QSVC,full,3,L3,qiskit_heavy,0.002,6,19,16384,1,0.996,0.9959615546218488,0.9766394448969591,216.72297337302007,1.5726013890234753,218.29557476204354
UNSW_2018_IoT_Botnet_Final_10_Best,6q_5k,QSVC,full,3,L3,qiskit_heavy,0.002,6,20,17408,2,0.9953333333333333,0.9952807936150397,0.9727117770954385,226.06630513595883,0.06531367998104542,226.13161881593987
UNSW_2018_IoT_Botnet_Final_10_Best,6q_5k,QSVC,full,3,L3,qiskit_heavy,0.002,6,21,18432,0,0.9966666666666667,0.9966400755284308,0.9805571131969575,222.8599341129884,1.137016913970001,223.9969510269584
UNSW_2018_IoT_Botnet_Final_10_Best,6q_5k,QSVC,full,3,L3,qiskit_heavy,0.002,6,22,19456,1,0.9966666666666667,0.9966400755284308,0.9805571131969575,222.6788481300464,0.9102799409301952,223.58912807097659
UNSW_2018_IoT_Botnet_Final_10_Best,6q_5k,QSVC,full,3,L3,qiskit_heavy,0.002,6,23,20480,2,0.9986666666666667,0.9986624627490026,0.99225142905928,225.9485735609196,0.046373602002859116,225.99494716292247
UNSW_2018_IoT_Botnet_Final_10_Best,6q_5k,QSVC,full,3,L3,qiskit_heavy,0.002,6,24,21504,0,0.996,0.9959615546218488,0.9766394448969591,206.60439680796117,1.0007551680319011,207.60515197599307
UNSW_2018_IoT_Botnet_Final_10_Best,6q_5k,QSVC,full,3,L3,qiskit_heavy,0.002,6,25,22528,1,0.9973333333333333,0.9973163830309103,0.9844649139608554,221.68892208999023,0.7358325059758499,222.42475459596608
UNSW_2018_IoT_Botnet_Final_10_Best,6q_5k,QSVC,full,3,L3,qiskit_heavy,0.002,6,26,23552,2,0.9966666666666667,0.9966400755284308,0.9805571131969575,224.6348155810265,0.046297180000692606,224.68111276102718
UNSW_2018_IoT_Botnet_Final_10_Best,6q_5k,QSVC,full,3,L3,qiskit_heavy,0.002,6,27,24576,0,0.9946666666666667,0.9946327660618205,0.9688072542805272,216.85627333901357,1.1600529600400478,218.01632629905362
UNSW_2018_IoT_Botnet_Final_10_Best,6q_5k,QSVC,full,3,L3,qiskit_heavy,0.002,6,28,25600,1,0.996,0.9959615546218488,0.9766394448969591,225.0530264331028,0.046681699925102293,225.0997081330279
UNSW_2018_IoT_Botnet_Final_10_Best,6q_5k,QSVC,full,3,L3,qiskit_heavy,0.002,6,29,26624,2,0.9973333333333333,0.9973163830309103,0.9844649139608554,215.77103781700134,0.948210092028603,216.71924790902995
UNSW_2018_IoT_Botnet_Final_10_Best,6q_5k,QSVC,full,3,L3,qiskit_heavy,0.005,6,0,42,0,0.996,0.9959615546218488,0.9766394448969591,224.06794632598758,0.07874352589715272,224.14668985188473
UNSW_2018_IoT_Botnet_Final_10_Best,6q_5k,QSVC,full,3,L3,qiskit_heavy,0.005,6,1,123,1,0.9946666666666667,0.9946995122365017,0.9695754135797602,174.81185757101048,0.8917064699344337,175.7035640409449
UNSW_2018_IoT_Botnet_Final_10_Best,6q_5k,QSVC,full,3,L3,qiskit_heavy,0.005,6,2,456,2,0.996,0.9959615546218488,0.9766394448969591,224.0393906569807,0.0782747509656474,224.11766540794633
UNSW_2018_IoT_Botnet_Final_10_Best,6q_5k,QSVC,full,3,L3,qiskit_heavy,0.005,6,3,789,0,0.9946666666666667,0.994615406162465,0.968759465082397,223.62309609504882,0.3475559010403231,223.97065199608915
UNSW_2018_IoT_Botnet_Final_10_Best,6q_5k,QSVC,full,3,L3,qiskit_heavy,0.005,6,4,1024,1,0.9933333333333333,0.9933540232710586,0.9616190323650302,223.603912097984,0.09347777592483908,223.69738987390883
UNSW_2018_IoT_Botnet_Final_10_Best,6q_5k,QSVC,full,3,L3,qiskit_heavy,0.005,6,5,2048,2,0.9893333333333333,0.9891955308640671,0.9370447041354383,221.9654941330664,1.3784987310646102,223.343992864131
UNSW_2018_IoT_Botnet_Final_10_Best,6q_5k,QSVC,full,3,L3,qiskit_heavy,0.005,6,6,3072,0,0.994,0.9939124426101495,0.9648259030152229,226.37395839497913,0.060276474920101464,226.43423486989923
UNSW_2018_IoT_Botnet_Final_10_Best,6q_5k,QSVC,full,3,L3,qiskit_heavy,0.005,6,7,4096,1,0.9893333333333333,0.9890485415818749,0.9368897701925781,223.80161513201892,1.1379317940445617,224.93954692606349
UNSW_2018_IoT_Botnet_Final_10_Best,6q_5k,QSVC,full,3,L3,qiskit_heavy,0.005,6,8,5120,2,0.9953333333333333,0.9952807936150397,0.9727117770954385,226.43267929600552,0.3285333029925823,226.7612125989981
UNSW_2018_IoT_Botnet_Final_10_Best,6q_5k,QSVC,full,3,L3,qiskit_heavy,0.005,6,9,6144,0,0.994,0.9939124426101495,0.9648259030152229,217.73146047105547,1.2685729980003089,219.00003346905578
UNSW_2018_IoT_Botnet_Final_10_Best,6q_5k,QSVC,full,3,L3,qiskit_heavy,0.005,6,10,7168,1,0.9953333333333333,0.9953111747219987,0.9727556027114813,225.22131230600644,0.04718412505462766,225.26849643106107
UNSW_2018_IoT_Botnet_Final_10_Best,6q_5k,QSVC,full,3,L3,qiskit_heavy,0.005,6,11,8192,2,0.9953333333333333,0.9952807936150397,0.9727117770954385,219.28110763593577,1.1120950849726796,220.39320272090845
UNSW_2018_IoT_Botnet_Final_10_Best,6q_5k,QSVC,full,3,L3,qiskit_heavy,0.005,6,12,9216,0,0.9906666666666667,0.9904504197573457,0.9449265089561836,225.7720964170294,0.06541639298666269,225.83751281001605
UNSW_2018_IoT_Botnet_Final_10_Best,6q_5k,QSVC,full,3,L3,qiskit_heavy,0.005,6,13,10240,1,0.9966666666666667,0.9966400755284308,0.9805571131969575,214.0058577839518,1.3323697100859135,215.3382274940377
UNSW_2018_IoT_Botnet_Final_10_Best,6q_5k,QSVC,full,3,L3,qiskit_heavy,0.005,6,14,11264,2,0.9913333333333333,0.9914256545516973,0.9511654801328682,225.77989388804417,0.35238124593161047,226.13227513397578
UNSW_2018_IoT_Botnet_Final_10_Best,6q_5k,QSVC,full,3,L3,qiskit_heavy,0.005,6,15,12288,0,0.996,0.9959615546218488,0.9766394448969591,225.78063587506767,0.07695347303524613,225.85758934810292
UNSW_2018_IoT_Botnet_Final_10_Best,6q_5k,QSVC,full,3,L3,qiskit_heavy,0.005,6,16,13312,1,0.9906666666666667,0.9904828300246521,0.9448779158901229,225.77063674794044,0.07566977490205318,225.8463065228425
UNSW_2018_IoT_Botnet_Final_10_Best,6q_5k,QSVC,full,3,L3,qiskit_heavy,0.005,6,17,14336,2,0.9926666666666667,0.9925348012232417,0.9568983858893686,217.94797564891633,1.4046438700752333,219.35261951899156
UNSW_2018_IoT_Botnet_Final_10_Best,6q_5k,QSVC,full,3,L3,qiskit_heavy,0.005,6,18,15360,0,0.9966666666666667,0.9966400755284308,0.9805571131969575,220.65022767195478,1.4069555790629238,222.0571832510177
UNSW_2018_IoT_Botnet_Final_10_Best,6q_5k,QSVC,full,3,L3,qiskit_heavy,0.005,6,19,16384,1,0.994,0.9939324489336228,0.9648057795140351,226.52400565100834,0.08124136505648494,226.60524701606482
UNSW_2018_IoT_Botnet_Final_10_Best,6q_5k,QSVC,full,3,L3,qiskit_heavy,0.005,6,20,17408,2,0.994,0.9939124426101495,0.9648259030152229,226.52130277699325,0.08036830206401646,226.60167107905727
UNSW_2018_IoT_Botnet_Final_10_Best,6q_5k,QSVC,full,3,L3,qiskit_heavy,0.005,6,21,18432,0,0.9973333333333333,0.9973163830309103,0.9844649139608554,218.8093174500391,0.9182879549916834,219.72760540503077
UNSW_2018_IoT_Botnet_Final_10_Best,6q_5k,QSVC,full,3,L3,qiskit_heavy,0.005,6,22,19456,1,0.994,0.9939124426101495,0.9648259030152229,222.03641995007638,0.04680556699167937,222.08322551706806
UNSW_2018_IoT_Botnet_Final_10_Best,6q_5k,QSVC,full,3,L3,qiskit_heavy,0.005,6,23,20480,2,0.9973333333333333,0.9973333333333333,0.9845401466624754,218.7407541020075,1.1013796119950712,219.84213371400256
UNSW_2018_IoT_Botnet_Final_10_Best,6q_5k,QSVC,full,3,L3,qiskit_heavy,0.005,6,24,21504,0,0.9953333333333333,0.9952807936150397,0.9727117770954385,223.4596176740015,0.34934890700969845,223.8089665810112
UNSW_2018_IoT_Botnet_Final_10_Best,6q_5k,QSVC,full,3,L3,qiskit_heavy,0.005,6,25,22528,1,0.9966666666666667,0.9966400755284308,0.9805571131969575,223.44748550700024,0.07282859203405678,223.5203140990343
UNSW_2018_IoT_Botnet_Final_10_Best,6q_5k,QSVC,full,3,L3,qiskit_heavy,0.005,6,26,23552,2,0.996,0.9959615546218488,0.9766394448969591,191.33603248593863,0.7302947429707274,192.06632722890936
UNSW_2018_IoT_Botnet_Final_10_Best,6q_5k,QSVC,full,3,L3,qiskit_heavy,0.005,6,27,24576,0,0.9933333333333333,0.9932692577030812,0.9608794852678347,227.2188768479973,0.04431083798408508,227.2631876859814
UNSW_2018_IoT_Botnet_Final_10_Best,6q_5k,QSVC,full,3,L3,qiskit_heavy,0.005,6,28,25600,1,0.9953333333333333,0.9952807936150397,0.9727117770954385,215.32885906205047,2.1659081740071997,217.49476723605767
UNSW_2018_IoT_Botnet_Final_10_Best,6q_5k,QSVC,full,3,L3,qiskit_heavy,0.005,6,29,26624,2,0.9973333333333333,0.9973163830309103,0.9844649139608554,225.1868629740784,0.7457238460192457,225.93258682009764
UNSW_2018_IoT_Botnet_Final_10_Best,6q_5k,QSVC,full,3,L3,qiskit_heavy,0.008,6,0,42,0,0.988,0.9876796092796094,0.928735291779167,225.47288166498765,0.05952590599190444,225.53240757097956
UNSW_2018_IoT_Botnet_Final_10_Best,6q_5k,QSVC,full,3,L3,qiskit_heavy,0.008,6,1,123,1,0.9866666666666667,0.9864495945859669,0.9209379783247679,225.52570069103967,0.39218983601313084,225.9178905270528
UNSW_2018_IoT_Botnet_Final_10_Best,6q_5k,QSVC,full,3,L3,qiskit_heavy,0.008,6,2,456,2,0.986,0.9856011946003411,0.9164866985435666,225.5243816090515,0.23187769297510386,225.7562593020266
UNSW_2018_IoT_Botnet_Final_10_Best,6q_5k,QSVC,full,3,L3,qiskit_heavy,0.008,6,3,789,0,0.988,0.9876796092796094,0.928735291779167,216.82987992290873,0.7729623509803787,217.6028422738891
UNSW_2018_IoT_Botnet_Final_10_Best,6q_5k,QSVC,full,3,L3,qiskit_heavy,0.008,6,4,1024,1,0.99,0.9899842977609771,0.9418507132322952,203.80028442200273,1.0254407480824739,204.8257251700852
UNSW_2018_IoT_Botnet_Final_10_Best,6q_5k,QSVC,full,3,L3,qiskit_heavy,0.008,6,5,2048,2,0.98,0.979321273190291,0.8793075815678311,222.6177823629696,0.050501695019192994,222.66828405798879
UNSW_2018_IoT_Botnet_Final_10_Best,6q_5k,QSVC,full,3,L3,qiskit_heavy,0.008,6,6,3072,0,0.9813333333333333,0.980699854977605,0.8875815486864851,227.5666677589761,0.046727745910175145,227.61339550488628
UNSW_2018_IoT_Botnet_Final_10_Best,6q_5k,QSVC,full,3,L3,qiskit_heavy,0.008,6,7,4096,1,0.982,0.9811504298377702,0.8918315961781297,224.63502370205242,0.7556627290323377,225.39068643108476
UNSW_2018_IoT_Botnet_Final_10_Best,6q_5k,QSVC,full,3,L3,qiskit_heavy,0.008,6,8,5120,2,0.9833333333333333,0.9827982584886344,0.9000176848873097,221.47622705600224,2.1291177830426022,223.60534483904485
UNSW_2018_IoT_Botnet_Final_10_Best,6q_5k,QSVC,full,3,L3,qiskit_heavy,0.008,6,9,6144,0,0.9826666666666667,0.9818822384428223,0.8959912034388039,223.91544160607737,1.137210407992825,225.0526520140702
UNSW_2018_IoT_Botnet_Final_10_Best,6q_5k,QSVC,full,3,L3,qiskit_heavy,0.008,6,10,7168,1,0.988,0.9878846638655462,0.929359566009586,223.84890094399452,1.0427427949616686,224.8916437389562
UNSW_2018_IoT_Botnet_Final_10_Best,6q_5k,QSVC,full,3,L3,qiskit_heavy,0.008,6,11,8192,2,0.988,0.9876365464041434,0.928807176853022,227.08144828409422,0.05061112903058529,227.1320594131248
UNSW_2018_IoT_Botnet_Final_10_Best,6q_5k,QSVC,full,3,L3,qiskit_heavy,0.008,6,12,9216,0,0.9826666666666667,0.9818822384428223,0.8959912034388039,225.0197858880274,0.654314712039195,225.6741006000666
UNSW_2018_IoT_Botnet_Final_10_Best,6q_5k,QSVC,full,3,L3,qiskit_heavy,0.008,6,13,10240,1,0.9893333333333333,0.989086194008395,0.9368295910888276,224.87141453800723,0.3905353929148987,225.26194993092213
UNSW_2018_IoT_Botnet_Final_10_Best,6q_5k,QSVC,full,3,L3,qiskit_heavy,0.008,6,14,11264,2,0.9833333333333333,0.9833071629349617,0.9030795113856799,224.04282766696997,0.12153028103057295,224.16435794800054
UNSW_2018_IoT_Botnet_Final_10_Best,6q_5k,QSVC,full,3,L3,qiskit_heavy,0.008,6,15,12288,0,0.9866666666666667,0.9863106769773436,0.9205808133657558,218.0693315450335,1.2479474829742685,219.31727902800776
UNSW_2018_IoT_Botnet_Final_10_Best,6q_5k,QSVC,full,3,L3,qiskit_heavy,0.008,6,16,13312,1,0.9773333333333334,0.9765641096156631,0.8627596473305231,223.9709964810172,0.08179143501911312,224.05278791603632
UNSW_2018_IoT_Botnet_Final_10_Best,6q_5k,QSVC,full,3,L3,qiskit_heavy,0.008,6,17,14336,2,0.98,0.9792470760233919,0.8791550651911754,223.8751889569685,0.08413039799779654,223.95931935496628
UNSW_2018_IoT_Botnet_Final_10_Best,6q_5k,QSVC,full,3,L3,qiskit_heavy,0.008,6,18,15360,0,0.9853333333333333,0.9848356003395466,0.9124034500424469,224.70894590602256,0.04740450100507587,224.75635040702764
UNSW_2018_IoT_Botnet_Final_10_Best,6q_5k,QSVC,full,3,L3,qiskit_heavy,0.008,6,19,16384,1,0.986,0.9855505371304532,0.9165047461853774,221.75492744904477,0.780437947018072,222.53536539606284
UNSW_2018_IoT_Botnet_Final_10_Best,6q_5k,QSVC,full,3,L3,qiskit_heavy,0.008,6,20,17408,2,0.986,0.985499030733676,0.9165944255072853,213.22664157208055,1.7139072800055146,214.94054885208607
UNSW_2018_IoT_Botnet_Final_10_Best,6q_5k,QSVC,full,3,L3,qiskit_heavy,0.008,6,21,18432,0,0.992,0.9918697567515801,0.9528815320673674,226.03760886995587,0.08549585798755288,226.12310472794343
UNSW_2018_IoT_Botnet_Final_10_Best,6q_5k,QSVC,full,3,L3,qiskit_heavy,0.008,6,22,19456,1,0.986,0.9855505371304532,0.9165047461853774,226.04001843603328,0.08610708301421255,226.1261255190475
UNSW_2018_IoT_Botnet_Final_10_Best,6q_5k,QSVC,full,3,L3,qiskit_heavy,0.008,6,23,20480,2,0.986,0.985795699423682,0.9170722259667676,220.15293183294125,0.7438501080032438,220.8967819409445
UNSW_2018_IoT_Botnet_Final_10_Best,6q_5k,QSVC,full,3,L3,qiskit_heavy,0.008,6,24,21504,0,0.9893333333333333,0.9890485415818749,0.9368897701925781,219.63557717902586,0.9407088600564748,220.57628603908233
UNSW_2018_IoT_Botnet_Final_10_Best,6q_5k,QSVC,full,3,L3,qiskit_heavy,0.008,6,25,22528,1,0.9846666666666667,0.9841743978095439,0.9082612155363435,226.06070472998545,0.050374304060824215,226.11107903404627
UNSW_2018_IoT_Botnet_Final_10_Best,6q_5k,QSVC,full,3,L3,qiskit_heavy,0.008,6,26,23552,2,0.9873333333333333,0.9870175911139836,0.9246627472072252,220.02725304104388,1.0622996781021357,221.089552719146
UNSW_2018_IoT_Botnet_Final_10_Best,6q_5k,QSVC,full,3,L3,qiskit_heavy,0.008,6,27,24576,0,0.9846666666666667,0.9842844524011382,0.9084117030021959,226.25838845502585,0.35881380003411323,226.61720225505996
UNSW_2018_IoT_Botnet_Final_10_Best,6q_5k,QSVC,full,3,L3,qiskit_heavy,0.008,6,28,25600,1,0.986,0.985499030733676,0.9165944255072853,214.5070573700359,0.7401866629952565,215.24724403303117
UNSW_2018_IoT_Botnet_Final_10_Best,6q_5k,QSVC,full,3,L3,qiskit_heavy,0.008,6,29,26624,2,0.984,0.9833372997507515,0.9042708818951373,226.26985080190934,0.0730060210917145,226.34285682300106
UNSW_2018_IoT_Botnet_Final_10_Best,6q_5k,QSVC,full,3,L3,qiskit_heavy,0.01,6,0,42,0,0.9846666666666667,0.9842298798003735,0.9083029047572362,218.33959874301217,1.310268028988503,219.64986677200068
UNSW_2018_IoT_Botnet_Final_10_Best,6q_5k,QSVC,full,3,L3,qiskit_heavy,0.01,6,1,123,1,0.9833333333333333,0.9829762341313497,0.9005161254786475,227.37121225404553,0.055220021051354706,227.4264322750969
UNSW_2018_IoT_Botnet_Final_10_Best,6q_5k,QSVC,full,3,L3,qiskit_heavy,0.01,6,2,456,2,0.97,0.9698575517842768,0.8244855488165341,225.24350354401395,0.7444488879991695,225.98795243201312
UNSW_2018_IoT_Botnet_Final_10_Best,6q_5k,QSVC,full,3,L3,qiskit_heavy,0.01,6,3,789,0,0.98,0.9793942440069054,0.879526324433407,223.3681621629512,1.3895361189497635,224.75769828190096
UNSW_2018_IoT_Botnet_Final_10_Best,6q_5k,QSVC,full,3,L3,qiskit_heavy,0.01,6,4,1024,1,0.9873333333333333,0.9871907255265365,0.9252757916070182,226.51066488400102,0.05215601995587349,226.5628209039569
UNSW_2018_IoT_Botnet_Final_10_Best,6q_5k,QSVC,full,3,L3,qiskit_heavy,0.01,6,5,2048,2,0.9813333333333333,0.980699854977605,0.8875815486864851,222.8777647060342,0.9941296260803938,223.8718943321146
UNSW_2018_IoT_Botnet_Final_10_Best,6q_5k,QSVC,full,3,L3,qiskit_heavy,0.01,6,6,3072,0,0.9086666666666666,0.9202322741531797,0.657585637541617,222.92717088700738,0.9747281760210171,223.9018990630284
UNSW_2018_IoT_Botnet_Final_10_Best,6q_5k,QSVC,full,3,L3,qiskit_heavy,0.01,6,7,4096,1,0.97,0.9693572214364293,0.8198295363729805,223.51622011396103,1.8525686219800264,225.36878873594105
UNSW_2018_IoT_Botnet_Final_10_Best,6q_5k,QSVC,full,3,L3,qiskit_heavy,0.01,6,8,5120,2,0.9766666666666667,0.9758317178894599,0.8584608771313688,225.8729773130035,0.05032248795032501,225.92329980095383
UNSW_2018_IoT_Botnet_Final_10_Best,6q_5k,QSVC,full,3,L3,qiskit_heavy,0.01,6,9,6144,0,0.9806666666666667,0.9797541653813087,0.883333213626182,210.5057922200067,1.5535048759775236,212.05929709598422
UNSW_2018_IoT_Botnet_Final_10_Best,6q_5k,QSVC,full,3,L3,qiskit_heavy,0.01,6,10,7168,1,0.98,0.98,0.884051099968565,219.53140915289987,0.7282521580345929,220.25966131093446
UNSW_2018_IoT_Botnet_Final_10_Best,6q_5k,QSVC,full,3,L3,qiskit_heavy,0.01,6,11,8192,2,0.9826666666666667,0.9821416781393181,0.8959532752399453,224.56228916195687,0.05436386202927679,224.61665302398615
UNSW_2018_IoT_Botnet_Final_10_Best,6q_5k,QSVC,full,3,L3,qiskit_heavy,0.01,6,12,9216,0,0.97,0.9698575517842768,0.8244855488165341,198.48014196997974,1.1004527519689873,199.58059472194873
UNSW_2018_IoT_Botnet_Final_10_Best,6q_5k,QSVC,full,3,L3,qiskit_heavy,0.01,6,13,10240,1,0.9873333333333333,0.9871055657492355,0.9248457836957138,219.90545402897988,0.7422770820558071,220.64773111103568
UNSW_2018_IoT_Botnet_Final_10_Best,6q_5k,QSVC,full,3,L3,qiskit_heavy,0.01,6,14,11264,2,0.9673333333333334,0.9655321690060359,0.7973296463305123,222.86311353789642,0.05079939390998334,222.9139129318064
UNSW_2018_IoT_Botnet_Final_10_Best,6q_5k,QSVC,full,3,L3,qiskit_heavy,0.01,6,15,12288,0,0.974,0.9739591741785403,0.8487998288004186,214.54192356497515,0.9776179259642959,215.51954149093945
UNSW_2018_IoT_Botnet_Final_10_Best,6q_5k,QSVC,full,3,L3,qiskit_heavy,0.01,6,16,13312,1,0.972,0.9711519416096676,0.830245472013792,214.254360821913,1.0192346739349887,215.27359549584799
UNSW_2018_IoT_Botnet_Final_10_Best,6q_5k,QSVC,full,3,L3,qiskit_heavy,0.01,6,17,14336,2,0.9766666666666667,0.9755653720119243,0.8578380659703387,223.44147708197124,0.05589909199625254,223.4973761739675
UNSW_2018_IoT_Botnet_Final_10_Best,6q_5k,QSVC,full,3,L3,qiskit_heavy,0.01,6,18,15360,0,0.9673333333333334,0.9674848089950931,0.8124310742584301,218.2704690330429,1.4083774259779602,219.67884645902086
UNSW_2018_IoT_Botnet_Final_10_Best,6q_5k,QSVC,full,3,L3,qiskit_heavy,0.01,6,19,16384,1,0.9806666666666667,0.9799025252686626,0.8832884098042472,215.0277820220217,1.773767801001668,216.80154982302338
UNSW_2018_IoT_Botnet_Final_10_Best,6q_5k,QSVC,full,3,L3,qiskit_heavy,0.01,6,20,17408,2,0.9773333333333334,0.9760375827020166,0.8621557448117109,222.87813051696867,0.054506902932189405,222.93263741990086
UNSW_2018_IoT_Botnet_Final_10_Best,6q_5k,QSVC,full,3,L3,qiskit_heavy,0.01,6,21,18432,0,0.986,0.9857482568807339,0.9168326331473001,201.67478436406236,1.1772661790018901,202.85205054306425
UNSW_2018_IoT_Botnet_Final_10_Best,6q_5k,QSVC,full,3,L3,qiskit_heavy,0.01,6,22,19456,1,0.9786666666666667,0.9780205269406991,0.8713128490301378,223.0091169149382,0.05488397099543363,223.06400088593364
UNSW_2018_IoT_Botnet_Final_10_Best,6q_5k,QSVC,full,3,L3,qiskit_heavy,0.01,6,23,20480,2,0.9786666666666667,0.9782464686277764,0.8725112683354663,217.1989077499602,0.7339854369638488,217.93289318692405
UNSW_2018_IoT_Botnet_Final_10_Best,6q_5k,QSVC,full,3,L3,qiskit_heavy,0.01,6,24,21504,0,0.9833333333333333,0.9828585650004061,0.9001191109709058,223.04848708002828,0.12138833396602422,223.1698754139943
UNSW_2018_IoT_Botnet_Final_10_Best,6q_5k,QSVC,full,3,L3,qiskit_heavy,0.01,6,25,22528,1,0.978,0.977373305800536,0.8673839358255843,223.00200100394432,0.11470013204962015,223.11670113599394
UNSW_2018_IoT_Botnet_Final_10_Best,6q_5k,QSVC,full,3,L3,qiskit_heavy,0.01,6,26,23552,2,0.9786666666666667,0.9781723880167903,0.8720542481499793,223.00891734298784,0.6828318949555978,223.69174923794344
UNSW_2018_IoT_Botnet_Final_10_Best,6q_5k,QSVC,full,3,L3,qiskit_heavy,0.01,6,27,24576,0,0.9753333333333334,0.9752162092448498,0.8557002970049441,215.3116842560703,1.058682598057203,216.3703668541275
UNSW_2018_IoT_Botnet_Final_10_Best,6q_5k,QSVC,full,3,L3,qiskit_heavy,0.01,6,28,25600,1,0.9773333333333334,0.9766468098744929,0.8630993736268686,224.06490403902717,0.055268486961722374,224.1201725259889
UNSW_2018_IoT_Botnet_Final_10_Best,6q_5k,QSVC,full,3,L3,qiskit_heavy,0.01,6,29,26624,2,0.98,0.9790948905109488,0.8790611124870663,221.47656113805715,0.755135582992807,222.23169672104996
UNSW_2018_IoT_Botnet_Final_10_Best,6q_5k,QSVC,full,3,L3,qiskit_heavy,0.02,6,0,42,0,0.09533333333333334,0.016594846824913773,0.0,225.77865229104646,0.06153020297642797,225.84018249402288
UNSW_2018_IoT_Botnet_Final_10_Best,6q_5k,QSVC,full,3,L3,qiskit_heavy,0.02,6,1,123,1,0.09533333333333334,0.016594846824913773,0.0,225.82352853007615,0.33243517100345343,226.1559637010796
UNSW_2018_IoT_Botnet_Final_10_Best,6q_5k,QSVC,full,3,L3,qiskit_heavy,0.02,6,2,456,2,0.09533333333333334,0.016594846824913773,0.0,222.97078462096397,1.0363984839059412,224.0071831048699
UNSW_2018_IoT_Botnet_Final_10_Best,6q_5k,QSVC,full,3,L3,qiskit_heavy,0.02,6,3,789,0,0.09533333333333334,0.016594846824913773,0.0,201.49900947301649,1.397155498038046,202.89616497105453
UNSW_2018_IoT_Botnet_Final_10_Best,6q_5k,QSVC,full,3,L3,qiskit_heavy,0.02,6,4,1024,1,0.09533333333333334,0.016594846824913773,0.0,223.53333564603236,0.055220401962287724,223.58855604799464
UNSW_2018_IoT_Botnet_Final_10_Best,6q_5k,QSVC,full,3,L3,qiskit_heavy,0.02,6,5,2048,2,0.09533333333333334,0.016594846824913773,0.0,221.26329343405087,0.7563123420113698,222.01960577606224
UNSW_2018_IoT_Botnet_Final_10_Best,6q_5k,QSVC,full,3,L3,qiskit_heavy,0.02,6,6,3072,0,0.09533333333333334,0.016594846824913773,0.0,215.3453826420009,0.9417963860323653,216.28717902803328
UNSW_2018_IoT_Botnet_Final_10_Best,6q_5k,QSVC,full,3,L3,qiskit_heavy,0.02,6,7,4096,1,0.09533333333333334,0.016594846824913773,0.0,216.55670273897704,1.2857735799625516,217.8424763189396
UNSW_2018_IoT_Botnet_Final_10_Best,6q_5k,QSVC,full,3,L3,qiskit_heavy,0.02,6,8,5120,2,0.09533333333333334,0.016594846824913773,0.0,225.45903442893177,0.05243990698363632,225.5114743359154
UNSW_2018_IoT_Botnet_Final_10_Best,6q_5k,QSVC,full,3,L3,qiskit_heavy,0.02,6,9,6144,0,0.09533333333333334,0.016594846824913773,0.0,219.99963650398422,2.1993695580167696,222.199006062001
UNSW_2018_IoT_Botnet_Final_10_Best,6q_5k,QSVC,full,3,L3,qiskit_heavy,0.02,6,10,7168,1,0.09533333333333334,0.016594846824913773,0.0,223.61959572695196,0.902660246938467,224.52225597389042
UNSW_2018_IoT_Botnet_Final_10_Best,6q_5k,QSVC,full,3,L3,qiskit_heavy,0.02,6,11,8192,2,0.09533333333333334,0.016594846824913773,0.0,224.66485966800246,0.056259155040606856,224.72111882304307
UNSW_2018_IoT_Botnet_Final_10_Best,6q_5k,QSVC,full,3,L3,qiskit_heavy,0.02,6,12,9216,0,0.09533333333333334,0.016594846824913773,0.0,224.22307113790885,0.052140081068500876,224.27521121897735
UNSW_2018_IoT_Botnet_Final_10_Best,6q_5k,QSVC,full,3,L3,qiskit_heavy,0.02,6,13,10240,1,0.09533333333333334,0.016594846824913773,0.0,222.25309500994626,0.7463899690192193,222.99948497896548
UNSW_2018_IoT_Botnet_Final_10_Best,6q_5k,QSVC,full,3,L3,qiskit_heavy,0.02,6,14,11264,2,0.09533333333333334,0.016594846824913773,0.0,215.13876393495593,1.2580674110213295,216.39683134597726
UNSW_2018_IoT_Botnet_Final_10_Best,6q_5k,QSVC,full,3,L3,qiskit_heavy,0.02,6,15,12288,0,0.09533333333333334,0.016594846824913773,0.0,222.15409814205486,0.7389365290291607,222.89303467108402
UNSW_2018_IoT_Botnet_Final_10_Best,6q_5k,QSVC,full,3,L3,qiskit_heavy,0.02,6,16,13312,1,0.09533333333333334,0.016594846824913773,0.0,225.03972308093216,0.05561332404613495,225.0953364049783
UNSW_2018_IoT_Botnet_Final_10_Best,6q_5k,QSVC,full,3,L3,qiskit_heavy,0.02,6,17,14336,2,0.09533333333333334,0.016594846824913773,0.0,215.98874422092922,0.7493822410469875,216.7381264619762
UNSW_2018_IoT_Botnet_Final_10_Best,6q_5k,QSVC,full,3,L3,qiskit_heavy,0.02,6,18,15360,0,0.09533333333333334,0.016594846824913773,0.0,224.67344736400992,1.3356225489405915,226.0090699129505
UNSW_2018_IoT_Botnet_Final_10_Best,6q_5k,QSVC,full,3,L3,qiskit_heavy,0.02,6,19,16384,1,0.09533333333333334,0.016594846824913773,0.0,226.51425882300828,0.05188847100362182,226.5661472940119
UNSW_2018_IoT_Botnet_Final_10_Best,6q_5k,QSVC,full,3,L3,qiskit_heavy,0.02,6,20,17408,2,0.09533333333333334,0.016594846824913773,0.0,217.43553145998158,0.7842195029370487,218.21975096291862
UNSW_2018_IoT_Botnet_Final_10_Best,6q_5k,QSVC,full,3,L3,qiskit_heavy,0.02,6,21,18432,0,0.09533333333333334,0.016594846824913773,0.0,223.02472192596179,0.05211952398531139,223.0768414499471
UNSW_2018_IoT_Botnet_Final_10_Best,6q_5k,QSVC,full,3,L3,qiskit_heavy,0.02,6,22,19456,1,0.09533333333333334,0.016594846824913773,0.0,209.11701849498786,2.0275900550186634,211.14460855000652
UNSW_2018_IoT_Botnet_Final_10_Best,6q_5k,QSVC,full,3,L3,qiskit_heavy,0.02,6,23,20480,2,0.09533333333333334,0.016594846824913773,0.0,217.2315525059821,0.7185959579655901,217.9501484639477
UNSW_2018_IoT_Botnet_Final_10_Best,6q_5k,QSVC,full,3,L3,qiskit_heavy,0.02,6,24,21504,0,0.09533333333333334,0.016594846824913773,0.0,222.9930610919837,0.8865062560653314,223.87956734804902
UNSW_2018_IoT_Botnet_Final_10_Best,6q_5k,QSVC,full,3,L3,qiskit_heavy,0.02,6,25,22528,1,0.09533333333333334,0.016594846824913773,0.0,226.62918860302307,0.052557655959390104,226.68174625898246
UNSW_2018_IoT_Botnet_Final_10_Best,6q_5k,QSVC,full,3,L3,qiskit_heavy,0.02,6,26,23552,2,0.09533333333333334,0.016594846824913773,0.0,223.40197111002635,1.3200526420259848,224.72202375205234
UNSW_2018_IoT_Botnet_Final_10_Best,6q_5k,QSVC,full,3,L3,qiskit_heavy,0.02,6,27,24576,0,0.09533333333333334,0.016594846824913773,0.0,210.06061407597736,0.710095192072913,210.77070926805027
UNSW_2018_IoT_Botnet_Final_10_Best,6q_5k,QSVC,full,3,L3,qiskit_heavy,0.02,6,28,25600,1,0.09533333333333334,0.016594846824913773,0.0,221.76856773998588,0.05539036798290908,221.8239581079688
UNSW_2018_IoT_Botnet_Final_10_Best,6q_5k,QSVC,full,3,L3,qiskit_heavy,0.02,6,29,26624,2,0.09533333333333334,0.016594846824913773,0.0,215.952340926975,0.7449899020139128,216.69733082898892
UNSW_2018_IoT_Botnet_Final_10_Best,6q_5k,QSVC,full,3,L3,qiskit_heavy,0.05,6,0,42,0,0.09533333333333334,0.016594846824913773,0.0,225.4904679839965,0.12931336497422308,225.61978134897072
UNSW_2018_IoT_Botnet_Final_10_Best,6q_5k,QSVC,full,3,L3,qiskit_heavy,0.05,6,1,123,1,0.09533333333333334,0.016594846824913773,0.0,225.50953043391928,0.12308314198162407,225.6326135759009
UNSW_2018_IoT_Botnet_Final_10_Best,6q_5k,QSVC,full,3,L3,qiskit_heavy,0.05,6,2,456,2,0.09533333333333334,0.016594846824913773,0.0,225.50142883195076,0.12832777900621295,225.62975661095697
UNSW_2018_IoT_Botnet_Final_10_Best,6q_5k,QSVC,full,3,L3,qiskit_heavy,0.05,6,3,789,0,0.09533333333333334,0.016594846824913773,0.0,222.75700454297476,0.7676496770000085,223.52465421997476
UNSW_2018_IoT_Botnet_Final_10_Best,6q_5k,QSVC,full,3,L3,qiskit_heavy,0.05,6,4,1024,1,0.09533333333333334,0.016594846824913773,0.0,225.62383324594703,0.055276307044550776,225.67910955299158
UNSW_2018_IoT_Botnet_Final_10_Best,6q_5k,QSVC,full,3,L3,qiskit_heavy,0.05,6,5,2048,2,0.09533333333333334,0.016594846824913773,0.0,210.52094474504702,1.0555348290363327,211.57647957408335
UNSW_2018_IoT_Botnet_Final_10_Best,6q_5k,QSVC,full,3,L3,qiskit_heavy,0.05,6,6,3072,0,0.09533333333333334,0.016594846824913773,0.0,226.10990653710905,0.05195566196925938,226.1618621990783
UNSW_2018_IoT_Botnet_Final_10_Best,6q_5k,QSVC,full,3,L3,qiskit_heavy,0.05,6,7,4096,1,0.09533333333333334,0.016594846824913773,0.0,223.16679506306536,1.1160416790517047,224.28283674211707
UNSW_2018_IoT_Botnet_Final_10_Best,6q_5k,QSVC,full,3,L3,qiskit_heavy,0.05,6,8,5120,2,0.09533333333333334,0.016594846824913773,0.0,223.02438331197482,0.9224904179573059,223.94687372993212
UNSW_2018_IoT_Botnet_Final_10_Best,6q_5k,QSVC,full,3,L3,qiskit_heavy,0.05,6,9,6144,0,0.09533333333333334,0.016594846824913773,0.0,212.377407234977,2.054951931000687,214.4323591659777
UNSW_2018_IoT_Botnet_Final_10_Best,6q_5k,QSVC,full,3,L3,qiskit_heavy,0.05,6,10,7168,1,0.09533333333333334,0.016594846824913773,0.0,215.38945113692898,0.718633014941588,216.10808415187057
UNSW_2018_IoT_Botnet_Final_10_Best,6q_5k,QSVC,full,3,L3,qiskit_heavy,0.05,6,11,8192,2,0.09533333333333334,0.016594846824913773,0.0,221.04618803504854,0.055268486961722374,221.10145652201027
UNSW_2018_IoT_Botnet_Final_10_Best,6q_5k,QSVC,full,3,L3,qiskit_heavy,0.05,6,12,9216,0,0.09533333333333334,0.016594846824913773,0.0,219.6905404389836,0.7436539849732071,220.4341944239568
UNSW_2018_IoT_Botnet_Final_10_Best,6q_5k,QSVC,full,3,L3,qiskit_heavy,0.05,6,13,10240,1,0.09533333333333334,0.016594846824913773,0.0,213.6313459139783,1.2775432219495997,214.9088891359279
UNSW_2018_IoT_Botnet_Final_10_Best,6q_5k,QSVC,full,3,L3,qiskit_heavy,0.05,6,14,11264,2,0.09533333333333334,0.016594846824913773,0.0,225.44314601109363,0.05522304307669401,225.49836905417033
UNSW_2018_IoT_Botnet_Final_10_Best,6q_5k,QSVC,full,3,L3,qiskit_heavy,0.05,6,15,12288,0,0.09533333333333334,0.016594846824913773,0.0,224.80197487503756,0.05190970003604889,224.8538845750736
UNSW_2018_IoT_Botnet_Final_10_Best,6q_5k,QSVC,full,3,L3,qiskit_heavy,0.05,6,16,13312,1,0.09533333333333334,0.016594846824913773,0.0,209.46021069400012,1.1703546110074967,210.63056530500762
UNSW_2018_IoT_Botnet_Final_10_Best,6q_5k,QSVC,full,3,L3,qiskit_heavy,0.05,6,17,14336,2,0.09533333333333334,0.016594846824913773,0.0,222.91571930295322,1.3472365780035034,224.26295588095672
UNSW_2018_IoT_Botnet_Final_10_Best,6q_5k,QSVC,full,3,L3,qiskit_heavy,0.05,6,18,15360,0,0.09533333333333334,0.016594846824913773,0.0,221.38716429797933,2.010650392039679,223.397814690019
UNSW_2018_IoT_Botnet_Final_10_Best,6q_5k,QSVC,full,3,L3,qiskit_heavy,0.05,6,19,16384,1,0.09533333333333334,0.016594846824913773,0.0,224.0528986939462,0.09346597001422197,224.1463646639604
UNSW_2018_IoT_Botnet_Final_10_Best,6q_5k,QSVC,full,3,L3,qiskit_heavy,0.05,6,20,17408,2,0.09533333333333334,0.016594846824913773,0.0,224.0480363239767,0.09299296606332064,224.14102929004002
UNSW_2018_IoT_Botnet_Final_10_Best,6q_5k,QSVC,full,3,L3,qiskit_heavy,0.05,6,21,18432,0,0.09533333333333334,0.016594846824913773,0.0,225.4076187829487,0.05209654802456498,225.45971533097327
UNSW_2018_IoT_Botnet_Final_10_Best,6q_5k,QSVC,full,3,L3,qiskit_heavy,0.05,6,22,19456,1,0.09533333333333334,0.016594846824913773,0.0,222.4784525069408,0.7386284950189292,223.21708100195974
UNSW_2018_IoT_Botnet_Final_10_Best,6q_5k,QSVC,full,3,L3,qiskit_heavy,0.05,6,23,20480,2,0.09533333333333334,0.016594846824913773,0.0,216.390648682951,1.3725218189647421,217.76317050191574
UNSW_2018_IoT_Botnet_Final_10_Best,6q_5k,QSVC,full,3,L3,qiskit_heavy,0.05,6,24,21504,0,0.09533333333333334,0.016594846824913773,0.0,220.1868023229763,1.1408207840286195,221.3276231070049
UNSW_2018_IoT_Botnet_Final_10_Best,6q_5k,QSVC,full,3,L3,qiskit_heavy,0.05,6,25,22528,1,0.09533333333333334,0.016594846824913773,0.0,222.93066006095614,0.7396749940235168,223.67033505497966
UNSW_2018_IoT_Botnet_Final_10_Best,6q_5k,QSVC,full,3,L3,qiskit_heavy,0.05,6,26,23552,2,0.09533333333333334,0.016594846824913773,0.0,225.82239485392347,0.0552736499812454,225.87766850390472
UNSW_2018_IoT_Botnet_Final_10_Best,6q_5k,QSVC,full,3,L3,qiskit_heavy,0.05,6,27,24576,0,0.09533333333333334,0.016594846824913773,0.0,225.18956611200701,0.3505082190968096,225.54007433110382
UNSW_2018_IoT_Botnet_Final_10_Best,6q_5k,QSVC,full,3,L3,qiskit_heavy,0.05,6,28,25600,1,0.09533333333333334,0.016594846824913773,0.0,225.1721322829835,0.07874935597646981,225.25088163895998
UNSW_2018_IoT_Botnet_Final_10_Best,6q_5k,QSVC,full,3,L3,qiskit_heavy,0.05,6,29,26624,2,0.09533333333333334,0.016594846824913773,0.0,220.97567988594528,2.020024600904435,222.99570448684972
UNSW_2018_IoT_Botnet_Final_10_Best,6q_5k,QVE,full,0,L0,baseline_unoptimized,0.0,6,0,42,0,0.996,0.9960124139626352,0.976983222161292,382.3205109371338,4.266442168038338,386.58695310517214
UNSW_2018_IoT_Botnet_Final_10_Best,6q_5k,QVE,full,0,L0,baseline_unoptimized,0.0,6,1,123,1,0.994,0.9940460092931921,0.9659258574367079,382.14742940990254,3.341964846942574,385.4893942568451
UNSW_2018_IoT_Botnet_Final_10_Best,6q_5k,QVE,full,0,L0,baseline_unoptimized,0.0,6,2,456,2,0.9973333333333333,0.9973333333333333,0.9845401466624754,367.1983338468708,4.366173604037613,371.5645074509084
UNSW_2018_IoT_Botnet_Final_10_Best,6q_5k,QVE,full,0,L0,baseline_unoptimized,0.0,6,3,789,0,0.996,0.9960124139626352,0.976983222161292,373.26307181909215,3.9179829199565575,377.1810547390487
UNSW_2018_IoT_Botnet_Final_10_Best,6q_5k,QVE,full,0,L0,baseline_unoptimized,0.0,6,4,1024,1,0.9926666666666667,0.992744784620667,0.9587324290599396,382.54547285696026,1.4736685390817001,384.01914139604196
UNSW_2018_IoT_Botnet_Final_10_Best,6q_5k,QVE,full,0,L0,baseline_unoptimized,0.0,6,5,2048,2,0.9913333333333333,0.99134683480793,0.9499192043892009,382.391855721944,0.9923023709561676,383.3841580929002
UNSW_2018_IoT_Botnet_Final_10_Best,6q_5k,QVE,full,0,L0,baseline_unoptimized,0.0,6,6,3072,0,0.998,0.997990503452285,0.9883629768056863,384.40039284084924,1.1943050229456276,385.59469786379486
UNSW_2018_IoT_Botnet_Final_10_Best,6q_5k,QVE,full,0,L0,baseline_unoptimized,0.0,6,7,4096,1,0.998,0.9980092740201078,0.9885781316226904,383.59537997096777,1.5944697050144896,385.18984967598226
UNSW_2018_IoT_Botnet_Final_10_Best,6q_5k,QVE,full,0,L0,baseline_unoptimized,0.0,6,8,5120,2,0.9966666666666667,0.9966400755284308,0.9805571131969575,373.65847764292266,4.09346786304377,377.75194550596643
UNSW_2018_IoT_Botnet_Final_10_Best,6q_5k,QVE,full,0,L0,baseline_unoptimized,0.0,6,9,6144,0,0.9953333333333333,0.9953260056217893,0.9728676747095873,381.8128254018957,3.732290169922635,385.5451155718183
UNSW_2018_IoT_Botnet_Final_10_Best,6q_5k,QVE,full,0,L0,baseline_unoptimized,0.0,6,10,7168,1,0.996,0.9960366645757877,0.9774907023990167,367.74237742694095,4.474102829000913,372.21648025594186
UNSW_2018_IoT_Botnet_Final_10_Best,6q_5k,QVE,full,0,L0,baseline_unoptimized,0.0,6,11,8192,2,0.9973333333333333,0.9973497561182509,0.9848460011024754,382.5135598540073,3.555584192974493,386.0691440469818
UNSW_2018_IoT_Botnet_Final_10_Best,6q_5k,QVE,full,0,L0,baseline_unoptimized,0.0,6,12,9216,0,0.996,0.9959745745463654,0.9766360841206913,363.8276574090123,4.640045301988721,368.46770271100104
UNSW_2018_IoT_Botnet_Final_10_Best,6q_5k,QVE,full,0,L0,baseline_unoptimized,0.0,6,13,10240,1,0.998,0.9980092740201078,0.9885781316226904,380.8797279789578,3.4963788270251825,384.376106805983
UNSW_2018_IoT_Botnet_Final_10_Best,6q_5k,QVE,full,0,L0,baseline_unoptimized,0.0,6,14,11264,2,0.99,0.990164837423439,0.9447523025231931,379.4696265049279,4.258862567017786,383.72848907194566
UNSW_2018_IoT_Botnet_Final_10_Best,6q_5k,QVE,full,0,L0,baseline_unoptimized,0.0,6,15,12288,0,0.996,0.9960124139626352,0.976983222161292,369.88623462594114,4.5731183249736205,374.45935295091476
UNSW_2018_IoT_Botnet_Final_10_Best,6q_5k,QVE,full,0,L0,baseline_unoptimized,0.0,6,16,13312,1,0.9973333333333333,0.9973333333333333,0.9845401466624754,384.81050742499065,4.443772795028053,389.2542802200187
UNSW_2018_IoT_Botnet_Final_10_Best,6q_5k,QVE,full,0,L0,baseline_unoptimized,0.0,6,17,14336,2,0.9913333333333333,0.9912921816265687,0.9493445415701739,386.47470448794775,4.223712224047631,390.6984167119954
UNSW_2018_IoT_Botnet_Final_10_Best,6q_5k,QVE,full,0,L0,baseline_unoptimized,0.0,6,18,15360,0,0.9966666666666667,0.9966821233668463,0.9809195639112008,371.67859700194094,4.295688797021285,375.9742857989622
UNSW_2018_IoT_Botnet_Final_10_Best,6q_5k,QVE,full,0,L0,baseline_unoptimized,0.0,6,19,16384,1,0.9986666666666667,0.9986708046542117,0.9923474119575537,385.9727369399043,4.9922863020328805,390.96502324193716
UNSW_2018_IoT_Botnet_Final_10_Best,6q_5k,QVE,full,0,L0,baseline_unoptimized,0.0,6,20,17408,2,0.9966666666666667,0.9966821233668463,0.9809195639112008,385.75900851003826,4.535173245938495,390.29418175597675
UNSW_2018_IoT_Botnet_Final_10_Best,6q_5k,QVE,full,0,L0,baseline_unoptimized,0.0,6,21,18432,0,0.9966666666666667,0.9966922273851068,0.9811503949509465,385.0321360559901,3.1910370289115235,388.22317308490165
UNSW_2018_IoT_Botnet_Final_10_Best,6q_5k,QVE,full,0,L0,baseline_unoptimized,0.0,6,22,19456,1,0.9973333333333333,0.9973416093084235,0.9846653170594228,369.05375954695046,4.959329365985468,374.0130889129359
UNSW_2018_IoT_Botnet_Final_10_Best,6q_5k,QVE,full,0,L0,baseline_unoptimized,0.0,6,23,20480,2,0.9973333333333333,0.9973497561182509,0.9848460011024754,384.67689056508243,3.5351695941062644,388.2120601591887
UNSW_2018_IoT_Botnet_Final_10_Best,6q_5k,QVE,full,0,L0,baseline_unoptimized,0.0,6,24,21504,0,0.9986666666666667,0.9986708046542117,0.9923474119575537,384.1666113859974,2.8331070959102362,386.9997184819076
UNSW_2018_IoT_Botnet_Final_10_Best,6q_5k,QVE,full,0,L0,baseline_unoptimized,0.0,6,25,22528,1,0.9973333333333333,0.9973416093084235,0.9846653170594228,369.99289469607174,4.492802998051047,374.4856976941228
UNSW_2018_IoT_Botnet_Final_10_Best,6q_5k,QVE,full,0,L0,baseline_unoptimized,0.0,6,26,23552,2,0.9966666666666667,0.9966922273851068,0.9811503949509465,384.46850721212104,1.7519246329320595,386.2204318450531
UNSW_2018_IoT_Botnet_Final_10_Best,6q_5k,QVE,full,0,L0,baseline_unoptimized,0.0,6,27,24576,0,0.9946666666666667,0.9946832186168468,0.9693011272631611,374.8516846849816,4.7843368150061,379.6360214999877
UNSW_2018_IoT_Botnet_Final_10_Best,6q_5k,QVE,full,0,L0,baseline_unoptimized,0.0,6,28,25600,1,0.996,0.9960124139626352,0.976983222161292,384.9524511350319,1.9282924300059676,386.88074356503785
UNSW_2018_IoT_Botnet_Final_10_Best,6q_5k,QVE,full,0,L0,baseline_unoptimized,0.0,6,29,26624,2,0.9966666666666667,0.9966821233668463,0.9809195639112008,384.7741494179936,2.8868210249347612,387.6609704429284
UNSW_2018_IoT_Botnet_Final_10_Best,6q_5k,QVE,full,0,L0,baseline_unoptimized,0.0003,6,0,42,0,0.996,0.9960124139626352,0.976983222161292,259.75161490403116,1.684575763065368,261.4361906670965
UNSW_2018_IoT_Botnet_Final_10_Best,6q_5k,QVE,full,0,L0,baseline_unoptimized,0.0003,6,1,123,1,0.9933333333333333,0.9933944409596461,0.9623117253801959,264.26313753193244,1.1753954160958529,265.4385329480283
UNSW_2018_IoT_Botnet_Final_10_Best,6q_5k,QVE,full,0,L0,baseline_unoptimized,0.0003,6,2,456,2,0.9966666666666667,0.9966718595415115,0.9807427232544484,262.58786297403276,1.894875849946402,264.48273882397916
UNSW_2018_IoT_Botnet_Final_10_Best,6q_5k,QVE,full,0,L0,baseline_unoptimized,0.0003,6,3,789,0,0.996,0.9960124139626352,0.976983222161292,264.2646725139348,1.215185428969562,265.47985794290435
UNSW_2018_IoT_Botnet_Final_10_Best,6q_5k,QVE,full,0,L0,baseline_unoptimized,0.0003,6,4,1024,1,0.9926666666666667,0.992744784620667,0.9587324290599396,264.7519083559746,0.7715953710721806,265.5235037270468
UNSW_2018_IoT_Botnet_Final_10_Best,6q_5k,QVE,full,0,L0,baseline_unoptimized,0.0003,6,5,2048,2,0.9913333333333333,0.99134683480793,0.9499192043892009,264.5561108039692,0.7216942829545587,265.27780508692376
UNSW_2018_IoT_Botnet_Final_10_Best,6q_5k,QVE,full,0,L0,baseline_unoptimized,0.0003,6,6,3072,0,0.998,0.997990503452285,0.9883629768056863,265.08548612718005,1.3168273570481688,266.4023134842282
UNSW_2018_IoT_Botnet_Final_10_Best,6q_5k,QVE,full,0,L0,baseline_unoptimized,0.0003,6,7,4096,1,0.998,0.9980092740201078,0.9885781316226904,265.20330838114023,1.564349289983511,266.76765767112374
UNSW_2018_IoT_Botnet_Final_10_Best,6q_5k,QVE,full,0,L0,baseline_unoptimized,0.0003,6,8,5120,2,0.9966666666666667,0.9966400755284308,0.9805571131969575,264.23804277391173,1.626594346947968,265.8646371208597
UNSW_2018_IoT_Botnet_Final_10_Best,6q_5k,QVE,full,0,L0,baseline_unoptimized,0.0003,6,9,6144,0,0.9953333333333333,0.9953260056217893,0.9728676747095873,263.50682791206054,1.6303018708713353,265.1371297829319
UNSW_2018_IoT_Botnet_Final_10_Best,6q_5k,QVE,full,0,L0,baseline_unoptimized,0.0003,6,10,7168,1,0.996,0.9960366645757877,0.9774907023990167,264.88398668612354,1.367604392929934,266.25159107905347
UNSW_2018_IoT_Botnet_Final_10_Best,6q_5k,QVE,full,0,L0,baseline_unoptimized,0.0003,6,11,8192,2,0.9973333333333333,0.9973497561182509,0.9848460011024754,265.0649312440073,0.9389174719108269,266.00384871591814
UNSW_2018_IoT_Botnet_Final_10_Best,6q_5k,QVE,full,0,L0,baseline_unoptimized,0.0003,6,12,9216,0,0.996,0.9959745745463654,0.9766360841206913,257.1589884678833,1.7242595648858696,258.8832480327692
UNSW_2018_IoT_Botnet_Final_10_Best,6q_5k,QVE,full,0,L0,baseline_unoptimized,0.0003,6,13,10240,1,0.998,0.9980092740201078,0.9885781316226904,253.41770501201972,1.9232081900117919,255.34091320203152
UNSW_2018_IoT_Botnet_Final_10_Best,6q_5k,QVE,full,0,L0,baseline_unoptimized,0.0003,6,14,11264,2,0.99,0.990164837423439,0.9447523025231931,261.2673760938924,1.6134294091025367,262.8808055029949
UNSW_2018_IoT_Botnet_Final_10_Best,6q_5k,QVE,full,0,L0,baseline_unoptimized,0.0003,6,15,12288,0,0.996,0.9960124139626352,0.976983222161292,262.8130120499991,1.5244410020532086,264.3374530520523
UNSW_2018_IoT_Botnet_Final_10_Best,6q_5k,QVE,full,0,L0,baseline_unoptimized,0.0003,6,16,13312,1,0.9973333333333333,0.9973333333333333,0.9845401466624754,262.6561838251073,1.4742432709317654,264.13042709603906
UNSW_2018_IoT_Botnet_Final_10_Best,6q_5k,QVE,full,0,L0,baseline_unoptimized,0.0003,6,17,14336,2,0.9913333333333333,0.9912921816265687,0.9493445415701739,259.4156567569589,2.2195651090005413,261.63522186595947
UNSW_2018_IoT_Botnet_Final_10_Best,6q_5k,QVE,full,0,L0,baseline_unoptimized,0.0003,6,18,15360,0,0.9966666666666667,0.9966821233668463,0.9809195639112008,265.30278695898596,0.1110851289704442,265.4138720879564
UNSW_2018_IoT_Botnet_Final_10_Best,6q_5k,QVE,full,0,L0,baseline_unoptimized,0.0003,6,19,16384,1,0.998,0.9980092740201078,0.9885781316226904,259.2821068869671,2.160081489942968,261.44218837691005
UNSW_2018_IoT_Botnet_Final_10_Best,6q_5k,QVE,full,0,L0,baseline_unoptimized,0.0003,6,20,17408,2,0.9966666666666667,0.9966821233668463,0.9809195639112008,261.53931985690724,1.8959935759194195,263.43531343282666
UNSW_2018_IoT_Botnet_Final_10_Best,6q_5k,QVE,full,0,L0,baseline_unoptimized,0.0003,6,21,18432,0,0.9966666666666667,0.9966922273851068,0.9811503949509465,259.22773301193956,2.976006440934725,262.2037394528743
UNSW_2018_IoT_Botnet_Final_10_Best,6q_5k,QVE,full,0,L0,baseline_unoptimized,0.0003,6,22,19456,1,0.9973333333333333,0.9973416093084235,0.9846653170594228,262.9719772200333,2.5047083218814805,265.4766855419148
UNSW_2018_IoT_Botnet_Final_10_Best,6q_5k,QVE,full,0,L0,baseline_unoptimized,0.0003,6,23,20480,2,0.9973333333333333,0.9973497561182509,0.9848460011024754,264.3268742989749,1.2041849159868434,265.5310592149617
UNSW_2018_IoT_Botnet_Final_10_Best,6q_5k,QVE,full,0,L0,baseline_unoptimized,0.0003,6,24,21504,0,0.9986666666666667,0.9986708046542117,0.9923474119575537,258.0166514290031,1.2069619840476662,259.22361341305077
UNSW_2018_IoT_Botnet_Final_10_Best,6q_5k,QVE,full,0,L0,baseline_unoptimized,0.0003,6,25,22528,1,0.9966666666666667,0.9966718595415115,0.9807427232544484,263.55707517499104,0.6951356449862942,264.25221081997734
UNSW_2018_IoT_Botnet_Final_10_Best,6q_5k,QVE,full,0,L0,baseline_unoptimized,0.0003,6,26,23552,2,0.9966666666666667,0.9966922273851068,0.9811503949509465,258.09016150492243,1.7922055040253326,259.88236700894777
UNSW_2018_IoT_Botnet_Final_10_Best,6q_5k,QVE,full,0,L0,baseline_unoptimized,0.0003,6,27,24576,0,0.9946666666666667,0.9946832186168468,0.9693011272631611,263.9145963151241,1.0630335808964446,264.9776298960205
UNSW_2018_IoT_Botnet_Final_10_Best,6q_5k,QVE,full,0,L0,baseline_unoptimized,0.0003,6,28,25600,1,0.9953333333333333,0.995340603358116,0.9730368435381365,264.04464899294544,1.2934235979337245,265.33807259087916
UNSW_2018_IoT_Botnet_Final_10_Best,6q_5k,QVE,full,0,L0,baseline_unoptimized,0.0003,6,29,26624,2,0.9966666666666667,0.9966821233668463,0.9809195639112008,259.9995323959738,2.0025706931483,262.0021030891221
UNSW_2018_IoT_Botnet_Final_10_Best,6q_5k,QVE,full,0,L0,baseline_unoptimized,0.0005,6,0,42,0,0.996,0.9960124139626352,0.976983222161292,262.5834816249553,1.4615421689813957,264.0450237939367
UNSW_2018_IoT_Botnet_Final_10_Best,6q_5k,QVE,full,0,L0,baseline_unoptimized,0.0005,6,1,123,1,0.9933333333333333,0.9933944409596461,0.9623117253801959,262.3915306709241,1.3383199941599742,263.7298506650841
UNSW_2018_IoT_Botnet_Final_10_Best,6q_5k,QVE,full,0,L0,baseline_unoptimized,0.0005,6,2,456,2,0.9966666666666667,0.9966718595415115,0.9807427232544484,257.64494554302655,2.8024222350213677,260.4473677780479
UNSW_2018_IoT_Botnet_Final_10_Best,6q_5k,QVE,full,0,L0,baseline_unoptimized,0.0005,6,3,789,0,0.996,0.9960124139626352,0.976983222161292,264.1429477400379,1.7169258958892897,265.8598736359272
UNSW_2018_IoT_Botnet_Final_10_Best,6q_5k,QVE,full,0,L0,baseline_unoptimized,0.0005,6,4,1024,1,0.9926666666666667,0.992744784620667,0.9587324290599396,264.60270615911577,1.4156483199913055,266.0183544791071
UNSW_2018_IoT_Botnet_Final_10_Best,6q_5k,QVE,full,0,L0,baseline_unoptimized,0.0005,6,5,2048,2,0.9913333333333333,0.99134683480793,0.9499192043892009,263.71200558403507,1.7547351820394397,265.4667407660745
UNSW_2018_IoT_Botnet_Final_10_Best,6q_5k,QVE,full,0,L0,baseline_unoptimized,0.0005,6,6,3072,0,0.998,0.997990503452285,0.9883629768056863,261.5387573050102,2.18519008893054,263.72394739394076
UNSW_2018_IoT_Botnet_Final_10_Best,6q_5k,QVE,full,0,L0,baseline_unoptimized,0.0005,6,7,4096,1,0.998,0.9980092740201078,0.9885781316226904,263.265911021037,1.7935568419052288,265.05946786294226
UNSW_2018_IoT_Botnet_Final_10_Best,6q_5k,QVE,full,0,L0,baseline_unoptimized,0.0005,6,8,5120,2,0.9966666666666667,0.9966400755284308,0.9805571131969575,264.4689538979437,0.6140003089094535,265.0829542068532
UNSW_2018_IoT_Botnet_Final_10_Best,6q_5k,QVE,full,0,L0,baseline_unoptimized,0.0005,6,9,6144,0,0.9953333333333333,0.9953260056217893,0.9728676747095873,266.9923068820499,0.6738155549392104,267.6661224369891
UNSW_2018_IoT_Botnet_Final_10_Best,6q_5k,QVE,full,0,L0,baseline_unoptimized,0.0005,6,10,7168,1,0.996,0.9960366645757877,0.9774907023990167,263.68799033400137,0.9544419720768929,264.64243230607826
UNSW_2018_IoT_Botnet_Final_10_Best,6q_5k,QVE,full,0,L0,baseline_unoptimized,0.0005,6,11,8192,2,0.9973333333333333,0.9973497561182509,0.9848460011024754,267.04637120012194,1.1215023221448064,268.16787352226675
UNSW_2018_IoT_Botnet_Final_10_Best,6q_5k,QVE,full,0,L0,baseline_unoptimized,0.0005,6,12,9216,0,0.996,0.9959745745463654,0.9766360841206913,264.397554959869,1.1098771201213822,265.5074320799904
UNSW_2018_IoT_Botnet_Final_10_Best,6q_5k,QVE,full,0,L0,baseline_unoptimized,0.0005,6,13,10240,1,0.998,0.9980092740201078,0.9885781316226904,258.15037242299877,2.2783372211270034,260.4287096441258
UNSW_2018_IoT_Botnet_Final_10_Best,6q_5k,QVE,full,0,L0,baseline_unoptimized,0.0005,6,14,11264,2,0.99,0.990164837423439,0.9447523025231931,258.57664303085767,1.4400085490196943,260.01665157987736
UNSW_2018_IoT_Botnet_Final_10_Best,6q_5k,QVE,full,0,L0,baseline_unoptimized,0.0005,6,15,12288,0,0.996,0.9960124139626352,0.976983222161292,263.66125112003647,1.687433762010187,265.34868488204665
UNSW_2018_IoT_Botnet_Final_10_Best,6q_5k,QVE,full,0,L0,baseline_unoptimized,0.0005,6,16,13312,1,0.9973333333333333,0.9973333333333333,0.9845401466624754,267.02884095697664,1.0781443589366972,268.10698531591333
UNSW_2018_IoT_Botnet_Final_10_Best,6q_5k,QVE,full,0,L0,baseline_unoptimized,0.0005,6,17,14336,2,0.9913333333333333,0.9912921816265687,0.9493445415701739,266.8737343449611,1.5152520149713382,268.38898635993246
UNSW_2018_IoT_Botnet_Final_10_Best,6q_5k,QVE,full,0,L0,baseline_unoptimized,0.0005,6,18,15360,0,0.9966666666666667,0.9966821233668463,0.9809195639112008,263.5531027659308,1.840426763985306,265.3935295299161
UNSW_2018_IoT_Botnet_Final_10_Best,6q_5k,QVE,full,0,L0,baseline_unoptimized,0.0005,6,19,16384,1,0.998,0.9980092740201078,0.9885781316226904,264.6432964630658,0.6358515479369089,265.2791480110027
UNSW_2018_IoT_Botnet_Final_10_Best,6q_5k,QVE,full,0,L0,baseline_unoptimized,0.0005,6,20,17408,2,0.9966666666666667,0.9966821233668463,0.9809195639112008,265.944791721995,0.751573765068315,266.6963654870633
UNSW_2018_IoT_Botnet_Final_10_Best,6q_5k,QVE,full,0,L0,baseline_unoptimized,0.0005,6,21,18432,0,0.9966666666666667,0.9966922273851068,0.9811503949509465,261.2624153480865,2.0745831850217655,263.3369985331083
UNSW_2018_IoT_Botnet_Final_10_Best,6q_5k,QVE,full,0,L0,baseline_unoptimized,0.0005,6,22,19456,1,0.9973333333333333,0.9973416093084235,0.9846653170594228,249.8932446059771,1.0636444400297478,250.95688904600684
UNSW_2018_IoT_Botnet_Final_10_Best,6q_5k,QVE,full,0,L0,baseline_unoptimized,0.0005,6,23,20480,2,0.9973333333333333,0.9973497561182509,0.9848460011024754,262.93575635307934,1.0969330169027671,264.0326893699821
UNSW_2018_IoT_Botnet_Final_10_Best,6q_5k,QVE,full,0,L0,baseline_unoptimized,0.0005,6,24,21504,0,0.9986666666666667,0.9986708046542117,0.9923474119575537,266.245615464868,0.49496117094531655,266.74057663581334
UNSW_2018_IoT_Botnet_Final_10_Best,6q_5k,QVE,full,0,L0,baseline_unoptimized,0.0005,6,25,22528,1,0.9966666666666667,0.9966718595415115,0.9807427232544484,266.1683209191542,0.1751271610846743,266.3434480802389
UNSW_2018_IoT_Botnet_Final_10_Best,6q_5k,QVE,full,0,L0,baseline_unoptimized,0.0005,6,26,23552,2,0.9966666666666667,0.9966922273851068,0.9811503949509465,266.128146976931,0.6212749319383875,266.7494219088694
UNSW_2018_IoT_Botnet_Final_10_Best,6q_5k,QVE,full,0,L0,baseline_unoptimized,0.0005,6,27,24576,0,0.994,0.9940278220603231,0.9656024284882216,258.9249893629458,1.266153794946149,260.19114315789193
UNSW_2018_IoT_Botnet_Final_10_Best,6q_5k,QVE,full,0,L0,baseline_unoptimized,0.0005,6,28,25600,1,0.9953333333333333,0.995340603358116,0.9730368435381365,263.3874061750248,1.3201221839990467,264.70752835902385
UNSW_2018_IoT_Botnet_Final_10_Best,6q_5k,QVE,full,0,L0,baseline_unoptimized,0.0005,6,29,26624,2,0.9966666666666667,0.9966821233668463,0.9809195639112008,264.32422604307067,0.38889192894566804,264.71311797201633
UNSW_2018_IoT_Botnet_Final_10_Best,6q_5k,QVE,full,0,L0,baseline_unoptimized,0.001,6,0,42,0,0.996,0.9960124139626352,0.976983222161292,264.00726170197595,1.749634959967807,265.75689666194376
UNSW_2018_IoT_Botnet_Final_10_Best,6q_5k,QVE,full,0,L0,baseline_unoptimized,0.001,6,1,123,1,0.9933333333333333,0.9933944409596461,0.9623117253801959,264.97536520892754,1.07980407809373,266.0551692870213
UNSW_2018_IoT_Botnet_Final_10_Best,6q_5k,QVE,full,0,L0,baseline_unoptimized,0.001,6,2,456,2,0.9966666666666667,0.9966718595415115,0.9807427232544484,263.5485164510319,1.7935100070899352,265.34202645812184
UNSW_2018_IoT_Botnet_Final_10_Best,6q_5k,QVE,full,0,L0,baseline_unoptimized,0.001,6,3,789,0,0.996,0.9960124139626352,0.976983222161292,257.15549345803447,1.880658870912157,259.0361523289466
UNSW_2018_IoT_Botnet_Final_10_Best,6q_5k,QVE,full,0,L0,baseline_unoptimized,0.001,6,4,1024,1,0.9926666666666667,0.992744784620667,0.9587324290599396,261.03490136994515,1.721772411139682,262.7566737810848
UNSW_2018_IoT_Botnet_Final_10_Best,6q_5k,QVE,full,0,L0,baseline_unoptimized,0.001,6,5,2048,2,0.9913333333333333,0.99134683480793,0.9499192043892009,263.8168420570437,0.9005915389861912,264.7174335960299
UNSW_2018_IoT_Botnet_Final_10_Best,6q_5k,QVE,full,0,L0,baseline_unoptimized,0.001,6,6,3072,0,0.998,0.997990503452285,0.9883629768056863,260.94090046407655,1.0067883681040257,261.9476888321806
UNSW_2018_IoT_Botnet_Final_10_Best,6q_5k,QVE,full,0,L0,baseline_unoptimized,0.001,6,7,4096,1,0.998,0.9980092740201078,0.9885781316226904,262.6436412789626,0.8329322850331664,263.47657356399577
UNSW_2018_IoT_Botnet_Final_10_Best,6q_5k,QVE,full,0,L0,baseline_unoptimized,0.001,6,8,5120,2,0.9966666666666667,0.9966400755284308,0.9805571131969575,260.6086749379756,1.9485249670688063,262.5571999050444
UNSW_2018_IoT_Botnet_Final_10_Best,6q_5k,QVE,full,0,L0,baseline_unoptimized,0.001,6,9,6144,0,0.9953333333333333,0.9953260056217893,0.9728676747095873,260.41328236996196,0.7476042909547687,261.16088666091673
UNSW_2018_IoT_Botnet_Final_10_Best,6q_5k,QVE,full,0,L0,baseline_unoptimized,0.001,6,10,7168,1,0.9953333333333333,0.9953830447586062,0.9738663269140823,257.9395288279047,2.069800040102564,260.0093288680073
UNSW_2018_IoT_Botnet_Final_10_Best,6q_5k,QVE,full,0,L0,baseline_unoptimized,0.001,6,11,8192,2,0.998,0.9980092740201078,0.9885781316226904,252.74893937597517,2.1926601729355752,254.94159954891074
UNSW_2018_IoT_Botnet_Final_10_Best,6q_5k,QVE,full,0,L0,baseline_unoptimized,0.001,6,12,9216,0,0.9953333333333333,0.9953111747219987,0.9727556027114813,261.7008883480448,1.0019333040108904,262.7028216520557
UNSW_2018_IoT_Botnet_Final_10_Best,6q_5k,QVE,full,0,L0,baseline_unoptimized,0.001,6,13,10240,1,0.998,0.9980092740201078,0.9885781316226904,254.17023731803056,2.011242985026911,256.18148030305747
UNSW_2018_IoT_Botnet_Final_10_Best,6q_5k,QVE,full,0,L0,baseline_unoptimized,0.001,6,14,11264,2,0.99,0.990164837423439,0.9447523025231931,260.8136839029612,1.5839597360463813,262.3976436390076
UNSW_2018_IoT_Botnet_Final_10_Best,6q_5k,QVE,full,0,L0,baseline_unoptimized,0.001,6,15,12288,0,0.996,0.9960124139626352,0.976983222161292,261.7495572878979,1.580519870040007,263.3300771579379
UNSW_2018_IoT_Botnet_Final_10_Best,6q_5k,QVE,full,0,L0,baseline_unoptimized,0.001,6,16,13312,1,0.9973333333333333,0.9973333333333333,0.9845401466624754,260.4466026639566,1.352491501136683,261.79909416509327
UNSW_2018_IoT_Botnet_Final_10_Best,6q_5k,QVE,full,0,L0,baseline_unoptimized,0.001,6,17,14336,2,0.9906666666666667,0.990607340608186,0.9453207647600347,264.89239594491664,0.7241697260178626,265.6165656709345
UNSW_2018_IoT_Botnet_Final_10_Best,6q_5k,QVE,full,0,L0,baseline_unoptimized,0.001,6,18,15360,0,0.9966666666666667,0.9966821233668463,0.9809195639112008,259.21941189689096,1.9188357699895278,261.1382476668805
UNSW_2018_IoT_Botnet_Final_10_Best,6q_5k,QVE,full,0,L0,baseline_unoptimized,0.001,6,19,16384,1,0.998,0.9980092740201078,0.9885781316226904,261.68308500689454,1.0165486769983545,262.6996336838929
UNSW_2018_IoT_Botnet_Final_10_Best,6q_5k,QVE,full,0,L0,baseline_unoptimized,0.001,6,20,17408,2,0.9966666666666667,0.9966821233668463,0.9809195639112008,261.4784929768648,1.0889111859723926,262.5674041628372
UNSW_2018_IoT_Botnet_Final_10_Best,6q_5k,QVE,full,0,L0,baseline_unoptimized,0.001,6,21,18432,0,0.9966666666666667,0.9966922273851068,0.9811503949509465,260.9805018369807,1.7625339269870892,262.7430357639678
UNSW_2018_IoT_Botnet_Final_10_Best,6q_5k,QVE,full,0,L0,baseline_unoptimized,0.001,6,22,19456,1,0.9973333333333333,0.9973416093084235,0.9846653170594228,259.3235033249948,2.4461300779366866,261.7696334029315
UNSW_2018_IoT_Botnet_Final_10_Best,6q_5k,QVE,full,0,L0,baseline_unoptimized,0.001,6,23,20480,2,0.9973333333333333,0.9973497561182509,0.9848460011024754,263.4809897179948,1.3391585529316217,264.82014827092644
UNSW_2018_IoT_Botnet_Final_10_Best,6q_5k,QVE,full,0,L0,baseline_unoptimized,0.001,6,24,21504,0,0.9986666666666667,0.9986708046542117,0.9923474119575537,263.3449318530038,1.2020555310882628,264.54698738409206
UNSW_2018_IoT_Botnet_Final_10_Best,6q_5k,QVE,full,0,L0,baseline_unoptimized,0.001,6,25,22528,1,0.9966666666666667,0.9966718595415115,0.9807427232544484,259.8089489679551,2.0241070510819554,261.83305601903703
UNSW_2018_IoT_Botnet_Final_10_Best,6q_5k,QVE,full,0,L0,baseline_unoptimized,0.001,6,26,23552,2,0.9966666666666667,0.9966922273851068,0.9811503949509465,259.3509253449738,1.8002016589744017,261.1511270039482
UNSW_2018_IoT_Botnet_Final_10_Best,6q_5k,QVE,full,0,L0,baseline_unoptimized,0.001,6,27,24576,0,0.9933333333333333,0.9933743902956271,0.9619401198184026,259.7195673219394,1.2620716489618644,260.98163897090126
UNSW_2018_IoT_Botnet_Final_10_Best,6q_5k,QVE,full,0,L0,baseline_unoptimized,0.001,6,28,25600,1,0.9953333333333333,0.995340603358116,0.9730368435381365,259.5988377650501,1.6010039570974186,261.19984172214754
UNSW_2018_IoT_Botnet_Final_10_Best,6q_5k,QVE,full,0,L0,baseline_unoptimized,0.001,6,29,26624,2,0.9966666666666667,0.9966821233668463,0.9809195639112008,252.6780983300414,2.1156464419327676,254.79374477197416
UNSW_2018_IoT_Botnet_Final_10_Best,6q_5k,QVE,full,0,L0,baseline_unoptimized,0.002,6,0,42,0,0.996,0.9960124139626352,0.976983222161292,261.1855535610812,0.6623269219417125,261.8478804830229
UNSW_2018_IoT_Botnet_Final_10_Best,6q_5k,QVE,full,0,L0,baseline_unoptimized,0.002,6,1,123,1,0.9933333333333333,0.9933944409596461,0.9623117253801959,261.09882851305883,1.0702949840342626,262.1691234970931
UNSW_2018_IoT_Botnet_Final_10_Best,6q_5k,QVE,full,0,L0,baseline_unoptimized,0.002,6,2,456,2,0.9966666666666667,0.9966718595415115,0.9807427232544484,252.67291279206984,2.1760795860318467,254.84899237810168
UNSW_2018_IoT_Botnet_Final_10_Best,6q_5k,QVE,full,0,L0,baseline_unoptimized,0.002,6,3,789,0,0.996,0.9960124139626352,0.976983222161292,260.371821454959,0.9685212400509045,261.3403426950099
UNSW_2018_IoT_Botnet_Final_10_Best,6q_5k,QVE,full,0,L0,baseline_unoptimized,0.002,6,4,1024,1,0.9926666666666667,0.992744784620667,0.9587324290599396,259.66888221306726,1.0509986449033022,260.71988085797057
UNSW_2018_IoT_Botnet_Final_10_Best,6q_5k,QVE,full,0,L0,baseline_unoptimized,0.002,6,5,2048,2,0.9906666666666667,0.990695632579482,0.9462548425687685,256.6021789360093,1.9774908089311793,258.5796697449405
UNSW_2018_IoT_Botnet_Final_10_Best,6q_5k,QVE,full,0,L0,baseline_unoptimized,0.002,6,6,3072,0,0.998,0.997990503452285,0.9883629768056863,259.5948426949326,2.336799465934746,261.93164216086734
UNSW_2018_IoT_Botnet_Final_10_Best,6q_5k,QVE,full,0,L0,baseline_unoptimized,0.002,6,7,4096,1,0.998,0.9980092740201078,0.9885781316226904,262.69192800298333,1.7095286340918392,264.40145663707517
UNSW_2018_IoT_Botnet_Final_10_Best,6q_5k,QVE,full,0,L0,baseline_unoptimized,0.002,6,8,5120,2,0.9966666666666667,0.9966400755284308,0.9805571131969575,264.0299891359173,1.7005272679962218,265.7305164039135
UNSW_2018_IoT_Botnet_Final_10_Best,6q_5k,QVE,full,0,L0,baseline_unoptimized,0.002,6,9,6144,0,0.9953333333333333,0.9953260056217893,0.9728676747095873,259.23282615689095,1.1561521919211373,260.3889783488121
UNSW_2018_IoT_Botnet_Final_10_Best,6q_5k,QVE,full,0,L0,baseline_unoptimized,0.002,6,10,7168,1,0.9953333333333333,0.9953830447586062,0.9738663269140823,262.37207123695407,1.371474382118322,263.7435456190724
UNSW_2018_IoT_Botnet_Final_10_Best,6q_5k,QVE,full,0,L0,baseline_unoptimized,0.002,6,11,8192,2,0.9973333333333333,0.9973497561182509,0.9848460011024754,263.68855466204695,0.6319392239674926,264.32049388601445
UNSW_2018_IoT_Botnet_Final_10_Best,6q_5k,QVE,full,0,L0,baseline_unoptimized,0.002,6,12,9216,0,0.9953333333333333,0.9953111747219987,0.9727556027114813,263.10251306009013,0.7032967950217426,263.8058098551119
UNSW_2018_IoT_Botnet_Final_10_Best,6q_5k,QVE,full,0,L0,baseline_unoptimized,0.002,6,13,10240,1,0.998,0.9980092740201078,0.9885781316226904,261.39874482003506,2.0316252569900826,263.43037007702515
UNSW_2018_IoT_Botnet_Final_10_Best,6q_5k,QVE,full,0,L0,baseline_unoptimized,0.002,6,14,11264,2,0.99,0.990164837423439,0.9447523025231931,263.5570795289241,0.7085883249528706,264.26566785387695
UNSW_2018_IoT_Botnet_Final_10_Best,6q_5k,QVE,full,0,L0,baseline_unoptimized,0.002,6,15,12288,0,0.996,0.9960124139626352,0.976983222161292,262.5666053550085,1.2903141210554168,263.8569194760639
UNSW_2018_IoT_Botnet_Final_10_Best,6q_5k,QVE,full,0,L0,baseline_unoptimized,0.002,6,16,13312,1,0.9973333333333333,0.9973333333333333,0.9845401466624754,257.606871113996,2.1295575650874525,259.7364286790835
UNSW_2018_IoT_Botnet_Final_10_Best,6q_5k,QVE,full,0,L0,baseline_unoptimized,0.002,6,17,14336,2,0.9906666666666667,0.990607340608186,0.9453207647600347,258.27521178801544,1.988007597043179,260.2632193850586
UNSW_2018_IoT_Botnet_Final_10_Best,6q_5k,QVE,full,0,L0,baseline_unoptimized,0.002,6,18,15360,0,0.9966666666666667,0.9966821233668463,0.9809195639112008,264.98967436293606,0.17258160398341715,265.1622559669195
UNSW_2018_IoT_Botnet_Final_10_Best,6q_5k,QVE,full,0,L0,baseline_unoptimized,0.002,6,19,16384,1,0.998,0.9980092740201078,0.9885781316226904,253.66216264804825,2.756344091030769,256.418506739079
UNSW_2018_IoT_Botnet_Final_10_Best,6q_5k,QVE,full,0,L0,baseline_unoptimized,0.002,6,20,17408,2,0.9966666666666667,0.9966821233668463,0.9809195639112008,264.86369791289326,1.2898586739320308,266.1535565868253
UNSW_2018_IoT_Botnet_Final_10_Best,6q_5k,QVE,full,0,L0,baseline_unoptimized,0.002,6,21,18432,0,0.9966666666666667,0.9966922273851068,0.9811503949509465,263.1567799230106,1.7926337718963623,264.949413694907
UNSW_2018_IoT_Botnet_Final_10_Best,6q_5k,QVE,full,0,L0,baseline_unoptimized,0.002,6,22,19456,1,0.9973333333333333,0.9973416093084235,0.9846653170594228,263.6814312119968,0.8795331141445786,264.5609643261414
UNSW_2018_IoT_Botnet_Final_10_Best,6q_5k,QVE,full,0,L0,baseline_unoptimized,0.002,6,23,20480,2,0.9973333333333333,0.9973497561182509,0.9848460011024754,262.9421609180281,1.344829033012502,264.2869899510406
UNSW_2018_IoT_Botnet_Final_10_Best,6q_5k,QVE,full,0,L0,baseline_unoptimized,0.002,6,24,21504,0,0.9986666666666667,0.9986708046542117,0.9923474119575537,261.0185691459337,1.2418588820146397,262.26042802794836
UNSW_2018_IoT_Botnet_Final_10_Best,6q_5k,QVE,full,0,L0,baseline_unoptimized,0.002,6,25,22528,1,0.9966666666666667,0.9966718595415115,0.9807427232544484,262.42980707692914,1.4909937490010634,263.9208008259302
UNSW_2018_IoT_Botnet_Final_10_Best,6q_5k,QVE,full,0,L0,baseline_unoptimized,0.002,6,26,23552,2,0.9966666666666667,0.9966922273851068,0.9811503949509465,261.2254788959399,1.4470508759841323,262.672529771924
UNSW_2018_IoT_Botnet_Final_10_Best,6q_5k,QVE,full,0,L0,baseline_unoptimized,0.002,6,27,24576,0,0.9933333333333333,0.9933743902956271,0.9619401198184026,261.1949105199892,1.998201189097017,263.1931117090862
UNSW_2018_IoT_Botnet_Final_10_Best,6q_5k,QVE,full,0,L0,baseline_unoptimized,0.002,6,28,25600,1,0.9953333333333333,0.995340603358116,0.9730368435381365,262.28217805712484,1.3415315329330042,263.62370959005784
UNSW_2018_IoT_Botnet_Final_10_Best,6q_5k,QVE,full,0,L0,baseline_unoptimized,0.002,6,29,26624,2,0.9966666666666667,0.9966821233668463,0.9809195639112008,263.80729050398804,0.8697946519823745,264.6770851559704
UNSW_2018_IoT_Botnet_Final_10_Best,6q_5k,QVE,full,0,L0,baseline_unoptimized,0.005,6,0,42,0,0.9946666666666667,0.9946995122365017,0.9695754135797602,261.95990759390406,1.6977785719791427,263.6576861658832
UNSW_2018_IoT_Botnet_Final_10_Best,6q_5k,QVE,full,0,L0,baseline_unoptimized,0.005,6,1,123,1,0.9913333333333333,0.991451118978247,0.9516760579317576,262.61101562401745,1.3241195760201663,263.9351352000376
UNSW_2018_IoT_Botnet_Final_10_Best,6q_5k,QVE,full,0,L0,baseline_unoptimized,0.005,6,2,456,2,0.9966666666666667,0.9966718595415115,0.9807427232544484,262.112302604015,1.3398363759042695,263.45213897991925
UNSW_2018_IoT_Botnet_Final_10_Best,6q_5k,QVE,full,0,L0,baseline_unoptimized,0.005,6,3,789,0,0.996,0.9960124139626352,0.976983222161292,260.67240949103143,1.8577988028991967,262.5302082939306
UNSW_2018_IoT_Botnet_Final_10_Best,6q_5k,QVE,full,0,L0,baseline_unoptimized,0.005,6,4,1024,1,0.9926666666666667,0.992744784620667,0.9587324290599396,263.70484488783404,1.542925254907459,265.2477701427415
UNSW_2018_IoT_Botnet_Final_10_Best,6q_5k,QVE,full,0,L0,baseline_unoptimized,0.005,6,5,2048,2,0.99,0.9900155786245346,0.9422133246728889,265.1356649060035,0.8268083389848471,265.96247324498836
UNSW_2018_IoT_Botnet_Final_10_Best,6q_5k,QVE,full,0,L0,baseline_unoptimized,0.005,6,6,3072,0,0.998,0.997990503452285,0.9883629768056863,263.9970537041081,1.3875969320069999,265.3846506361151
UNSW_2018_IoT_Botnet_Final_10_Best,6q_5k,QVE,full,0,L0,baseline_unoptimized,0.005,6,7,4096,1,0.9966666666666667,0.9966821233668463,0.9809195639112008,264.0995805399725,1.343342620995827,265.44292316096835
UNSW_2018_IoT_Botnet_Final_10_Best,6q_5k,QVE,full,0,L0,baseline_unoptimized,0.005,6,8,5120,2,0.998,0.997990503452285,0.9883629768056863,259.85361086798366,2.534152607899159,262.3877634758828
UNSW_2018_IoT_Botnet_Final_10_Best,6q_5k,QVE,full,0,L0,baseline_unoptimized,0.005,6,9,6144,0,0.994,0.9940093471747208,0.9653309638218246,255.4622869361192,1.9749355668900535,257.43722250300925
UNSW_2018_IoT_Botnet_Final_10_Best,6q_5k,QVE,full,0,L0,baseline_unoptimized,0.005,6,10,7168,1,0.9933333333333333,0.9934336185297723,0.9631993422782028,260.9839919171063,1.6031505579594523,262.5871424750658
UNSW_2018_IoT_Botnet_Final_10_Best,6q_5k,QVE,full,0,L0,baseline_unoptimized,0.005,6,11,8192,2,0.9966666666666667,0.9966922273851068,0.9811503949509465,263.5055310841417,1.0626549130538478,264.56818599719554
UNSW_2018_IoT_Botnet_Final_10_Best,6q_5k,QVE,full,0,L0,baseline_unoptimized,0.005,6,12,9216,0,0.996,0.9959873882470078,0.9766937779662983,262.43228008795995,1.1682931139366701,263.6005732018966
UNSW_2018_IoT_Botnet_Final_10_Best,6q_5k,QVE,full,0,L0,baseline_unoptimized,0.005,6,13,10240,1,0.998,0.9980092740201078,0.9885781316226904,262.8641413099831,1.123574912082404,263.9877162220655
UNSW_2018_IoT_Botnet_Final_10_Best,6q_5k,QVE,full,0,L0,baseline_unoptimized,0.005,6,14,11264,2,0.988,0.988248888888889,0.934606095884654,255.04845431796275,2.1035336889326572,257.1519880068954
UNSW_2018_IoT_Botnet_Final_10_Best,6q_5k,QVE,full,0,L0,baseline_unoptimized,0.005,6,15,12288,0,0.9953333333333333,0.995340603358116,0.9730368435381365,257.7721514439909,2.23886081809178,260.01101226208266
UNSW_2018_IoT_Botnet_Final_10_Best,6q_5k,QVE,full,0,L0,baseline_unoptimized,0.005,6,16,13312,1,0.9973333333333333,0.9973333333333333,0.9845401466624754,262.82088517199736,0.7858962629688904,263.60678143496625
UNSW_2018_IoT_Botnet_Final_10_Best,6q_5k,QVE,full,0,L0,baseline_unoptimized,0.005,6,17,14336,2,0.9913333333333333,0.9912641963739199,0.9491400771136228,262.5168576759752,1.0649703679373488,263.58182804391254
UNSW_2018_IoT_Botnet_Final_10_Best,6q_5k,QVE,full,0,L0,baseline_unoptimized,0.005,6,18,15360,0,0.996,0.9960246341773764,0.9772107073411178,260.2592372249346,1.5480988189810887,261.8073360439157
UNSW_2018_IoT_Botnet_Final_10_Best,6q_5k,QVE,full,0,L0,baseline_unoptimized,0.005,6,19,16384,1,0.998,0.9980092740201078,0.9885781316226904,262.55326156003866,1.461436863988638,264.0146984240273
UNSW_2018_IoT_Botnet_Final_10_Best,6q_5k,QVE,full,0,L0,baseline_unoptimized,0.005,6,20,17408,2,0.9966666666666667,0.9966821233668463,0.9809195639112008,262.96006678196136,1.4722913070581853,264.43235808901954
UNSW_2018_IoT_Botnet_Final_10_Best,6q_5k,QVE,full,0,L0,baseline_unoptimized,0.005,6,21,18432,0,0.996,0.9960246341773764,0.9772107073411178,262.84996839705855,1.3919639120576903,264.24193230911624
UNSW_2018_IoT_Botnet_Final_10_Best,6q_5k,QVE,full,0,L0,baseline_unoptimized,0.005,6,22,19456,1,0.9973333333333333,0.9973416093084235,0.9846653170594228,258.95899693400133,1.9115920590702444,260.8705889930716
UNSW_2018_IoT_Botnet_Final_10_Best,6q_5k,QVE,full,0,L0,baseline_unoptimized,0.005,6,23,20480,2,0.9966666666666667,0.9966922273851068,0.9811503949509465,258.9083940049168,1.9366187590640038,260.8450127639808
UNSW_2018_IoT_Botnet_Final_10_Best,6q_5k,QVE,full,0,L0,baseline_unoptimized,0.005,6,24,21504,0,0.998,0.9980092740201078,0.9885781316226904,258.56732665898744,2.339444492943585,260.906771151931
UNSW_2018_IoT_Botnet_Final_10_Best,6q_5k,QVE,full,0,L0,baseline_unoptimized,0.005,6,25,22528,1,0.9973333333333333,0.9973416093084235,0.9846653170594228,264.2648042659275,1.0185883248923346,265.28339259081986
UNSW_2018_IoT_Botnet_Final_10_Best,6q_5k,QVE,full,0,L0,baseline_unoptimized,0.005,6,26,23552,2,0.996,0.9960366645757877,0.9774907023990167,264.7038473939756,1.0771458238596097,265.7809932178352
UNSW_2018_IoT_Botnet_Final_10_Best,6q_5k,QVE,full,0,L0,baseline_unoptimized,0.005,6,27,24576,0,0.9926666666666667,0.992722900247235,0.9583135886795885,254.16409656999167,2.116816794965416,256.2809133649571
UNSW_2018_IoT_Botnet_Final_10_Best,6q_5k,QVE,full,0,L0,baseline_unoptimized,0.005,6,28,25600,1,0.9953333333333333,0.995340603358116,0.9730368435381365,263.83999935211614,1.5919248909922317,265.43192424310837
UNSW_2018_IoT_Botnet_Final_10_Best,6q_5k,QVE,full,0,L0,baseline_unoptimized,0.005,6,29,26624,2,0.9973333333333333,0.9973416093084235,0.9846653170594228,263.83653922297526,1.3582940789638087,265.19483330193907
UNSW_2018_IoT_Botnet_Final_10_Best,6q_5k,QVE,full,0,L0,baseline_unoptimized,0.008,6,0,42,0,0.994,0.9940460092931921,0.9659258574367079,262.30644060706254,1.2485570950666443,263.5549977021292
UNSW_2018_IoT_Botnet_Final_10_Best,6q_5k,QVE,full,0,L0,baseline_unoptimized,0.008,6,1,123,1,0.988,0.988248888888889,0.934606095884654,258.92726892605424,1.952625272097066,260.8798941981513
UNSW_2018_IoT_Botnet_Final_10_Best,6q_5k,QVE,full,0,L0,baseline_unoptimized,0.008,6,2,456,2,0.9953333333333333,0.995340603358116,0.9730368435381365,264.15435105212964,1.157266664900817,265.31161771703046
UNSW_2018_IoT_Botnet_Final_10_Best,6q_5k,QVE,full,0,L0,baseline_unoptimized,0.008,6,3,789,0,0.9953333333333333,0.9953549727135846,0.9732609961997113,263.15377993904985,1.9282063901191577,265.081986329169
UNSW_2018_IoT_Botnet_Final_10_Best,6q_5k,QVE,full,0,L0,baseline_unoptimized,0.008,6,4,1024,1,0.9926666666666667,0.992744784620667,0.9587324290599396,263.1713207140565,2.208634988986887,265.3799557030434
UNSW_2018_IoT_Botnet_Final_10_Best,6q_5k,QVE,full,0,L0,baseline_unoptimized,0.008,6,5,2048,2,0.9893333333333333,0.9893333333333333,0.9381605866499013,264.11206393607426,1.7112183350836858,265.82328227115795
UNSW_2018_IoT_Botnet_Final_10_Best,6q_5k,QVE,full,0,L0,baseline_unoptimized,0.008,6,6,3072,0,0.9953333333333333,0.995340603358116,0.9730368435381365,265.73325203207787,0.6596920320298523,266.3929440641077
UNSW_2018_IoT_Botnet_Final_10_Best,6q_5k,QVE,full,0,L0,baseline_unoptimized,0.008,6,7,4096,1,0.994,0.9940460092931921,0.9659258574367079,264.0597278069472,1.3331795450067148,265.3929073519539
UNSW_2018_IoT_Botnet_Final_10_Best,6q_5k,QVE,full,0,L0,baseline_unoptimized,0.008,6,8,5120,2,0.994,0.9939905786565862,0.9651134343402643,265.12218258099165,1.0731198720168322,266.1953024530085
UNSW_2018_IoT_Botnet_Final_10_Best,6q_5k,QVE,full,0,L0,baseline_unoptimized,0.008,6,9,6144,0,0.9893333333333333,0.989462690619485,0.9400981017188349,260.3870049819816,1.0724768940126523,261.45948187599424
UNSW_2018_IoT_Botnet_Final_10_Best,6q_5k,QVE,full,0,L0,baseline_unoptimized,0.008,6,10,7168,1,0.988,0.9882149638100538,0.9338810982518136,260.0351931981277,1.293933665030636,261.3291268631583
UNSW_2018_IoT_Botnet_Final_10_Best,6q_5k,QVE,full,0,L0,baseline_unoptimized,0.008,6,11,8192,2,0.9946666666666667,0.9947313453097425,0.9702766857756814,257.0614297820721,2.081826998037286,259.14325678010937
UNSW_2018_IoT_Botnet_Final_10_Best,6q_5k,QVE,full,0,L0,baseline_unoptimized,0.008,6,12,9216,0,0.9966666666666667,0.9966614325869924,0.9806219150789104,263.2507863790961,0.7533314749598503,264.00411785405595
UNSW_2018_IoT_Botnet_Final_10_Best,6q_5k,QVE,full,0,L0,baseline_unoptimized,0.008,6,13,10240,1,0.9986666666666667,0.9986708046542117,0.9923474119575537,259.74836562387645,1.3357397080399096,261.08410533191636
UNSW_2018_IoT_Botnet_Final_10_Best,6q_5k,QVE,full,0,L0,baseline_unoptimized,0.008,6,14,11264,2,0.9873333333333333,0.9876137497297099,0.9312858582707654,259.64438870106824,1.6071691170800477,261.2515578181483
UNSW_2018_IoT_Botnet_Final_10_Best,6q_5k,QVE,full,0,L0,baseline_unoptimized,0.008,6,15,12288,0,0.9946666666666667,0.9946832186168468,0.9693011272631611,262.6594935769681,0.5782993478933349,263.2377929248614
UNSW_2018_IoT_Botnet_Final_10_Best,6q_5k,QVE,full,0,L0,baseline_unoptimized,0.008,6,16,13312,1,0.9933333333333333,0.9933333333333333,0.9613503666561883,262.61898910603486,0.8483914259122685,263.46738053194713
UNSW_2018_IoT_Botnet_Final_10_Best,6q_5k,QVE,full,0,L0,baseline_unoptimized,0.008,6,17,14336,2,0.9906666666666667,0.9905769607843137,0.9451195256387104,251.13789237407036,2.551669234992005,253.68956160906237
UNSW_2018_IoT_Botnet_Final_10_Best,6q_5k,QVE,full,0,L0,baseline_unoptimized,0.008,6,18,15360,0,0.996,0.9960124139626352,0.976983222161292,261.2526518328814,0.5371306940214708,261.78978252690285
UNSW_2018_IoT_Botnet_Final_10_Best,6q_5k,QVE,full,0,L0,baseline_unoptimized,0.008,6,19,16384,1,0.9966666666666667,0.9966821233668463,0.9809195639112008,252.48780417011585,2.1283929670462385,254.6161971371621
UNSW_2018_IoT_Botnet_Final_10_Best,6q_5k,QVE,full,0,L0,baseline_unoptimized,0.008,6,20,17408,2,0.9953333333333333,0.9953691183391495,0.9735381261938272,260.5953473249683,1.7413398119388148,262.33668713690713
UNSW_2018_IoT_Botnet_Final_10_Best,6q_5k,QVE,full,0,L0,baseline_unoptimized,0.008,6,21,18432,0,0.9946666666666667,0.9946995122365017,0.9695754135797602,258.8948966410244,1.8162792579969391,260.7111758990213
UNSW_2018_IoT_Botnet_Final_10_Best,6q_5k,QVE,full,0,L0,baseline_unoptimized,0.008,6,22,19456,1,0.994,0.9940639146896366,0.9662993779870109,263.75106790091377,1.167125905980356,264.9181938068941
UNSW_2018_IoT_Botnet_Final_10_Best,6q_5k,QVE,full,0,L0,baseline_unoptimized,0.008,6,23,20480,2,0.996,0.9960366645757877,0.9774907023990167,261.93166313902475,1.4602544888621196,263.39191762788687
UNSW_2018_IoT_Botnet_Final_10_Best,6q_5k,QVE,full,0,L0,baseline_unoptimized,0.008,6,24,21504,0,0.996,0.9960246341773764,0.9772107073411178,263.2241709110094,1.746069771121256,264.9702406821307
UNSW_2018_IoT_Botnet_Final_10_Best,6q_5k,QVE,full,0,L0,baseline_unoptimized,0.008,6,25,22528,1,0.996,0.996,0.976810219993713,262.7048432349693,1.8933333180611953,264.5981765530305
UNSW_2018_IoT_Botnet_Final_10_Best,6q_5k,QVE,full,0,L0,baseline_unoptimized,0.008,6,26,23552,2,0.9933333333333333,0.9934141816371781,0.9627320397614697,264.3124636800494,0.7513866510707885,265.0638503311202
UNSW_2018_IoT_Botnet_Final_10_Best,6q_5k,QVE,full,0,L0,baseline_unoptimized,0.008,6,27,24576,0,0.9926666666666667,0.992722900247235,0.9583135886795885,265.51330275903456,0.16697625804226846,265.6802790170768
UNSW_2018_IoT_Botnet_Final_10_Best,6q_5k,QVE,full,0,L0,baseline_unoptimized,0.008,6,28,25600,1,0.9926666666666667,0.992722900247235,0.9583135886795885,265.42224424507003,0.8785835009766743,266.3008277460467
UNSW_2018_IoT_Botnet_Final_10_Best,6q_5k,QVE,full,0,L0,baseline_unoptimized,0.008,6,29,26624,2,0.9953333333333333,0.9953549727135846,0.9732609961997113,265.4448867900064,0.49812132702209055,265.9430081170285
UNSW_2018_IoT_Botnet_Final_10_Best,6q_5k,QVE,full,0,L0,baseline_unoptimized,0.01,6,0,42,0,0.9933333333333333,0.9933743902956271,0.9619401198184026,263.1837312770076,0.8693526410497725,264.0530839180574
UNSW_2018_IoT_Botnet_Final_10_Best,6q_5k,QVE,full,0,L0,baseline_unoptimized,0.01,6,1,123,1,0.988,0.988248888888889,0.934606095884654,263.1692352639511,0.8558996069477871,264.0251348708989
UNSW_2018_IoT_Botnet_Final_10_Best,6q_5k,QVE,full,0,L0,baseline_unoptimized,0.01,6,2,456,2,0.9946666666666667,0.9946666666666667,0.9690802933249506,252.1501052279491,1.2953345510177314,253.44543977896683
UNSW_2018_IoT_Botnet_Final_10_Best,6q_5k,QVE,full,0,L0,baseline_unoptimized,0.01,6,3,789,0,0.9913333333333333,0.991451118978247,0.9516760579317576,260.3953644289868,2.2103405439993367,262.60570497298613
UNSW_2018_IoT_Botnet_Final_10_Best,6q_5k,QVE,full,0,L0,baseline_unoptimized,0.01,6,4,1024,1,0.992,0.9920970179646138,0.9551873937472581,264.0910303539131,1.179763610009104,265.2707939639222
UNSW_2018_IoT_Botnet_Final_10_Best,6q_5k,QVE,full,0,L0,baseline_unoptimized,0.01,6,5,2048,2,0.99,0.9900155786245346,0.9422133246728889,259.58177940000314,1.453592945006676,261.0353723450098
UNSW_2018_IoT_Botnet_Final_10_Best,6q_5k,QVE,full,0,L0,baseline_unoptimized,0.01,6,6,3072,0,0.9906666666666667,0.9908338607411529,0.9487965468889443,260.68251706205774,2.2171045581344515,262.8996216201922
UNSW_2018_IoT_Botnet_Final_10_Best,6q_5k,QVE,full,0,L0,baseline_unoptimized,0.01,6,7,4096,1,0.992,0.9920492683547524,0.9543048260570449,260.14878215501085,2.355551152024418,262.50433330703527
UNSW_2018_IoT_Botnet_Final_10_Best,6q_5k,QVE,full,0,L0,baseline_unoptimized,0.01,6,8,5120,2,0.992,0.9920248279252704,0.9539369374668993,264.47849641903304,0.8191359259653836,265.2976323449984
UNSW_2018_IoT_Botnet_Final_10_Best,6q_5k,QVE,full,0,L0,baseline_unoptimized,0.01,6,9,6144,0,0.9886666666666667,0.9888206940484768,0.9366309061969962,252.69809263001662,2.0913573959842324,254.78945002600085
UNSW_2018_IoT_Botnet_Final_10_Best,6q_5k,QVE,full,0,L0,baseline_unoptimized,0.01,6,10,7168,1,0.9886666666666667,0.9888857696290692,0.9379569206847955,261.7803603869397,1.9113530619069934,263.6917134488467
UNSW_2018_IoT_Botnet_Final_10_Best,6q_5k,QVE,full,0,L0,baseline_unoptimized,0.01,6,11,8192,2,0.9933333333333333,0.9934336185297723,0.9631993422782028,262.481721813092,0.6546772291185334,263.13639904221054
UNSW_2018_IoT_Botnet_Final_10_Best,6q_5k,QVE,full,0,L0,baseline_unoptimized,0.01,6,12,9216,0,0.994,0.9940460092931921,0.9659258574367079,266.1814081830671,0.34106289397459477,266.5224710770417
UNSW_2018_IoT_Botnet_Final_10_Best,6q_5k,QVE,full,0,L0,baseline_unoptimized,0.01,6,13,10240,1,0.998,0.9980092740201078,0.9885781316226904,266.2212985989172,0.5649449179181829,266.7862435168354
UNSW_2018_IoT_Botnet_Final_10_Best,6q_5k,QVE,full,0,L0,baseline_unoptimized,0.01,6,14,11264,2,0.99,0.990164837423439,0.9447523025231931,265.05666397803,0.6632468418683857,265.71991081989836
UNSW_2018_IoT_Botnet_Final_10_Best,6q_5k,QVE,full,0,L0,baseline_unoptimized,0.01,6,15,12288,0,0.9946666666666667,0.9946995122365017,0.9695754135797602,262.74748000805266,1.3374149459414184,264.0848949539941
UNSW_2018_IoT_Botnet_Final_10_Best,6q_5k,QVE,full,0,L0,baseline_unoptimized,0.01,6,16,13312,1,0.9913333333333333,0.99134683480793,0.9499192043892009,259.98998719092924,2.479023913037963,262.4690111039672
UNSW_2018_IoT_Botnet_Final_10_Best,6q_5k,QVE,full,0,L0,baseline_unoptimized,0.01,6,17,14336,2,0.99,0.9899202265852921,0.9412858180927892,263.24357036605943,1.0361897490220144,264.27976011508144
UNSW_2018_IoT_Botnet_Final_10_Best,6q_5k,QVE,full,0,L0,baseline_unoptimized,0.01,6,18,15360,0,0.9953333333333333,0.9953549727135846,0.9732609961997113,257.7763047069311,1.6092670209473,259.3855717278784
UNSW_2018_IoT_Botnet_Final_10_Best,6q_5k,QVE,full,0,L0,baseline_unoptimized,0.01,6,19,16384,1,0.996,0.9960124139626352,0.976983222161292,261.97298252698965,0.906885760021396,262.87986828701105
UNSW_2018_IoT_Botnet_Final_10_Best,6q_5k,QVE,full,0,L0,baseline_unoptimized,0.01,6,20,17408,2,0.994,0.9940639146896366,0.9662993779870109,261.876359110116,1.0625417729606852,262.9389008830767
UNSW_2018_IoT_Botnet_Final_10_Best,6q_5k,QVE,full,0,L0,baseline_unoptimized,0.01,6,21,18432,0,0.9946666666666667,0.9947155527677168,0.9699012138896063,260.78627527784556,1.7307835931424052,262.51705887098797
UNSW_2018_IoT_Botnet_Final_10_Best,6q_5k,QVE,full,0,L0,baseline_unoptimized,0.01,6,22,19456,1,0.9933333333333333,0.9934141816371781,0.9627320397614697,262.83248557697516,1.0537043190561235,263.8861898960313
UNSW_2018_IoT_Botnet_Final_10_Best,6q_5k,QVE,full,0,L0,baseline_unoptimized,0.01,6,23,20480,2,0.996,0.9960366645757877,0.9774907023990167,259.83349272597115,1.3159544391091913,261.14944716508035
UNSW_2018_IoT_Botnet_Final_10_Best,6q_5k,QVE,full,0,L0,baseline_unoptimized,0.01,6,24,21504,0,0.9953333333333333,0.9953691183391495,0.9735381261938272,259.8797996729845,1.550866461941041,261.43066613492556
UNSW_2018_IoT_Botnet_Final_10_Best,6q_5k,QVE,full,0,L0,baseline_unoptimized,0.01,6,25,22528,1,0.9946666666666667,0.9946995122365017,0.9695754135797602,258.9782644279767,1.7033051239559427,260.6815695519326
UNSW_2018_IoT_Botnet_Final_10_Best,6q_5k,QVE,full,0,L0,baseline_unoptimized,0.01,6,26,23552,2,0.9926666666666667,0.992766331443132,0.9591986337991384,258.3703625348862,1.4056371530750766,259.7759996879613
UNSW_2018_IoT_Botnet_Final_10_Best,6q_5k,QVE,full,0,L0,baseline_unoptimized,0.01,6,27,24576,0,0.9926666666666667,0.992722900247235,0.9583135886795885,255.37702715897467,2.5268579591065645,257.90388511808123
UNSW_2018_IoT_Botnet_Final_10_Best,6q_5k,QVE,full,0,L0,baseline_unoptimized,0.01,6,28,25600,1,0.9933333333333333,0.9933944409596461,0.9623117253801959,261.39486895198934,2.386966284015216,263.78183523600455
UNSW_2018_IoT_Botnet_Final_10_Best,6q_5k,QVE,full,0,L0,baseline_unoptimized,0.01,6,29,26624,2,0.9946666666666667,0.9946995122365017,0.9695754135797602,263.2866216020193,0.804948608041741,264.09157021006104
UNSW_2018_IoT_Botnet_Final_10_Best,6q_5k,QVE,full,0,L0,baseline_unoptimized,0.02,6,0,42,0,0.9766666666666667,0.9777863130684138,0.8846751356480852,257.2527984380722,1.4554129228927195,258.7082113609649
UNSW_2018_IoT_Botnet_Final_10_Best,6q_5k,QVE,full,0,L0,baseline_unoptimized,0.02,6,1,123,1,0.974,0.9753704672897195,0.8735748172677336,261.2896032129647,0.6735416710143909,261.9631448839791
UNSW_2018_IoT_Botnet_Final_10_Best,6q_5k,QVE,full,0,L0,baseline_unoptimized,0.02,6,2,456,2,0.9793333333333333,0.9802244548669369,0.8961386998730778,260.89879548188765,1.1878589070402086,262.08665438892785
UNSW_2018_IoT_Botnet_Final_10_Best,6q_5k,QVE,full,0,L0,baseline_unoptimized,0.02,6,3,789,0,0.9786666666666667,0.9795600998572569,0.8919569743737749,262.8245049150428,0.7260660009924322,263.5505709160352
UNSW_2018_IoT_Botnet_Final_10_Best,6q_5k,QVE,full,0,L0,baseline_unoptimized,0.02,6,4,1024,1,0.9786666666666667,0.9796127737209159,0.8932376281618732,261.3362943211105,0.5561912640696391,261.8924855851801
UNSW_2018_IoT_Botnet_Final_10_Best,6q_5k,QVE,full,0,L0,baseline_unoptimized,0.02,6,5,2048,2,0.98,0.9808375936161783,0.8990637859893547,260.3821973359445,1.8518132058670744,262.2340105418116
UNSW_2018_IoT_Botnet_Final_10_Best,6q_5k,QVE,full,0,L0,baseline_unoptimized,0.02,6,6,3072,0,0.9766666666666667,0.9777863130684138,0.8846751356480852,262.376112070051,0.35434903111308813,262.7304611011641
UNSW_2018_IoT_Botnet_Final_10_Best,6q_5k,QVE,full,0,L0,baseline_unoptimized,0.02,6,7,4096,1,0.9753333333333334,0.9765756655807045,0.8790808267590848,262.4498121489305,0.7490856199292466,263.19889776885975
UNSW_2018_IoT_Botnet_Final_10_Best,6q_5k,QVE,full,0,L0,baseline_unoptimized,0.02,6,8,5120,2,0.9766666666666667,0.9777863130684138,0.8846751356480852,262.29385797691066,0.38578561204485595,262.6796435889555
UNSW_2018_IoT_Botnet_Final_10_Best,6q_5k,QVE,full,0,L0,baseline_unoptimized,0.02,6,9,6144,0,0.9773333333333334,0.9783937189054728,0.8875061757928756,262.1123082009144,1.002803365001455,263.11511156591587
UNSW_2018_IoT_Botnet_Final_10_Best,6q_5k,QVE,full,0,L0,baseline_unoptimized,0.02,6,10,7168,1,0.9566666666666667,0.9601473651832276,0.8090543257344857,258.8730311441468,1.2925919740227982,260.1656231181696
UNSW_2018_IoT_Botnet_Final_10_Best,6q_5k,QVE,full,0,L0,baseline_unoptimized,0.02,6,11,8192,2,0.9653333333333334,0.9676614074630603,0.8397810010341166,264.29115319799166,0.3331857349257916,264.62433893291745
UNSW_2018_IoT_Botnet_Final_10_Best,6q_5k,QVE,full,0,L0,baseline_unoptimized,0.02,6,12,9216,0,0.9713333333333334,0.9729106262534736,0.8612348680454917,262.55047197511885,1.150874868966639,263.7013468440855
UNSW_2018_IoT_Botnet_Final_10_Best,6q_5k,QVE,full,0,L0,baseline_unoptimized,0.02,6,13,10240,1,0.9733333333333334,0.9747698736450222,0.8708541735305776,260.07089539291337,2.178989198990166,262.24988459190354
UNSW_2018_IoT_Botnet_Final_10_Best,6q_5k,QVE,full,0,L0,baseline_unoptimized,0.02,6,14,11264,2,0.976,0.9771227611940299,0.8804695126481403,258.5992151439423,1.1716559958877042,259.77087113983
UNSW_2018_IoT_Botnet_Final_10_Best,6q_5k,QVE,full,0,L0,baseline_unoptimized,0.02,6,15,12288,0,0.974,0.9753704672897195,0.8735748172677336,261.3932149989996,0.6747683940920979,262.0679833930917
UNSW_2018_IoT_Botnet_Final_10_Best,6q_5k,QVE,full,0,L0,baseline_unoptimized,0.02,6,16,13312,1,0.9826666666666667,0.9833050595238095,0.9110113134792721,256.9144992370857,2.688839895068668,259.60333913215436
UNSW_2018_IoT_Botnet_Final_10_Best,6q_5k,QVE,full,0,L0,baseline_unoptimized,0.02,6,17,14336,2,0.9853333333333333,0.9857972121984009,0.9233721161313739,261.5065923600923,0.8417459090705961,262.3483382691629
UNSW_2018_IoT_Botnet_Final_10_Best,6q_5k,QVE,full,0,L0,baseline_unoptimized,0.02,6,18,15360,0,0.9726666666666667,0.974170597125405,0.8681547145384009,261.87302211206406,1.1142393429763615,262.9872614550404
UNSW_2018_IoT_Botnet_Final_10_Best,6q_5k,QVE,full,0,L0,baseline_unoptimized,0.02,6,19,16384,1,0.9773333333333334,0.9783937189054728,0.8875061757928756,254.9805145629216,2.3177029058570042,257.2982174687786
UNSW_2018_IoT_Botnet_Final_10_Best,6q_5k,QVE,full,0,L0,baseline_unoptimized,0.02,6,20,17408,2,0.9753333333333334,0.9765756655807045,0.8790808267590848,262.23493389901705,0.5540084660751745,262.7889423650922
UNSW_2018_IoT_Botnet_Final_10_Best,6q_5k,QVE,full,0,L0,baseline_unoptimized,0.02,6,21,18432,0,0.974,0.9753704672897195,0.8735748172677336,260.2266609891085,1.2896334640681744,261.51629445317667
UNSW_2018_IoT_Botnet_Final_10_Best,6q_5k,QVE,full,0,L0,baseline_unoptimized,0.02,6,22,19456,1,0.9666666666666667,0.9688340125840126,0.844767571793651,262.3263851030497,1.144518148037605,263.4709032510873
UNSW_2018_IoT_Botnet_Final_10_Best,6q_5k,QVE,full,0,L0,baseline_unoptimized,0.02,6,23,20480,2,0.968,0.9700113291796003,0.8498283884218152,259.8231293830322,1.8799285650020465,261.70305794803426
UNSW_2018_IoT_Botnet_Final_10_Best,6q_5k,QVE,full,0,L0,baseline_unoptimized,0.02,6,24,21504,0,0.9733333333333334,0.9747698736450222,0.8708541735305776,260.9414974298561,1.7146263910690323,262.65612382092513
UNSW_2018_IoT_Botnet_Final_10_Best,6q_5k,QVE,full,0,L0,baseline_unoptimized,0.02,6,25,22528,1,0.976,0.9771803004930907,0.881866790600661,258.2375503699295,1.231604506028816,259.46915487595834
UNSW_2018_IoT_Botnet_Final_10_Best,6q_5k,QVE,full,0,L0,baseline_unoptimized,0.02,6,26,23552,2,0.9686666666666667,0.9706017873891889,0.8523872447712222,261.7004739230033,1.3044110959162936,263.0048850189196
UNSW_2018_IoT_Botnet_Final_10_Best,6q_5k,QVE,full,0,L0,baseline_unoptimized,0.02,6,27,24576,0,0.9826666666666667,0.9832603109885278,0.9099214646233007,263.8521346579073,1.081823201966472,264.9339578598738
UNSW_2018_IoT_Botnet_Final_10_Best,6q_5k,QVE,full,0,L0,baseline_unoptimized,0.02,6,28,25600,1,0.978,0.9790025337946469,0.890360231138953,263.7003822939005,1.0810981281101704,264.78148042201065
UNSW_2018_IoT_Botnet_Final_10_Best,6q_5k,QVE,full,0,L0,baseline_unoptimized,0.02,6,29,26624,2,0.974,0.9753704672897195,0.8735748172677336,261.1476677398896,2.0964592929231003,263.2441270328127
UNSW_2018_IoT_Botnet_Final_10_Best,6q_5k,QVE,full,0,L0,baseline_unoptimized,0.05,6,0,42,0,0.9606666666666667,0.9635929146537842,0.8228861568930412,264.57891797902994,1.0142456910107285,265.59316367004067
UNSW_2018_IoT_Botnet_Final_10_Best,6q_5k,QVE,full,0,L0,baseline_unoptimized,0.05,6,1,123,1,0.9706666666666667,0.9723805243445693,0.860180622122229,264.42399901896715,1.4662616000277922,265.89026061899494
UNSW_2018_IoT_Botnet_Final_10_Best,6q_5k,QVE,full,0,L0,baseline_unoptimized,0.05,6,2,456,2,0.966,0.9682471276343251,0.8422651246671065,261.68208441499155,1.8888854100368917,263.57096982502844
UNSW_2018_IoT_Botnet_Final_10_Best,6q_5k,QVE,full,0,L0,baseline_unoptimized,0.05,6,3,789,0,0.968,0.9700113291796003,0.8498283884218152,264.5598710339982,1.1530934589682147,265.7129644929664
UNSW_2018_IoT_Botnet_Final_10_Best,6q_5k,QVE,full,0,L0,baseline_unoptimized,0.05,6,4,1024,1,0.9726666666666667,0.974170597125405,0.8681547145384009,264.2320834429702,0.9039817618904635,265.13606520486064
UNSW_2018_IoT_Botnet_Final_10_Best,6q_5k,QVE,full,0,L0,baseline_unoptimized,0.05,6,5,2048,2,0.9733333333333334,0.9747698736450222,0.8708541735305776,260.80811931192875,2.292585790040903,263.10070510196965
UNSW_2018_IoT_Botnet_Final_10_Best,6q_5k,QVE,full,0,L0,baseline_unoptimized,0.05,6,6,3072,0,0.9633333333333334,0.9659111073368193,0.8324362648887544,261.69774084398523,1.6922105599660426,263.3899514039513
UNSW_2018_IoT_Botnet_Final_10_Best,6q_5k,QVE,full,0,L0,baseline_unoptimized,0.05,6,7,4096,1,0.962,0.964749831843055,0.8276272340943059,261.61506537301466,1.7711679029744118,263.38623327598907
UNSW_2018_IoT_Botnet_Final_10_Best,6q_5k,QVE,full,0,L0,baseline_unoptimized,0.05,6,8,5120,2,0.9686666666666667,0.9706017873891889,0.8523872447712222,264.2042382999789,0.7417937770951539,264.94603207707405
UNSW_2018_IoT_Botnet_Final_10_Best,6q_5k,QVE,full,0,L0,baseline_unoptimized,0.05,6,9,6144,0,0.9686666666666667,0.9706017873891889,0.8523872447712222,260.57053404906765,1.6290037130238488,262.1995377620915
UNSW_2018_IoT_Botnet_Final_10_Best,6q_5k,QVE,full,0,L0,baseline_unoptimized,0.05,6,10,7168,1,0.9393333333333334,0.9456028150621603,0.755069658470473,262.2655230809469,1.0997100769309327,263.3652331578778
UNSW_2018_IoT_Botnet_Final_10_Best,6q_5k,QVE,full,0,L0,baseline_unoptimized,0.05,6,11,8192,2,0.9466666666666667,0.9516855247270872,0.7768212764578885,261.6843908739975,0.76280799403321,262.4471988680307
UNSW_2018_IoT_Botnet_Final_10_Best,6q_5k,QVE,full,0,L0,baseline_unoptimized,0.05,6,12,9216,0,0.9693333333333334,0.9711250936329587,0.853308669602332,264.3931900820462,1.223158642067574,265.6163487241138
UNSW_2018_IoT_Botnet_Final_10_Best,6q_5k,QVE,full,0,L0,baseline_unoptimized,0.05,6,13,10240,1,0.95,0.9544834094170229,0.7872159061683279,264.9796644290909,0.6271401580888778,265.6068045871798
UNSW_2018_IoT_Botnet_Final_10_Best,6q_5k,QVE,full,0,L0,baseline_unoptimized,0.05,6,14,11264,2,0.9646666666666667,0.9670768391681881,0.8373149682212777,255.21829560596962,2.5588647869881243,257.77716039295774
UNSW_2018_IoT_Botnet_Final_10_Best,6q_5k,QVE,full,0,L0,baseline_unoptimized,0.05,6,15,12288,0,0.962,0.964749831843055,0.8276272340943059,264.5303058241261,1.1053241631016135,265.63562998722773
UNSW_2018_IoT_Botnet_Final_10_Best,6q_5k,QVE,full,0,L0,baseline_unoptimized,0.05,6,16,13312,1,0.9686666666666667,0.9706017873891889,0.8523872447712222,264.4309687069617,1.3819981078850105,265.81296681484673
UNSW_2018_IoT_Botnet_Final_10_Best,6q_5k,QVE,full,0,L0,baseline_unoptimized,0.05,6,17,14336,2,0.9793333333333333,0.9802244548669369,0.8961386998730778,264.74039437389,1.1378483739681542,265.87824274785817
UNSW_2018_IoT_Botnet_Final_10_Best,6q_5k,QVE,full,0,L0,baseline_unoptimized,0.05,6,18,15360,0,0.958,0.961291773985921,0.8136012794650614,264.4373851210112,0.8400247968966141,265.2774099179078
UNSW_2018_IoT_Botnet_Final_10_Best,6q_5k,QVE,full,0,L0,baseline_unoptimized,0.05,6,19,16384,1,0.9666666666666667,0.9688340125840126,0.844767571793651,262.4556801589206,1.9548985550645739,264.41057871398516
UNSW_2018_IoT_Botnet_Final_10_Best,6q_5k,QVE,full,0,L0,baseline_unoptimized,0.05,6,20,17408,2,0.966,0.9682471276343251,0.8422651246671065,262.6181522529805,1.6206619460135698,264.2388141989941
UNSW_2018_IoT_Botnet_Final_10_Best,6q_5k,QVE,full,0,L0,baseline_unoptimized,0.05,6,21,18432,0,0.9593333333333334,0.9624402599344697,0.8182113732499802,263.2688154600328,0.7267967099323869,263.99561216996517
UNSW_2018_IoT_Botnet_Final_10_Best,6q_5k,QVE,full,0,L0,baseline_unoptimized,0.05,6,22,19456,1,0.954,0.9578704225352114,0.8001438949578453,258.91934223100543,1.9802355599822477,260.8995777909877
UNSW_2018_IoT_Botnet_Final_10_Best,6q_5k,QVE,full,0,L0,baseline_unoptimized,0.05,6,23,20480,2,0.9473333333333334,0.9522433763960731,0.7788736913842925,260.75466323294677,1.9386039950186387,262.6932672279654
UNSW_2018_IoT_Botnet_Final_10_Best,6q_5k,QVE,full,0,L0,baseline_unoptimized,0.05,6,24,21504,0,0.9633333333333334,0.9659111073368193,0.8324362648887544,260.14023276697844,1.89166694204323,262.0318997090217
UNSW_2018_IoT_Botnet_Final_10_Best,6q_5k,QVE,full,0,L0,baseline_unoptimized,0.05,6,25,22528,1,0.9566666666666667,0.9601473651832276,0.8090543257344857,263.10411580710206,1.099461072939448,264.2035768800415
UNSW_2018_IoT_Botnet_Final_10_Best,6q_5k,QVE,full,0,L0,baseline_unoptimized,0.05,6,26,23552,2,0.95,0.9544834094170229,0.7872159061683279,260.0761609430192,1.927621391019784,262.003782334039
UNSW_2018_IoT_Botnet_Final_10_Best,6q_5k,QVE,full,0,L0,baseline_unoptimized,0.05,6,27,24576,0,0.9766666666666667,0.9777299600852316,0.8833062711812679,257.65898888302036,2.255350553896278,259.91433943691663
UNSW_2018_IoT_Botnet_Final_10_Best,6q_5k,QVE,full,0,L0,baseline_unoptimized,0.05,6,28,25600,1,0.968,0.9700113291796003,0.8498283884218152,260.1831057709642,1.642144890036434,261.8252506610006
UNSW_2018_IoT_Botnet_Final_10_Best,6q_5k,QVE,full,0,L0,baseline_unoptimized,0.05,6,29,26624,2,0.96,0.963016060390903,0.8205405798991164,264.21510724700056,0.6434634808683768,264.85857072786894
UNSW_2018_IoT_Botnet_Final_10_Best,6q_5k,QVE,full,3,L3,qiskit_heavy,0.0,6,0,42,0,0.996,0.9960124139626352,0.976983222161292,374.9710668870248,0.797278881072998,375.7683457680978
UNSW_2018_IoT_Botnet_Final_10_Best,6q_5k,QVE,full,3,L3,qiskit_heavy,0.0,6,1,123,1,0.994,0.9940460092931921,0.9659258574367079,374.41029628610704,1.8933471230557188,376.30364340916276
UNSW_2018_IoT_Botnet_Final_10_Best,6q_5k,QVE,full,3,L3,qiskit_heavy,0.0,6,2,456,2,0.9973333333333333,0.9973333333333333,0.9845401466624754,367.2155466809636,3.945615006959997,371.1611616879236
UNSW_2018_IoT_Botnet_Final_10_Best,6q_5k,QVE,full,3,L3,qiskit_heavy,0.0,6,3,789,0,0.996,0.9960124139626352,0.976983222161292,376.1812313370174,4.711506861029193,380.8927381980466
UNSW_2018_IoT_Botnet_Final_10_Best,6q_5k,QVE,full,3,L3,qiskit_heavy,0.0,6,4,1024,1,0.9926666666666667,0.992744784620667,0.9587324290599396,359.5208477829583,4.193968242849223,363.7148160258075
UNSW_2018_IoT_Botnet_Final_10_Best,6q_5k,QVE,full,3,L3,qiskit_heavy,0.0,6,5,2048,2,0.9913333333333333,0.99134683480793,0.9499192043892009,377.735762615921,3.3625265299342573,381.09828914585523
UNSW_2018_IoT_Botnet_Final_10_Best,6q_5k,QVE,full,3,L3,qiskit_heavy,0.0,6,6,3072,0,0.998,0.997990503452285,0.9883629768056863,375.23475276795216,4.795174638857134,380.0299274068093
UNSW_2018_IoT_Botnet_Final_10_Best,6q_5k,QVE,full,3,L3,qiskit_heavy,0.0,6,7,4096,1,0.998,0.9980092740201078,0.9885781316226904,359.94513353984803,4.378439233987592,364.3235727738356
UNSW_2018_IoT_Botnet_Final_10_Best,6q_5k,QVE,full,3,L3,qiskit_heavy,0.0,6,8,5120,2,0.9966666666666667,0.9966400755284308,0.9805571131969575,375.1649557710625,4.189626658917405,379.3545824299799
UNSW_2018_IoT_Botnet_Final_10_Best,6q_5k,QVE,full,3,L3,qiskit_heavy,0.0,6,9,6144,0,0.9953333333333333,0.9953260056217893,0.9728676747095873,363.63878887100145,4.427677764091641,368.0664666350931
UNSW_2018_IoT_Botnet_Final_10_Best,6q_5k,QVE,full,3,L3,qiskit_heavy,0.0,6,10,7168,1,0.996,0.9960366645757877,0.9774907023990167,380.6713053579442,3.8258243310265243,384.49712968897074
UNSW_2018_IoT_Botnet_Final_10_Best,6q_5k,QVE,full,3,L3,qiskit_heavy,0.0,6,11,8192,2,0.9973333333333333,0.9973497561182509,0.9848460011024754,379.17210570396855,4.632294807001017,383.8044005109696
UNSW_2018_IoT_Botnet_Final_10_Best,6q_5k,QVE,full,3,L3,qiskit_heavy,0.0,6,12,9216,0,0.996,0.9959745745463654,0.9766360841206913,379.8157165249577,1.6980267650214955,381.5137432899792
UNSW_2018_IoT_Botnet_Final_10_Best,6q_5k,QVE,full,3,L3,qiskit_heavy,0.0,6,13,10240,1,0.998,0.9980092740201078,0.9885781316226904,370.6887997300364,4.700038045994006,375.3888377760304
UNSW_2018_IoT_Botnet_Final_10_Best,6q_5k,QVE,full,3,L3,qiskit_heavy,0.0,6,14,11264,2,0.99,0.990164837423439,0.9447523025231931,379.69567039899994,1.2455778719158843,380.9412482709158
UNSW_2018_IoT_Botnet_Final_10_Best,6q_5k,QVE,full,3,L3,qiskit_heavy,0.0,6,15,12288,0,0.996,0.9960124139626352,0.976983222161292,364.3815972551238,3.7344807439949363,368.1160779991187
UNSW_2018_IoT_Botnet_Final_10_Best,6q_5k,QVE,full,3,L3,qiskit_heavy,0.0,6,16,13312,1,0.9973333333333333,0.9973333333333333,0.9845401466624754,376.2783037159825,0.33624128403607756,376.61454500001855
UNSW_2018_IoT_Botnet_Final_10_Best,6q_5k,QVE,full,3,L3,qiskit_heavy,0.0,6,17,14336,2,0.9913333333333333,0.9912921816265687,0.9493445415701739,376.00531802896876,0.6151310709537938,376.62044909992255
UNSW_2018_IoT_Botnet_Final_10_Best,6q_5k,QVE,full,3,L3,qiskit_heavy,0.0,6,18,15360,0,0.9966666666666667,0.9966821233668463,0.9809195639112008,370.4456836930476,5.16379809693899,375.6094817899866
UNSW_2018_IoT_Botnet_Final_10_Best,6q_5k,QVE,full,3,L3,qiskit_heavy,0.0,6,19,16384,1,0.9986666666666667,0.9986708046542117,0.9923474119575537,379.5106707570376,3.4706642160890624,382.98133497312665
UNSW_2018_IoT_Botnet_Final_10_Best,6q_5k,QVE,full,3,L3,qiskit_heavy,0.0,6,20,17408,2,0.9966666666666667,0.9966821233668463,0.9809195639112008,380.8435721740825,3.007760663051158,383.85133283713367
UNSW_2018_IoT_Botnet_Final_10_Best,6q_5k,QVE,full,3,L3,qiskit_heavy,0.0,6,21,18432,0,0.9966666666666667,0.9966922273851068,0.9811503949509465,383.10329764394555,0.5959893380058929,383.69928698195145
UNSW_2018_IoT_Botnet_Final_10_Best,6q_5k,QVE,full,3,L3,qiskit_heavy,0.0,6,22,19456,1,0.9973333333333333,0.9973416093084235,0.9846653170594228,383.06428469810635,0.32700135896448046,383.39128605707083
UNSW_2018_IoT_Botnet_Final_10_Best,6q_5k,QVE,full,3,L3,qiskit_heavy,0.0,6,23,20480,2,0.9973333333333333,0.9973497561182509,0.9848460011024754,373.27839099185076,3.4647773400647566,376.7431683319155
UNSW_2018_IoT_Botnet_Final_10_Best,6q_5k,QVE,full,3,L3,qiskit_heavy,0.0,6,24,21504,0,0.9986666666666667,0.9986708046542117,0.9923474119575537,372.98503613309003,4.315300163929351,377.3003362970194
UNSW_2018_IoT_Botnet_Final_10_Best,6q_5k,QVE,full,3,L3,qiskit_heavy,0.0,6,25,22528,1,0.9973333333333333,0.9973416093084235,0.9846653170594228,381.8396820180351,0.3840015340829268,382.223683552118
UNSW_2018_IoT_Botnet_Final_10_Best,6q_5k,QVE,full,3,L3,qiskit_heavy,0.0,6,26,23552,2,0.9966666666666667,0.9966922273851068,0.9811503949509465,382.13418389309663,1.3461747069377452,383.4803586000344
UNSW_2018_IoT_Botnet_Final_10_Best,6q_5k,QVE,full,3,L3,qiskit_heavy,0.0,6,27,24576,0,0.9946666666666667,0.9946832186168468,0.9693011272631611,377.71060812694486,2.494615379953757,380.2052235068986
UNSW_2018_IoT_Botnet_Final_10_Best,6q_5k,QVE,full,3,L3,qiskit_heavy,0.0,6,28,25600,1,0.996,0.9960124139626352,0.976983222161292,377.152647664072,3.904646480921656,381.05729414499365
UNSW_2018_IoT_Botnet_Final_10_Best,6q_5k,QVE,full,3,L3,qiskit_heavy,0.0,6,29,26624,2,0.9966666666666667,0.9966821233668463,0.9809195639112008,366.23569097800646,5.360131663153879,371.59582264116034
UNSW_2018_IoT_Botnet_Final_10_Best,6q_5k,QVE,full,3,L3,qiskit_heavy,0.0003,6,0,42,0,0.996,0.9960124139626352,0.976983222161292,260.25084680807777,1.4861884400015697,261.73703524807934
UNSW_2018_IoT_Botnet_Final_10_Best,6q_5k,QVE,full,3,L3,qiskit_heavy,0.0003,6,1,123,1,0.9933333333333333,0.9933944409596461,0.9623117253801959,256.86217673902865,2.686264881049283,259.54844162007794
UNSW_2018_IoT_Botnet_Final_10_Best,6q_5k,QVE,full,3,L3,qiskit_heavy,0.0003,6,2,456,2,0.9973333333333333,0.9973333333333333,0.9845401466624754,261.0628367080353,1.180697945994325,262.24353465402965
UNSW_2018_IoT_Botnet_Final_10_Best,6q_5k,QVE,full,3,L3,qiskit_heavy,0.0003,6,3,789,0,0.996,0.9960124139626352,0.976983222161292,260.5875864189584,1.2956932480446994,261.8832796670031
UNSW_2018_IoT_Botnet_Final_10_Best,6q_5k,QVE,full,3,L3,qiskit_heavy,0.0003,6,4,1024,1,0.9926666666666667,0.992744784620667,0.9587324290599396,258.20209025603253,2.446926859091036,260.64901711512357
UNSW_2018_IoT_Botnet_Final_10_Best,6q_5k,QVE,full,3,L3,qiskit_heavy,0.0003,6,5,2048,2,0.9913333333333333,0.99134683480793,0.9499192043892009,260.85458015289623,1.2081382260657847,262.062718378962
UNSW_2018_IoT_Botnet_Final_10_Best,6q_5k,QVE,full,3,L3,qiskit_heavy,0.0003,6,6,3072,0,0.998,0.997990503452285,0.9883629768056863,242.1383481969824,2.051204935996793,244.1895531329792
UNSW_2018_IoT_Botnet_Final_10_Best,6q_5k,QVE,full,3,L3,qiskit_heavy,0.0003,6,7,4096,1,0.998,0.9980092740201078,0.9885781316226904,261.3863030059729,1.118462465936318,262.5047654719092
UNSW_2018_IoT_Botnet_Final_10_Best,6q_5k,QVE,full,3,L3,qiskit_heavy,0.0003,6,8,5120,2,0.9966666666666667,0.9966400755284308,0.9805571131969575,261.1232127950061,0.9414335479959846,262.0646463430021
UNSW_2018_IoT_Botnet_Final_10_Best,6q_5k,QVE,full,3,L3,qiskit_heavy,0.0003,6,9,6144,0,0.9953333333333333,0.9953260056217893,0.9728676747095873,256.2612026289571,1.5930729870451614,257.85427561600227
UNSW_2018_IoT_Botnet_Final_10_Best,6q_5k,QVE,full,3,L3,qiskit_heavy,0.0003,6,10,7168,1,0.996,0.9960366645757877,0.9774907023990167,260.66249679401517,1.8348329798318446,262.497329773847
UNSW_2018_IoT_Botnet_Final_10_Best,6q_5k,QVE,full,3,L3,qiskit_heavy,0.0003,6,11,8192,2,0.9973333333333333,0.9973497561182509,0.9848460011024754,262.62937097705435,1.0811182870529592,263.7104892641073
UNSW_2018_IoT_Botnet_Final_10_Best,6q_5k,QVE,full,3,L3,qiskit_heavy,0.0003,6,12,9216,0,0.996,0.9959745745463654,0.9766360841206913,261.93673538789153,1.143769667018205,263.08050505490974
UNSW_2018_IoT_Botnet_Final_10_Best,6q_5k,QVE,full,3,L3,qiskit_heavy,0.0003,6,13,10240,1,0.998,0.9980092740201078,0.9885781316226904,261.69508641096763,1.3712544820737094,263.06634089304134
UNSW_2018_IoT_Botnet_Final_10_Best,6q_5k,QVE,full,3,L3,qiskit_heavy,0.0003,6,14,11264,2,0.99,0.990164837423439,0.9447523025231931,260.45948798104655,1.1285037689376622,261.5879917499842
UNSW_2018_IoT_Botnet_Final_10_Best,6q_5k,QVE,full,3,L3,qiskit_heavy,0.0003,6,15,12288,0,0.996,0.9960124139626352,0.976983222161292,261.3100060368888,0.803655079100281,262.1136611159891
UNSW_2018_IoT_Botnet_Final_10_Best,6q_5k,QVE,full,3,L3,qiskit_heavy,0.0003,6,16,13312,1,0.9973333333333333,0.9973333333333333,0.9845401466624754,261.31037422805093,0.5158879209775478,261.8262621490285
UNSW_2018_IoT_Botnet_Final_10_Best,6q_5k,QVE,full,3,L3,qiskit_heavy,0.0003,6,17,14336,2,0.9913333333333333,0.9912921816265687,0.9493445415701739,261.3609734859783,1.372801011078991,262.7337744970573
UNSW_2018_IoT_Botnet_Final_10_Best,6q_5k,QVE,full,3,L3,qiskit_heavy,0.0003,6,18,15360,0,0.9966666666666667,0.9966821233668463,0.9809195639112008,262.56058719404973,1.5555050771217793,264.1160922711715
UNSW_2018_IoT_Botnet_Final_10_Best,6q_5k,QVE,full,3,L3,qiskit_heavy,0.0003,6,19,16384,1,0.998,0.9980092740201078,0.9885781316226904,262.1697852060897,1.8415037340018898,264.0112889400916
UNSW_2018_IoT_Botnet_Final_10_Best,6q_5k,QVE,full,3,L3,qiskit_heavy,0.0003,6,20,17408,2,0.9966666666666667,0.9966821233668463,0.9809195639112008,262.8981108100852,1.1804399389075115,264.0785507489927
UNSW_2018_IoT_Botnet_Final_10_Best,6q_5k,QVE,full,3,L3,qiskit_heavy,0.0003,6,21,18432,0,0.9966666666666667,0.9966922273851068,0.9811503949509465,263.16575767996255,0.8102677429560572,263.9760254229186
UNSW_2018_IoT_Botnet_Final_10_Best,6q_5k,QVE,full,3,L3,qiskit_heavy,0.0003,6,22,19456,1,0.9973333333333333,0.9973416093084235,0.9846653170594228,251.74906123394612,1.9261944080935791,253.6752556420397
UNSW_2018_IoT_Botnet_Final_10_Best,6q_5k,QVE,full,3,L3,qiskit_heavy,0.0003,6,23,20480,2,0.9973333333333333,0.9973497561182509,0.9848460011024754,260.9392430189764,1.2995785439852625,262.2388215629617
UNSW_2018_IoT_Botnet_Final_10_Best,6q_5k,QVE,full,3,L3,qiskit_heavy,0.0003,6,24,21504,0,0.9986666666666667,0.9986708046542117,0.9923474119575537,263.6964998211479,0.848114584106952,264.54461440525483
UNSW_2018_IoT_Botnet_Final_10_Best,6q_5k,QVE,full,3,L3,qiskit_heavy,0.0003,6,25,22528,1,0.9966666666666667,0.9966718595415115,0.9807427232544484,261.52814086701255,2.679144113906659,264.2072849809192
UNSW_2018_IoT_Botnet_Final_10_Best,6q_5k,QVE,full,3,L3,qiskit_heavy,0.0003,6,26,23552,2,0.9966666666666667,0.9966922273851068,0.9811503949509465,258.686868798919,1.4881816729903221,260.17505047190934
UNSW_2018_IoT_Botnet_Final_10_Best,6q_5k,QVE,full,3,L3,qiskit_heavy,0.0003,6,27,24576,0,0.9946666666666667,0.9946832186168468,0.9693011272631611,254.14244909503032,1.5868730888469145,255.72932218387723
UNSW_2018_IoT_Botnet_Final_10_Best,6q_5k,QVE,full,3,L3,qiskit_heavy,0.0003,6,28,25600,1,0.9953333333333333,0.995340603358116,0.9730368435381365,258.2490504429443,1.3331156159983948,259.5821660589427
UNSW_2018_IoT_Botnet_Final_10_Best,6q_5k,QVE,full,3,L3,qiskit_heavy,0.0003,6,29,26624,2,0.9966666666666667,0.9966821233668463,0.9809195639112008,262.08434558601584,0.8646016379352659,262.9489472239511
UNSW_2018_IoT_Botnet_Final_10_Best,6q_5k,QVE,full,3,L3,qiskit_heavy,0.0005,6,0,42,0,0.996,0.9960124139626352,0.976983222161292,260.7319591019768,1.6783843870507553,262.4103434890276
UNSW_2018_IoT_Botnet_Final_10_Best,6q_5k,QVE,full,3,L3,qiskit_heavy,0.0005,6,1,123,1,0.9933333333333333,0.9933944409596461,0.9623117253801959,263.0375151060289,1.1678523179143667,264.20536742394324
UNSW_2018_IoT_Botnet_Final_10_Best,6q_5k,QVE,full,3,L3,qiskit_heavy,0.0005,6,2,456,2,0.9973333333333333,0.9973333333333333,0.9845401466624754,257.865295237978,1.4378044659970328,259.303099703975
UNSW_2018_IoT_Botnet_Final_10_Best,6q_5k,QVE,full,3,L3,qiskit_heavy,0.0005,6,3,789,0,0.996,0.9960124139626352,0.976983222161292,261.0872435499914,1.1433636791771278,262.2306072291685
UNSW_2018_IoT_Botnet_Final_10_Best,6q_5k,QVE,full,3,L3,qiskit_heavy,0.0005,6,4,1024,1,0.9926666666666667,0.992744784620667,0.9587324290599396,257.3168949650135,2.3998966879444197,259.7167916529579
UNSW_2018_IoT_Botnet_Final_10_Best,6q_5k,QVE,full,3,L3,qiskit_heavy,0.0005,6,5,2048,2,0.9913333333333333,0.99134683480793,0.9499192043892009,261.41302746499423,0.8357142789755017,262.24874174396973
UNSW_2018_IoT_Botnet_Final_10_Best,6q_5k,QVE,full,3,L3,qiskit_heavy,0.0005,6,6,3072,0,0.998,0.997990503452285,0.9883629768056863,262.2425808418775,1.1024459820473567,263.34502682392485
UNSW_2018_IoT_Botnet_Final_10_Best,6q_5k,QVE,full,3,L3,qiskit_heavy,0.0005,6,7,4096,1,0.998,0.9980092740201078,0.9885781316226904,255.87174888595473,2.066902382997796,257.9386512689525
UNSW_2018_IoT_Botnet_Final_10_Best,6q_5k,QVE,full,3,L3,qiskit_heavy,0.0005,6,8,5120,2,0.9966666666666667,0.9966400755284308,0.9805571131969575,260.12729745998513,1.7353890830418095,261.86268654302694
UNSW_2018_IoT_Botnet_Final_10_Best,6q_5k,QVE,full,3,L3,qiskit_heavy,0.0005,6,9,6144,0,0.9953333333333333,0.9953260056217893,0.9728676747095873,259.60785585001577,1.1404461939819157,260.7483020439977
UNSW_2018_IoT_Botnet_Final_10_Best,6q_5k,QVE,full,3,L3,qiskit_heavy,0.0005,6,10,7168,1,0.996,0.9960366645757877,0.9774907023990167,255.5445237030508,2.323690293938853,257.86821399698965
UNSW_2018_IoT_Botnet_Final_10_Best,6q_5k,QVE,full,3,L3,qiskit_heavy,0.0005,6,11,8192,2,0.9973333333333333,0.9973497561182509,0.9848460011024754,260.8914727170486,1.0390226260060444,261.93049534305464
UNSW_2018_IoT_Botnet_Final_10_Best,6q_5k,QVE,full,3,L3,qiskit_heavy,0.0005,6,12,9216,0,0.996,0.9959745745463654,0.9766360841206913,259.4789388960926,1.4298236070899293,260.9087625031825
UNSW_2018_IoT_Botnet_Final_10_Best,6q_5k,QVE,full,3,L3,qiskit_heavy,0.0005,6,13,10240,1,0.998,0.9980092740201078,0.9885781316226904,260.4976894418942,1.9619118080008775,262.45960124989506
UNSW_2018_IoT_Botnet_Final_10_Best,6q_5k,QVE,full,3,L3,qiskit_heavy,0.0005,6,14,11264,2,0.99,0.990164837423439,0.9447523025231931,262.09140183997806,1.2974180211313069,263.38881986110937
UNSW_2018_IoT_Botnet_Final_10_Best,6q_5k,QVE,full,3,L3,qiskit_heavy,0.0005,6,15,12288,0,0.996,0.9960124139626352,0.976983222161292,252.55784916889388,3.3001804570667446,255.85802962596063
UNSW_2018_IoT_Botnet_Final_10_Best,6q_5k,QVE,full,3,L3,qiskit_heavy,0.0005,6,16,13312,1,0.9973333333333333,0.9973333333333333,0.9845401466624754,255.66988612001296,1.781771792913787,257.45165791292675
UNSW_2018_IoT_Botnet_Final_10_Best,6q_5k,QVE,full,3,L3,qiskit_heavy,0.0005,6,17,14336,2,0.9906666666666667,0.990607340608186,0.9453207647600347,258.75719164696056,1.5350354290567338,260.2922270760173
UNSW_2018_IoT_Botnet_Final_10_Best,6q_5k,QVE,full,3,L3,qiskit_heavy,0.0005,6,18,15360,0,0.9966666666666667,0.9966821233668463,0.9809195639112008,251.4314418300055,2.279377900878899,253.7108197308844
UNSW_2018_IoT_Botnet_Final_10_Best,6q_5k,QVE,full,3,L3,qiskit_heavy,0.0005,6,19,16384,1,0.998,0.9980092740201078,0.9885781316226904,260.1746132050175,1.0961318499175832,261.2707450549351
UNSW_2018_IoT_Botnet_Final_10_Best,6q_5k,QVE,full,3,L3,qiskit_heavy,0.0005,6,20,17408,2,0.9966666666666667,0.9966821233668463,0.9809195639112008,260.3195145641221,0.7438444129657,261.0633589770878
UNSW_2018_IoT_Botnet_Final_10_Best,6q_5k,QVE,full,3,L3,qiskit_heavy,0.0005,6,21,18432,0,0.9966666666666667,0.9966922273851068,0.9811503949509465,248.65963328198995,2.4875196011271328,251.1471528831171
UNSW_2018_IoT_Botnet_Final_10_Best,6q_5k,QVE,full,3,L3,qiskit_heavy,0.0005,6,22,19456,1,0.9973333333333333,0.9973416093084235,0.9846653170594228,261.44145856797695,0.9302637969376519,262.3717223649146
UNSW_2018_IoT_Botnet_Final_10_Best,6q_5k,QVE,full,3,L3,qiskit_heavy,0.0005,6,23,20480,2,0.9973333333333333,0.9973497561182509,0.9848460011024754,261.4602735339431,0.8856320360209793,262.3459055699641
UNSW_2018_IoT_Botnet_Final_10_Best,6q_5k,QVE,full,3,L3,qiskit_heavy,0.0005,6,24,21504,0,0.9986666666666667,0.9986708046542117,0.9923474119575537,261.5665645330446,1.7855169610120356,263.3520814940566
UNSW_2018_IoT_Botnet_Final_10_Best,6q_5k,QVE,full,3,L3,qiskit_heavy,0.0005,6,25,22528,1,0.9966666666666667,0.9966718595415115,0.9807427232544484,259.49378496594727,2.219188638147898,261.71297360409517
UNSW_2018_IoT_Botnet_Final_10_Best,6q_5k,QVE,full,3,L3,qiskit_heavy,0.0005,6,26,23552,2,0.9966666666666667,0.9966922273851068,0.9811503949509465,263.17610782105476,0.9965111060300842,264.17261892708484
UNSW_2018_IoT_Botnet_Final_10_Best,6q_5k,QVE,full,3,L3,qiskit_heavy,0.0005,6,27,24576,0,0.994,0.9940278220603231,0.9656024284882216,254.97581910900772,1.3835179820889607,256.3593370910967
UNSW_2018_IoT_Botnet_Final_10_Best,6q_5k,QVE,full,3,L3,qiskit_heavy,0.0005,6,28,25600,1,0.9953333333333333,0.995340603358116,0.9730368435381365,259.3566933569964,1.6709774569608271,261.02767081395723
UNSW_2018_IoT_Botnet_Final_10_Best,6q_5k,QVE,full,3,L3,qiskit_heavy,0.0005,6,29,26624,2,0.9966666666666667,0.9966821233668463,0.9809195639112008,260.8301915699849,0.7948330850340426,261.62502465501893
UNSW_2018_IoT_Botnet_Final_10_Best,6q_5k,QVE,full,3,L3,qiskit_heavy,0.001,6,0,42,0,0.996,0.9960124139626352,0.976983222161292,254.83601247903425,1.440609363024123,256.2766218420584
UNSW_2018_IoT_Botnet_Final_10_Best,6q_5k,QVE,full,3,L3,qiskit_heavy,0.001,6,1,123,1,0.9933333333333333,0.9933944409596461,0.9623117253801959,259.70234192803036,0.5915708479005843,260.29391277593095
UNSW_2018_IoT_Botnet_Final_10_Best,6q_5k,QVE,full,3,L3,qiskit_heavy,0.001,6,2,456,2,0.9973333333333333,0.9973333333333333,0.9845401466624754,254.2102879898157,1.8360717629548162,256.0463597527705
UNSW_2018_IoT_Botnet_Final_10_Best,6q_5k,QVE,full,3,L3,qiskit_heavy,0.001,6,3,789,0,0.996,0.9960124139626352,0.976983222161292,259.8437271110015,0.9998942678794265,260.8436213788809
UNSW_2018_IoT_Botnet_Final_10_Best,6q_5k,QVE,full,3,L3,qiskit_heavy,0.001,6,4,1024,1,0.9926666666666667,0.992744784620667,0.9587324290599396,254.02089680195786,3.103380512096919,257.1242773140548
UNSW_2018_IoT_Botnet_Final_10_Best,6q_5k,QVE,full,3,L3,qiskit_heavy,0.001,6,5,2048,2,0.9913333333333333,0.99134683480793,0.9499192043892009,258.1933953950647,1.6336749208858237,259.82707031595055
UNSW_2018_IoT_Botnet_Final_10_Best,6q_5k,QVE,full,3,L3,qiskit_heavy,0.001,6,6,3072,0,0.998,0.997990503452285,0.9883629768056863,258.3429069389822,1.5111259018303826,259.8540328408126
UNSW_2018_IoT_Botnet_Final_10_Best,6q_5k,QVE,full,3,L3,qiskit_heavy,0.001,6,7,4096,1,0.998,0.9980092740201078,0.9885781316226904,254.60697064187843,2.0995291060535237,256.70649974793196
UNSW_2018_IoT_Botnet_Final_10_Best,6q_5k,QVE,full,3,L3,qiskit_heavy,0.001,6,8,5120,2,0.9966666666666667,0.9966400755284308,0.9805571131969575,258.48070108203683,1.390504783950746,259.8712058659876
UNSW_2018_IoT_Botnet_Final_10_Best,6q_5k,QVE,full,3,L3,qiskit_heavy,0.001,6,9,6144,0,0.9953333333333333,0.9953260056217893,0.9728676747095873,252.9701158950338,1.5112356911413372,254.48135158617515
UNSW_2018_IoT_Botnet_Final_10_Best,6q_5k,QVE,full,3,L3,qiskit_heavy,0.001,6,10,7168,1,0.996,0.9960366645757877,0.9774907023990167,259.4621093000751,1.4686001719674096,260.9307094720425
UNSW_2018_IoT_Botnet_Final_10_Best,6q_5k,QVE,full,3,L3,qiskit_heavy,0.001,6,11,8192,2,0.9973333333333333,0.9973497561182509,0.9848460011024754,254.99701069202274,1.4810912220273167,256.47810191405006
UNSW_2018_IoT_Botnet_Final_10_Best,6q_5k,QVE,full,3,L3,qiskit_heavy,0.001,6,12,9216,0,0.996,0.9959745745463654,0.9766360841206913,259.38055885001086,1.6466634080279619,261.0272222580388
UNSW_2018_IoT_Botnet_Final_10_Best,6q_5k,QVE,full,3,L3,qiskit_heavy,0.001,6,13,10240,1,0.998,0.9980092740201078,0.9885781316226904,257.6340794559801,1.7084999470971525,259.34257940307725
UNSW_2018_IoT_Botnet_Final_10_Best,6q_5k,QVE,full,3,L3,qiskit_heavy,0.001,6,14,11264,2,0.99,0.990164837423439,0.9447523025231931,255.81305854103994,1.8772659681271762,257.6903245091671
UNSW_2018_IoT_Botnet_Final_10_Best,6q_5k,QVE,full,3,L3,qiskit_heavy,0.001,6,15,12288,0,0.996,0.9960124139626352,0.976983222161292,262.4578593610786,1.121964126941748,263.57982348802034
UNSW_2018_IoT_Botnet_Final_10_Best,6q_5k,QVE,full,3,L3,qiskit_heavy,0.001,6,16,13312,1,0.9973333333333333,0.9973333333333333,0.9845401466624754,259.9489151069429,2.3638713910477236,262.3127864979906
UNSW_2018_IoT_Botnet_Final_10_Best,6q_5k,QVE,full,3,L3,qiskit_heavy,0.001,6,17,14336,2,0.9906666666666667,0.990607340608186,0.9453207647600347,253.53570576710626,2.462011846131645,255.9977176132379
UNSW_2018_IoT_Botnet_Final_10_Best,6q_5k,QVE,full,3,L3,qiskit_heavy,0.001,6,18,15360,0,0.9966666666666667,0.9966821233668463,0.9809195639112008,260.42232248501386,1.3446622689953074,261.7669847540092
UNSW_2018_IoT_Botnet_Final_10_Best,6q_5k,QVE,full,3,L3,qiskit_heavy,0.001,6,19,16384,1,0.998,0.9980092740201078,0.9885781316226904,253.73718520009425,2.1357622030191123,255.87294740311336
UNSW_2018_IoT_Botnet_Final_10_Best,6q_5k,QVE,full,3,L3,qiskit_heavy,0.001,6,20,17408,2,0.9966666666666667,0.9966821233668463,0.9809195639112008,261.778270395007,0.5379706849344075,262.3162410799414
UNSW_2018_IoT_Botnet_Final_10_Best,6q_5k,QVE,full,3,L3,qiskit_heavy,0.001,6,21,18432,0,0.9966666666666667,0.9966922273851068,0.9811503949509465,258.76674708304927,1.0980839519761503,259.8648310350254
UNSW_2018_IoT_Botnet_Final_10_Best,6q_5k,QVE,full,3,L3,qiskit_heavy,0.001,6,22,19456,1,0.9973333333333333,0.9973416093084235,0.9846653170594228,259.19077729596756,1.0593832690501586,260.2501605650177
UNSW_2018_IoT_Botnet_Final_10_Best,6q_5k,QVE,full,3,L3,qiskit_heavy,0.001,6,23,20480,2,0.9973333333333333,0.9973497561182509,0.9848460011024754,259.00029606895987,1.4744702450698242,260.4747663140297
UNSW_2018_IoT_Botnet_Final_10_Best,6q_5k,QVE,full,3,L3,qiskit_heavy,0.001,6,24,21504,0,0.9986666666666667,0.9986708046542117,0.9923474119575537,252.62247601605486,2.0411135291215032,254.66358954517636
UNSW_2018_IoT_Botnet_Final_10_Best,6q_5k,QVE,full,3,L3,qiskit_heavy,0.001,6,25,22528,1,0.9966666666666667,0.9966718595415115,0.9807427232544484,259.4957539711613,1.2063078910578042,260.7020618622191
UNSW_2018_IoT_Botnet_Final_10_Best,6q_5k,QVE,full,3,L3,qiskit_heavy,0.001,6,26,23552,2,0.9966666666666667,0.9966922273851068,0.9811503949509465,259.2036179789575,1.4003282289486378,260.6039462079061
UNSW_2018_IoT_Botnet_Final_10_Best,6q_5k,QVE,full,3,L3,qiskit_heavy,0.001,6,27,24576,0,0.9933333333333333,0.9933743902956271,0.9619401198184026,262.00650945398957,2.050654524937272,264.05716397892684
UNSW_2018_IoT_Botnet_Final_10_Best,6q_5k,QVE,full,3,L3,qiskit_heavy,0.001,6,28,25600,1,0.9953333333333333,0.995340603358116,0.9730368435381365,264.0762273129076,1.6442149910144508,265.720442303922
UNSW_2018_IoT_Botnet_Final_10_Best,6q_5k,QVE,full,3,L3,qiskit_heavy,0.001,6,29,26624,2,0.9966666666666667,0.9966821233668463,0.9809195639112008,264.75423634797335,1.4261832928750664,266.1804196408484
UNSW_2018_IoT_Botnet_Final_10_Best,6q_5k,QVE,full,3,L3,qiskit_heavy,0.002,6,0,42,0,0.996,0.9960124139626352,0.976983222161292,258.88423517206684,2.23822836112231,261.12246353318915
UNSW_2018_IoT_Botnet_Final_10_Best,6q_5k,QVE,full,3,L3,qiskit_heavy,0.002,6,1,123,1,0.9933333333333333,0.9933944409596461,0.9623117253801959,262.25336604891345,0.6147058752831072,262.86807192419656
UNSW_2018_IoT_Botnet_Final_10_Best,6q_5k,QVE,full,3,L3,qiskit_heavy,0.002,6,2,456,2,0.9966666666666667,0.9966718595415115,0.9807427232544484,262.1142456200905,0.868382859043777,262.9826284791343
UNSW_2018_IoT_Botnet_Final_10_Best,6q_5k,QVE,full,3,L3,qiskit_heavy,0.002,6,3,789,0,0.996,0.9960124139626352,0.976983222161292,258.92278995597735,1.9799380840267986,260.90272804000415
UNSW_2018_IoT_Botnet_Final_10_Best,6q_5k,QVE,full,3,L3,qiskit_heavy,0.002,6,4,1024,1,0.9926666666666667,0.992744784620667,0.9587324290599396,258.78011900908314,2.0912529001943767,260.8713719092775
UNSW_2018_IoT_Botnet_Final_10_Best,6q_5k,QVE,full,3,L3,qiskit_heavy,0.002,6,5,2048,2,0.9906666666666667,0.990695632579482,0.9462548425687685,261.68849240406416,0.7731215758249164,262.4616139798891
UNSW_2018_IoT_Botnet_Final_10_Best,6q_5k,QVE,full,3,L3,qiskit_heavy,0.002,6,6,3072,0,0.998,0.997990503452285,0.9883629768056863,252.18694112915546,1.3107689539901912,253.49771008314565
UNSW_2018_IoT_Botnet_Final_10_Best,6q_5k,QVE,full,3,L3,qiskit_heavy,0.002,6,7,4096,1,0.998,0.9980092740201078,0.9885781316226904,260.6683195331134,0.9842458760831505,261.65256540919654
UNSW_2018_IoT_Botnet_Final_10_Best,6q_5k,QVE,full,3,L3,qiskit_heavy,0.002,6,8,5120,2,0.9973333333333333,0.9973163830309103,0.9844649139608554,259.4620853199158,1.6083269179798663,261.07041223789565
UNSW_2018_IoT_Botnet_Final_10_Best,6q_5k,QVE,full,3,L3,qiskit_heavy,0.002,6,9,6144,0,0.9953333333333333,0.9953260056217893,0.9728676747095873,260.99366732500494,1.0907852968666703,262.0844526218716
UNSW_2018_IoT_Botnet_Final_10_Best,6q_5k,QVE,full,3,L3,qiskit_heavy,0.002,6,10,7168,1,0.9953333333333333,0.9953830447586062,0.9738663269140823,257.80881554819643,1.415139673044905,259.22395522124134
UNSW_2018_IoT_Botnet_Final_10_Best,6q_5k,QVE,full,3,L3,qiskit_heavy,0.002,6,11,8192,2,0.9966666666666667,0.9966922273851068,0.9811503949509465,257.57935407711193,1.689123687101528,259.26847776421346
UNSW_2018_IoT_Botnet_Final_10_Best,6q_5k,QVE,full,3,L3,qiskit_heavy,0.002,6,12,9216,0,0.996,0.9959745745463654,0.9766360841206913,257.78251672303304,2.987231221050024,260.76974794408306
UNSW_2018_IoT_Botnet_Final_10_Best,6q_5k,QVE,full,3,L3,qiskit_heavy,0.002,6,13,10240,1,0.998,0.9980092740201078,0.9885781316226904,261.07222309405915,1.616005136165768,262.6882282302249
UNSW_2018_IoT_Botnet_Final_10_Best,6q_5k,QVE,full,3,L3,qiskit_heavy,0.002,6,14,11264,2,0.99,0.990164837423439,0.9447523025231931,261.82285418268293,1.1617786018177867,262.9846327845007
UNSW_2018_IoT_Botnet_Final_10_Best,6q_5k,QVE,full,3,L3,qiskit_heavy,0.002,6,15,12288,0,0.996,0.9960124139626352,0.976983222161292,257.717345333891,0.8180159048642963,258.5353612387553
UNSW_2018_IoT_Botnet_Final_10_Best,6q_5k,QVE,full,3,L3,qiskit_heavy,0.002,6,16,13312,1,0.9973333333333333,0.9973333333333333,0.9845401466624754,255.3962137058843,1.0967570680659264,256.4929707739502
UNSW_2018_IoT_Botnet_Final_10_Best,6q_5k,QVE,full,3,L3,qiskit_heavy,0.002,6,17,14336,2,0.9913333333333333,0.9912641963739199,0.9491400771136228,260.78552542300895,0.557393544819206,261.34291896782815
UNSW_2018_IoT_Botnet_Final_10_Best,6q_5k,QVE,full,3,L3,qiskit_heavy,0.002,6,18,15360,0,0.9966666666666667,0.9966821233668463,0.9809195639112008,260.7775358259678,0.9702647940721363,261.7478006200399
UNSW_2018_IoT_Botnet_Final_10_Best,6q_5k,QVE,full,3,L3,qiskit_heavy,0.002,6,19,16384,1,0.998,0.9980092740201078,0.9885781316226904,253.98670775489882,1.953848744276911,255.94055649917573
UNSW_2018_IoT_Botnet_Final_10_Best,6q_5k,QVE,full,3,L3,qiskit_heavy,0.002,6,20,17408,2,0.9966666666666667,0.9966821233668463,0.9809195639112008,260.4906032246072,1.406148805981502,261.8967520305887
UNSW_2018_IoT_Botnet_Final_10_Best,6q_5k,QVE,full,3,L3,qiskit_heavy,0.002,6,21,18432,0,0.9966666666666667,0.9966922273851068,0.9811503949509465,251.423946270952,1.8980361178983003,253.3219823888503
UNSW_2018_IoT_Botnet_Final_10_Best,6q_5k,QVE,full,3,L3,qiskit_heavy,0.002,6,22,19456,1,0.9973333333333333,0.9973416093084235,0.9846653170594228,260.29582473798655,1.4041077860165387,261.6999325240031
UNSW_2018_IoT_Botnet_Final_10_Best,6q_5k,QVE,full,3,L3,qiskit_heavy,0.002,6,23,20480,2,0.9973333333333333,0.9973497561182509,0.9848460011024754,259.4576160130091,1.4540304748807102,260.9116464878898
UNSW_2018_IoT_Botnet_Final_10_Best,6q_5k,QVE,full,3,L3,qiskit_heavy,0.002,6,24,21504,0,0.9986666666666667,0.9986708046542117,0.9923474119575537,256.7770106040407,1.850055247079581,258.6270658511203
UNSW_2018_IoT_Botnet_Final_10_Best,6q_5k,QVE,full,3,L3,qiskit_heavy,0.002,6,25,22528,1,0.9966666666666667,0.9966718595415115,0.9807427232544484,259.1608244762756,1.2602857330348343,260.4211102093104
UNSW_2018_IoT_Botnet_Final_10_Best,6q_5k,QVE,full,3,L3,qiskit_heavy,0.002,6,26,23552,2,0.9966666666666667,0.9966922273851068,0.9811503949509465,257.00603524106555,1.2091012368910015,258.21513647795655
UNSW_2018_IoT_Botnet_Final_10_Best,6q_5k,QVE,full,3,L3,qiskit_heavy,0.002,6,27,24576,0,0.9933333333333333,0.9933743902956271,0.9619401198184026,257.86642947397195,1.654610071098432,259.5210395450704
UNSW_2018_IoT_Botnet_Final_10_Best,6q_5k,QVE,full,3,L3,qiskit_heavy,0.002,6,28,25600,1,0.9953333333333333,0.995340603358116,0.9730368435381365,252.39010761282407,2.050827009836212,254.44093462266028
UNSW_2018_IoT_Botnet_Final_10_Best,6q_5k,QVE,full,3,L3,qiskit_heavy,0.002,6,29,26624,2,0.9966666666666667,0.9966821233668463,0.9809195639112008,259.19225379708223,0.6699021549429744,259.8621559520252
UNSW_2018_IoT_Botnet_Final_10_Best,6q_5k,QVE,full,3,L3,qiskit_heavy,0.005,6,0,42,0,0.9946666666666667,0.9946995122365017,0.9695754135797602,255.41262709000148,1.3973893311340362,256.8100164211355
UNSW_2018_IoT_Botnet_Final_10_Best,6q_5k,QVE,full,3,L3,qiskit_heavy,0.005,6,1,123,1,0.992,0.9920970179646138,0.9551873937472581,259.53576779318973,1.1843063549604267,260.72007414815016
UNSW_2018_IoT_Botnet_Final_10_Best,6q_5k,QVE,full,3,L3,qiskit_heavy,0.005,6,2,456,2,0.9966666666666667,0.9966718595415115,0.9807427232544484,256.4477661070414,2.4979999461211264,258.9457660531625
UNSW_2018_IoT_Botnet_Final_10_Best,6q_5k,QVE,full,3,L3,qiskit_heavy,0.005,6,3,789,0,0.996,0.9960124139626352,0.976983222161292,260.89622357231565,1.5998931010253727,262.496116673341
UNSW_2018_IoT_Botnet_Final_10_Best,6q_5k,QVE,full,3,L3,qiskit_heavy,0.005,6,4,1024,1,0.9926666666666667,0.992744784620667,0.9587324290599396,260.2138670650311,1.6767993830144405,261.8906664480455
UNSW_2018_IoT_Botnet_Final_10_Best,6q_5k,QVE,full,3,L3,qiskit_heavy,0.005,6,5,2048,2,0.99,0.9900155786245346,0.9422133246728889,258.0345039370004,2.0905567568261176,260.1250606938265
UNSW_2018_IoT_Botnet_Final_10_Best,6q_5k,QVE,full,3,L3,qiskit_heavy,0.005,6,6,3072,0,0.998,0.997990503452285,0.9883629768056863,261.59751238580793,0.841716046212241,262.4392284320202
UNSW_2018_IoT_Botnet_Final_10_Best,6q_5k,QVE,full,3,L3,qiskit_heavy,0.005,6,7,4096,1,0.9973333333333333,0.9973416093084235,0.9846653170594228,261.0777150460053,1.2421669480390847,262.3198819940444
UNSW_2018_IoT_Botnet_Final_10_Best,6q_5k,QVE,full,3,L3,qiskit_heavy,0.005,6,8,5120,2,0.998,0.997990503452285,0.9883629768056863,250.18628064892255,1.9473740078974515,252.13365465682
UNSW_2018_IoT_Botnet_Final_10_Best,6q_5k,QVE,full,3,L3,qiskit_heavy,0.005,6,9,6144,0,0.994,0.9940093471747208,0.9653309638218246,262.18710944708437,0.9583741878159344,263.1454836349003
UNSW_2018_IoT_Botnet_Final_10_Best,6q_5k,QVE,full,3,L3,qiskit_heavy,0.005,6,10,7168,1,0.9933333333333333,0.9934336185297723,0.9631993422782028,261.7458730780054,1.3994174371473491,263.14529051515274
UNSW_2018_IoT_Botnet_Final_10_Best,6q_5k,QVE,full,3,L3,qiskit_heavy,0.005,6,11,8192,2,0.996,0.9960366645757877,0.9774907023990167,253.47672632709146,2.6972010449972004,256.17392737208866
UNSW_2018_IoT_Botnet_Final_10_Best,6q_5k,QVE,full,3,L3,qiskit_heavy,0.005,6,12,9216,0,0.996,0.9959873882470078,0.9766937779662983,252.92578962189145,1.5657031959854066,254.49149281787686
UNSW_2018_IoT_Botnet_Final_10_Best,6q_5k,QVE,full,3,L3,qiskit_heavy,0.005,6,13,10240,1,0.998,0.9980092740201078,0.9885781316226904,262.78467273293063,1.327598376199603,264.11227110913023
UNSW_2018_IoT_Botnet_Final_10_Best,6q_5k,QVE,full,3,L3,qiskit_heavy,0.005,6,14,11264,2,0.9886666666666667,0.9888857696290692,0.9379569206847955,263.229433612898,1.5140254329890013,264.743459045887
UNSW_2018_IoT_Botnet_Final_10_Best,6q_5k,QVE,full,3,L3,qiskit_heavy,0.005,6,15,12288,0,0.9953333333333333,0.9953549727135846,0.9732609961997113,261.066343014827,1.9612802588380873,263.0276232736651
UNSW_2018_IoT_Botnet_Final_10_Best,6q_5k,QVE,full,3,L3,qiskit_heavy,0.005,6,16,13312,1,0.9973333333333333,0.9973333333333333,0.9845401466624754,258.20025381585583,2.13038870296441,260.33064251882024
UNSW_2018_IoT_Botnet_Final_10_Best,6q_5k,QVE,full,3,L3,qiskit_heavy,0.005,6,17,14336,2,0.9913333333333333,0.9912641963739199,0.9491400771136228,262.28270929981954,1.2984419038984925,263.58115120371804
UNSW_2018_IoT_Botnet_Final_10_Best,6q_5k,QVE,full,3,L3,qiskit_heavy,0.005,6,18,15360,0,0.996,0.9960246341773764,0.9772107073411178,260.8763568510767,1.3038353570736945,262.1801922081504
UNSW_2018_IoT_Botnet_Final_10_Best,6q_5k,QVE,full,3,L3,qiskit_heavy,0.005,6,19,16384,1,0.998,0.9980092740201078,0.9885781316226904,253.10847163689323,1.79815294011496,254.9066245770082
UNSW_2018_IoT_Botnet_Final_10_Best,6q_5k,QVE,full,3,L3,qiskit_heavy,0.005,6,20,17408,2,0.9966666666666667,0.9966821233668463,0.9809195639112008,260.9154065740295,1.346821203827858,262.26222777785733
UNSW_2018_IoT_Botnet_Final_10_Best,6q_5k,QVE,full,3,L3,qiskit_heavy,0.005,6,21,18432,0,0.996,0.9960246341773764,0.9772107073411178,257.72670193365775,2.223010177956894,259.94971211161464
UNSW_2018_IoT_Botnet_Final_10_Best,6q_5k,QVE,full,3,L3,qiskit_heavy,0.005,6,22,19456,1,0.9973333333333333,0.9973416093084235,0.9846653170594228,262.186467112042,1.061118096113205,263.2475852081552
UNSW_2018_IoT_Botnet_Final_10_Best,6q_5k,QVE,full,3,L3,qiskit_heavy,0.005,6,23,20480,2,0.9973333333333333,0.9973497561182509,0.9848460011024754,260.11599328229204,1.725920194061473,261.8419134763535
UNSW_2018_IoT_Botnet_Final_10_Best,6q_5k,QVE,full,3,L3,qiskit_heavy,0.005,6,24,21504,0,0.998,0.9980092740201078,0.9885781316226904,258.8944592028856,1.8068412968423218,260.70130049972795
UNSW_2018_IoT_Botnet_Final_10_Best,6q_5k,QVE,full,3,L3,qiskit_heavy,0.005,6,25,22528,1,0.9973333333333333,0.9973416093084235,0.9846653170594228,263.54033112176694,0.7897757219616324,264.3301068437286
UNSW_2018_IoT_Botnet_Final_10_Best,6q_5k,QVE,full,3,L3,qiskit_heavy,0.005,6,26,23552,2,0.996,0.9960366645757877,0.9774907023990167,261.24662538594566,1.6986951760482043,262.94532056199387
UNSW_2018_IoT_Botnet_Final_10_Best,6q_5k,QVE,full,3,L3,qiskit_heavy,0.005,6,27,24576,0,0.9933333333333333,0.9933743902956271,0.9619401198184026,255.35795595496893,2.0700875350739807,257.4280434900429
UNSW_2018_IoT_Botnet_Final_10_Best,6q_5k,QVE,full,3,L3,qiskit_heavy,0.005,6,28,25600,1,0.9953333333333333,0.995340603358116,0.9730368435381365,257.5033882430289,0.9845707730855793,258.4879590161145
UNSW_2018_IoT_Botnet_Final_10_Best,6q_5k,QVE,full,3,L3,qiskit_heavy,0.005,6,29,26624,2,0.9973333333333333,0.9973416093084235,0.9846653170594228,252.1887707260903,2.4604420010000467,254.64921272709034
UNSW_2018_IoT_Botnet_Final_10_Best,6q_5k,QVE,full,3,L3,qiskit_heavy,0.008,6,0,42,0,0.994,0.9940460092931921,0.9659258574367079,261.1434341829736,1.0486413391772658,262.19207552215084
UNSW_2018_IoT_Botnet_Final_10_Best,6q_5k,QVE,full,3,L3,qiskit_heavy,0.008,6,1,123,1,0.988,0.988248888888889,0.934606095884654,261.65072515723296,1.133116542128846,262.7838416993618
UNSW_2018_IoT_Botnet_Final_10_Best,6q_5k,QVE,full,3,L3,qiskit_heavy,0.008,6,2,456,2,0.996,0.9960124139626352,0.976983222161292,254.09807533491403,1.8837222920265049,255.98179762694053
UNSW_2018_IoT_Botnet_Final_10_Best,6q_5k,QVE,full,3,L3,qiskit_heavy,0.008,6,3,789,0,0.9953333333333333,0.9953549727135846,0.9732609961997113,256.6852811560966,1.5970403619576246,258.28232151805423
UNSW_2018_IoT_Botnet_Final_10_Best,6q_5k,QVE,full,3,L3,qiskit_heavy,0.008,6,4,1024,1,0.992,0.9920970179646138,0.9551873937472581,253.64223612379283,2.4296595021151006,256.0718956259079
UNSW_2018_IoT_Botnet_Final_10_Best,6q_5k,QVE,full,3,L3,qiskit_heavy,0.008,6,5,2048,2,0.9893333333333333,0.9893333333333333,0.9381605866499013,261.32412421004847,1.2986721000634134,262.6227963101119
UNSW_2018_IoT_Botnet_Final_10_Best,6q_5k,QVE,full,3,L3,qiskit_heavy,0.008,6,6,3072,0,0.996,0.996,0.976810219993713,263.49977142806165,0.11472424259409308,263.61449567065574
UNSW_2018_IoT_Botnet_Final_10_Best,6q_5k,QVE,full,3,L3,qiskit_heavy,0.008,6,7,4096,1,0.9946666666666667,0.9947155527677168,0.9699012138896063,261.3681983088609,1.6650135209783912,263.0332118298393
UNSW_2018_IoT_Botnet_Final_10_Best,6q_5k,QVE,full,3,L3,qiskit_heavy,0.008,6,8,5120,2,0.9953333333333333,0.995340603358116,0.9730368435381365,260.5448099640198,1.862583524081856,262.40739348810166
UNSW_2018_IoT_Botnet_Final_10_Best,6q_5k,QVE,full,3,L3,qiskit_heavy,0.008,6,9,6144,0,0.9886666666666667,0.9887873944137582,0.9360315822787255,260.3586984809954,1.426124406978488,261.78482288797386
UNSW_2018_IoT_Botnet_Final_10_Best,6q_5k,QVE,full,3,L3,qiskit_heavy,0.008,6,10,7168,1,0.9853333333333333,0.9856783653004351,0.920621436118106,261.69065467384644,0.8190806922502816,262.5097353660967
UNSW_2018_IoT_Botnet_Final_10_Best,6q_5k,QVE,full,3,L3,qiskit_heavy,0.008,6,11,8192,2,0.994,0.9940815439080173,0.9667212096665191,256.0266779209487,1.0089078929740936,257.0355858139228
UNSW_2018_IoT_Botnet_Final_10_Best,6q_5k,QVE,full,3,L3,qiskit_heavy,0.008,6,12,9216,0,0.996,0.9959873882470078,0.9766937779662983,258.8857515081763,2.040884933900088,260.9266364420764
UNSW_2018_IoT_Botnet_Final_10_Best,6q_5k,QVE,full,3,L3,qiskit_heavy,0.008,6,13,10240,1,0.9986666666666667,0.9986708046542117,0.9923474119575537,260.8958261150401,0.7260742569342256,261.62190037197433
UNSW_2018_IoT_Botnet_Final_10_Best,6q_5k,QVE,full,3,L3,qiskit_heavy,0.008,6,14,11264,2,0.9873333333333333,0.9876137497297099,0.9312858582707654,255.53827622905374,1.818729482125491,257.3570057111792
UNSW_2018_IoT_Botnet_Final_10_Best,6q_5k,QVE,full,3,L3,qiskit_heavy,0.008,6,15,12288,0,0.9946666666666667,0.9946832186168468,0.9693011272631611,262.50889679417014,1.2237506951205432,263.7326474892907
UNSW_2018_IoT_Botnet_Final_10_Best,6q_5k,QVE,full,3,L3,qiskit_heavy,0.008,6,16,13312,1,0.994,0.9939905786565862,0.9651134343402643,262.3234876159113,1.119475340936333,263.4429629568476
UNSW_2018_IoT_Botnet_Final_10_Best,6q_5k,QVE,full,3,L3,qiskit_heavy,0.008,6,17,14336,2,0.9906666666666667,0.9905769607843137,0.9451195256387104,258.5794616220519,2.507644000928849,261.08710562298074
UNSW_2018_IoT_Botnet_Final_10_Best,6q_5k,QVE,full,3,L3,qiskit_heavy,0.008,6,18,15360,0,0.996,0.9960246341773764,0.9772107073411178,263.22871641395614,0.9033973780460656,264.1321137920022
UNSW_2018_IoT_Botnet_Final_10_Best,6q_5k,QVE,full,3,L3,qiskit_heavy,0.008,6,19,16384,1,0.9973333333333333,0.9973497561182509,0.9848460011024754,251.78609195095487,2.5297617660835385,254.3158537170384
UNSW_2018_IoT_Botnet_Final_10_Best,6q_5k,QVE,full,3,L3,qiskit_heavy,0.008,6,20,17408,2,0.9953333333333333,0.9953691183391495,0.9735381261938272,263.23284562514164,1.1961371069774032,264.42898273211904
UNSW_2018_IoT_Botnet_Final_10_Best,6q_5k,QVE,full,3,L3,qiskit_heavy,0.008,6,21,18432,0,0.9953333333333333,0.9953691183391495,0.9735381261938272,265.01896672323346,0.29877016111277044,265.31773688434623
UNSW_2018_IoT_Botnet_Final_10_Best,6q_5k,QVE,full,3,L3,qiskit_heavy,0.008,6,22,19456,1,0.994,0.9940639146896366,0.9662993779870109,261.14779253373854,0.8856840669177473,262.0334766006563
UNSW_2018_IoT_Botnet_Final_10_Best,6q_5k,QVE,full,3,L3,qiskit_heavy,0.008,6,23,20480,2,0.996,0.9960366645757877,0.9774907023990167,260.2570339490194,1.3421686901710927,261.5992026391905
UNSW_2018_IoT_Botnet_Final_10_Best,6q_5k,QVE,full,3,L3,qiskit_heavy,0.008,6,24,21504,0,0.9966666666666667,0.9966922273851068,0.9811503949509465,259.4867416319903,1.5709279770962894,261.0576696090866
UNSW_2018_IoT_Botnet_Final_10_Best,6q_5k,QVE,full,3,L3,qiskit_heavy,0.008,6,25,22528,1,0.9973333333333333,0.9973416093084235,0.9846653170594228,254.66570929484442,1.8630715280305594,256.528780822875
UNSW_2018_IoT_Botnet_Final_10_Best,6q_5k,QVE,full,3,L3,qiskit_heavy,0.008,6,26,23552,2,0.994,0.9940815439080173,0.9667212096665191,262.05603255704045,0.9189563773106784,262.97498893435113
UNSW_2018_IoT_Botnet_Final_10_Best,6q_5k,QVE,full,3,L3,qiskit_heavy,0.008,6,27,24576,0,0.992,0.9920492683547524,0.9543048260570449,250.2287965239957,3.1077432041056454,253.33653972810134
UNSW_2018_IoT_Botnet_Final_10_Best,6q_5k,QVE,full,3,L3,qiskit_heavy,0.008,6,28,25600,1,0.9926666666666667,0.992722900247235,0.9583135886795885,260.0440115837846,0.8216147588100284,260.8656263425946
UNSW_2018_IoT_Botnet_Final_10_Best,6q_5k,QVE,full,3,L3,qiskit_heavy,0.008,6,29,26624,2,0.9966666666666667,0.9966821233668463,0.9809195639112008,257.7342369891703,1.342203372856602,259.0764403620269
UNSW_2018_IoT_Botnet_Final_10_Best,6q_5k,QVE,full,3,L3,qiskit_heavy,0.01,6,0,42,0,0.994,0.9940460092931921,0.9659258574367079,256.4232831939589,1.4217594428919256,257.84504263685085
UNSW_2018_IoT_Botnet_Final_10_Best,6q_5k,QVE,full,3,L3,qiskit_heavy,0.01,6,1,123,1,0.988,0.988248888888889,0.934606095884654,262.12859444110654,1.1400059477891773,263.2686003888957
UNSW_2018_IoT_Botnet_Final_10_Best,6q_5k,QVE,full,3,L3,qiskit_heavy,0.01,6,2,456,2,0.9953333333333333,0.995340603358116,0.9730368435381365,262.2734324440826,1.040953733958304,263.3143861780409
UNSW_2018_IoT_Botnet_Final_10_Best,6q_5k,QVE,full,3,L3,qiskit_heavy,0.01,6,3,789,0,0.9933333333333333,0.9933944409596461,0.9623117253801959,261.34341356297955,1.392592967953533,262.7360065309331
UNSW_2018_IoT_Botnet_Final_10_Best,6q_5k,QVE,full,3,L3,qiskit_heavy,0.01,6,4,1024,1,0.9906666666666667,0.9908070659416813,0.9481978729325209,262.5433065351099,0.727437268011272,263.27074380312115
UNSW_2018_IoT_Botnet_Final_10_Best,6q_5k,QVE,full,3,L3,qiskit_heavy,0.01,6,5,2048,2,0.9886666666666667,0.9886843224411392,0.934507444956577,257.79469800996594,1.1593554138671607,258.9540534238331
UNSW_2018_IoT_Botnet_Final_10_Best,6q_5k,QVE,full,3,L3,qiskit_heavy,0.01,6,6,3072,0,0.9906666666666667,0.9908338607411529,0.9487965468889443,260.12135677202605,2.2845215681008995,262.40587834012695
UNSW_2018_IoT_Botnet_Final_10_Best,6q_5k,QVE,full,3,L3,qiskit_heavy,0.01,6,7,4096,1,0.992,0.9920492683547524,0.9543048260570449,262.85900540696457,1.1734487870708108,264.0324541940354
UNSW_2018_IoT_Botnet_Final_10_Best,6q_5k,QVE,full,3,L3,qiskit_heavy,0.01,6,8,5120,2,0.9926666666666667,0.9927006714070616,0.9579438607767321,259.8775617170613,2.4343107419554144,262.31187245901674
UNSW_2018_IoT_Botnet_Final_10_Best,6q_5k,QVE,full,3,L3,qiskit_heavy,0.01,6,9,6144,0,0.9886666666666667,0.9888206940484768,0.9366309061969962,259.0649334238842,1.2075481237843633,260.2724815476686
UNSW_2018_IoT_Botnet_Final_10_Best,6q_5k,QVE,full,3,L3,qiskit_heavy,0.01,6,10,7168,1,0.9866666666666667,0.9869803320913048,0.9279957287128906,257.64536765404046,1.689960340037942,259.3353279940784
UNSW_2018_IoT_Botnet_Final_10_Best,6q_5k,QVE,full,3,L3,qiskit_heavy,0.01,6,11,8192,2,0.9946666666666667,0.9947313453097425,0.9702766857756814,252.043507194845,1.403975942870602,253.4474831377156
UNSW_2018_IoT_Botnet_Final_10_Best,6q_5k,QVE,full,3,L3,qiskit_heavy,0.01,6,12,9216,0,0.994,0.9940460092931921,0.9659258574367079,263.75241150986403,1.2093710850458592,264.9617825949099
UNSW_2018_IoT_Botnet_Final_10_Best,6q_5k,QVE,full,3,L3,qiskit_heavy,0.01,6,13,10240,1,0.998,0.9980092740201078,0.9885781316226904,263.3002591619734,1.0190207487903535,264.3192799107637
UNSW_2018_IoT_Botnet_Final_10_Best,6q_5k,QVE,full,3,L3,qiskit_heavy,0.01,6,14,11264,2,0.99,0.990164837423439,0.9447523025231931,262.152343622176,1.9119662346784025,264.0643098568544
UNSW_2018_IoT_Botnet_Final_10_Best,6q_5k,QVE,full,3,L3,qiskit_heavy,0.01,6,15,12288,0,0.9946666666666667,0.9946995122365017,0.9695754135797602,259.73704979289323,1.9847505139186978,261.72180030681193
UNSW_2018_IoT_Botnet_Final_10_Best,6q_5k,QVE,full,3,L3,qiskit_heavy,0.01,6,16,13312,1,0.9913333333333333,0.9913735207538003,0.9502852930652425,261.6779752522707,1.0483194380067289,262.7262946902774
UNSW_2018_IoT_Botnet_Final_10_Best,6q_5k,QVE,full,3,L3,qiskit_heavy,0.01,6,17,14336,2,0.99,0.9899202265852921,0.9412858180927892,250.70684311795048,1.7686962082516402,252.47553932620212
UNSW_2018_IoT_Botnet_Final_10_Best,6q_5k,QVE,full,3,L3,qiskit_heavy,0.01,6,18,15360,0,0.9953333333333333,0.9953549727135846,0.9732609961997113,258.67468861001544,2.2530943052843213,260.92778291529976
UNSW_2018_IoT_Botnet_Final_10_Best,6q_5k,QVE,full,3,L3,qiskit_heavy,0.01,6,19,16384,1,0.996,0.9960246341773764,0.9772107073411178,262.81400812300853,1.7210724658798426,264.5350805888884
UNSW_2018_IoT_Botnet_Final_10_Best,6q_5k,QVE,full,3,L3,qiskit_heavy,0.01,6,20,17408,2,0.994,0.9940639146896366,0.9662993779870109,263.73574269912206,1.1512525498401374,264.8869952489622
UNSW_2018_IoT_Botnet_Final_10_Best,6q_5k,QVE,full,3,L3,qiskit_heavy,0.01,6,21,18432,0,0.9946666666666667,0.9947155527677168,0.9699012138896063,259.75925855874084,1.7454762673005462,261.5047348260414
UNSW_2018_IoT_Botnet_Final_10_Best,6q_5k,QVE,full,3,L3,qiskit_heavy,0.01,6,22,19456,1,0.9913333333333333,0.9913997912012776,0.9507013199224692,261.8214090189431,0.8960231230594218,262.7174321420025
UNSW_2018_IoT_Botnet_Final_10_Best,6q_5k,QVE,full,3,L3,qiskit_heavy,0.01,6,23,20480,2,0.996,0.9960366645757877,0.9774907023990167,258.8739600502886,2.0398273149039596,260.91378736519255
UNSW_2018_IoT_Botnet_Final_10_Best,6q_5k,QVE,full,3,L3,qiskit_heavy,0.01,6,24,21504,0,0.996,0.9960366645757877,0.9774907023990167,263.6134580618236,0.314615627983585,263.9280736898072
UNSW_2018_IoT_Botnet_Final_10_Best,6q_5k,QVE,full,3,L3,qiskit_heavy,0.01,6,25,22528,1,0.996,0.9960246341773764,0.9772107073411178,260.84333684202284,1.336593845160678,262.1799306871835
UNSW_2018_IoT_Botnet_Final_10_Best,6q_5k,QVE,full,3,L3,qiskit_heavy,0.01,6,26,23552,2,0.9933333333333333,0.9934336185297723,0.9631993422782028,255.734029795276,2.679481931729242,258.41351172700524
UNSW_2018_IoT_Botnet_Final_10_Best,6q_5k,QVE,full,3,L3,qiskit_heavy,0.01,6,27,24576,0,0.992,0.9920733291515753,0.9547222368707855,260.9422074218746,1.1025058689992875,262.0447132908739
UNSW_2018_IoT_Botnet_Final_10_Best,6q_5k,QVE,full,3,L3,qiskit_heavy,0.01,6,28,25600,1,0.9926666666666667,0.992722900247235,0.9583135886795885,255.7748757158406,3.3076410067733377,259.08251672261395
UNSW_2018_IoT_Botnet_Final_10_Best,6q_5k,QVE,full,3,L3,qiskit_heavy,0.01,6,29,26624,2,0.9953333333333333,0.9953691183391495,0.9735381261938272,262.7420095608104,0.7463807298336178,263.488390290644
UNSW_2018_IoT_Botnet_Final_10_Best,6q_5k,QVE,full,3,L3,qiskit_heavy,0.02,6,0,42,0,0.972,0.9735726230465898,0.8654761552367087,261.73046911903657,1.9247876079753041,263.6552567270119
UNSW_2018_IoT_Botnet_Final_10_Best,6q_5k,QVE,full,3,L3,qiskit_heavy,0.02,6,1,123,1,0.974,0.9753704672897195,0.8735748172677336,260.8456650308799,1.7411814010702074,262.5868464319501
UNSW_2018_IoT_Botnet_Final_10_Best,6q_5k,QVE,full,3,L3,qiskit_heavy,0.02,6,2,456,2,0.978,0.9790025337946469,0.890360231138953,260.0986788261216,1.9505937010981143,262.0492725272197
UNSW_2018_IoT_Botnet_Final_10_Best,6q_5k,QVE,full,3,L3,qiskit_heavy,0.02,6,3,789,0,0.982,0.9826397984404726,0.9068635706321992,262.19523065909743,1.8413354649674147,264.03656612406485
UNSW_2018_IoT_Botnet_Final_10_Best,6q_5k,QVE,full,3,L3,qiskit_heavy,0.02,6,4,1024,1,0.9806666666666667,0.9814522065561171,0.9020132331077024,262.18109169299714,1.9681134996935725,264.1492051926907
UNSW_2018_IoT_Botnet_Final_10_Best,6q_5k,QVE,full,3,L3,qiskit_heavy,0.02,6,5,2048,2,0.98,0.9808375936161783,0.8990637859893547,265.05518698017113,0.9424331588670611,265.9976201390382
UNSW_2018_IoT_Botnet_Final_10_Best,6q_5k,QVE,full,3,L3,qiskit_heavy,0.02,6,6,3072,0,0.9786666666666667,0.9796127737209159,0.8932376281618732,262.4389011010062,0.16907422291114926,262.60797532391734
UNSW_2018_IoT_Botnet_Final_10_Best,6q_5k,QVE,full,3,L3,qiskit_heavy,0.02,6,7,4096,1,0.974,0.9753704672897195,0.8735748172677336,255.0043033421971,0.9845430608838797,255.98884640308097
UNSW_2018_IoT_Botnet_Final_10_Best,6q_5k,QVE,full,3,L3,qiskit_heavy,0.02,6,8,5120,2,0.9753333333333334,0.9765756655807045,0.8790808267590848,262.42296958877705,0.4532151189632714,262.8761847077403
UNSW_2018_IoT_Botnet_Final_10_Best,6q_5k,QVE,full,3,L3,qiskit_heavy,0.02,6,9,6144,0,0.9793333333333333,0.9802244548669369,0.8961386998730778,262.2029679468833,1.9220176266971976,264.1249855735805
UNSW_2018_IoT_Botnet_Final_10_Best,6q_5k,QVE,full,3,L3,qiskit_heavy,0.02,6,10,7168,1,0.9533333333333334,0.9573035974321056,0.7979534681318857,262.9608543498907,1.178882700856775,264.1397370507475
UNSW_2018_IoT_Botnet_Final_10_Best,6q_5k,QVE,full,3,L3,qiskit_heavy,0.02,6,11,8192,2,0.964,0.9664934099955772,0.8348667976791823,257.57336300681345,1.2117905640043318,258.7851535708178
UNSW_2018_IoT_Botnet_Final_10_Best,6q_5k,QVE,full,3,L3,qiskit_heavy,0.02,6,12,9216,0,0.974,0.9753094853418236,0.8720951240671022,252.0318509421777,1.1077721170149744,253.13962305919267
UNSW_2018_IoT_Botnet_Final_10_Best,6q_5k,QVE,full,3,L3,qiskit_heavy,0.02,6,13,10240,1,0.9706666666666667,0.9723805243445693,0.860180622122229,258.3727337520104,1.441168441902846,259.81390219391324
UNSW_2018_IoT_Botnet_Final_10_Best,6q_5k,QVE,full,3,L3,qiskit_heavy,0.02,6,14,11264,2,0.9773333333333334,0.9783385720784733,0.8861662127126435,261.0947380892467,0.706167064839974,261.80090515408665
UNSW_2018_IoT_Botnet_Final_10_Best,6q_5k,QVE,full,3,L3,qiskit_heavy,0.02,6,15,12288,0,0.9706666666666667,0.9723805243445693,0.860180622122229,257.20753306197,2.194783103885129,259.40231616585515
UNSW_2018_IoT_Botnet_Final_10_Best,6q_5k,QVE,full,3,L3,qiskit_heavy,0.02,6,16,13312,1,0.9813333333333333,0.9820683104814931,0.9049873948858053,263.33376461081207,1.1754697379656136,264.5092343487777
UNSW_2018_IoT_Botnet_Final_10_Best,6q_5k,QVE,full,3,L3,qiskit_heavy,0.02,6,17,14336,2,0.986,0.9864242413979541,0.9265298167372109,259.51041389186867,1.609346155077219,261.1197600469459
UNSW_2018_IoT_Botnet_Final_10_Best,6q_5k,QVE,full,3,L3,qiskit_heavy,0.02,6,18,15360,0,0.9713333333333334,0.972975936898892,0.8628182159238423,261.7613635440357,1.167546791024506,262.9289103350602
UNSW_2018_IoT_Botnet_Final_10_Best,6q_5k,QVE,full,3,L3,qiskit_heavy,0.02,6,19,16384,1,0.9746666666666667,0.9759723929210725,0.8763169362898494,262.71966390684247,1.124685259303078,263.84434916614555
UNSW_2018_IoT_Botnet_Final_10_Best,6q_5k,QVE,full,3,L3,qiskit_heavy,0.02,6,20,17408,2,0.974,0.9753704672897195,0.8735748172677336,259.7267774657812,1.9390527040231973,261.6658301698044
UNSW_2018_IoT_Botnet_Final_10_Best,6q_5k,QVE,full,3,L3,qiskit_heavy,0.02,6,21,18432,0,0.9726666666666667,0.974170597125405,0.8681547145384009,261.5588683639653,1.3205689303576946,262.879437294323
UNSW_2018_IoT_Botnet_Final_10_Best,6q_5k,QVE,full,3,L3,qiskit_heavy,0.02,6,22,19456,1,0.9646666666666667,0.9670768391681881,0.8373149682212777,261.5127522968687,1.01594403013587,262.5286963270046
UNSW_2018_IoT_Botnet_Final_10_Best,6q_5k,QVE,full,3,L3,qiskit_heavy,0.02,6,23,20480,2,0.964,0.9664934099955772,0.8348667976791823,261.57449825596996,1.0908637621905655,262.6653620181605
UNSW_2018_IoT_Botnet_Final_10_Best,6q_5k,QVE,full,3,L3,qiskit_heavy,0.02,6,24,21504,0,0.972,0.9735726230465898,0.8654761552367087,261.24267999012955,1.5699999360367656,262.8126799261663
UNSW_2018_IoT_Botnet_Final_10_Best,6q_5k,QVE,full,3,L3,qiskit_heavy,0.02,6,25,22528,1,0.9726666666666667,0.974170597125405,0.8681547145384009,261.4046135689132,1.2637203459162265,262.6683339148294
UNSW_2018_IoT_Botnet_Final_10_Best,6q_5k,QVE,full,3,L3,qiskit_heavy,0.02,6,26,23552,2,0.9673333333333334,0.9694220753642668,0.8472885793074918,260.8820377991069,1.4218062269501388,262.30384402605705
UNSW_2018_IoT_Botnet_Final_10_Best,6q_5k,QVE,full,3,L3,qiskit_heavy,0.02,6,27,24576,0,0.9826666666666667,0.9832603109885278,0.9099214646233007,251.40238148788922,1.6099485259037465,253.01233001379296
UNSW_2018_IoT_Botnet_Final_10_Best,6q_5k,QVE,full,3,L3,qiskit_heavy,0.02,6,28,25600,1,0.9773333333333334,0.9783937189054728,0.8875061757928756,259.69804307073355,2.0573313280474395,261.755374398781
UNSW_2018_IoT_Botnet_Final_10_Best,6q_5k,QVE,full,3,L3,qiskit_heavy,0.02,6,29,26624,2,0.974,0.9753704672897195,0.8735748172677336,261.3438622239046,0.6544369640760124,261.9982991879806
UNSW_2018_IoT_Botnet_Final_10_Best,6q_5k,QVE,full,3,L3,qiskit_heavy,0.05,6,0,42,0,0.9606666666666667,0.9635929146537842,0.8228861568930412,256.8701633948367,1.7923033419065177,258.6624667367432
UNSW_2018_IoT_Botnet_Final_10_Best,6q_5k,QVE,full,3,L3,qiskit_heavy,0.05,6,1,123,1,0.9706666666666667,0.9723805243445693,0.860180622122229,261.74029119103216,1.120988320093602,262.86127951112576
UNSW_2018_IoT_Botnet_Final_10_Best,6q_5k,QVE,full,3,L3,qiskit_heavy,0.05,6,2,456,2,0.9653333333333334,0.9676614074630603,0.8397810010341166,258.98334164218977,1.5128642111085355,260.4962058532983
UNSW_2018_IoT_Botnet_Final_10_Best,6q_5k,QVE,full,3,L3,qiskit_heavy,0.05,6,3,789,0,0.968,0.9700113291796003,0.8498283884218152,262.74376316391863,0.8138188899029046,263.55758205382153
UNSW_2018_IoT_Botnet_Final_10_Best,6q_5k,QVE,full,3,L3,qiskit_heavy,0.05,6,4,1024,1,0.9726666666666667,0.974170597125405,0.8681547145384009,259.26680223084986,1.2435935540124774,260.51039578486234
UNSW_2018_IoT_Botnet_Final_10_Best,6q_5k,QVE,full,3,L3,qiskit_heavy,0.05,6,5,2048,2,0.9733333333333334,0.9747698736450222,0.8708541735305776,261.6137717650272,2.1709973600227386,263.78476912504993
UNSW_2018_IoT_Botnet_Final_10_Best,6q_5k,QVE,full,3,L3,qiskit_heavy,0.05,6,6,3072,0,0.964,0.9664934099955772,0.8348667976791823,253.46009910618886,2.0905395429581404,255.550638649147
UNSW_2018_IoT_Botnet_Final_10_Best,6q_5k,QVE,full,3,L3,qiskit_heavy,0.05,6,7,4096,1,0.962,0.964749831843055,0.8276272340943059,261.1101358309388,1.38404676807113,262.49418259900995
UNSW_2018_IoT_Botnet_Final_10_Best,6q_5k,QVE,full,3,L3,qiskit_heavy,0.05,6,8,5120,2,0.9693333333333334,0.9711934635092093,0.854965398516658,260.6384423119016,1.4639279460534453,262.10237025795504
UNSW_2018_IoT_Botnet_Final_10_Best,6q_5k,QVE,full,3,L3,qiskit_heavy,0.05,6,9,6144,0,0.9686666666666667,0.9706017873891889,0.8523872447712222,263.44877583696507,1.0828814778942615,264.53165731485933
UNSW_2018_IoT_Botnet_Final_10_Best,6q_5k,QVE,full,3,L3,qiskit_heavy,0.05,6,10,7168,1,0.94,0.9461518876491957,0.7569870358311511,259.45676221791655,2.7257644808851182,262.18252669880167
UNSW_2018_IoT_Botnet_Final_10_Best,6q_5k,QVE,full,3,L3,qiskit_heavy,0.05,6,11,8192,2,0.9466666666666667,0.9516855247270872,0.7768212764578885,260.0227414399851,1.7994285612367094,261.8221700012218
UNSW_2018_IoT_Botnet_Final_10_Best,6q_5k,QVE,full,3,L3,qiskit_heavy,0.05,6,12,9216,0,0.9693333333333334,0.9711250936329587,0.853308669602332,240.37856457172893,1.4708562940359116,241.84942086576484
UNSW_2018_IoT_Botnet_Final_10_Best,6q_5k,QVE,full,3,L3,qiskit_heavy,0.05,6,13,10240,1,0.9506666666666667,0.9550456228956229,0.7893353559208621,260.8133143649902,0.97566993907094,261.78898430406116
UNSW_2018_IoT_Botnet_Final_10_Best,6q_5k,QVE,full,3,L3,qiskit_heavy,0.05,6,14,11264,2,0.9646666666666667,0.9670768391681881,0.8373149682212777,260.7346202649642,1.3163777419831604,262.05099800694734
UNSW_2018_IoT_Botnet_Final_10_Best,6q_5k,QVE,full,3,L3,qiskit_heavy,0.05,6,15,12288,0,0.962,0.964749831843055,0.8276272340943059,252.83739684009925,1.0339437511283904,253.87134059122764
UNSW_2018_IoT_Botnet_Final_10_Best,6q_5k,QVE,full,3,L3,qiskit_heavy,0.05,6,16,13312,1,0.9686666666666667,0.9706017873891889,0.8523872447712222,258.04900402389467,1.637349708005786,259.68635373190045
UNSW_2018_IoT_Botnet_Final_10_Best,6q_5k,QVE,full,3,L3,qiskit_heavy,0.05,6,17,14336,2,0.9793333333333333,0.9802244548669369,0.8961386998730778,260.2325304951519,1.1891778269782662,261.42170832213014
UNSW_2018_IoT_Botnet_Final_10_Best,6q_5k,QVE,full,3,L3,qiskit_heavy,0.05,6,18,15360,0,0.958,0.961291773985921,0.8136012794650614,259.0924682030454,1.2658888078294694,260.3583570108749
UNSW_2018_IoT_Botnet_Final_10_Best,6q_5k,QVE,full,3,L3,qiskit_heavy,0.05,6,19,16384,1,0.9666666666666667,0.9688340125840126,0.844767571793651,261.7078160471283,0.5614290598314255,262.2692451069597
UNSW_2018_IoT_Botnet_Final_10_Best,6q_5k,QVE,full,3,L3,qiskit_heavy,0.05,6,20,17408,2,0.966,0.9682471276343251,0.8422651246671065,255.6064876599703,2.341634189011529,257.9481218489818
UNSW_2018_IoT_Botnet_Final_10_Best,6q_5k,QVE,full,3,L3,qiskit_heavy,0.05,6,21,18432,0,0.9593333333333334,0.9624402599344697,0.8182113732499802,263.3013667680789,0.8718447810970247,264.1732115491759
UNSW_2018_IoT_Botnet_Final_10_Best,6q_5k,QVE,full,3,L3,qiskit_heavy,0.05,6,22,19456,1,0.954,0.9578704225352114,0.8001438949578453,256.4523749651853,2.5601447981316596,259.01251976331696
UNSW_2018_IoT_Botnet_Final_10_Best,6q_5k,QVE,full,3,L3,qiskit_heavy,0.05,6,23,20480,2,0.9466666666666667,0.9516855247270872,0.7768212764578885,260.1584907558281,1.3076403548475355,261.46613111067563
UNSW_2018_IoT_Botnet_Final_10_Best,6q_5k,QVE,full,3,L3,qiskit_heavy,0.05,6,24,21504,0,0.9633333333333334,0.9659111073368193,0.8324362648887544,263.4951816708781,0.9895404512062669,264.48472212208435
UNSW_2018_IoT_Botnet_Final_10_Best,6q_5k,QVE,full,3,L3,qiskit_heavy,0.05,6,25,22528,1,0.9566666666666667,0.9601473651832276,0.8090543257344857,257.10071212705225,2.245259934803471,259.3459720618557
UNSW_2018_IoT_Botnet_Final_10_Best,6q_5k,QVE,full,3,L3,qiskit_heavy,0.05,6,26,23552,2,0.95,0.9544834094170229,0.7872159061683279,261.0774317730684,2.029191831825301,263.1066236048937
UNSW_2018_IoT_Botnet_Final_10_Best,6q_5k,QVE,full,3,L3,qiskit_heavy,0.05,6,27,24576,0,0.9766666666666667,0.9777299600852316,0.8833062711812679,260.7549352722708,1.6512660479638726,262.4062013202347
UNSW_2018_IoT_Botnet_Final_10_Best,6q_5k,QVE,full,3,L3,qiskit_heavy,0.05,6,28,25600,1,0.968,0.9700113291796003,0.8498283884218152,259.40463333413936,1.5360569381155074,260.94069027225487
UNSW_2018_IoT_Botnet_Final_10_Best,6q_5k,QVE,full,3,L3,qiskit_heavy,0.05,6,29,26624,2,0.96,0.963016060390903,0.8205405798991164,261.1539398350287,0.9934007399715483,262.14734057500027
UNSW_2018_IoT_Botnet_Final_10_Best,6q_5k,QWE,full,0,L0,baseline_unoptimized,0.0,6,0,42,0,0.9966666666666667,0.9966400755284308,0.9805571131969575,797.6286194070708,4.755942389834672,802.3845617969055
UNSW_2018_IoT_Botnet_Final_10_Best,6q_5k,QWE,full,0,L0,baseline_unoptimized,0.0,6,1,123,1,0.996,0.996,0.976810219993713,825.3349171509035,5.025386505993083,830.3603036568966
UNSW_2018_IoT_Botnet_Final_10_Best,6q_5k,QWE,full,0,L0,baseline_unoptimized,0.0,6,2,456,2,0.9973333333333333,0.9973163830309103,0.9844649139608554,824.8111688317731,5.303051230264828,830.1142200620379
UNSW_2018_IoT_Botnet_Final_10_Best,6q_5k,QWE,full,0,L0,baseline_unoptimized,0.0,6,3,789,0,0.998,0.997990503452285,0.9883629768056863,814.792694845004,5.647737572202459,820.4404324172065
UNSW_2018_IoT_Botnet_Final_10_Best,6q_5k,QWE,full,0,L0,baseline_unoptimized,0.0,6,4,1024,1,0.9953333333333333,0.995340603358116,0.9730368435381365,781.6850216798484,5.509187699761242,787.1942093796097
UNSW_2018_IoT_Botnet_Final_10_Best,6q_5k,QWE,full,0,L0,baseline_unoptimized,0.0,6,5,2048,2,0.9926666666666667,0.9926081661625477,0.9569943361344565,815.9069319961127,5.547742653172463,821.4546746492852
UNSW_2018_IoT_Botnet_Final_10_Best,6q_5k,QWE,full,0,L0,baseline_unoptimized,0.0,6,6,3072,0,0.996,0.9959615546218488,0.9766394448969591,816.3798524809536,6.025375091936439,822.40522757289
UNSW_2018_IoT_Botnet_Final_10_Best,6q_5k,QWE,full,0,L0,baseline_unoptimized,0.0,6,7,4096,1,0.992,0.9918424257354161,0.952918654507307,792.3822153131478,5.256745882099494,797.6389611952472
UNSW_2018_IoT_Botnet_Final_10_Best,6q_5k,QWE,full,0,L0,baseline_unoptimized,0.0,6,8,5120,2,0.9953333333333333,0.9952807936150397,0.9727117770954385,816.9693296556361,5.054321141913533,822.0236507975496
UNSW_2018_IoT_Botnet_Final_10_Best,6q_5k,QWE,full,0,L0,baseline_unoptimized,0.0,6,9,6144,0,0.9973333333333333,0.9973163830309103,0.9844649139608554,787.6962733792607,5.707569933263585,793.4038433125243
UNSW_2018_IoT_Botnet_Final_10_Best,6q_5k,QWE,full,0,L0,baseline_unoptimized,0.0,6,10,7168,1,0.9993333333333333,0.9993343719083023,0.9961544826870722,816.5069607638288,6.10765003785491,822.6146108016837
UNSW_2018_IoT_Botnet_Final_10_Best,6q_5k,QWE,full,0,L0,baseline_unoptimized,0.0,6,11,8192,2,0.9953333333333333,0.9952807936150397,0.9727117770954385,818.3268031741027,5.588848518906161,823.9156516930088
UNSW_2018_IoT_Botnet_Final_10_Best,6q_5k,QWE,full,0,L0,baseline_unoptimized,0.0,6,12,9216,0,0.9946666666666667,0.9945977654320335,0.9687739754174306,821.9167997962795,5.205038930987939,827.1218387272675
UNSW_2018_IoT_Botnet_Final_10_Best,6q_5k,QWE,full,0,L0,baseline_unoptimized,0.0,6,13,10240,1,0.9966666666666667,0.9966400755284308,0.9805571131969575,792.76532115601,5.126111747464165,797.8914329034742
UNSW_2018_IoT_Botnet_Final_10_Best,6q_5k,QWE,full,0,L0,baseline_unoptimized,0.0,6,14,11264,2,0.9946666666666667,0.9946995122365017,0.9695754135797602,822.7418799942825,5.799455957021564,828.5413359513041
UNSW_2018_IoT_Botnet_Final_10_Best,6q_5k,QWE,full,0,L0,baseline_unoptimized,0.0,6,15,12288,0,0.996,0.9959615546218488,0.9766394448969591,780.6950014932081,5.531074001220986,786.2260754944291
UNSW_2018_IoT_Botnet_Final_10_Best,6q_5k,QWE,full,0,L0,baseline_unoptimized,0.0,6,16,13312,1,0.9953333333333333,0.9952961057398029,0.9727028541761238,813.7322274269536,5.630961643764749,819.3631890707184
UNSW_2018_IoT_Botnet_Final_10_Best,6q_5k,QWE,full,0,L0,baseline_unoptimized,0.0,6,17,14336,2,0.9933333333333333,0.9932247972929835,0.9608674205030172,814.0491593158804,5.188211238011718,819.2373705538921
UNSW_2018_IoT_Botnet_Final_10_Best,6q_5k,QWE,full,0,L0,baseline_unoptimized,0.0,6,18,15360,0,0.9986666666666667,0.9986624627490026,0.99225142905928,812.2300489703193,4.900182742858306,817.1302317131776
UNSW_2018_IoT_Botnet_Final_10_Best,6q_5k,QWE,full,0,L0,baseline_unoptimized,0.0,6,19,16384,1,0.996,0.9959615546218488,0.9766394448969591,790.7296676512342,4.780147434910759,795.509815086145
UNSW_2018_IoT_Botnet_Final_10_Best,6q_5k,QWE,full,0,L0,baseline_unoptimized,0.0,6,20,17408,2,0.9953333333333333,0.9952807936150397,0.9727117770954385,812.4971314847935,4.807515434920788,817.3046469197143
UNSW_2018_IoT_Botnet_Final_10_Best,6q_5k,QWE,full,0,L0,baseline_unoptimized,0.0,6,21,18432,0,0.9973333333333333,0.9973163830309103,0.9844649139608554,789.4431736043189,5.172643566969782,794.6158171712887
UNSW_2018_IoT_Botnet_Final_10_Best,6q_5k,QWE,full,0,L0,baseline_unoptimized,0.0,6,22,19456,1,0.9973333333333333,0.9973163830309103,0.9844649139608554,818.3218151498586,5.4485598059836775,823.7703749558423
UNSW_2018_IoT_Botnet_Final_10_Best,6q_5k,QWE,full,0,L0,baseline_unoptimized,0.0,6,23,20480,2,0.9986666666666667,0.9986624627490026,0.99225142905928,818.3822895218618,5.020219018217176,823.402508540079
UNSW_2018_IoT_Botnet_Final_10_Best,6q_5k,QWE,full,0,L0,baseline_unoptimized,0.0,6,24,21504,0,0.996,0.9959615546218488,0.9766394448969591,824.6253263410181,5.102782093919814,829.7281084349379
UNSW_2018_IoT_Botnet_Final_10_Best,6q_5k,QWE,full,0,L0,baseline_unoptimized,0.0,6,25,22528,1,0.9966666666666667,0.9966400755284308,0.9805571131969575,823.9684649319388,5.156789543107152,829.125254475046
UNSW_2018_IoT_Botnet_Final_10_Best,6q_5k,QWE,full,0,L0,baseline_unoptimized,0.0,6,26,23552,2,0.9986666666666667,0.9986624627490026,0.99225142905928,795.8304741126485,5.1503573504742235,800.9808314631227
UNSW_2018_IoT_Botnet_Final_10_Best,6q_5k,QWE,full,0,L0,baseline_unoptimized,0.0,6,27,24576,0,0.9946666666666667,0.9946327660618205,0.9688072542805272,825.7514975259546,5.723984272917733,831.4754817988724
UNSW_2018_IoT_Botnet_Final_10_Best,6q_5k,QWE,full,0,L0,baseline_unoptimized,0.0,6,28,25600,1,0.996,0.9959615546218488,0.9766394448969591,795.3939378333744,5.534378917189315,800.9283167505637
UNSW_2018_IoT_Botnet_Final_10_Best,6q_5k,QWE,full,0,L0,baseline_unoptimized,0.0,6,29,26624,2,0.998,0.997990503452285,0.9883629768056863,826.4251104060095,5.508592623984441,831.9337030299939
UNSW_2018_IoT_Botnet_Final_10_Best,6q_5k,QWE,full,0,L0,baseline_unoptimized,0.0003,6,0,42,0,0.9966666666666667,0.9966400755284308,0.9805571131969575,605.4317235609051,4.83101848885417,610.2627420497593
UNSW_2018_IoT_Botnet_Final_10_Best,6q_5k,QWE,full,0,L0,baseline_unoptimized,0.0003,6,1,123,1,0.996,0.996,0.976810219993713,609.4876144798473,3.9969560257159173,613.4845705055632
UNSW_2018_IoT_Botnet_Final_10_Best,6q_5k,QWE,full,0,L0,baseline_unoptimized,0.0003,6,2,456,2,0.9973333333333333,0.9973163830309103,0.9844649139608554,611.2984250059817,4.213142569875345,615.511567575857
UNSW_2018_IoT_Botnet_Final_10_Best,6q_5k,QWE,full,0,L0,baseline_unoptimized,0.0003,6,3,789,0,0.998,0.997990503452285,0.9883629768056863,609.9982704401482,3.612185993930325,613.6104564340785
UNSW_2018_IoT_Botnet_Final_10_Best,6q_5k,QWE,full,0,L0,baseline_unoptimized,0.0003,6,4,1024,1,0.9946666666666667,0.9946832186168468,0.9693011272631611,603.0167669407092,5.35389159549959,608.3706585362088
UNSW_2018_IoT_Botnet_Final_10_Best,6q_5k,QWE,full,0,L0,baseline_unoptimized,0.0003,6,5,2048,2,0.9926666666666667,0.9926081661625477,0.9569943361344565,579.4110387642868,4.913477631285787,584.3245163955726
UNSW_2018_IoT_Botnet_Final_10_Best,6q_5k,QWE,full,0,L0,baseline_unoptimized,0.0003,6,6,3072,0,0.996,0.9959615546218488,0.9766394448969591,617.9150083609857,3.870426635025069,621.7854349960107
UNSW_2018_IoT_Botnet_Final_10_Best,6q_5k,QWE,full,0,L0,baseline_unoptimized,0.0003,6,7,4096,1,0.9926666666666667,0.9925348012232417,0.9568983858893686,610.9184150951914,4.034715513931587,614.953130609123
UNSW_2018_IoT_Botnet_Final_10_Best,6q_5k,QWE,full,0,L0,baseline_unoptimized,0.0003,6,8,5120,2,0.9953333333333333,0.9952807936150397,0.9727117770954385,613.1289128351491,4.865234482102096,617.9941473172512
UNSW_2018_IoT_Botnet_Final_10_Best,6q_5k,QWE,full,0,L0,baseline_unoptimized,0.0003,6,9,6144,0,0.9973333333333333,0.9973163830309103,0.9844649139608554,611.3153003181797,3.7052125059999526,615.0205128241796
UNSW_2018_IoT_Botnet_Final_10_Best,6q_5k,QWE,full,0,L0,baseline_unoptimized,0.0003,6,10,7168,1,0.9993333333333333,0.9993343719083023,0.9961544826870722,612.3908811311703,4.560366160003468,616.9512472911738
UNSW_2018_IoT_Botnet_Final_10_Best,6q_5k,QWE,full,0,L0,baseline_unoptimized,0.0003,6,11,8192,2,0.9953333333333333,0.9952807936150397,0.9727117770954385,581.2491173399612,5.244950304040685,586.4940676440019
UNSW_2018_IoT_Botnet_Final_10_Best,6q_5k,QWE,full,0,L0,baseline_unoptimized,0.0003,6,12,9216,0,0.994,0.9939124426101495,0.9648259030152229,604.1543633139227,6.537255074828863,610.6916183887515
UNSW_2018_IoT_Botnet_Final_10_Best,6q_5k,QWE,full,0,L0,baseline_unoptimized,0.0003,6,13,10240,1,0.9966666666666667,0.9966400755284308,0.9805571131969575,612.0073613731656,3.9899361203424633,615.9972974935081
UNSW_2018_IoT_Botnet_Final_10_Best,6q_5k,QWE,full,0,L0,baseline_unoptimized,0.0003,6,14,11264,2,0.9946666666666667,0.9946995122365017,0.9695754135797602,611.6732854819857,4.026659348746762,615.6999448307324
UNSW_2018_IoT_Botnet_Final_10_Best,6q_5k,QWE,full,0,L0,baseline_unoptimized,0.0003,6,15,12288,0,0.996,0.9959615546218488,0.9766394448969591,591.6798188507091,4.036710527958348,595.7165293786675
UNSW_2018_IoT_Botnet_Final_10_Best,6q_5k,QWE,full,0,L0,baseline_unoptimized,0.0003,6,16,13312,1,0.9953333333333333,0.9952961057398029,0.9727028541761238,583.698518281104,5.796901645837352,589.4954199269414
UNSW_2018_IoT_Botnet_Final_10_Best,6q_5k,QWE,full,0,L0,baseline_unoptimized,0.0003,6,17,14336,2,0.9933333333333333,0.9932247972929835,0.9608674205030172,608.1493932299782,3.5931233989540488,611.7425166289322
UNSW_2018_IoT_Botnet_Final_10_Best,6q_5k,QWE,full,0,L0,baseline_unoptimized,0.0003,6,18,15360,0,0.9986666666666667,0.9986624627490026,0.99225142905928,606.3176751001738,4.851946028182283,611.1696211283561
UNSW_2018_IoT_Botnet_Final_10_Best,6q_5k,QWE,full,0,L0,baseline_unoptimized,0.0003,6,19,16384,1,0.996,0.9959615546218488,0.9766394448969591,609.7988160362002,4.061994880670682,613.8608109168708
UNSW_2018_IoT_Botnet_Final_10_Best,6q_5k,QWE,full,0,L0,baseline_unoptimized,0.0003,6,20,17408,2,0.9953333333333333,0.9952807936150397,0.9727117770954385,574.268572558416,5.708150167018175,579.9767227254342
UNSW_2018_IoT_Botnet_Final_10_Best,6q_5k,QWE,full,0,L0,baseline_unoptimized,0.0003,6,21,18432,0,0.998,0.997990503452285,0.9883629768056863,572.9039884069934,5.785749181173742,578.6897375881672
UNSW_2018_IoT_Botnet_Final_10_Best,6q_5k,QWE,full,0,L0,baseline_unoptimized,0.0003,6,22,19456,1,0.9973333333333333,0.9973163830309103,0.9844649139608554,608.0737894219346,5.101209840970114,613.1749992629047
UNSW_2018_IoT_Botnet_Final_10_Best,6q_5k,QWE,full,0,L0,baseline_unoptimized,0.0003,6,23,20480,2,0.9986666666666667,0.9986624627490026,0.99225142905928,611.8779260630254,3.512140790000558,615.3900668530259
UNSW_2018_IoT_Botnet_Final_10_Best,6q_5k,QWE,full,0,L0,baseline_unoptimized,0.0003,6,24,21504,0,0.996,0.9959615546218488,0.9766394448969591,593.2019793230575,3.38759645097889,596.5895757740363
UNSW_2018_IoT_Botnet_Final_10_Best,6q_5k,QWE,full,0,L0,baseline_unoptimized,0.0003,6,25,22528,1,0.9973333333333333,0.9973163830309103,0.9844649139608554,534.4507673499174,4.824442418059334,539.2752097679768
UNSW_2018_IoT_Botnet_Final_10_Best,6q_5k,QWE,full,0,L0,baseline_unoptimized,0.0003,6,26,23552,2,0.9986666666666667,0.9986624627490026,0.99225142905928,606.3076059459709,3.4635788511950523,609.7711847971659
UNSW_2018_IoT_Botnet_Final_10_Best,6q_5k,QWE,full,0,L0,baseline_unoptimized,0.0003,6,27,24576,0,0.9946666666666667,0.9946327660618205,0.9688072542805272,612.0508224957157,3.570664041908458,615.6214865376242
UNSW_2018_IoT_Botnet_Final_10_Best,6q_5k,QWE,full,0,L0,baseline_unoptimized,0.0003,6,28,25600,1,0.996,0.9959615546218488,0.9766394448969591,602.5721337380819,4.652968503069133,607.225102241151
UNSW_2018_IoT_Botnet_Final_10_Best,6q_5k,QWE,full,0,L0,baseline_unoptimized,0.0003,6,29,26624,2,0.998,0.997990503452285,0.9883629768056863,581.1573068711441,4.064137291163206,585.2214441623073
UNSW_2018_IoT_Botnet_Final_10_Best,6q_5k,QWE,full,0,L0,baseline_unoptimized,0.0005,6,0,42,0,0.9966666666666667,0.9966400755284308,0.9805571131969575,614.2158810507972,3.737913048127666,617.9537940989248
UNSW_2018_IoT_Botnet_Final_10_Best,6q_5k,QWE,full,0,L0,baseline_unoptimized,0.0005,6,1,123,1,0.996,0.996,0.976810219993713,600.3134826063178,4.78983835503459,605.1033209613524
UNSW_2018_IoT_Botnet_Final_10_Best,6q_5k,QWE,full,0,L0,baseline_unoptimized,0.0005,6,2,456,2,0.9973333333333333,0.9973163830309103,0.9844649139608554,610.8543906358536,4.3202638912480325,615.1746545271017
UNSW_2018_IoT_Botnet_Final_10_Best,6q_5k,QWE,full,0,L0,baseline_unoptimized,0.0005,6,3,789,0,0.998,0.997990503452285,0.9883629768056863,611.1393596411217,4.2627491960301995,615.4021088371519
UNSW_2018_IoT_Botnet_Final_10_Best,6q_5k,QWE,full,0,L0,baseline_unoptimized,0.0005,6,4,1024,1,0.9946666666666667,0.9946832186168468,0.9693011272631611,605.868202422047,4.306189450901002,610.174391872948
UNSW_2018_IoT_Botnet_Final_10_Best,6q_5k,QWE,full,0,L0,baseline_unoptimized,0.0005,6,5,2048,2,0.9926666666666667,0.9926081661625477,0.9569943361344565,568.6202475340106,5.532900761114433,574.153148295125
UNSW_2018_IoT_Botnet_Final_10_Best,6q_5k,QWE,full,0,L0,baseline_unoptimized,0.0005,6,6,3072,0,0.996,0.9959615546218488,0.9766394448969591,600.2115230681375,5.0279563260264695,605.2394793941639
UNSW_2018_IoT_Botnet_Final_10_Best,6q_5k,QWE,full,0,L0,baseline_unoptimized,0.0005,6,7,4096,1,0.9933333333333333,0.9932247972929835,0.9608674205030172,610.8478934466839,2.911676688119769,613.7595701348037
UNSW_2018_IoT_Botnet_Final_10_Best,6q_5k,QWE,full,0,L0,baseline_unoptimized,0.0005,6,8,5120,2,0.9953333333333333,0.9952807936150397,0.9727117770954385,609.2491924189962,4.643346466356888,613.8925388853531
UNSW_2018_IoT_Botnet_Final_10_Best,6q_5k,QWE,full,0,L0,baseline_unoptimized,0.0005,6,9,6144,0,0.9973333333333333,0.9973163830309103,0.9844649139608554,591.0099720014259,5.447826873045415,596.4577988744713
UNSW_2018_IoT_Botnet_Final_10_Best,6q_5k,QWE,full,0,L0,baseline_unoptimized,0.0005,6,10,7168,1,0.9993333333333333,0.9993343719083023,0.9961544826870722,605.4080369197764,5.044639207655564,610.4526761274319
UNSW_2018_IoT_Botnet_Final_10_Best,6q_5k,QWE,full,0,L0,baseline_unoptimized,0.0005,6,11,8192,2,0.9953333333333333,0.9952807936150397,0.9727117770954385,605.3386861870531,4.786408160813153,610.1250943478663
UNSW_2018_IoT_Botnet_Final_10_Best,6q_5k,QWE,full,0,L0,baseline_unoptimized,0.0005,6,12,9216,0,0.994,0.9939124426101495,0.9648259030152229,614.675747715868,3.8508700472302735,618.5266177630983
UNSW_2018_IoT_Botnet_Final_10_Best,6q_5k,QWE,full,0,L0,baseline_unoptimized,0.0005,6,13,10240,1,0.9966666666666667,0.9966400755284308,0.9805571131969575,611.861734460108,4.353323673130944,616.2150581332389
UNSW_2018_IoT_Botnet_Final_10_Best,6q_5k,QWE,full,0,L0,baseline_unoptimized,0.0005,6,14,11264,2,0.9946666666666667,0.9946995122365017,0.9695754135797602,600.9390763149131,4.190155163174495,605.1292314780876
UNSW_2018_IoT_Botnet_Final_10_Best,6q_5k,QWE,full,0,L0,baseline_unoptimized,0.0005,6,15,12288,0,0.996,0.9959615546218488,0.9766394448969591,577.4574748119339,4.540595646714792,581.9980704586487
UNSW_2018_IoT_Botnet_Final_10_Best,6q_5k,QWE,full,0,L0,baseline_unoptimized,0.0005,6,16,13312,1,0.9953333333333333,0.9952961057398029,0.9727028541761238,605.3133152020164,4.170167642645538,609.4834828446619
UNSW_2018_IoT_Botnet_Final_10_Best,6q_5k,QWE,full,0,L0,baseline_unoptimized,0.0005,6,17,14336,2,0.9933333333333333,0.9932247972929835,0.9608674205030172,613.2053905676585,3.7154226191341877,616.9208131867927
UNSW_2018_IoT_Botnet_Final_10_Best,6q_5k,QWE,full,0,L0,baseline_unoptimized,0.0005,6,18,15360,0,0.9986666666666667,0.9986624627490026,0.99225142905928,607.7324399848003,5.458986562443897,613.1914265472442
UNSW_2018_IoT_Botnet_Final_10_Best,6q_5k,QWE,full,0,L0,baseline_unoptimized,0.0005,6,19,16384,1,0.996,0.9959615546218488,0.9766394448969591,612.9227197766304,2.4414481068961322,615.3641678835265
UNSW_2018_IoT_Botnet_Final_10_Best,6q_5k,QWE,full,0,L0,baseline_unoptimized,0.0005,6,20,17408,2,0.9953333333333333,0.9952807936150397,0.9727117770954385,601.1520282130223,5.203928516246378,606.3559567292687
UNSW_2018_IoT_Botnet_Final_10_Best,6q_5k,QWE,full,0,L0,baseline_unoptimized,0.0005,6,21,18432,0,0.998,0.997990503452285,0.9883629768056863,611.4757061491255,3.7322636239696294,615.2079697730951
UNSW_2018_IoT_Botnet_Final_10_Best,6q_5k,QWE,full,0,L0,baseline_unoptimized,0.0005,6,22,19456,1,0.9973333333333333,0.9973163830309103,0.9844649139608554,606.5550093068741,4.972462328383699,611.5274716352578
UNSW_2018_IoT_Botnet_Final_10_Best,6q_5k,QWE,full,0,L0,baseline_unoptimized,0.0005,6,23,20480,2,0.9986666666666667,0.9986624627490026,0.99225142905928,589.1144226470497,4.4429365990217775,593.5573592460714
UNSW_2018_IoT_Botnet_Final_10_Best,6q_5k,QWE,full,0,L0,baseline_unoptimized,0.0005,6,24,21504,0,0.9966666666666667,0.9966400755284308,0.9805571131969575,596.9391454602592,2.877748412080109,599.8168938723393
UNSW_2018_IoT_Botnet_Final_10_Best,6q_5k,QWE,full,0,L0,baseline_unoptimized,0.0005,6,25,22528,1,0.9973333333333333,0.9973163830309103,0.9844649139608554,614.9483735649846,2.1863362381700426,617.1347098031547
UNSW_2018_IoT_Botnet_Final_10_Best,6q_5k,QWE,full,0,L0,baseline_unoptimized,0.0005,6,26,23552,2,0.9986666666666667,0.9986624627490026,0.99225142905928,604.4362751340959,2.8883638908155262,607.3246390249114
UNSW_2018_IoT_Botnet_Final_10_Best,6q_5k,QWE,full,0,L0,baseline_unoptimized,0.0005,6,27,24576,0,0.9946666666666667,0.9946327660618205,0.9688072542805272,565.6082710016053,5.101139865117148,570.7094108667225
UNSW_2018_IoT_Botnet_Final_10_Best,6q_5k,QWE,full,0,L0,baseline_unoptimized,0.0005,6,28,25600,1,0.996,0.9959615546218488,0.9766394448969591,608.2347924641799,3.6590216474141926,611.8938141115941
UNSW_2018_IoT_Botnet_Final_10_Best,6q_5k,QWE,full,0,L0,baseline_unoptimized,0.0005,6,29,26624,2,0.998,0.997990503452285,0.9883629768056863,600.0625322270207,4.851902773138136,604.9144350001588
UNSW_2018_IoT_Botnet_Final_10_Best,6q_5k,QWE,full,0,L0,baseline_unoptimized,0.001,6,0,42,0,0.9966666666666667,0.9966400755284308,0.9805571131969575,603.239421104081,5.0423493697308,608.2817704738118
UNSW_2018_IoT_Botnet_Final_10_Best,6q_5k,QWE,full,0,L0,baseline_unoptimized,0.001,6,1,123,1,0.996,0.996,0.976810219993713,593.7261303949635,3.2869249598588794,597.0130553548224
UNSW_2018_IoT_Botnet_Final_10_Best,6q_5k,QWE,full,0,L0,baseline_unoptimized,0.001,6,2,456,2,0.9973333333333333,0.9973163830309103,0.9844649139608554,611.8521619921084,3.279279223177582,615.131441215286
UNSW_2018_IoT_Botnet_Final_10_Best,6q_5k,QWE,full,0,L0,baseline_unoptimized,0.001,6,3,789,0,0.998,0.997990503452285,0.9883629768056863,595.1518754558638,3.5312146281357855,598.6830900839996
UNSW_2018_IoT_Botnet_Final_10_Best,6q_5k,QWE,full,0,L0,baseline_unoptimized,0.001,6,4,1024,1,0.9946666666666667,0.9946832186168468,0.9693011272631611,612.2948069008999,3.764164633350447,616.0589715342503
UNSW_2018_IoT_Botnet_Final_10_Best,6q_5k,QWE,full,0,L0,baseline_unoptimized,0.001,6,5,2048,2,0.9926666666666667,0.9926081661625477,0.9569943361344565,602.889883171767,4.482218311866745,607.3721014836337
UNSW_2018_IoT_Botnet_Final_10_Best,6q_5k,QWE,full,0,L0,baseline_unoptimized,0.001,6,6,3072,0,0.996,0.9959615546218488,0.9766394448969591,599.7295194920152,4.816426042700186,604.5459455347154
UNSW_2018_IoT_Botnet_Final_10_Best,6q_5k,QWE,full,0,L0,baseline_unoptimized,0.001,6,7,4096,1,0.9933333333333333,0.9932247972929835,0.9608674205030172,578.2496407122817,5.953700557351112,584.2033412696328
UNSW_2018_IoT_Botnet_Final_10_Best,6q_5k,QWE,full,0,L0,baseline_unoptimized,0.001,6,8,5120,2,0.9953333333333333,0.9952807936150397,0.9727117770954385,606.5648762872443,3.6084678552579135,610.1733441425022
UNSW_2018_IoT_Botnet_Final_10_Best,6q_5k,QWE,full,0,L0,baseline_unoptimized,0.001,6,9,6144,0,0.9973333333333333,0.9973163830309103,0.9844649139608554,598.7414776349906,3.986371546983719,602.7278491819743
UNSW_2018_IoT_Botnet_Final_10_Best,6q_5k,QWE,full,0,L0,baseline_unoptimized,0.001,6,10,7168,1,0.9993333333333333,0.9993343719083023,0.9961544826870722,603.1182710558642,3.8347115591168404,606.952982614981
UNSW_2018_IoT_Botnet_Final_10_Best,6q_5k,QWE,full,0,L0,baseline_unoptimized,0.001,6,11,8192,2,0.9953333333333333,0.9952807936150397,0.9727117770954385,608.2637600759044,5.279353728052229,613.5431138039567
UNSW_2018_IoT_Botnet_Final_10_Best,6q_5k,QWE,full,0,L0,baseline_unoptimized,0.001,6,12,9216,0,0.994,0.9939124426101495,0.9648259030152229,606.8832885702141,4.195864170091227,611.0791527403053
UNSW_2018_IoT_Botnet_Final_10_Best,6q_5k,QWE,full,0,L0,baseline_unoptimized,0.001,6,13,10240,1,0.9966666666666667,0.9966400755284308,0.9805571131969575,549.1052325055934,4.840048822108656,553.9452813277021
UNSW_2018_IoT_Botnet_Final_10_Best,6q_5k,QWE,full,0,L0,baseline_unoptimized,0.001,6,14,11264,2,0.9946666666666667,0.9946995122365017,0.9695754135797602,600.0105701133143,5.800289788283408,605.8108599015977
UNSW_2018_IoT_Botnet_Final_10_Best,6q_5k,QWE,full,0,L0,baseline_unoptimized,0.001,6,15,12288,0,0.996,0.9959615546218488,0.9766394448969591,595.9400783032179,4.2588793290778995,600.1989576322958
UNSW_2018_IoT_Botnet_Final_10_Best,6q_5k,QWE,full,0,L0,baseline_unoptimized,0.001,6,16,13312,1,0.9953333333333333,0.9952961057398029,0.9727028541761238,606.456956793787,3.4476220388896763,609.9045788326766
UNSW_2018_IoT_Botnet_Final_10_Best,6q_5k,QWE,full,0,L0,baseline_unoptimized,0.001,6,17,14336,2,0.9933333333333333,0.9932247972929835,0.9608674205030172,600.2275556446984,4.268427034839988,604.4959826795384
UNSW_2018_IoT_Botnet_Final_10_Best,6q_5k,QWE,full,0,L0,baseline_unoptimized,0.001,6,18,15360,0,0.9986666666666667,0.9986624627490026,0.99225142905928,593.1540384809487,5.278112526284531,598.4321510072332
UNSW_2018_IoT_Botnet_Final_10_Best,6q_5k,QWE,full,0,L0,baseline_unoptimized,0.001,6,19,16384,1,0.996,0.9959615546218488,0.9766394448969591,613.67990560201,5.038001665845513,618.7179072678555
UNSW_2018_IoT_Botnet_Final_10_Best,6q_5k,QWE,full,0,L0,baseline_unoptimized,0.001,6,20,17408,2,0.9953333333333333,0.9952807936150397,0.9727117770954385,614.9443665309809,4.419682014035061,619.364048545016
UNSW_2018_IoT_Botnet_Final_10_Best,6q_5k,QWE,full,0,L0,baseline_unoptimized,0.001,6,21,18432,0,0.998,0.997990503452285,0.9883629768056863,612.918375303736,2.746197899337858,615.6645732030738
UNSW_2018_IoT_Botnet_Final_10_Best,6q_5k,QWE,full,0,L0,baseline_unoptimized,0.001,6,22,19456,1,0.9973333333333333,0.9973163830309103,0.9844649139608554,591.4065931907389,3.2916760710068047,594.6982692617457
UNSW_2018_IoT_Botnet_Final_10_Best,6q_5k,QWE,full,0,L0,baseline_unoptimized,0.001,6,23,20480,2,0.9986666666666667,0.9986624627490026,0.99225142905928,613.2109957903158,2.6111247160006315,615.8221205063164
UNSW_2018_IoT_Botnet_Final_10_Best,6q_5k,QWE,full,0,L0,baseline_unoptimized,0.001,6,24,21504,0,0.9966666666666667,0.9966400755284308,0.9805571131969575,613.8855397361331,2.7459005389828235,616.6314402751159
UNSW_2018_IoT_Botnet_Final_10_Best,6q_5k,QWE,full,0,L0,baseline_unoptimized,0.001,6,25,22528,1,0.9973333333333333,0.9973163830309103,0.9844649139608554,609.8937694891356,4.456533007090911,614.3503024962265
UNSW_2018_IoT_Botnet_Final_10_Best,6q_5k,QWE,full,0,L0,baseline_unoptimized,0.001,6,26,23552,2,0.9993333333333333,0.9993322865173985,0.9961303958175565,603.5532048866153,4.827551623806357,608.3807565104216
UNSW_2018_IoT_Botnet_Final_10_Best,6q_5k,QWE,full,0,L0,baseline_unoptimized,0.001,6,27,24576,0,0.9946666666666667,0.9946327660618205,0.9688072542805272,601.2962685744278,5.615149531979114,606.9114181064069
UNSW_2018_IoT_Botnet_Final_10_Best,6q_5k,QWE,full,0,L0,baseline_unoptimized,0.001,6,28,25600,1,0.996,0.9959615546218488,0.9766394448969591,609.2080219050404,4.427724875044078,613.6357467800844
UNSW_2018_IoT_Botnet_Final_10_Best,6q_5k,QWE,full,0,L0,baseline_unoptimized,0.001,6,29,26624,2,0.9986666666666667,0.9986624627490026,0.99225142905928,581.6535192329902,3.699675154639408,585.3531943876296
UNSW_2018_IoT_Botnet_Final_10_Best,6q_5k,QWE,full,0,L0,baseline_unoptimized,0.002,6,0,42,0,0.9966666666666667,0.9966400755284308,0.9805571131969575,603.0795772136189,4.433320228010416,607.5128974416293
UNSW_2018_IoT_Botnet_Final_10_Best,6q_5k,QWE,full,0,L0,baseline_unoptimized,0.002,6,1,123,1,0.996,0.9960124139626352,0.976983222161292,610.9303008662537,3.8361645417753607,614.766465408029
UNSW_2018_IoT_Botnet_Final_10_Best,6q_5k,QWE,full,0,L0,baseline_unoptimized,0.002,6,2,456,2,0.9973333333333333,0.9973163830309103,0.9844649139608554,611.0122155698482,3.2963919891044497,614.3086075589526
UNSW_2018_IoT_Botnet_Final_10_Best,6q_5k,QWE,full,0,L0,baseline_unoptimized,0.002,6,3,789,0,0.998,0.997990503452285,0.9883629768056863,609.5402351981029,4.607642535353079,614.147877733456
UNSW_2018_IoT_Botnet_Final_10_Best,6q_5k,QWE,full,0,L0,baseline_unoptimized,0.002,6,4,1024,1,0.994,0.9940278220603231,0.9656024284882216,592.9304524681065,5.714396196650341,598.6448486647569
UNSW_2018_IoT_Botnet_Final_10_Best,6q_5k,QWE,full,0,L0,baseline_unoptimized,0.002,6,5,2048,2,0.9926666666666667,0.9926081661625477,0.9569943361344565,610.4769270820543,4.20212602103129,614.6790531030856
UNSW_2018_IoT_Botnet_Final_10_Best,6q_5k,QWE,full,0,L0,baseline_unoptimized,0.002,6,6,3072,0,0.996,0.9959615546218488,0.9766394448969591,600.2849418190308,4.747954526916146,605.0328963459469
UNSW_2018_IoT_Botnet_Final_10_Best,6q_5k,QWE,full,0,L0,baseline_unoptimized,0.002,6,7,4096,1,0.9933333333333333,0.9932247972929835,0.9608674205030172,589.0448207699228,4.991117702098563,594.0359384720214
UNSW_2018_IoT_Botnet_Final_10_Best,6q_5k,QWE,full,0,L0,baseline_unoptimized,0.002,6,8,5120,2,0.9953333333333333,0.9952807936150397,0.9727117770954385,609.0535144531168,4.222720250720158,613.276234703837
UNSW_2018_IoT_Botnet_Final_10_Best,6q_5k,QWE,full,0,L0,baseline_unoptimized,0.002,6,9,6144,0,0.9973333333333333,0.9973163830309103,0.9844649139608554,593.086380505003,5.263116380898282,598.3494968859013
UNSW_2018_IoT_Botnet_Final_10_Best,6q_5k,QWE,full,0,L0,baseline_unoptimized,0.002,6,10,7168,1,0.9993333333333333,0.9993343719083023,0.9961544826870722,608.418062124867,4.836870236089453,613.2549323609564
UNSW_2018_IoT_Botnet_Final_10_Best,6q_5k,QWE,full,0,L0,baseline_unoptimized,0.002,6,11,8192,2,0.996,0.9959615546218488,0.9766394448969591,601.5360682788305,3.8220013943500817,605.3580696731806
UNSW_2018_IoT_Botnet_Final_10_Best,6q_5k,QWE,full,0,L0,baseline_unoptimized,0.002,6,12,9216,0,0.9946666666666667,0.9945977654320335,0.9687739754174306,606.9169317453634,4.900802114745602,611.817733860109
UNSW_2018_IoT_Botnet_Final_10_Best,6q_5k,QWE,full,0,L0,baseline_unoptimized,0.002,6,13,10240,1,0.9966666666666667,0.9966400755284308,0.9805571131969575,610.0926135003101,3.8342370341997594,613.9268505345099
UNSW_2018_IoT_Botnet_Final_10_Best,6q_5k,QWE,full,0,L0,baseline_unoptimized,0.002,6,14,11264,2,0.994,0.9940460092931921,0.9659258574367079,539.0122613189742,3.4187578498385847,542.4310191688128
UNSW_2018_IoT_Botnet_Final_10_Best,6q_5k,QWE,full,0,L0,baseline_unoptimized,0.002,6,15,12288,0,0.996,0.9959615546218488,0.9766394448969591,609.942362945294,4.668341400800273,614.6107043460943
UNSW_2018_IoT_Botnet_Final_10_Best,6q_5k,QWE,full,0,L0,baseline_unoptimized,0.002,6,16,13312,1,0.9953333333333333,0.9952961057398029,0.9727028541761238,612.664674481377,2.976158167934045,615.640832649311
UNSW_2018_IoT_Botnet_Final_10_Best,6q_5k,QWE,full,0,L0,baseline_unoptimized,0.002,6,17,14336,2,0.9933333333333333,0.9932247972929835,0.9608674205030172,571.8005392982159,5.22872933675535,577.0292686349712
UNSW_2018_IoT_Botnet_Final_10_Best,6q_5k,QWE,full,0,L0,baseline_unoptimized,0.002,6,18,15360,0,0.9986666666666667,0.9986624627490026,0.99225142905928,609.3966287719086,4.217053254600614,613.6136820265092
UNSW_2018_IoT_Botnet_Final_10_Best,6q_5k,QWE,full,0,L0,baseline_unoptimized,0.002,6,19,16384,1,0.996,0.9959615546218488,0.9766394448969591,554.1066050503869,3.858877209946513,557.9654822603334
UNSW_2018_IoT_Botnet_Final_10_Best,6q_5k,QWE,full,0,L0,baseline_unoptimized,0.002,6,20,17408,2,0.9953333333333333,0.9952807936150397,0.9727117770954385,612.089222934097,3.294213841902092,615.3834367759991
UNSW_2018_IoT_Botnet_Final_10_Best,6q_5k,QWE,full,0,L0,baseline_unoptimized,0.002,6,21,18432,0,0.998,0.997990503452285,0.9883629768056863,598.6331610020716,5.792409635847434,604.425570637919
UNSW_2018_IoT_Botnet_Final_10_Best,6q_5k,QWE,full,0,L0,baseline_unoptimized,0.002,6,22,19456,1,0.9966666666666667,0.9966508390871419,0.9805592897585838,611.4804906419013,3.071847138926387,614.5523377808277
UNSW_2018_IoT_Botnet_Final_10_Best,6q_5k,QWE,full,0,L0,baseline_unoptimized,0.002,6,23,20480,2,0.9986666666666667,0.9986624627490026,0.99225142905928,591.8891528695822,3.826561086345464,595.7157139559276
UNSW_2018_IoT_Botnet_Final_10_Best,6q_5k,QWE,full,0,L0,baseline_unoptimized,0.002,6,24,21504,0,0.9966666666666667,0.9966400755284308,0.9805571131969575,601.0478042562027,3.9984120449516922,605.0462163011543
UNSW_2018_IoT_Botnet_Final_10_Best,6q_5k,QWE,full,0,L0,baseline_unoptimized,0.002,6,25,22528,1,0.9973333333333333,0.9973163830309103,0.9844649139608554,613.4986340571195,3.385322022018954,616.8839560791384
UNSW_2018_IoT_Botnet_Final_10_Best,6q_5k,QWE,full,0,L0,baseline_unoptimized,0.002,6,26,23552,2,0.9993333333333333,0.9993322865173985,0.9961303958175565,581.9727301320527,4.497043517418206,586.4697736494709
UNSW_2018_IoT_Botnet_Final_10_Best,6q_5k,QWE,full,0,L0,baseline_unoptimized,0.002,6,27,24576,0,0.9946666666666667,0.9946327660618205,0.9688072542805272,582.2969583000522,5.0561955601442605,587.3531538601965
UNSW_2018_IoT_Botnet_Final_10_Best,6q_5k,QWE,full,0,L0,baseline_unoptimized,0.002,6,28,25600,1,0.996,0.9959615546218488,0.9766394448969591,606.2590599509422,4.657822608249262,610.9168825591914
UNSW_2018_IoT_Botnet_Final_10_Best,6q_5k,QWE,full,0,L0,baseline_unoptimized,0.002,6,29,26624,2,0.9986666666666667,0.9986624627490026,0.99225142905928,611.6792126470245,3.473532974952832,615.1527456219774
UNSW_2018_IoT_Botnet_Final_10_Best,6q_5k,QWE,full,0,L0,baseline_unoptimized,0.005,6,0,42,0,0.9966666666666667,0.9966400755284308,0.9805571131969575,603.8641029172577,4.295505891786888,608.1596088090446
UNSW_2018_IoT_Botnet_Final_10_Best,6q_5k,QWE,full,0,L0,baseline_unoptimized,0.005,6,1,123,1,0.994,0.9940460092931921,0.9659258574367079,609.8306277610827,4.300659248139709,614.1312870092224
UNSW_2018_IoT_Botnet_Final_10_Best,6q_5k,QWE,full,0,L0,baseline_unoptimized,0.005,6,2,456,2,0.9966666666666667,0.9966400755284308,0.9805571131969575,613.0902102584951,3.1413955972529948,616.2316058557481
UNSW_2018_IoT_Botnet_Final_10_Best,6q_5k,QWE,full,0,L0,baseline_unoptimized,0.005,6,3,789,0,0.998,0.997990503452285,0.9883629768056863,590.7609031898901,4.799371314235032,595.5602745041251
UNSW_2018_IoT_Botnet_Final_10_Best,6q_5k,QWE,full,0,L0,baseline_unoptimized,0.005,6,4,1024,1,0.9933333333333333,0.9933540232710586,0.9616190323650302,605.5228072898462,5.500313711585477,611.0231210014317
UNSW_2018_IoT_Botnet_Final_10_Best,6q_5k,QWE,full,0,L0,baseline_unoptimized,0.005,6,5,2048,2,0.992,0.9919491490927309,0.9531495946001989,571.4245472000912,4.37610036204569,575.8006475621369
UNSW_2018_IoT_Botnet_Final_10_Best,6q_5k,QWE,full,0,L0,baseline_unoptimized,0.005,6,6,3072,0,0.996,0.9959615546218488,0.9766394448969591,580.7121033479925,4.4331966924946755,585.1453000404872
UNSW_2018_IoT_Botnet_Final_10_Best,6q_5k,QWE,full,0,L0,baseline_unoptimized,0.005,6,7,4096,1,0.9933333333333333,0.9932247972929835,0.9608674205030172,606.7891423187684,4.965821891790256,611.7549642105587
UNSW_2018_IoT_Botnet_Final_10_Best,6q_5k,QWE,full,0,L0,baseline_unoptimized,0.005,6,8,5120,2,0.9953333333333333,0.9952807936150397,0.9727117770954385,599.3949061180465,4.4498757822439075,603.8447819002904
UNSW_2018_IoT_Botnet_Final_10_Best,6q_5k,QWE,full,0,L0,baseline_unoptimized,0.005,6,9,6144,0,0.9946666666666667,0.9945977654320335,0.9687739754174306,554.4548394191079,4.847823273157701,559.3026626922656
UNSW_2018_IoT_Botnet_Final_10_Best,6q_5k,QWE,full,0,L0,baseline_unoptimized,0.005,6,10,7168,1,0.9993333333333333,0.9993343719083023,0.9961544826870722,591.5144837757107,4.579581370810047,596.0940651465207
UNSW_2018_IoT_Botnet_Final_10_Best,6q_5k,QWE,full,0,L0,baseline_unoptimized,0.005,6,11,8192,2,0.996,0.9959615546218488,0.9766394448969591,607.8129094899632,4.134882898069918,611.9477923880331
UNSW_2018_IoT_Botnet_Final_10_Best,6q_5k,QWE,full,0,L0,baseline_unoptimized,0.005,6,12,9216,0,0.994,0.9939124426101495,0.9648259030152229,606.3943627441768,2.2961247691418976,608.6904875133187
UNSW_2018_IoT_Botnet_Final_10_Best,6q_5k,QWE,full,0,L0,baseline_unoptimized,0.005,6,13,10240,1,0.9966666666666667,0.9966400755284308,0.9805571131969575,614.5850819372572,2.2983311358839273,616.8834130731411
UNSW_2018_IoT_Botnet_Final_10_Best,6q_5k,QWE,full,0,L0,baseline_unoptimized,0.005,6,14,11264,2,0.9933333333333333,0.9933944409596461,0.9623117253801959,600.769477945054,4.805284197209403,605.5747621422634
UNSW_2018_IoT_Botnet_Final_10_Best,6q_5k,QWE,full,0,L0,baseline_unoptimized,0.005,6,15,12288,0,0.996,0.9959615546218488,0.9766394448969591,612.8626475569326,3.7257059388794005,616.588353495812
UNSW_2018_IoT_Botnet_Final_10_Best,6q_5k,QWE,full,0,L0,baseline_unoptimized,0.005,6,16,13312,1,0.9946666666666667,0.994615406162465,0.968759465082397,560.0062799372245,4.647237649187446,564.6535175864119
UNSW_2018_IoT_Botnet_Final_10_Best,6q_5k,QWE,full,0,L0,baseline_unoptimized,0.005,6,17,14336,2,0.9926666666666667,0.9925596520790714,0.9568669568404804,608.6445431211032,4.1621926431544125,612.8067357642576
UNSW_2018_IoT_Botnet_Final_10_Best,6q_5k,QWE,full,0,L0,baseline_unoptimized,0.005,6,18,15360,0,0.998,0.997990503452285,0.9883629768056863,604.913139523007,5.525386234978214,610.4385257579852
UNSW_2018_IoT_Botnet_Final_10_Best,6q_5k,QWE,full,0,L0,baseline_unoptimized,0.005,6,19,16384,1,0.9946666666666667,0.994615406162465,0.968759465082397,598.8813197831623,4.2867721621878445,603.1680919453502
UNSW_2018_IoT_Botnet_Final_10_Best,6q_5k,QWE,full,0,L0,baseline_unoptimized,0.005,6,20,17408,2,0.9953333333333333,0.9952807936150397,0.9727117770954385,607.7611560388468,4.424865183187649,612.1860212220345
UNSW_2018_IoT_Botnet_Final_10_Best,6q_5k,QWE,full,0,L0,baseline_unoptimized,0.005,6,21,18432,0,0.998,0.997990503452285,0.9883629768056863,598.0960255330428,5.13278260990046,603.2288081429433
UNSW_2018_IoT_Botnet_Final_10_Best,6q_5k,QWE,full,0,L0,baseline_unoptimized,0.005,6,22,19456,1,0.9973333333333333,0.9973163830309103,0.9844649139608554,611.0216176493559,2.9453776499722153,613.9669952993281
UNSW_2018_IoT_Botnet_Final_10_Best,6q_5k,QWE,full,0,L0,baseline_unoptimized,0.005,6,23,20480,2,0.9986666666666667,0.9986624627490026,0.99225142905928,596.1253822117578,4.327689875150099,600.4530720869079
UNSW_2018_IoT_Botnet_Final_10_Best,6q_5k,QWE,full,0,L0,baseline_unoptimized,0.005,6,24,21504,0,0.996,0.9959615546218488,0.9766394448969591,602.5922619947232,4.1020491912495345,606.6943111859728
UNSW_2018_IoT_Botnet_Final_10_Best,6q_5k,QWE,full,0,L0,baseline_unoptimized,0.005,6,25,22528,1,0.9973333333333333,0.9973163830309103,0.9844649139608554,612.1361464606598,2.9987857779487967,615.1349322386086
UNSW_2018_IoT_Botnet_Final_10_Best,6q_5k,QWE,full,0,L0,baseline_unoptimized,0.005,6,26,23552,2,0.9993333333333333,0.9993322865173985,0.9961303958175565,593.6287843130995,4.6196690001524985,598.248453313252
UNSW_2018_IoT_Botnet_Final_10_Best,6q_5k,QWE,full,0,L0,baseline_unoptimized,0.005,6,27,24576,0,0.9946666666666667,0.9946327660618205,0.9688072542805272,612.1567536739167,3.5856450928840786,615.7423987668008
UNSW_2018_IoT_Botnet_Final_10_Best,6q_5k,QWE,full,0,L0,baseline_unoptimized,0.005,6,28,25600,1,0.996,0.9959615546218488,0.9766394448969591,551.6358383030165,6.043505714274943,557.6793440172914
UNSW_2018_IoT_Botnet_Final_10_Best,6q_5k,QWE,full,0,L0,baseline_unoptimized,0.005,6,29,26624,2,0.998,0.997990503452285,0.9883629768056863,609.1355190910399,5.17190564586781,614.3074247369077
UNSW_2018_IoT_Botnet_Final_10_Best,6q_5k,QWE,full,0,L0,baseline_unoptimized,0.008,6,0,42,0,0.9946666666666667,0.994615406162465,0.968759465082397,613.4697508609388,4.69971548509784,618.1694663460366
UNSW_2018_IoT_Botnet_Final_10_Best,6q_5k,QWE,full,0,L0,baseline_unoptimized,0.008,6,1,123,1,0.994,0.9940278220603231,0.9656024284882216,582.8909290230367,6.278727471129969,589.1696564941667
UNSW_2018_IoT_Botnet_Final_10_Best,6q_5k,QWE,full,0,L0,baseline_unoptimized,0.008,6,2,456,2,0.9933333333333333,0.9932472067900419,0.9608416575969325,608.0469105988741,4.707677596015856,612.75458819489
UNSW_2018_IoT_Botnet_Final_10_Best,6q_5k,QWE,full,0,L0,baseline_unoptimized,0.008,6,3,789,0,0.996,0.9959745745463654,0.9766360841206913,613.119252651697,3.207205636659637,616.3264582883567
UNSW_2018_IoT_Botnet_Final_10_Best,6q_5k,QWE,full,0,L0,baseline_unoptimized,0.008,6,4,1024,1,0.9913333333333333,0.9913997912012776,0.9507013199224692,611.9035870949738,4.2834278892260045,616.1870149841998
UNSW_2018_IoT_Botnet_Final_10_Best,6q_5k,QWE,full,0,L0,baseline_unoptimized,0.008,6,5,2048,2,0.9893333333333333,0.9891955308640671,0.9370447041354383,612.9755161493085,3.273466997081414,616.24898314639
UNSW_2018_IoT_Botnet_Final_10_Best,6q_5k,QWE,full,0,L0,baseline_unoptimized,0.008,6,6,3072,0,0.9953333333333333,0.9952807936150397,0.9727117770954385,606.1509876770433,4.636323402170092,610.7873110792134
UNSW_2018_IoT_Botnet_Final_10_Best,6q_5k,QWE,full,0,L0,baseline_unoptimized,0.008,6,7,4096,1,0.992,0.9918424257354161,0.952918654507307,544.9548208445776,4.6654735000338405,549.6202943446115
UNSW_2018_IoT_Botnet_Final_10_Best,6q_5k,QWE,full,0,L0,baseline_unoptimized,0.008,6,8,5120,2,0.9953333333333333,0.9952807936150397,0.9727117770954385,610.1001705350354,3.302014017710462,613.4021845527459
UNSW_2018_IoT_Botnet_Final_10_Best,6q_5k,QWE,full,0,L0,baseline_unoptimized,0.008,6,9,6144,0,0.994,0.9939124426101495,0.9648259030152229,612.3712184019387,4.416441998910159,616.7876604008488
UNSW_2018_IoT_Botnet_Final_10_Best,6q_5k,QWE,full,0,L0,baseline_unoptimized,0.008,6,10,7168,1,0.998,0.9979968595521955,0.9883761554482334,615.7832651142962,4.587318322155625,620.3705834364519
UNSW_2018_IoT_Botnet_Final_10_Best,6q_5k,QWE,full,0,L0,baseline_unoptimized,0.008,6,11,8192,2,0.9946666666666667,0.9945977654320335,0.9687739754174306,594.8879112028517,4.11199333681725,598.9999045396689
UNSW_2018_IoT_Botnet_Final_10_Best,6q_5k,QWE,full,0,L0,baseline_unoptimized,0.008,6,12,9216,0,0.992,0.9918424257354161,0.952918654507307,606.4654203141108,3.465828812913969,609.9312491270248
UNSW_2018_IoT_Botnet_Final_10_Best,6q_5k,QWE,full,0,L0,baseline_unoptimized,0.008,6,13,10240,1,0.996,0.9959615546218488,0.9766394448969591,609.0319189643487,3.449246888048947,612.4811658523977
UNSW_2018_IoT_Botnet_Final_10_Best,6q_5k,QWE,full,0,L0,baseline_unoptimized,0.008,6,14,11264,2,0.9906666666666667,0.9907522173435044,0.9471327483613751,574.7624598117545,4.938377468148246,579.7008372799028
UNSW_2018_IoT_Botnet_Final_10_Best,6q_5k,QWE,full,0,L0,baseline_unoptimized,0.008,6,15,12288,0,0.9933333333333333,0.9932692577030812,0.9608794852678347,609.7143774309661,4.326908441726118,614.0412858726922
UNSW_2018_IoT_Botnet_Final_10_Best,6q_5k,QWE,full,0,L0,baseline_unoptimized,0.008,6,16,13312,1,0.99,0.9897857404788099,0.9408594200314809,597.4095591190271,4.166425080038607,601.5759841990657
UNSW_2018_IoT_Botnet_Final_10_Best,6q_5k,QWE,full,0,L0,baseline_unoptimized,0.008,6,17,14336,2,0.9913333333333333,0.9912068615479935,0.9489080106657378,604.1568043008447,4.57372819702141,608.7305324978661
UNSW_2018_IoT_Botnet_Final_10_Best,6q_5k,QWE,full,0,L0,baseline_unoptimized,0.008,6,18,15360,0,0.9966666666666667,0.9966400755284308,0.9805571131969575,533.8935534458142,5.026699775829911,538.9202532216441
UNSW_2018_IoT_Botnet_Final_10_Best,6q_5k,QWE,full,0,L0,baseline_unoptimized,0.008,6,19,16384,1,0.994,0.9939324489336228,0.9648057795140351,608.4486531517468,4.1572879226878285,612.6059410744347
UNSW_2018_IoT_Botnet_Final_10_Best,6q_5k,QWE,full,0,L0,baseline_unoptimized,0.008,6,20,17408,2,0.994,0.9939124426101495,0.9648259030152229,611.1645688349381,3.627129595959559,614.7916984308977
UNSW_2018_IoT_Botnet_Final_10_Best,6q_5k,QWE,full,0,L0,baseline_unoptimized,0.008,6,21,18432,0,0.996,0.9959615546218488,0.9766394448969591,577.8197340369225,3.9590609269216657,581.7787949638441
UNSW_2018_IoT_Botnet_Final_10_Best,6q_5k,QWE,full,0,L0,baseline_unoptimized,0.008,6,22,19456,1,0.996,0.9959615546218488,0.9766394448969591,612.7641939902678,3.7998924837447703,616.5640864740126
UNSW_2018_IoT_Botnet_Final_10_Best,6q_5k,QWE,full,0,L0,baseline_unoptimized,0.008,6,23,20480,2,0.998,0.997990503452285,0.9883629768056863,614.116766627878,2.8407753796782345,616.9575420075562
UNSW_2018_IoT_Botnet_Final_10_Best,6q_5k,QWE,full,0,L0,baseline_unoptimized,0.008,6,24,21504,0,0.994,0.9939124426101495,0.9648259030152229,609.4561223802157,4.276693521998823,613.7328159022145
UNSW_2018_IoT_Botnet_Final_10_Best,6q_5k,QWE,full,0,L0,baseline_unoptimized,0.008,6,25,22528,1,0.996,0.9959745745463654,0.9766360841206913,605.4671419640072,4.620658407919109,610.0878003719263
UNSW_2018_IoT_Botnet_Final_10_Best,6q_5k,QWE,full,0,L0,baseline_unoptimized,0.008,6,26,23552,2,0.9946666666666667,0.9945977654320335,0.9687739754174306,610.2587056017946,4.009984063915908,614.2686896657106
UNSW_2018_IoT_Botnet_Final_10_Best,6q_5k,QWE,full,0,L0,baseline_unoptimized,0.008,6,27,24576,0,0.9926666666666667,0.9925841042522053,0.9568997819326318,611.5721464797389,3.959755002055317,615.5319014817942
UNSW_2018_IoT_Botnet_Final_10_Best,6q_5k,QWE,full,0,L0,baseline_unoptimized,0.008,6,28,25600,1,0.9946666666666667,0.994615406162465,0.968759465082397,609.9161666550208,4.965436173137277,614.8816028281581
UNSW_2018_IoT_Botnet_Final_10_Best,6q_5k,QWE,full,0,L0,baseline_unoptimized,0.008,6,29,26624,2,0.996,0.9959615546218488,0.9766394448969591,589.4861129610799,6.1789847172331065,595.665097678313
UNSW_2018_IoT_Botnet_Final_10_Best,6q_5k,QWE,full,0,L0,baseline_unoptimized,0.01,6,0,42,0,0.9946666666666667,0.994615406162465,0.968759465082397,584.0778872182127,4.978223902871832,589.0561111210845
UNSW_2018_IoT_Botnet_Final_10_Best,6q_5k,QWE,full,0,L0,baseline_unoptimized,0.01,6,1,123,1,0.9933333333333333,0.9933743902956271,0.9619401198184026,594.0070257501211,4.233957246644422,598.2409829967655
UNSW_2018_IoT_Botnet_Final_10_Best,6q_5k,QWE,full,0,L0,baseline_unoptimized,0.01,6,2,456,2,0.9913333333333333,0.9912068615479935,0.9489080106657378,611.0634119119495,3.7926218756474555,614.856033787597
UNSW_2018_IoT_Botnet_Final_10_Best,6q_5k,QWE,full,0,L0,baseline_unoptimized,0.01,6,3,789,0,0.994,0.9939124426101495,0.9648259030152229,608.7550126824062,3.8227229439653456,612.5777356263716
UNSW_2018_IoT_Botnet_Final_10_Best,6q_5k,QWE,full,0,L0,baseline_unoptimized,0.01,6,4,1024,1,0.9906666666666667,0.9907522173435044,0.9471327483613751,602.9588379310444,4.086652370402589,607.045490301447
UNSW_2018_IoT_Botnet_Final_10_Best,6q_5k,QWE,full,0,L0,baseline_unoptimized,0.01,6,5,2048,2,0.9873333333333333,0.9871907255265365,0.9252757916070182,591.5018464357127,4.975256638135761,596.4771030738484
UNSW_2018_IoT_Botnet_Final_10_Best,6q_5k,QWE,full,0,L0,baseline_unoptimized,0.01,6,6,3072,0,0.9933333333333333,0.9932909575772757,0.960978424440363,611.437052478781,4.79365619388409,616.2307086726651
UNSW_2018_IoT_Botnet_Final_10_Best,6q_5k,QWE,full,0,L0,baseline_unoptimized,0.01,6,7,4096,1,0.9886666666666667,0.9883841604704064,0.9327882693097398,570.2108619732317,5.406683586537838,575.6175455597695
UNSW_2018_IoT_Botnet_Final_10_Best,6q_5k,QWE,full,0,L0,baseline_unoptimized,0.01,6,8,5120,2,0.9906666666666667,0.9905460895060587,0.9449770219559364,601.7068463941105,6.033761128317565,607.740607522428
UNSW_2018_IoT_Botnet_Final_10_Best,6q_5k,QWE,full,0,L0,baseline_unoptimized,0.01,6,9,6144,0,0.9933333333333333,0.9932247972929835,0.9608674205030172,600.2989661660977,3.038723226869479,603.3376893929671
UNSW_2018_IoT_Botnet_Final_10_Best,6q_5k,QWE,full,0,L0,baseline_unoptimized,0.01,6,10,7168,1,0.9953333333333333,0.9953111747219987,0.9727556027114813,610.9129717140459,2.831586408894509,613.7445581229404
UNSW_2018_IoT_Botnet_Final_10_Best,6q_5k,QWE,full,0,L0,baseline_unoptimized,0.01,6,11,8192,2,0.994,0.9939324489336228,0.9648057795140351,612.6413731190842,3.257600886747241,615.8989740058314
UNSW_2018_IoT_Botnet_Final_10_Best,6q_5k,QWE,full,0,L0,baseline_unoptimized,0.01,6,12,9216,0,0.9913333333333333,0.9911476417483018,0.9489280789420477,593.3033640529029,5.607190966838971,598.9105550197419
UNSW_2018_IoT_Botnet_Final_10_Best,6q_5k,QWE,full,0,L0,baseline_unoptimized,0.01,6,13,10240,1,0.9933333333333333,0.9932692577030812,0.9608794852678347,600.1225296531338,4.9400954691227525,605.0626251222566
UNSW_2018_IoT_Botnet_Final_10_Best,6q_5k,QWE,full,0,L0,baseline_unoptimized,0.01,6,14,11264,2,0.99,0.9901065244827277,0.9435985312057968,609.2161816346925,4.665083802305162,613.8812654369976
UNSW_2018_IoT_Botnet_Final_10_Best,6q_5k,QWE,full,0,L0,baseline_unoptimized,0.01,6,15,12288,0,0.9933333333333333,0.9932692577030812,0.9608794852678347,587.2424182870891,6.80363909015432,594.0460573772434
UNSW_2018_IoT_Botnet_Final_10_Best,6q_5k,QWE,full,0,L0,baseline_unoptimized,0.01,6,16,13312,1,0.9886666666666667,0.9884628746177371,0.9328589342441275,602.6560711809434,5.368998682126403,608.0250698630698
UNSW_2018_IoT_Botnet_Final_10_Best,6q_5k,QWE,full,0,L0,baseline_unoptimized,0.01,6,17,14336,2,0.99,0.989887414889371,0.941087786769825,612.2401118851267,4.232263133162633,616.4723750182893
UNSW_2018_IoT_Botnet_Final_10_Best,6q_5k,QWE,full,0,L0,baseline_unoptimized,0.01,6,18,15360,0,0.9946666666666667,0.994615406162465,0.968759465082397,602.9690699288622,5.7079126592725515,608.6769825881347
UNSW_2018_IoT_Botnet_Final_10_Best,6q_5k,QWE,full,0,L0,baseline_unoptimized,0.01,6,19,16384,1,0.9926666666666667,0.9925841042522053,0.9568997819326318,604.1434441816527,4.198368086013943,608.3418122676667
UNSW_2018_IoT_Botnet_Final_10_Best,6q_5k,QWE,full,0,L0,baseline_unoptimized,0.01,6,20,17408,2,0.994,0.9939124426101495,0.9648259030152229,611.324291605968,2.6735674501396716,613.9978590561077
UNSW_2018_IoT_Botnet_Final_10_Best,6q_5k,QWE,full,0,L0,baseline_unoptimized,0.01,6,21,18432,0,0.994,0.9939715103568553,0.9649519156643789,603.39572391822,5.122312282212079,608.5180362004321
UNSW_2018_IoT_Botnet_Final_10_Best,6q_5k,QWE,full,0,L0,baseline_unoptimized,0.01,6,22,19456,1,0.9926666666666667,0.9925596520790714,0.9568669568404804,573.2975825769827,5.519576272927225,578.8171588499099
UNSW_2018_IoT_Botnet_Final_10_Best,6q_5k,QWE,full,0,L0,baseline_unoptimized,0.01,6,23,20480,2,0.9953333333333333,0.9953260056217893,0.9728676747095873,610.7531970487908,4.488280575955287,615.241477624746
UNSW_2018_IoT_Botnet_Final_10_Best,6q_5k,QWE,full,0,L0,baseline_unoptimized,0.01,6,24,21504,0,0.994,0.9939124426101495,0.9648259030152229,608.049787112046,4.071672682883218,612.1214597949293
UNSW_2018_IoT_Botnet_Final_10_Best,6q_5k,QWE,full,0,L0,baseline_unoptimized,0.01,6,25,22528,1,0.994,0.9939521359511754,0.9648485951552902,593.0775931549724,4.708386096637696,597.7859792516101
UNSW_2018_IoT_Botnet_Final_10_Best,6q_5k,QWE,full,0,L0,baseline_unoptimized,0.01,6,26,23552,2,0.9946666666666667,0.9945977654320335,0.9687739754174306,613.0622659060173,3.6049341149628162,616.6672000209801
UNSW_2018_IoT_Botnet_Final_10_Best,6q_5k,QWE,full,0,L0,baseline_unoptimized,0.01,6,27,24576,0,0.9933333333333333,0.9932909575772757,0.960978424440363,609.0182997907978,4.970587436342612,613.9888872271404
UNSW_2018_IoT_Botnet_Final_10_Best,6q_5k,QWE,full,0,L0,baseline_unoptimized,0.01,6,28,25600,1,0.9926666666666667,0.9925841042522053,0.9568997819326318,614.4338614649605,4.263718431117013,618.6975798960775
UNSW_2018_IoT_Botnet_Final_10_Best,6q_5k,QWE,full,0,L0,baseline_unoptimized,0.01,6,29,26624,2,0.996,0.9959615546218488,0.9766394448969591,612.5287608550861,3.8706870379392058,616.3994478930254
UNSW_2018_IoT_Botnet_Final_10_Best,6q_5k,QWE,full,0,L0,baseline_unoptimized,0.02,6,0,42,0,0.9846666666666667,0.9844429088926041,0.909113279792025,601.0656124930829,5.761422208044678,606.8270347011276
UNSW_2018_IoT_Botnet_Final_10_Best,6q_5k,QWE,full,0,L0,baseline_unoptimized,0.02,6,1,123,1,0.978,0.9787247531325202,0.8840615867097612,611.0993425480556,4.094159452943131,615.1935020009987
UNSW_2018_IoT_Botnet_Final_10_Best,6q_5k,QWE,full,0,L0,baseline_unoptimized,0.02,6,2,456,2,0.9826666666666667,0.982384472961757,0.8969803130178182,566.6661970189307,5.023482122225687,571.6896791411564
UNSW_2018_IoT_Botnet_Final_10_Best,6q_5k,QWE,full,0,L0,baseline_unoptimized,0.02,6,3,789,0,0.9833333333333333,0.9834611369255338,0.9050277073797534,602.4655407320242,5.491493001114577,607.9570337331388
UNSW_2018_IoT_Botnet_Final_10_Best,6q_5k,QWE,full,0,L0,baseline_unoptimized,0.02,6,4,1024,1,0.974,0.9749907767965746,0.865019706048957,605.9653146457858,5.113787588197738,611.0791022339836
UNSW_2018_IoT_Botnet_Final_10_Best,6q_5k,QWE,full,0,L0,baseline_unoptimized,0.02,6,5,2048,2,0.9793333333333333,0.978818174975447,0.8759096145921373,613.052632706007,3.4583895821124315,616.5110222881194
UNSW_2018_IoT_Botnet_Final_10_Best,6q_5k,QWE,full,0,L0,baseline_unoptimized,0.02,6,6,3072,0,0.9726666666666667,0.9730381444698559,0.8463599957884275,609.1095128434245,4.665733548114076,613.7752463915385
UNSW_2018_IoT_Botnet_Final_10_Best,6q_5k,QWE,full,0,L0,baseline_unoptimized,0.02,6,7,4096,1,0.9806666666666667,0.9802524315923656,0.8843788076575141,568.1487352808472,4.639627542579547,572.7883628234267
UNSW_2018_IoT_Botnet_Final_10_Best,6q_5k,QWE,full,0,L0,baseline_unoptimized,0.02,6,8,5120,2,0.9793333333333333,0.9789617125382264,0.8767668804052317,599.5519177680835,4.9154393339995295,604.467357102083
UNSW_2018_IoT_Botnet_Final_10_Best,6q_5k,QWE,full,0,L0,baseline_unoptimized,0.02,6,9,6144,0,0.982,0.9817973468008679,0.8936518012814046,609.7668167969678,4.07456798478961,613.8413847817574
UNSW_2018_IoT_Botnet_Final_10_Best,6q_5k,QWE,full,0,L0,baseline_unoptimized,0.02,6,10,7168,1,0.9826666666666667,0.9828255464950797,0.9015958173049126,584.162821876118,4.39853711402975,588.5613589901477
UNSW_2018_IoT_Botnet_Final_10_Best,6q_5k,QWE,full,0,L0,baseline_unoptimized,0.02,6,11,8192,2,0.9806666666666667,0.9805748667054227,0.8869150451933541,597.336037088884,5.047892642207444,602.3839297310915
UNSW_2018_IoT_Botnet_Final_10_Best,6q_5k,QWE,full,0,L0,baseline_unoptimized,0.02,6,12,9216,0,0.9753333333333334,0.9751365589103872,0.8548889688636189,609.536007968476,3.793579104822129,613.3295870732982
UNSW_2018_IoT_Botnet_Final_10_Best,6q_5k,QWE,full,0,L0,baseline_unoptimized,0.02,6,13,10240,1,0.984,0.9840985367095051,0.9084930634888991,605.9562820421997,3.579223204869777,609.5355052470695
UNSW_2018_IoT_Botnet_Final_10_Best,6q_5k,QWE,full,0,L0,baseline_unoptimized,0.02,6,14,11264,2,0.958,0.9604066052239579,0.793940432617344,604.0167389118578,5.258042077999562,609.2747809898574
UNSW_2018_IoT_Botnet_Final_10_Best,6q_5k,QWE,full,0,L0,baseline_unoptimized,0.02,6,15,12288,0,0.984,0.9838462184873948,0.9057196265658995,595.6517326598987,5.159277097089216,600.8110097569879
UNSW_2018_IoT_Botnet_Final_10_Best,6q_5k,QWE,full,0,L0,baseline_unoptimized,0.02,6,16,13312,1,0.9813333333333333,0.9809008395146914,0.8882480838846913,609.9028692571446,3.7768232591915876,613.6796925163362
UNSW_2018_IoT_Botnet_Final_10_Best,6q_5k,QWE,full,0,L0,baseline_unoptimized,0.02,6,17,14336,2,0.98,0.979321273190291,0.8793075815678311,606.4278611137997,5.195765977958217,611.623627091758
UNSW_2018_IoT_Botnet_Final_10_Best,6q_5k,QWE,full,0,L0,baseline_unoptimized,0.02,6,18,15360,0,0.9853333333333333,0.9851438549380922,0.913247750673944,610.6083113667555,4.0862839503679425,614.6945953171235
UNSW_2018_IoT_Botnet_Final_10_Best,6q_5k,QWE,full,0,L0,baseline_unoptimized,0.02,6,19,16384,1,0.9833333333333333,0.9832003776421534,0.9020145229886208,562.269474329194,5.141238619107753,567.4107129483018
UNSW_2018_IoT_Botnet_Final_10_Best,6q_5k,QWE,full,0,L0,baseline_unoptimized,0.02,6,20,17408,2,0.9813333333333333,0.9809656600493044,0.8885927455698345,610.7433564669918,3.519637609133497,614.2629940761253
UNSW_2018_IoT_Botnet_Final_10_Best,6q_5k,QWE,full,0,L0,baseline_unoptimized,0.02,6,21,18432,0,0.9873333333333333,0.9872322870080367,0.9255773000511218,612.5920026879758,2.761498295934871,615.3535009839106
UNSW_2018_IoT_Botnet_Final_10_Best,6q_5k,QWE,full,0,L0,baseline_unoptimized,0.02,6,22,19456,1,0.9833333333333333,0.9832003776421534,0.9020145229886208,600.9445803882554,4.072066477732733,605.0166468659882
UNSW_2018_IoT_Botnet_Final_10_Best,6q_5k,QWE,full,0,L0,baseline_unoptimized,0.02,6,23,20480,2,0.984,0.9841466583031506,0.909185305814323,597.324038118124,4.3403584831394255,601.6643966012634
UNSW_2018_IoT_Botnet_Final_10_Best,6q_5k,QWE,full,0,L0,baseline_unoptimized,0.02,6,24,21504,0,0.9866666666666667,0.9864495945859669,0.9209379783247679,609.3001686516218,5.491801952011883,614.7919706036337
UNSW_2018_IoT_Botnet_Final_10_Best,6q_5k,QWE,full,0,L0,baseline_unoptimized,0.02,6,25,22528,1,0.9806666666666667,0.9805124380648981,0.8863060049469536,595.7929668540601,4.061510356143117,599.8544772102032
UNSW_2018_IoT_Botnet_Final_10_Best,6q_5k,QWE,full,0,L0,baseline_unoptimized,0.02,6,26,23552,2,0.9846666666666667,0.9844429088926041,0.909113279792025,614.8192771309987,3.570813556900248,618.3900906878989
UNSW_2018_IoT_Botnet_Final_10_Best,6q_5k,QWE,full,0,L0,baseline_unoptimized,0.02,6,27,24576,0,0.9826666666666667,0.982384472961757,0.8969803130178182,612.9611350419,3.2108180043287575,616.1719530462287
UNSW_2018_IoT_Botnet_Final_10_Best,6q_5k,QWE,full,0,L0,baseline_unoptimized,0.02,6,28,25600,1,0.98,0.9799369412350392,0.8833478714084081,606.7844573752955,5.715913929743692,612.5003713050392
UNSW_2018_IoT_Botnet_Final_10_Best,6q_5k,QWE,full,0,L0,baseline_unoptimized,0.02,6,29,26624,2,0.9833333333333333,0.9828585650004061,0.9001191109709058,576.8246628630441,4.79259735555388,581.617260218598
UNSW_2018_IoT_Botnet_Final_10_Best,6q_5k,QWE,full,0,L0,baseline_unoptimized,0.05,6,0,42,0,0.09533333333333334,0.016594846824913773,0.0,579.7389644419309,3.606790764024481,583.3457552059554
UNSW_2018_IoT_Botnet_Final_10_Best,6q_5k,QWE,full,0,L0,baseline_unoptimized,0.05,6,1,123,1,0.09533333333333334,0.016594846824913773,0.0,610.1034285111818,3.7592516930308193,613.8626802042127
UNSW_2018_IoT_Botnet_Final_10_Best,6q_5k,QWE,full,0,L0,baseline_unoptimized,0.05,6,2,456,2,0.09533333333333334,0.016594846824913773,0.0,609.066285771085,4.803427141159773,613.8697129122447
UNSW_2018_IoT_Botnet_Final_10_Best,6q_5k,QWE,full,0,L0,baseline_unoptimized,0.05,6,3,789,0,0.09533333333333334,0.016594846824913773,0.0,591.8996267160401,5.366184203885496,597.2658109199256
UNSW_2018_IoT_Botnet_Final_10_Best,6q_5k,QWE,full,0,L0,baseline_unoptimized,0.05,6,4,1024,1,0.09533333333333334,0.016594846824913773,0.0,599.8300698201638,4.1750239119865,604.0050937321503
UNSW_2018_IoT_Botnet_Final_10_Best,6q_5k,QWE,full,0,L0,baseline_unoptimized,0.05,6,5,2048,2,0.09533333333333334,0.016594846824913773,0.0,611.4478280278854,4.157276762882248,615.6051047907677
UNSW_2018_IoT_Botnet_Final_10_Best,6q_5k,QWE,full,0,L0,baseline_unoptimized,0.05,6,6,3072,0,0.09533333333333334,0.016594846824913773,0.0,596.7153783149552,4.168911620974541,600.8842899359297
UNSW_2018_IoT_Botnet_Final_10_Best,6q_5k,QWE,full,0,L0,baseline_unoptimized,0.05,6,7,4096,1,0.09533333333333334,0.016594846824913773,0.0,608.0358344672713,2.680907166097313,610.7167416333687
UNSW_2018_IoT_Botnet_Final_10_Best,6q_5k,QWE,full,0,L0,baseline_unoptimized,0.05,6,8,5120,2,0.09533333333333334,0.016594846824913773,0.0,585.6656901759561,3.607300336007029,589.2729905119631
UNSW_2018_IoT_Botnet_Final_10_Best,6q_5k,QWE,full,0,L0,baseline_unoptimized,0.05,6,9,6144,0,0.09533333333333334,0.016594846824913773,0.0,604.7860606918111,4.120367952156812,608.906428643968
UNSW_2018_IoT_Botnet_Final_10_Best,6q_5k,QWE,full,0,L0,baseline_unoptimized,0.05,6,10,7168,1,0.09533333333333334,0.016594846824913773,0.0,583.9197448561899,4.938928289804608,588.8586731459945
UNSW_2018_IoT_Botnet_Final_10_Best,6q_5k,QWE,full,0,L0,baseline_unoptimized,0.05,6,11,8192,2,0.09533333333333334,0.016594846824913773,0.0,593.9350733656902,4.313284806208685,598.2483581718989
UNSW_2018_IoT_Botnet_Final_10_Best,6q_5k,QWE,full,0,L0,baseline_unoptimized,0.05,6,12,9216,0,0.09533333333333334,0.016594846824913773,0.0,601.1593005042523,6.142691648798063,607.3019921530504
UNSW_2018_IoT_Botnet_Final_10_Best,6q_5k,QWE,full,0,L0,baseline_unoptimized,0.05,6,13,10240,1,0.09533333333333334,0.016594846824913773,0.0,616.1815167849418,3.591392243048176,619.77290902799
UNSW_2018_IoT_Botnet_Final_10_Best,6q_5k,QWE,full,0,L0,baseline_unoptimized,0.05,6,14,11264,2,0.09533333333333334,0.016594846824913773,0.0,613.6499075992033,3.561561784008518,617.2114693832118
UNSW_2018_IoT_Botnet_Final_10_Best,6q_5k,QWE,full,0,L0,baseline_unoptimized,0.05,6,15,12288,0,0.09533333333333334,0.016594846824913773,0.0,613.6584379058331,4.60348252998665,618.2619204358198
UNSW_2018_IoT_Botnet_Final_10_Best,6q_5k,QWE,full,0,L0,baseline_unoptimized,0.05,6,16,13312,1,0.09533333333333334,0.016594846824913773,0.0,614.632229229901,4.739824954653159,619.3720541845541
UNSW_2018_IoT_Botnet_Final_10_Best,6q_5k,QWE,full,0,L0,baseline_unoptimized,0.05,6,17,14336,2,0.09533333333333334,0.016594846824913773,0.0,592.2481621259358,4.465324434218928,596.7134865601547
UNSW_2018_IoT_Botnet_Final_10_Best,6q_5k,QWE,full,0,L0,baseline_unoptimized,0.05,6,18,15360,0,0.09533333333333334,0.016594846824913773,0.0,594.7396575557068,4.017420279793441,598.7570778355002
UNSW_2018_IoT_Botnet_Final_10_Best,6q_5k,QWE,full,0,L0,baseline_unoptimized,0.05,6,19,16384,1,0.09533333333333334,0.016594846824913773,0.0,606.9317361419089,4.139366679126397,611.0711028210353
UNSW_2018_IoT_Botnet_Final_10_Best,6q_5k,QWE,full,0,L0,baseline_unoptimized,0.05,6,20,17408,2,0.09533333333333334,0.016594846824913773,0.0,582.6330429208465,5.471766328206286,588.1048092490528
UNSW_2018_IoT_Botnet_Final_10_Best,6q_5k,QWE,full,0,L0,baseline_unoptimized,0.05,6,21,18432,0,0.09533333333333334,0.016594846824913773,0.0,576.3444513140712,4.624940610025078,580.9693919240963
UNSW_2018_IoT_Botnet_Final_10_Best,6q_5k,QWE,full,0,L0,baseline_unoptimized,0.05,6,22,19456,1,0.09533333333333334,0.016594846824913773,0.0,616.4646005597897,3.352487094933167,619.8170876547229
UNSW_2018_IoT_Botnet_Final_10_Best,6q_5k,QWE,full,0,L0,baseline_unoptimized,0.05,6,23,20480,2,0.09533333333333334,0.016594846824913773,0.0,610.9883600522298,4.984441072214395,615.9728011244442
UNSW_2018_IoT_Botnet_Final_10_Best,6q_5k,QWE,full,0,L0,baseline_unoptimized,0.05,6,24,21504,0,0.09533333333333334,0.016594846824913773,0.0,612.272123074159,1.8164136379491538,614.0885367121082
UNSW_2018_IoT_Botnet_Final_10_Best,6q_5k,QWE,full,0,L0,baseline_unoptimized,0.05,6,25,22528,1,0.09533333333333334,0.016594846824913773,0.0,607.293653889792,5.0129588230047375,612.3066127127968
UNSW_2018_IoT_Botnet_Final_10_Best,6q_5k,QWE,full,0,L0,baseline_unoptimized,0.05,6,26,23552,2,0.09533333333333334,0.016594846824913773,0.0,563.3553956069518,4.437142343027517,567.7925379499793
UNSW_2018_IoT_Botnet_Final_10_Best,6q_5k,QWE,full,0,L0,baseline_unoptimized,0.05,6,27,24576,0,0.09533333333333334,0.016594846824913773,0.0,595.9465583830606,5.838204062078148,601.7847624451388
UNSW_2018_IoT_Botnet_Final_10_Best,6q_5k,QWE,full,0,L0,baseline_unoptimized,0.05,6,28,25600,1,0.09533333333333334,0.016594846824913773,0.0,568.5318830958568,3.9458889721427113,572.4777720679995
UNSW_2018_IoT_Botnet_Final_10_Best,6q_5k,QWE,full,0,L0,baseline_unoptimized,0.05,6,29,26624,2,0.09533333333333334,0.016594846824913773,0.0,605.8586090127937,3.533046387601644,609.3916554003954
UNSW_2018_IoT_Botnet_Final_10_Best,6q_5k,QWE,full,3,L3,qiskit_heavy,0.0,6,0,42,0,0.9966666666666667,0.9966400755284308,0.9805571131969575,841.3588167477865,5.184011085191742,846.5428278329782
UNSW_2018_IoT_Botnet_Final_10_Best,6q_5k,QWE,full,3,L3,qiskit_heavy,0.0,6,1,123,1,0.996,0.996,0.976810219993713,815.3237818640191,4.8661523796617985,820.1899342436809
UNSW_2018_IoT_Botnet_Final_10_Best,6q_5k,QWE,full,3,L3,qiskit_heavy,0.0,6,2,456,2,0.9973333333333333,0.9973163830309103,0.9844649139608554,841.6406953257974,5.063025526236743,846.7037208520342
UNSW_2018_IoT_Botnet_Final_10_Best,6q_5k,QWE,full,3,L3,qiskit_heavy,0.0,6,3,789,0,0.998,0.997990503452285,0.9883629768056863,836.4511245179456,5.46226627798751,841.9133907959331
UNSW_2018_IoT_Botnet_Final_10_Best,6q_5k,QWE,full,3,L3,qiskit_heavy,0.0,6,4,1024,1,0.9953333333333333,0.995340603358116,0.9730368435381365,836.9919007020071,4.781574963591993,841.7734756655991
UNSW_2018_IoT_Botnet_Final_10_Best,6q_5k,QWE,full,3,L3,qiskit_heavy,0.0,6,5,2048,2,0.9926666666666667,0.9926081661625477,0.9569943361344565,809.2232415250037,5.1546893052291125,814.3779308302328
UNSW_2018_IoT_Botnet_Final_10_Best,6q_5k,QWE,full,3,L3,qiskit_heavy,0.0,6,6,3072,0,0.996,0.9959615546218488,0.9766394448969591,816.488067425089,4.900354434037581,821.3884218591265
UNSW_2018_IoT_Botnet_Final_10_Best,6q_5k,QWE,full,3,L3,qiskit_heavy,0.0,6,7,4096,1,0.992,0.9918424257354161,0.952918654507307,834.6435137523804,4.007543219253421,838.6510569716338
UNSW_2018_IoT_Botnet_Final_10_Best,6q_5k,QWE,full,3,L3,qiskit_heavy,0.0,6,8,5120,2,0.9953333333333333,0.9952807936150397,0.9727117770954385,834.4098776422907,3.5313470361288637,837.9412246784195
UNSW_2018_IoT_Botnet_Final_10_Best,6q_5k,QWE,full,3,L3,qiskit_heavy,0.0,6,9,6144,0,0.9973333333333333,0.9973163830309103,0.9844649139608554,819.4141935238149,4.988839701283723,824.4030332250986
UNSW_2018_IoT_Botnet_Final_10_Best,6q_5k,QWE,full,3,L3,qiskit_heavy,0.0,6,10,7168,1,0.9993333333333333,0.9993343719083023,0.9961544826870722,839.7756422481034,4.546009076759219,844.3216513248626
UNSW_2018_IoT_Botnet_Final_10_Best,6q_5k,QWE,full,3,L3,qiskit_heavy,0.0,6,11,8192,2,0.9953333333333333,0.9952807936150397,0.9727117770954385,840.1262578431051,4.747792157810181,844.8740500009153
UNSW_2018_IoT_Botnet_Final_10_Best,6q_5k,QWE,full,3,L3,qiskit_heavy,0.0,6,12,9216,0,0.9946666666666667,0.9945977654320335,0.9687739754174306,840.021068689879,4.36328721512109,844.3843559050001
UNSW_2018_IoT_Botnet_Final_10_Best,6q_5k,QWE,full,3,L3,qiskit_heavy,0.0,6,13,10240,1,0.9966666666666667,0.9966400755284308,0.9805571131969575,822.934569060104,4.775406869826838,827.7099759299308
UNSW_2018_IoT_Botnet_Final_10_Best,6q_5k,QWE,full,3,L3,qiskit_heavy,0.0,6,14,11264,2,0.9946666666666667,0.9946995122365017,0.9695754135797602,841.2697925337125,3.644399812910706,844.9141923466232
UNSW_2018_IoT_Botnet_Final_10_Best,6q_5k,QWE,full,3,L3,qiskit_heavy,0.0,6,15,12288,0,0.996,0.9959615546218488,0.9766394448969591,802.5864500070456,4.758320858003572,807.3447708650492
UNSW_2018_IoT_Botnet_Final_10_Best,6q_5k,QWE,full,3,L3,qiskit_heavy,0.0,6,16,13312,1,0.9953333333333333,0.9952961057398029,0.9727028541761238,831.1058186988812,4.9361593255307525,836.041978024412
UNSW_2018_IoT_Botnet_Final_10_Best,6q_5k,QWE,full,3,L3,qiskit_heavy,0.0,6,17,14336,2,0.9933333333333333,0.9932247972929835,0.9608674205030172,831.6526757308748,4.586550697218627,836.2392264280934
UNSW_2018_IoT_Botnet_Final_10_Best,6q_5k,QWE,full,3,L3,qiskit_heavy,0.0,6,18,15360,0,0.9986666666666667,0.9986624627490026,0.99225142905928,831.7461858007591,4.8135830839164555,836.5597688846756
UNSW_2018_IoT_Botnet_Final_10_Best,6q_5k,QWE,full,3,L3,qiskit_heavy,0.0,6,19,16384,1,0.996,0.9959615546218488,0.9766394448969591,831.2791797521058,5.096351403277367,836.3755311553832
UNSW_2018_IoT_Botnet_Final_10_Best,6q_5k,QWE,full,3,L3,qiskit_heavy,0.0,6,20,17408,2,0.9953333333333333,0.9952807936150397,0.9727117770954385,803.8913741868455,4.920068210922182,808.8114423977677
UNSW_2018_IoT_Botnet_Final_10_Best,6q_5k,QWE,full,3,L3,qiskit_heavy,0.0,6,21,18432,0,0.9973333333333333,0.9973163830309103,0.9844649139608554,840.3246541779954,4.4226331962272525,844.7472873742227
UNSW_2018_IoT_Botnet_Final_10_Best,6q_5k,QWE,full,3,L3,qiskit_heavy,0.0,6,22,19456,1,0.9973333333333333,0.9973163830309103,0.9844649139608554,840.009616196854,4.892663249978796,844.9022794468328
UNSW_2018_IoT_Botnet_Final_10_Best,6q_5k,QWE,full,3,L3,qiskit_heavy,0.0,6,23,20480,2,0.9986666666666667,0.9986624627490026,0.99225142905928,811.4997569692787,4.790668256115168,816.2904252253938
UNSW_2018_IoT_Botnet_Final_10_Best,6q_5k,QWE,full,3,L3,qiskit_heavy,0.0,6,24,21504,0,0.996,0.9959615546218488,0.9766394448969591,813.5112980769482,4.847672502975911,818.3589705799241
UNSW_2018_IoT_Botnet_Final_10_Best,6q_5k,QWE,full,3,L3,qiskit_heavy,0.0,6,25,22528,1,0.9966666666666667,0.9966400755284308,0.9805571131969575,837.3078965335153,5.258106159977615,842.5660026934929
UNSW_2018_IoT_Botnet_Final_10_Best,6q_5k,QWE,full,3,L3,qiskit_heavy,0.0,6,26,23552,2,0.9986666666666667,0.9986624627490026,0.99225142905928,837.246675248025,5.2928878320381045,842.5395630800631
UNSW_2018_IoT_Botnet_Final_10_Best,6q_5k,QWE,full,3,L3,qiskit_heavy,0.0,6,27,24576,0,0.9946666666666667,0.9946327660618205,0.9688072542805272,812.0748146800324,4.636814069701359,816.7116287497338
UNSW_2018_IoT_Botnet_Final_10_Best,6q_5k,QWE,full,3,L3,qiskit_heavy,0.0,6,28,25600,1,0.996,0.9959615546218488,0.9766394448969591,838.9527745260857,4.400207152822986,843.3529816789087
UNSW_2018_IoT_Botnet_Final_10_Best,6q_5k,QWE,full,3,L3,qiskit_heavy,0.0,6,29,26624,2,0.998,0.997990503452285,0.9883629768056863,837.6821615633089,5.290565096307546,842.9727266596165
UNSW_2018_IoT_Botnet_Final_10_Best,6q_5k,QWE,full,3,L3,qiskit_heavy,0.0003,6,0,42,0,0.9966666666666667,0.9966400755284308,0.9805571131969575,631.3911600001156,3.374835101189092,634.7659951013047
UNSW_2018_IoT_Botnet_Final_10_Best,6q_5k,QWE,full,3,L3,qiskit_heavy,0.0003,6,1,123,1,0.996,0.996,0.976810219993713,627.7906188180204,4.135130790760741,631.9257496087812
UNSW_2018_IoT_Botnet_Final_10_Best,6q_5k,QWE,full,3,L3,qiskit_heavy,0.0003,6,2,456,2,0.9973333333333333,0.9973163830309103,0.9844649139608554,618.8135427015368,5.41046646842733,624.2240091699641
UNSW_2018_IoT_Botnet_Final_10_Best,6q_5k,QWE,full,3,L3,qiskit_heavy,0.0003,6,3,789,0,0.998,0.997990503452285,0.9883629768056863,606.3278790039476,4.428973032161593,610.7568520361092
UNSW_2018_IoT_Botnet_Final_10_Best,6q_5k,QWE,full,3,L3,qiskit_heavy,0.0003,6,4,1024,1,0.9946666666666667,0.9946832186168468,0.9693011272631611,629.6960547009949,3.5296367248520255,633.2256914258469
UNSW_2018_IoT_Botnet_Final_10_Best,6q_5k,QWE,full,3,L3,qiskit_heavy,0.0003,6,5,2048,2,0.9926666666666667,0.9926081661625477,0.9569943361344565,600.2651158599183,6.03347107488662,606.2985869348049
UNSW_2018_IoT_Botnet_Final_10_Best,6q_5k,QWE,full,3,L3,qiskit_heavy,0.0003,6,6,3072,0,0.996,0.9959615546218488,0.9766394448969591,634.5276424470358,4.587459234055132,639.1151016810909
UNSW_2018_IoT_Botnet_Final_10_Best,6q_5k,QWE,full,3,L3,qiskit_heavy,0.0003,6,7,4096,1,0.9933333333333333,0.9932247972929835,0.9608674205030172,596.4562917638104,4.419395447010174,600.8756872108206
UNSW_2018_IoT_Botnet_Final_10_Best,6q_5k,QWE,full,3,L3,qiskit_heavy,0.0003,6,8,5120,2,0.9953333333333333,0.9952807936150397,0.9727117770954385,634.0719270328991,3.575984942726791,637.6479119756259
UNSW_2018_IoT_Botnet_Final_10_Best,6q_5k,QWE,full,3,L3,qiskit_heavy,0.0003,6,9,6144,0,0.9973333333333333,0.9973163830309103,0.9844649139608554,615.9818958966061,4.029436262790114,620.0113321593963
UNSW_2018_IoT_Botnet_Final_10_Best,6q_5k,QWE,full,3,L3,qiskit_heavy,0.0003,6,10,7168,1,0.9993333333333333,0.9993343719083023,0.9961544826870722,637.5097236889414,4.287602880736813,641.7973265696783
UNSW_2018_IoT_Botnet_Final_10_Best,6q_5k,QWE,full,3,L3,qiskit_heavy,0.0003,6,11,8192,2,0.9953333333333333,0.9952807936150397,0.9727117770954385,631.146801579278,4.016957698855549,635.1637592781335
UNSW_2018_IoT_Botnet_Final_10_Best,6q_5k,QWE,full,3,L3,qiskit_heavy,0.0003,6,12,9216,0,0.994,0.9939124426101495,0.9648259030152229,632.021119054174,4.422294704942033,636.4434137591161
UNSW_2018_IoT_Botnet_Final_10_Best,6q_5k,QWE,full,3,L3,qiskit_heavy,0.0003,6,13,10240,1,0.9966666666666667,0.9966400755284308,0.9805571131969575,623.7521455409005,3.2287780039478093,626.9809235448483
UNSW_2018_IoT_Botnet_Final_10_Best,6q_5k,QWE,full,3,L3,qiskit_heavy,0.0003,6,14,11264,2,0.9946666666666667,0.9946995122365017,0.9695754135797602,626.9729991180357,4.586214428301901,631.5592135463376
UNSW_2018_IoT_Botnet_Final_10_Best,6q_5k,QWE,full,3,L3,qiskit_heavy,0.0003,6,15,12288,0,0.996,0.9959615546218488,0.9766394448969591,625.406911078142,4.576721812598407,629.9836328907404
UNSW_2018_IoT_Botnet_Final_10_Best,6q_5k,QWE,full,3,L3,qiskit_heavy,0.0003,6,16,13312,1,0.9953333333333333,0.9952961057398029,0.9727028541761238,633.0031773580704,3.4531149945687503,636.4562923526391
UNSW_2018_IoT_Botnet_Final_10_Best,6q_5k,QWE,full,3,L3,qiskit_heavy,0.0003,6,17,14336,2,0.9933333333333333,0.9932247972929835,0.9608674205030172,600.6612682426348,4.640075697330758,605.3013439399656
UNSW_2018_IoT_Botnet_Final_10_Best,6q_5k,QWE,full,3,L3,qiskit_heavy,0.0003,6,18,15360,0,0.9986666666666667,0.9986624627490026,0.99225142905928,617.5701252094004,5.167822990566492,622.7379481999669
UNSW_2018_IoT_Botnet_Final_10_Best,6q_5k,QWE,full,3,L3,qiskit_heavy,0.0003,6,19,16384,1,0.996,0.9959615546218488,0.9766394448969591,629.4213310612831,4.4864348019473255,633.9077658632305
UNSW_2018_IoT_Botnet_Final_10_Best,6q_5k,QWE,full,3,L3,qiskit_heavy,0.0003,6,20,17408,2,0.9953333333333333,0.9952807936150397,0.9727117770954385,625.1954657181632,5.0088989632204175,630.2043646813836
UNSW_2018_IoT_Botnet_Final_10_Best,6q_5k,QWE,full,3,L3,qiskit_heavy,0.0003,6,21,18432,0,0.998,0.997990503452285,0.9883629768056863,628.1871588681825,4.403294030809775,632.5904528989922
UNSW_2018_IoT_Botnet_Final_10_Best,6q_5k,QWE,full,3,L3,qiskit_heavy,0.0003,6,22,19456,1,0.9973333333333333,0.9973163830309103,0.9844649139608554,631.4162734029815,3.2920132731087506,634.7082866760902
UNSW_2018_IoT_Botnet_Final_10_Best,6q_5k,QWE,full,3,L3,qiskit_heavy,0.0003,6,23,20480,2,0.9986666666666667,0.9986624627490026,0.99225142905928,620.2988490550779,4.38505081855692,624.6838998736348
UNSW_2018_IoT_Botnet_Final_10_Best,6q_5k,QWE,full,3,L3,qiskit_heavy,0.0003,6,24,21504,0,0.9966666666666667,0.9966400755284308,0.9805571131969575,601.4807084400672,4.21441894909367,605.6951273891609
UNSW_2018_IoT_Botnet_Final_10_Best,6q_5k,QWE,full,3,L3,qiskit_heavy,0.0003,6,25,22528,1,0.9973333333333333,0.9973163830309103,0.9844649139608554,622.1262581322808,3.9956063739955425,626.1218645062763
UNSW_2018_IoT_Botnet_Final_10_Best,6q_5k,QWE,full,3,L3,qiskit_heavy,0.0003,6,26,23552,2,0.9986666666666667,0.9986624627490026,0.99225142905928,629.6911427488085,4.681727630784735,634.3728703795932
UNSW_2018_IoT_Botnet_Final_10_Best,6q_5k,QWE,full,3,L3,qiskit_heavy,0.0003,6,27,24576,0,0.9946666666666667,0.9946327660618205,0.9688072542805272,632.1446200469509,3.526019567856565,635.6706396148074
UNSW_2018_IoT_Botnet_Final_10_Best,6q_5k,QWE,full,3,L3,qiskit_heavy,0.0003,6,28,25600,1,0.996,0.9959615546218488,0.9766394448969591,615.74341461109,5.208423077128828,620.9518376882188
UNSW_2018_IoT_Botnet_Final_10_Best,6q_5k,QWE,full,3,L3,qiskit_heavy,0.0003,6,29,26624,2,0.9986666666666667,0.9986624627490026,0.99225142905928,633.642711265944,2.5619284147396684,636.2046396806836
UNSW_2018_IoT_Botnet_Final_10_Best,6q_5k,QWE,full,3,L3,qiskit_heavy,0.0005,6,0,42,0,0.9966666666666667,0.9966400755284308,0.9805571131969575,578.3220986048691,5.1575149251148105,583.4796135299839
UNSW_2018_IoT_Botnet_Final_10_Best,6q_5k,QWE,full,3,L3,qiskit_heavy,0.0005,6,1,123,1,0.996,0.996,0.976810219993713,623.349883917952,4.699950816808268,628.0498347347602
UNSW_2018_IoT_Botnet_Final_10_Best,6q_5k,QWE,full,3,L3,qiskit_heavy,0.0005,6,2,456,2,0.9973333333333333,0.9973163830309103,0.9844649139608554,631.5920091718435,3.7087072872091085,635.3007164590526
UNSW_2018_IoT_Botnet_Final_10_Best,6q_5k,QWE,full,3,L3,qiskit_heavy,0.0005,6,3,789,0,0.998,0.997990503452285,0.9883629768056863,627.137292989064,4.710406535072252,631.8476995241363
UNSW_2018_IoT_Botnet_Final_10_Best,6q_5k,QWE,full,3,L3,qiskit_heavy,0.0005,6,4,1024,1,0.9946666666666667,0.9946832186168468,0.9693011272631611,571.0629043378867,3.841062939958647,574.9039672778454
UNSW_2018_IoT_Botnet_Final_10_Best,6q_5k,QWE,full,3,L3,qiskit_heavy,0.0005,6,5,2048,2,0.9926666666666667,0.9926081661625477,0.9569943361344565,620.0830398050603,5.480998423183337,625.5640382282436
UNSW_2018_IoT_Botnet_Final_10_Best,6q_5k,QWE,full,3,L3,qiskit_heavy,0.0005,6,6,3072,0,0.996,0.9959615546218488,0.9766394448969591,574.5241314689629,4.4941646351944655,579.0182961041573
UNSW_2018_IoT_Botnet_Final_10_Best,6q_5k,QWE,full,3,L3,qiskit_heavy,0.0005,6,7,4096,1,0.9933333333333333,0.9932247972929835,0.9608674205030172,631.036362585146,4.118354800157249,635.1547173853032
UNSW_2018_IoT_Botnet_Final_10_Best,6q_5k,QWE,full,3,L3,qiskit_heavy,0.0005,6,8,5120,2,0.9953333333333333,0.9952807936150397,0.9727117770954385,632.1286376230419,4.337713526329026,636.4663511493709
UNSW_2018_IoT_Botnet_Final_10_Best,6q_5k,QWE,full,3,L3,qiskit_heavy,0.0005,6,9,6144,0,0.9973333333333333,0.9973163830309103,0.9844649139608554,619.3916900828481,5.319163070758805,624.7108531536069
UNSW_2018_IoT_Botnet_Final_10_Best,6q_5k,QWE,full,3,L3,qiskit_heavy,0.0005,6,10,7168,1,0.9993333333333333,0.9993343719083023,0.9961544826870722,589.0262603589799,4.620556093752384,593.6468164527323
UNSW_2018_IoT_Botnet_Final_10_Best,6q_5k,QWE,full,3,L3,qiskit_heavy,0.0005,6,11,8192,2,0.9953333333333333,0.9952807936150397,0.9727117770954385,629.7227048140485,4.35568637191318,634.0783911859617
UNSW_2018_IoT_Botnet_Final_10_Best,6q_5k,QWE,full,3,L3,qiskit_heavy,0.0005,6,12,9216,0,0.9946666666666667,0.9945977654320335,0.9687739754174306,603.2334594021086,3.4315907389391214,606.6650501410477
UNSW_2018_IoT_Botnet_Final_10_Best,6q_5k,QWE,full,3,L3,qiskit_heavy,0.0005,6,13,10240,1,0.9966666666666667,0.9966400755284308,0.9805571131969575,613.67975352332,4.186214403016493,617.8659679263365
UNSW_2018_IoT_Botnet_Final_10_Best,6q_5k,QWE,full,3,L3,qiskit_heavy,0.0005,6,14,11264,2,0.9946666666666667,0.9946995122365017,0.9695754135797602,630.8528359378688,4.698811477283016,635.5516474151518
UNSW_2018_IoT_Botnet_Final_10_Best,6q_5k,QWE,full,3,L3,qiskit_heavy,0.0005,6,15,12288,0,0.996,0.9959615546218488,0.9766394448969591,626.6396738090552,3.460033272858709,630.099707081914
UNSW_2018_IoT_Botnet_Final_10_Best,6q_5k,QWE,full,3,L3,qiskit_heavy,0.0005,6,16,13312,1,0.9953333333333333,0.9952961057398029,0.9727028541761238,631.8014691220596,3.6133125226479024,635.4147816447075
UNSW_2018_IoT_Botnet_Final_10_Best,6q_5k,QWE,full,3,L3,qiskit_heavy,0.0005,6,17,14336,2,0.9933333333333333,0.9932247972929835,0.9608674205030172,603.869589488022,3.536689710104838,607.4062791981269
UNSW_2018_IoT_Botnet_Final_10_Best,6q_5k,QWE,full,3,L3,qiskit_heavy,0.0005,6,18,15360,0,0.9986666666666667,0.9986624627490026,0.99225142905928,583.5871427298989,5.3000820588786155,588.8872247887775
UNSW_2018_IoT_Botnet_Final_10_Best,6q_5k,QWE,full,3,L3,qiskit_heavy,0.0005,6,19,16384,1,0.996,0.9959615546218488,0.9766394448969591,631.3079251439776,3.8949402442667633,635.2028653882444
UNSW_2018_IoT_Botnet_Final_10_Best,6q_5k,QWE,full,3,L3,qiskit_heavy,0.0005,6,20,17408,2,0.9953333333333333,0.9952807936150397,0.9727117770954385,599.5889404320624,3.4872532410081476,603.0761936730705
UNSW_2018_IoT_Botnet_Final_10_Best,6q_5k,QWE,full,3,L3,qiskit_heavy,0.0005,6,21,18432,0,0.998,0.997990503452285,0.9883629768056863,620.9800499449484,4.617023304803297,625.5970732497517
UNSW_2018_IoT_Botnet_Final_10_Best,6q_5k,QWE,full,3,L3,qiskit_heavy,0.0005,6,22,19456,1,0.9973333333333333,0.9973163830309103,0.9844649139608554,613.7852992669214,4.441870931070298,618.2271701979917
UNSW_2018_IoT_Botnet_Final_10_Best,6q_5k,QWE,full,3,L3,qiskit_heavy,0.0005,6,23,20480,2,0.9986666666666667,0.9986624627490026,0.99225142905928,630.5740360969212,3.377883531851694,633.9519196287729
UNSW_2018_IoT_Botnet_Final_10_Best,6q_5k,QWE,full,3,L3,qiskit_heavy,0.0005,6,24,21504,0,0.9966666666666667,0.9966400755284308,0.9805571131969575,628.8833657249343,3.849487909814343,632.7328536347486
UNSW_2018_IoT_Botnet_Final_10_Best,6q_5k,QWE,full,3,L3,qiskit_heavy,0.0005,6,25,22528,1,0.9973333333333333,0.9973163830309103,0.9844649139608554,622.6142945927568,3.8711686129681766,626.485463205725
UNSW_2018_IoT_Botnet_Final_10_Best,6q_5k,QWE,full,3,L3,qiskit_heavy,0.0005,6,26,23552,2,0.9986666666666667,0.9986624627490026,0.99225142905928,602.583249252988,5.36574804992415,607.9489973029122
UNSW_2018_IoT_Botnet_Final_10_Best,6q_5k,QWE,full,3,L3,qiskit_heavy,0.0005,6,27,24576,0,0.9946666666666667,0.9946327660618205,0.9688072542805272,568.5824992000125,3.687963314121589,572.2704625141341
UNSW_2018_IoT_Botnet_Final_10_Best,6q_5k,QWE,full,3,L3,qiskit_heavy,0.0005,6,28,25600,1,0.996,0.9959615546218488,0.9766394448969591,617.0300154131837,4.855262198019773,621.8852776112035
UNSW_2018_IoT_Botnet_Final_10_Best,6q_5k,QWE,full,3,L3,qiskit_heavy,0.0005,6,29,26624,2,0.9986666666666667,0.9986624627490026,0.99225142905928,627.8399970007595,4.725956610171124,632.5659536109306
UNSW_2018_IoT_Botnet_Final_10_Best,6q_5k,QWE,full,3,L3,qiskit_heavy,0.001,6,0,42,0,0.9966666666666667,0.9966400755284308,0.9805571131969575,588.9431904663797,4.958907813765109,593.9020982801449
UNSW_2018_IoT_Botnet_Final_10_Best,6q_5k,QWE,full,3,L3,qiskit_heavy,0.001,6,1,123,1,0.996,0.996,0.976810219993713,632.1056100490969,3.7617569263093174,635.8673669754062
UNSW_2018_IoT_Botnet_Final_10_Best,6q_5k,QWE,full,3,L3,qiskit_heavy,0.001,6,2,456,2,0.9973333333333333,0.9973163830309103,0.9844649139608554,631.6365161428694,3.60092198709026,635.2374381299596
UNSW_2018_IoT_Botnet_Final_10_Best,6q_5k,QWE,full,3,L3,qiskit_heavy,0.001,6,3,789,0,0.998,0.997990503452285,0.9883629768056863,627.8205460829195,4.4230953773949295,632.2436414603144
UNSW_2018_IoT_Botnet_Final_10_Best,6q_5k,QWE,full,3,L3,qiskit_heavy,0.001,6,4,1024,1,0.9946666666666667,0.9946832186168468,0.9693011272631611,596.1122287251055,4.392182537121698,600.5044112622272
UNSW_2018_IoT_Botnet_Final_10_Best,6q_5k,QWE,full,3,L3,qiskit_heavy,0.001,6,5,2048,2,0.9926666666666667,0.9926081661625477,0.9569943361344565,621.6712625790387,4.930005786940455,626.6012683659792
UNSW_2018_IoT_Botnet_Final_10_Best,6q_5k,QWE,full,3,L3,qiskit_heavy,0.001,6,6,3072,0,0.996,0.9959615546218488,0.9766394448969591,622.0668558732141,3.1534603452309966,625.2203162184451
UNSW_2018_IoT_Botnet_Final_10_Best,6q_5k,QWE,full,3,L3,qiskit_heavy,0.001,6,7,4096,1,0.9933333333333333,0.9932247972929835,0.9608674205030172,626.2733783358708,2.780486571835354,629.0538649077062
UNSW_2018_IoT_Botnet_Final_10_Best,6q_5k,QWE,full,3,L3,qiskit_heavy,0.001,6,8,5120,2,0.9953333333333333,0.9952807936150397,0.9727117770954385,597.5742057901807,6.438290900085121,604.0124966902658
UNSW_2018_IoT_Botnet_Final_10_Best,6q_5k,QWE,full,3,L3,qiskit_heavy,0.001,6,9,6144,0,0.9973333333333333,0.9973163830309103,0.9844649139608554,554.2876730156131,3.9205240530427545,558.2081970686559
UNSW_2018_IoT_Botnet_Final_10_Best,6q_5k,QWE,full,3,L3,qiskit_heavy,0.001,6,10,7168,1,0.9993333333333333,0.9993343719083023,0.9961544826870722,625.7850555889308,4.786416926188394,630.5714725151192
UNSW_2018_IoT_Botnet_Final_10_Best,6q_5k,QWE,full,3,L3,qiskit_heavy,0.001,6,11,8192,2,0.9953333333333333,0.9952807936150397,0.9727117770954385,627.7953610708937,3.0760639042127877,630.8714249751065
UNSW_2018_IoT_Botnet_Final_10_Best,6q_5k,QWE,full,3,L3,qiskit_heavy,0.001,6,12,9216,0,0.9946666666666667,0.9945977654320335,0.9687739754174306,633.234771230258,2.3734192640986294,635.6081904943567
UNSW_2018_IoT_Botnet_Final_10_Best,6q_5k,QWE,full,3,L3,qiskit_heavy,0.001,6,13,10240,1,0.9966666666666667,0.9966400755284308,0.9805571131969575,609.4303126840387,4.600781233981252,614.0310939180199
UNSW_2018_IoT_Botnet_Final_10_Best,6q_5k,QWE,full,3,L3,qiskit_heavy,0.001,6,14,11264,2,0.9946666666666667,0.9946995122365017,0.9695754135797602,622.1280679919291,3.2224870519712567,625.3505550439004
UNSW_2018_IoT_Botnet_Final_10_Best,6q_5k,QWE,full,3,L3,qiskit_heavy,0.001,6,15,12288,0,0.996,0.9959615546218488,0.9766394448969591,620.9371763006784,5.089789951220155,626.0269662518986
UNSW_2018_IoT_Botnet_Final_10_Best,6q_5k,QWE,full,3,L3,qiskit_heavy,0.001,6,16,13312,1,0.9953333333333333,0.9952961057398029,0.9727028541761238,601.4644668982364,4.801995275774971,606.2664621740114
UNSW_2018_IoT_Botnet_Final_10_Best,6q_5k,QWE,full,3,L3,qiskit_heavy,0.001,6,17,14336,2,0.9933333333333333,0.9932247972929835,0.9608674205030172,634.2407382330857,3.4520446681417525,637.6927829012275
UNSW_2018_IoT_Botnet_Final_10_Best,6q_5k,QWE,full,3,L3,qiskit_heavy,0.001,6,18,15360,0,0.9986666666666667,0.9986624627490026,0.99225142905928,564.395164381247,4.84688467765227,569.2420490588993
UNSW_2018_IoT_Botnet_Final_10_Best,6q_5k,QWE,full,3,L3,qiskit_heavy,0.001,6,19,16384,1,0.996,0.9959615546218488,0.9766394448969591,618.2500223258976,4.321083815069869,622.5711061409675
UNSW_2018_IoT_Botnet_Final_10_Best,6q_5k,QWE,full,3,L3,qiskit_heavy,0.001,6,20,17408,2,0.9953333333333333,0.9952807936150397,0.9727117770954385,625.6588423128705,3.7526686401106417,629.4115109529812
UNSW_2018_IoT_Botnet_Final_10_Best,6q_5k,QWE,full,3,L3,qiskit_heavy,0.001,6,21,18432,0,0.998,0.997990503452285,0.9883629768056863,599.8059259932488,4.39732880005613,604.203254793305
UNSW_2018_IoT_Botnet_Final_10_Best,6q_5k,QWE,full,3,L3,qiskit_heavy,0.001,6,22,19456,1,0.9966666666666667,0.9966508390871419,0.9805592897585838,626.9114420090336,4.423842186341062,631.3352841953747
UNSW_2018_IoT_Botnet_Final_10_Best,6q_5k,QWE,full,3,L3,qiskit_heavy,0.001,6,23,20480,2,0.9986666666666667,0.9986624627490026,0.99225142905928,631.0491583487019,3.3648831639438868,634.4140415126458
UNSW_2018_IoT_Botnet_Final_10_Best,6q_5k,QWE,full,3,L3,qiskit_heavy,0.001,6,24,21504,0,0.9966666666666667,0.9966400755284308,0.9805571131969575,622.5865979930386,3.761957000941038,626.3485549939796
UNSW_2018_IoT_Botnet_Final_10_Best,6q_5k,QWE,full,3,L3,qiskit_heavy,0.001,6,25,22528,1,0.9973333333333333,0.9973163830309103,0.9844649139608554,628.4112840748858,4.131611010991037,632.5428950858768
UNSW_2018_IoT_Botnet_Final_10_Best,6q_5k,QWE,full,3,L3,qiskit_heavy,0.001,6,26,23552,2,0.9986666666666667,0.9986624627490026,0.99225142905928,597.4426290709525,6.322028857190162,603.7646579281427
UNSW_2018_IoT_Botnet_Final_10_Best,6q_5k,QWE,full,3,L3,qiskit_heavy,0.001,6,27,24576,0,0.9946666666666667,0.9946327660618205,0.9688072542805272,629.2731257728301,3.3102097620721906,632.5833355349023
UNSW_2018_IoT_Botnet_Final_10_Best,6q_5k,QWE,full,3,L3,qiskit_heavy,0.001,6,28,25600,1,0.996,0.9959615546218488,0.9766394448969591,569.0718895168975,4.804572538007051,573.8764620549046
UNSW_2018_IoT_Botnet_Final_10_Best,6q_5k,QWE,full,3,L3,qiskit_heavy,0.001,6,29,26624,2,0.9986666666666667,0.9986624627490026,0.99225142905928,623.3704622462392,4.080776737770066,627.4512389840093
UNSW_2018_IoT_Botnet_Final_10_Best,6q_5k,QWE,full,3,L3,qiskit_heavy,0.002,6,0,42,0,0.9966666666666667,0.9966400755284308,0.9805571131969575,621.5354255689308,3.203461084747687,624.7388866536785
UNSW_2018_IoT_Botnet_Final_10_Best,6q_5k,QWE,full,3,L3,qiskit_heavy,0.002,6,1,123,1,0.9953333333333333,0.995340603358116,0.9730368435381365,612.3879840087611,4.85619497182779,617.2441789805889
UNSW_2018_IoT_Botnet_Final_10_Best,6q_5k,QWE,full,3,L3,qiskit_heavy,0.002,6,2,456,2,0.9973333333333333,0.9973163830309103,0.9844649139608554,633.6996219919529,4.473026716848835,638.1726487088017
UNSW_2018_IoT_Botnet_Final_10_Best,6q_5k,QWE,full,3,L3,qiskit_heavy,0.002,6,3,789,0,0.998,0.997990503452285,0.9883629768056863,629.0350415187422,3.467043500393629,632.5020850191358
UNSW_2018_IoT_Botnet_Final_10_Best,6q_5k,QWE,full,3,L3,qiskit_heavy,0.002,6,4,1024,1,0.994,0.9940278220603231,0.9656024284882216,617.8801782790106,4.010239146184176,621.8904174251948
UNSW_2018_IoT_Botnet_Final_10_Best,6q_5k,QWE,full,3,L3,qiskit_heavy,0.002,6,5,2048,2,0.9926666666666667,0.9926081661625477,0.9569943361344565,628.1981503339484,2.642781712114811,630.8409320460632
UNSW_2018_IoT_Botnet_Final_10_Best,6q_5k,QWE,full,3,L3,qiskit_heavy,0.002,6,6,3072,0,0.996,0.9959615546218488,0.9766394448969591,629.2999080389272,3.519030372845009,632.8189384117723
UNSW_2018_IoT_Botnet_Final_10_Best,6q_5k,QWE,full,3,L3,qiskit_heavy,0.002,6,7,4096,1,0.9933333333333333,0.9932247972929835,0.9608674205030172,623.8230388821103,4.517674859147519,628.3407137412578
UNSW_2018_IoT_Botnet_Final_10_Best,6q_5k,QWE,full,3,L3,qiskit_heavy,0.002,6,8,5120,2,0.9953333333333333,0.9952807936150397,0.9727117770954385,612.1369505287148,4.35845813783817,616.495408666553
UNSW_2018_IoT_Botnet_Final_10_Best,6q_5k,QWE,full,3,L3,qiskit_heavy,0.002,6,9,6144,0,0.9973333333333333,0.9973163830309103,0.9844649139608554,630.3352652518079,4.480819394811988,634.8160846466199
UNSW_2018_IoT_Botnet_Final_10_Best,6q_5k,QWE,full,3,L3,qiskit_heavy,0.002,6,10,7168,1,0.9993333333333333,0.9993343719083023,0.9961544826870722,620.563987408299,5.892055175732821,626.4560425840318
UNSW_2018_IoT_Botnet_Final_10_Best,6q_5k,QWE,full,3,L3,qiskit_heavy,0.002,6,11,8192,2,0.996,0.9959615546218488,0.9766394448969591,632.5006799330004,3.723371531115845,636.2240514641162
UNSW_2018_IoT_Botnet_Final_10_Best,6q_5k,QWE,full,3,L3,qiskit_heavy,0.002,6,12,9216,0,0.9946666666666667,0.9945977654320335,0.9687739754174306,609.8455165671185,4.7228532552253455,614.5683698223438
UNSW_2018_IoT_Botnet_Final_10_Best,6q_5k,QWE,full,3,L3,qiskit_heavy,0.002,6,13,10240,1,0.9966666666666667,0.9966400755284308,0.9805571131969575,628.6132700268645,3.7323205061256886,632.3455905329902
UNSW_2018_IoT_Botnet_Final_10_Best,6q_5k,QWE,full,3,L3,qiskit_heavy,0.002,6,14,11264,2,0.9946666666666667,0.9946995122365017,0.9695754135797602,607.4859167360701,4.245292718755081,611.7312094548251
UNSW_2018_IoT_Botnet_Final_10_Best,6q_5k,QWE,full,3,L3,qiskit_heavy,0.002,6,15,12288,0,0.996,0.9959615546218488,0.9766394448969591,632.492562139174,3.878407291835174,636.3709694310091
UNSW_2018_IoT_Botnet_Final_10_Best,6q_5k,QWE,full,3,L3,qiskit_heavy,0.002,6,16,13312,1,0.9953333333333333,0.9952961057398029,0.9727028541761238,572.1189687219448,5.257095825159922,577.3760645471048
UNSW_2018_IoT_Botnet_Final_10_Best,6q_5k,QWE,full,3,L3,qiskit_heavy,0.002,6,17,14336,2,0.9933333333333333,0.9932247972929835,0.9608674205030172,629.1969202039763,3.883070074953139,633.0799902789295
UNSW_2018_IoT_Botnet_Final_10_Best,6q_5k,QWE,full,3,L3,qiskit_heavy,0.002,6,18,15360,0,0.9986666666666667,0.9986624627490026,0.99225142905928,618.2123596780002,3.1571114966645837,621.3694711746648
UNSW_2018_IoT_Botnet_Final_10_Best,6q_5k,QWE,full,3,L3,qiskit_heavy,0.002,6,19,16384,1,0.9966666666666667,0.9966400755284308,0.9805571131969575,624.2551607117057,3.4428170290775597,627.6979777407832
UNSW_2018_IoT_Botnet_Final_10_Best,6q_5k,QWE,full,3,L3,qiskit_heavy,0.002,6,20,17408,2,0.9953333333333333,0.9952807936150397,0.9727117770954385,575.4865925500635,5.463851313106716,580.9504438631702
UNSW_2018_IoT_Botnet_Final_10_Best,6q_5k,QWE,full,3,L3,qiskit_heavy,0.002,6,21,18432,0,0.998,0.997990503452285,0.9883629768056863,639.0924150294159,3.5437117968685925,642.6361268262845
UNSW_2018_IoT_Botnet_Final_10_Best,6q_5k,QWE,full,3,L3,qiskit_heavy,0.002,6,22,19456,1,0.9966666666666667,0.9966508390871419,0.9805592897585838,638.6228621012997,3.769444048870355,642.39230615017
UNSW_2018_IoT_Botnet_Final_10_Best,6q_5k,QWE,full,3,L3,qiskit_heavy,0.002,6,23,20480,2,0.9986666666666667,0.9986624627490026,0.99225142905928,624.662807470886,6.116994499694556,630.7798019705806
UNSW_2018_IoT_Botnet_Final_10_Best,6q_5k,QWE,full,3,L3,qiskit_heavy,0.002,6,24,21504,0,0.9966666666666667,0.9966400755284308,0.9805571131969575,631.1626265395898,4.297768082935363,635.4603946225252
UNSW_2018_IoT_Botnet_Final_10_Best,6q_5k,QWE,full,3,L3,qiskit_heavy,0.002,6,25,22528,1,0.9973333333333333,0.9973163830309103,0.9844649139608554,572.4958227749448,4.78754273802042,577.2833655129652
UNSW_2018_IoT_Botnet_Final_10_Best,6q_5k,QWE,full,3,L3,qiskit_heavy,0.002,6,26,23552,2,0.9986666666666667,0.9986624627490026,0.99225142905928,628.5823775657918,5.8009129541460425,634.3832905199379
UNSW_2018_IoT_Botnet_Final_10_Best,6q_5k,QWE,full,3,L3,qiskit_heavy,0.002,6,27,24576,0,0.9946666666666667,0.9946327660618205,0.9688072542805272,634.2644416640978,3.13106745807454,637.3955091221724
UNSW_2018_IoT_Botnet_Final_10_Best,6q_5k,QWE,full,3,L3,qiskit_heavy,0.002,6,28,25600,1,0.996,0.9959615546218488,0.9766394448969591,624.9733346658759,4.574419165728614,629.5477538316045
UNSW_2018_IoT_Botnet_Final_10_Best,6q_5k,QWE,full,3,L3,qiskit_heavy,0.002,6,29,26624,2,0.9986666666666667,0.9986624627490026,0.99225142905928,631.2619418050162,5.0138395561371,636.2757813611533
UNSW_2018_IoT_Botnet_Final_10_Best,6q_5k,QWE,full,3,L3,qiskit_heavy,0.005,6,0,42,0,0.9966666666666667,0.9966400755284308,0.9805571131969575,635.6675772087183,2.630958699155599,638.2985359078739
UNSW_2018_IoT_Botnet_Final_10_Best,6q_5k,QWE,full,3,L3,qiskit_heavy,0.005,6,1,123,1,0.9953333333333333,0.9953549727135846,0.9732609961997113,624.8726792798843,4.968840766930953,629.8415200468153
UNSW_2018_IoT_Botnet_Final_10_Best,6q_5k,QWE,full,3,L3,qiskit_heavy,0.005,6,2,456,2,0.9973333333333333,0.9973163830309103,0.9844649139608554,599.1791960590053,3.673064971109852,602.8522610301152
UNSW_2018_IoT_Botnet_Final_10_Best,6q_5k,QWE,full,3,L3,qiskit_heavy,0.005,6,3,789,0,0.998,0.997990503452285,0.9883629768056863,626.9070645130705,4.1035971629898995,631.0106616760604
UNSW_2018_IoT_Botnet_Final_10_Best,6q_5k,QWE,full,3,L3,qiskit_heavy,0.005,6,4,1024,1,0.994,0.9940278220603231,0.9656024284882216,634.8758381060325,2.249251759145409,637.1250898651779
UNSW_2018_IoT_Botnet_Final_10_Best,6q_5k,QWE,full,3,L3,qiskit_heavy,0.005,6,5,2048,2,0.992,0.9919491490927309,0.9531495946001989,610.8475793229882,4.598232249729335,615.4458115727175
UNSW_2018_IoT_Botnet_Final_10_Best,6q_5k,QWE,full,3,L3,qiskit_heavy,0.005,6,6,3072,0,0.996,0.9959615546218488,0.9766394448969591,626.1277544007171,4.343174562091008,630.4709289628081
UNSW_2018_IoT_Botnet_Final_10_Best,6q_5k,QWE,full,3,L3,qiskit_heavy,0.005,6,7,4096,1,0.9933333333333333,0.9932247972929835,0.9608674205030172,632.1877708949614,4.736000914126635,636.9237718090881
UNSW_2018_IoT_Botnet_Final_10_Best,6q_5k,QWE,full,3,L3,qiskit_heavy,0.005,6,8,5120,2,0.9953333333333333,0.9952807936150397,0.9727117770954385,594.9647868878674,4.18571602832526,599.1505029161926
UNSW_2018_IoT_Botnet_Final_10_Best,6q_5k,QWE,full,3,L3,qiskit_heavy,0.005,6,9,6144,0,0.9946666666666667,0.9945977654320335,0.9687739754174306,616.2599317068234,5.276816196041182,621.5367479028646
UNSW_2018_IoT_Botnet_Final_10_Best,6q_5k,QWE,full,3,L3,qiskit_heavy,0.005,6,10,7168,1,0.9993333333333333,0.9993343719083023,0.9961544826870722,637.0849534808658,3.784076752141118,640.8690302330069
UNSW_2018_IoT_Botnet_Final_10_Best,6q_5k,QWE,full,3,L3,qiskit_heavy,0.005,6,11,8192,2,0.9953333333333333,0.9952961057398029,0.9727028541761238,621.3816794080194,4.126627775141969,625.5083071831614
UNSW_2018_IoT_Botnet_Final_10_Best,6q_5k,QWE,full,3,L3,qiskit_heavy,0.005,6,12,9216,0,0.994,0.9939124426101495,0.9648259030152229,640.7281268162187,1.9855933706276119,642.7137201868463
UNSW_2018_IoT_Botnet_Final_10_Best,6q_5k,QWE,full,3,L3,qiskit_heavy,0.005,6,13,10240,1,0.9966666666666667,0.9966400755284308,0.9805571131969575,603.3314577331766,3.9663722899276763,607.2978300231043
UNSW_2018_IoT_Botnet_Final_10_Best,6q_5k,QWE,full,3,L3,qiskit_heavy,0.005,6,14,11264,2,0.9933333333333333,0.9933944409596461,0.9623117253801959,636.1754095966462,3.441854007774964,639.6172636044212
UNSW_2018_IoT_Botnet_Final_10_Best,6q_5k,QWE,full,3,L3,qiskit_heavy,0.005,6,15,12288,0,0.996,0.9959615546218488,0.9766394448969591,573.8602144359611,3.562590257031843,577.4228046929929
UNSW_2018_IoT_Botnet_Final_10_Best,6q_5k,QWE,full,3,L3,qiskit_heavy,0.005,6,16,13312,1,0.9946666666666667,0.994615406162465,0.968759465082397,616.8528443148825,5.50665321201086,622.3594975268934
UNSW_2018_IoT_Botnet_Final_10_Best,6q_5k,QWE,full,3,L3,qiskit_heavy,0.005,6,17,14336,2,0.9926666666666667,0.9925596520790714,0.9568669568404804,629.3622468404938,3.9858941298443824,633.3481409703381
UNSW_2018_IoT_Botnet_Final_10_Best,6q_5k,QWE,full,3,L3,qiskit_heavy,0.005,6,18,15360,0,0.998,0.997990503452285,0.9883629768056863,623.7280597011559,5.060315034119412,628.7883747352753
UNSW_2018_IoT_Botnet_Final_10_Best,6q_5k,QWE,full,3,L3,qiskit_heavy,0.005,6,19,16384,1,0.9953333333333333,0.9952961057398029,0.9727028541761238,629.079420388909,4.350399781949818,633.4298201708589
UNSW_2018_IoT_Botnet_Final_10_Best,6q_5k,QWE,full,3,L3,qiskit_heavy,0.005,6,20,17408,2,0.996,0.9959615546218488,0.9766394448969591,614.5743546448648,2.5392970270477235,617.1136516719125
UNSW_2018_IoT_Botnet_Final_10_Best,6q_5k,QWE,full,3,L3,qiskit_heavy,0.005,6,21,18432,0,0.998,0.997990503452285,0.9883629768056863,632.6006898682099,2.3534683405887336,634.9541582087986
UNSW_2018_IoT_Botnet_Final_10_Best,6q_5k,QWE,full,3,L3,qiskit_heavy,0.005,6,22,19456,1,0.9966666666666667,0.9966508390871419,0.9805592897585838,620.903147343779,4.164210386108607,625.0673577298876
UNSW_2018_IoT_Botnet_Final_10_Best,6q_5k,QWE,full,3,L3,qiskit_heavy,0.005,6,23,20480,2,0.9986666666666667,0.9986624627490026,0.99225142905928,600.1020640581846,4.624432219890878,604.7264962780755
UNSW_2018_IoT_Botnet_Final_10_Best,6q_5k,QWE,full,3,L3,qiskit_heavy,0.005,6,24,21504,0,0.9966666666666667,0.9966400755284308,0.9805571131969575,625.5163955881726,3.868733322247863,629.3851289104205
UNSW_2018_IoT_Botnet_Final_10_Best,6q_5k,QWE,full,3,L3,qiskit_heavy,0.005,6,25,22528,1,0.9973333333333333,0.9973163830309103,0.9844649139608554,628.8579726021271,4.282191711245105,633.1401643133722
UNSW_2018_IoT_Botnet_Final_10_Best,6q_5k,QWE,full,3,L3,qiskit_heavy,0.005,6,26,23552,2,0.9993333333333333,0.9993322865173985,0.9961303958175565,590.0546752349474,5.022108493139967,595.0767837280873
UNSW_2018_IoT_Botnet_Final_10_Best,6q_5k,QWE,full,3,L3,qiskit_heavy,0.005,6,27,24576,0,0.9946666666666667,0.9946327660618205,0.9688072542805272,626.3504207250662,3.1718024041038007,629.52222312917
UNSW_2018_IoT_Botnet_Final_10_Best,6q_5k,QWE,full,3,L3,qiskit_heavy,0.005,6,28,25600,1,0.996,0.9959615546218488,0.9766394448969591,590.7487275493331,4.177934997016564,594.9266625463497
UNSW_2018_IoT_Botnet_Final_10_Best,6q_5k,QWE,full,3,L3,qiskit_heavy,0.005,6,29,26624,2,0.9986666666666667,0.9986624627490026,0.99225142905928,633.3279357347637,4.428979488089681,637.7569152228534
UNSW_2018_IoT_Botnet_Final_10_Best,6q_5k,QWE,full,3,L3,qiskit_heavy,0.008,6,0,42,0,0.9966666666666667,0.9966400755284308,0.9805571131969575,628.6714187231846,3.217865231912583,631.8892839550972
UNSW_2018_IoT_Botnet_Final_10_Best,6q_5k,QWE,full,3,L3,qiskit_heavy,0.008,6,1,123,1,0.994,0.9940278220603231,0.9656024284882216,634.533307813108,2.1568723230157048,636.6901801361237
UNSW_2018_IoT_Botnet_Final_10_Best,6q_5k,QWE,full,3,L3,qiskit_heavy,0.008,6,2,456,2,0.9953333333333333,0.9952807936150397,0.9727117770954385,622.586060624104,2.4340583190787584,625.0201189431828
UNSW_2018_IoT_Botnet_Final_10_Best,6q_5k,QWE,full,3,L3,qiskit_heavy,0.008,6,3,789,0,0.996,0.9959745745463654,0.9766360841206913,620.7864173820708,3.9082460119388998,624.6946633940097
UNSW_2018_IoT_Botnet_Final_10_Best,6q_5k,QWE,full,3,L3,qiskit_heavy,0.008,6,4,1024,1,0.9926666666666667,0.9927006714070616,0.9579438607767321,570.7217681549955,4.123540919041261,574.8453090740368
UNSW_2018_IoT_Botnet_Final_10_Best,6q_5k,QWE,full,3,L3,qiskit_heavy,0.008,6,5,2048,2,0.9886666666666667,0.9885012804858377,0.9329901183162528,632.0973697139416,3.1950747666414827,635.2924444805831
UNSW_2018_IoT_Botnet_Final_10_Best,6q_5k,QWE,full,3,L3,qiskit_heavy,0.008,6,6,3072,0,0.996,0.9959615546218488,0.9766394448969591,640.2182780089788,3.531151024159044,643.7494290331379
UNSW_2018_IoT_Botnet_Final_10_Best,6q_5k,QWE,full,3,L3,qiskit_heavy,0.008,6,7,4096,1,0.992,0.9918424257354161,0.952918654507307,612.2364287611563,5.177037418819964,617.4134661799762
UNSW_2018_IoT_Botnet_Final_10_Best,6q_5k,QWE,full,3,L3,qiskit_heavy,0.008,6,8,5120,2,0.996,0.9959615546218488,0.9766394448969591,619.2366617408115,3.9348332840017974,623.1714950248133
UNSW_2018_IoT_Botnet_Final_10_Best,6q_5k,QWE,full,3,L3,qiskit_heavy,0.008,6,9,6144,0,0.9946666666666667,0.9945977654320335,0.9687739754174306,639.0932071367279,3.8751956918276846,642.9684028285556
UNSW_2018_IoT_Botnet_Final_10_Best,6q_5k,QWE,full,3,L3,qiskit_heavy,0.008,6,10,7168,1,0.9986666666666667,0.9986666666666667,0.9922700733312376,634.7267584241927,4.199257542844862,638.9260159670375
UNSW_2018_IoT_Botnet_Final_10_Best,6q_5k,QWE,full,3,L3,qiskit_heavy,0.008,6,11,8192,2,0.996,0.9959615546218488,0.9766394448969591,637.7273764899,3.3073476899880916,641.0347241798881
UNSW_2018_IoT_Botnet_Final_10_Best,6q_5k,QWE,full,3,L3,qiskit_heavy,0.008,6,12,9216,0,0.9913333333333333,0.9911476417483018,0.9489280789420477,636.8840886421967,3.168906382052228,640.052995024249
UNSW_2018_IoT_Botnet_Final_10_Best,6q_5k,QWE,full,3,L3,qiskit_heavy,0.008,6,13,10240,1,0.996,0.9959615546218488,0.9766394448969591,617.1160902557895,4.957054536091164,622.0731447918806
UNSW_2018_IoT_Botnet_Final_10_Best,6q_5k,QWE,full,3,L3,qiskit_heavy,0.008,6,14,11264,2,0.992,0.9920733291515753,0.9547222368707855,615.345417674398,5.451734808972105,620.7971524833702
UNSW_2018_IoT_Botnet_Final_10_Best,6q_5k,QWE,full,3,L3,qiskit_heavy,0.008,6,15,12288,0,0.9946666666666667,0.9945977654320335,0.9687739754174306,622.3350239638239,5.533726742025465,627.8687507058494
UNSW_2018_IoT_Botnet_Final_10_Best,6q_5k,QWE,full,3,L3,qiskit_heavy,0.008,6,16,13312,1,0.9906666666666667,0.9904828300246521,0.9448779158901229,623.4903522683308,3.790183530189097,627.2805357985198
UNSW_2018_IoT_Botnet_Final_10_Best,6q_5k,QWE,full,3,L3,qiskit_heavy,0.008,6,17,14336,2,0.992,0.9918697567515801,0.9528815320673674,637.5167499331292,2.68765928898938,640.2044092221186
UNSW_2018_IoT_Botnet_Final_10_Best,6q_5k,QWE,full,3,L3,qiskit_heavy,0.008,6,18,15360,0,0.9973333333333333,0.9973163830309103,0.9844649139608554,633.9525814170483,4.176772042643279,638.1293534596916
UNSW_2018_IoT_Botnet_Final_10_Best,6q_5k,QWE,full,3,L3,qiskit_heavy,0.008,6,19,16384,1,0.9953333333333333,0.9952807936150397,0.9727117770954385,638.6992243300192,2.3615159429609776,641.0607402729802
UNSW_2018_IoT_Botnet_Final_10_Best,6q_5k,QWE,full,3,L3,qiskit_heavy,0.008,6,20,17408,2,0.9953333333333333,0.9952807936150397,0.9727117770954385,620.0624185425695,3.312596945092082,623.3750154876616
UNSW_2018_IoT_Botnet_Final_10_Best,6q_5k,QWE,full,3,L3,qiskit_heavy,0.008,6,21,18432,0,0.9973333333333333,0.9973163830309103,0.9844649139608554,630.9124416850973,3.7254912867210805,634.6379329718184
UNSW_2018_IoT_Botnet_Final_10_Best,6q_5k,QWE,full,3,L3,qiskit_heavy,0.008,6,22,19456,1,0.9966666666666667,0.9966400755284308,0.9805571131969575,638.4542467209976,2.81614658748731,641.2703933084849
UNSW_2018_IoT_Botnet_Final_10_Best,6q_5k,QWE,full,3,L3,qiskit_heavy,0.008,6,23,20480,2,0.9973333333333333,0.9973249254980052,0.9844726035127892,624.681440649787,4.257791121955961,628.9392317717429
UNSW_2018_IoT_Botnet_Final_10_Best,6q_5k,QWE,full,3,L3,qiskit_heavy,0.008,6,24,21504,0,0.9946666666666667,0.9945977654320335,0.9687739754174306,634.8882964262739,5.120005717035383,640.0083021433093
UNSW_2018_IoT_Botnet_Final_10_Best,6q_5k,QWE,full,3,L3,qiskit_heavy,0.008,6,25,22528,1,0.9966666666666667,0.9966400755284308,0.9805571131969575,627.058395863045,4.230751019902527,631.2891468829475
UNSW_2018_IoT_Botnet_Final_10_Best,6q_5k,QWE,full,3,L3,qiskit_heavy,0.008,6,26,23552,2,0.9973333333333333,0.9973163830309103,0.9844649139608554,637.933302853955,4.3140807470772415,642.2473836010322
UNSW_2018_IoT_Botnet_Final_10_Best,6q_5k,QWE,full,3,L3,qiskit_heavy,0.008,6,27,24576,0,0.9933333333333333,0.9932692577030812,0.9608794852678347,594.8109727406409,3.414132575970143,598.225105316611
UNSW_2018_IoT_Botnet_Final_10_Best,6q_5k,QWE,full,3,L3,qiskit_heavy,0.008,6,28,25600,1,0.9946666666666667,0.994615406162465,0.968759465082397,633.2542684571818,5.288522894028574,638.5427913512103
UNSW_2018_IoT_Botnet_Final_10_Best,6q_5k,QWE,full,3,L3,qiskit_heavy,0.008,6,29,26624,2,0.996,0.9959615546218488,0.9766394448969591,635.9109051949345,3.5590715291909873,639.4699767241254
UNSW_2018_IoT_Botnet_Final_10_Best,6q_5k,QWE,full,3,L3,qiskit_heavy,0.01,6,0,42,0,0.9953333333333333,0.9952961057398029,0.9727028541761238,633.5809606323019,2.360066925175488,635.9410275574774
UNSW_2018_IoT_Botnet_Final_10_Best,6q_5k,QWE,full,3,L3,qiskit_heavy,0.01,6,1,123,1,0.994,0.9940278220603231,0.9656024284882216,626.5216675417032,4.304093920858577,630.8257614625618
UNSW_2018_IoT_Botnet_Final_10_Best,6q_5k,QWE,full,3,L3,qiskit_heavy,0.01,6,2,456,2,0.9933333333333333,0.9932692577030812,0.9608794852678347,617.404856271809,4.665835001273081,622.070691273082
UNSW_2018_IoT_Botnet_Final_10_Best,6q_5k,QWE,full,3,L3,qiskit_heavy,0.01,6,3,789,0,0.996,0.9959615546218488,0.9766394448969591,632.0660744598135,4.02302257809788,636.0890970379114
UNSW_2018_IoT_Botnet_Final_10_Best,6q_5k,QWE,full,3,L3,qiskit_heavy,0.01,6,4,1024,1,0.9926666666666667,0.9927006714070616,0.9579438607767321,618.390664766077,3.9182413248345256,622.3089060909115
UNSW_2018_IoT_Botnet_Final_10_Best,6q_5k,QWE,full,3,L3,qiskit_heavy,0.01,6,5,2048,2,0.9893333333333333,0.9891955308640671,0.9370447041354383,576.7380566359498,5.206981630763039,581.9450382667128
UNSW_2018_IoT_Botnet_Final_10_Best,6q_5k,QWE,full,3,L3,qiskit_heavy,0.01,6,6,3072,0,0.9953333333333333,0.9952961057398029,0.9727028541761238,622.0855851192027,5.288971526082605,627.3745566452853
UNSW_2018_IoT_Botnet_Final_10_Best,6q_5k,QWE,full,3,L3,qiskit_heavy,0.01,6,7,4096,1,0.99,0.9897857404788099,0.9408594200314809,636.213987588184,3.073607452912256,639.2875950410962
UNSW_2018_IoT_Botnet_Final_10_Best,6q_5k,QWE,full,3,L3,qiskit_heavy,0.01,6,8,5120,2,0.992,0.9918966481480503,0.9529093397764344,606.6768291909248,5.014569020830095,611.6913982117549
UNSW_2018_IoT_Botnet_Final_10_Best,6q_5k,QWE,full,3,L3,qiskit_heavy,0.01,6,9,6144,0,0.9946666666666667,0.9945977654320335,0.9687739754174306,636.779170667287,3.1688735680654645,639.9480442353524
UNSW_2018_IoT_Botnet_Final_10_Best,6q_5k,QWE,full,3,L3,qiskit_heavy,0.01,6,10,7168,1,0.998,0.998003115724907,0.9884486029707603,592.2177075559739,4.151959683280438,596.3696672392543
UNSW_2018_IoT_Botnet_Final_10_Best,6q_5k,QWE,full,3,L3,qiskit_heavy,0.01,6,11,8192,2,0.994,0.9939324489336228,0.9648057795140351,634.6047804120462,3.6649699199479073,638.2697503319941
UNSW_2018_IoT_Botnet_Final_10_Best,6q_5k,QWE,full,3,L3,qiskit_heavy,0.01,6,12,9216,0,0.9933333333333333,0.9932247972929835,0.9608674205030172,634.9645184199326,3.763468357268721,638.7279867772013
UNSW_2018_IoT_Botnet_Final_10_Best,6q_5k,QWE,full,3,L3,qiskit_heavy,0.01,6,13,10240,1,0.996,0.9959615546218488,0.9766394448969591,633.049506561365,4.495173521107063,637.544680082472
UNSW_2018_IoT_Botnet_Final_10_Best,6q_5k,QWE,full,3,L3,qiskit_heavy,0.01,6,14,11264,2,0.992,0.9920492683547524,0.9543048260570449,579.1246084768791,4.5971107229124755,583.7217191997916
UNSW_2018_IoT_Botnet_Final_10_Best,6q_5k,QWE,full,3,L3,qiskit_heavy,0.01,6,15,12288,0,0.9933333333333333,0.9932692577030812,0.9608794852678347,627.2123934202828,4.48819666961208,631.7005900898948
UNSW_2018_IoT_Botnet_Final_10_Best,6q_5k,QWE,full,3,L3,qiskit_heavy,0.01,6,16,13312,1,0.9893333333333333,0.9891596756687735,0.9369097551960677,630.6925730779767,5.7757557798177,636.4683288577944
UNSW_2018_IoT_Botnet_Final_10_Best,6q_5k,QWE,full,3,L3,qiskit_heavy,0.01,6,17,14336,2,0.992,0.9918697567515801,0.9528815320673674,639.0314006339759,3.9239226789213717,642.9553233128972
UNSW_2018_IoT_Botnet_Final_10_Best,6q_5k,QWE,full,3,L3,qiskit_heavy,0.01,6,18,15360,0,0.9953333333333333,0.9952961057398029,0.9727028541761238,631.9553261992987,4.858795217238367,636.8141214165371
UNSW_2018_IoT_Botnet_Final_10_Best,6q_5k,QWE,full,3,L3,qiskit_heavy,0.01,6,19,16384,1,0.9946666666666667,0.9945977654320335,0.9687739754174306,637.1731196909677,5.384555330732837,642.5576750217006
UNSW_2018_IoT_Botnet_Final_10_Best,6q_5k,QWE,full,3,L3,qiskit_heavy,0.01,6,20,17408,2,0.994,0.9939124426101495,0.9648259030152229,634.5057233921252,5.073745902162045,639.5794692942873
UNSW_2018_IoT_Botnet_Final_10_Best,6q_5k,QWE,full,3,L3,qiskit_heavy,0.01,6,21,18432,0,0.9973333333333333,0.9973163830309103,0.9844649139608554,630.2014123371337,3.36723780608736,633.568650143221
UNSW_2018_IoT_Botnet_Final_10_Best,6q_5k,QWE,full,3,L3,qiskit_heavy,0.01,6,22,19456,1,0.994,0.9939124426101495,0.9648259030152229,615.6487553769257,4.48939837818034,620.138153755106
UNSW_2018_IoT_Botnet_Final_10_Best,6q_5k,QWE,full,3,L3,qiskit_heavy,0.01,6,23,20480,2,0.9953333333333333,0.9953260056217893,0.9728676747095873,606.2493414247874,4.679211721988395,610.9285531467758
UNSW_2018_IoT_Botnet_Final_10_Best,6q_5k,QWE,full,3,L3,qiskit_heavy,0.01,6,24,21504,0,0.9946666666666667,0.9945977654320335,0.9687739754174306,617.5062966370024,3.2106367852538824,620.7169334222563
UNSW_2018_IoT_Botnet_Final_10_Best,6q_5k,QWE,full,3,L3,qiskit_heavy,0.01,6,25,22528,1,0.996,0.9959745745463654,0.9766360841206913,614.1858656650875,4.18031235714443,618.3661780222319
UNSW_2018_IoT_Botnet_Final_10_Best,6q_5k,QWE,full,3,L3,qiskit_heavy,0.01,6,26,23552,2,0.996,0.9959615546218488,0.9766394448969591,635.6597207121085,2.9882383111398667,638.6479590232484
UNSW_2018_IoT_Botnet_Final_10_Best,6q_5k,QWE,full,3,L3,qiskit_heavy,0.01,6,27,24576,0,0.994,0.9939521359511754,0.9648485951552902,620.9181210659444,4.792489696992561,625.710610762937
UNSW_2018_IoT_Botnet_Final_10_Best,6q_5k,QWE,full,3,L3,qiskit_heavy,0.01,6,28,25600,1,0.9933333333333333,0.9932692577030812,0.9608794852678347,583.580792998895,4.889931226614863,588.4707242255099
UNSW_2018_IoT_Botnet_Final_10_Best,6q_5k,QWE,full,3,L3,qiskit_heavy,0.01,6,29,26624,2,0.996,0.9959615546218488,0.9766394448969591,629.3102314316202,3.45995534514077,632.770186776761
UNSW_2018_IoT_Botnet_Final_10_Best,6q_5k,QWE,full,3,L3,qiskit_heavy,0.02,6,0,42,0,0.99,0.9899525172614256,0.9415408545230713,626.8572026747279,3.3156321982387453,630.1728348729666
UNSW_2018_IoT_Botnet_Final_10_Best,6q_5k,QWE,full,3,L3,qiskit_heavy,0.02,6,1,123,1,0.986,0.9863486161741869,0.9247352385468786,636.548414229881,3.2301399318967015,639.7785541617777
UNSW_2018_IoT_Botnet_Final_10_Best,6q_5k,QWE,full,3,L3,qiskit_heavy,0.02,6,2,456,2,0.9886666666666667,0.9884628746177371,0.9328589342441275,622.5714230469894,5.146966066909954,627.7183891138993
UNSW_2018_IoT_Botnet_Final_10_Best,6q_5k,QWE,full,3,L3,qiskit_heavy,0.02,6,3,789,0,0.986,0.9861073550174485,0.9202522448939919,605.6094532571733,5.128054189961404,610.7375074471347
UNSW_2018_IoT_Botnet_Final_10_Best,6q_5k,QWE,full,3,L3,qiskit_heavy,0.02,6,4,1024,1,0.9886666666666667,0.9888206940484768,0.9366309061969962,634.8108498901129,5.101832810556516,639.9126827006694
UNSW_2018_IoT_Botnet_Final_10_Best,6q_5k,QWE,full,3,L3,qiskit_heavy,0.02,6,5,2048,2,0.9866666666666667,0.986624627490026,0.9222419991408624,626.4603602718562,4.313323429552838,630.773683701409
UNSW_2018_IoT_Botnet_Final_10_Best,6q_5k,QWE,full,3,L3,qiskit_heavy,0.02,6,6,3072,0,0.9873333333333333,0.987353066257744,0.9268015652402651,559.0744304021355,4.474022966809571,563.548453368945
UNSW_2018_IoT_Botnet_Final_10_Best,6q_5k,QWE,full,3,L3,qiskit_heavy,0.02,6,7,4096,1,0.986,0.9857482568807339,0.9168326331473001,630.6961905220523,4.355635761748999,635.0518262838013
UNSW_2018_IoT_Botnet_Final_10_Best,6q_5k,QWE,full,3,L3,qiskit_heavy,0.02,6,8,5120,2,0.992,0.9918697567515801,0.9528815320673674,629.5680197980255,4.382946748984978,633.9509665470105
UNSW_2018_IoT_Botnet_Final_10_Best,6q_5k,QWE,full,3,L3,qiskit_heavy,0.02,6,9,6144,0,0.9886666666666667,0.9885012804858377,0.9329901183162528,549.835942013422,4.0829814618919045,553.9189234753139
UNSW_2018_IoT_Botnet_Final_10_Best,6q_5k,QWE,full,3,L3,qiskit_heavy,0.02,6,10,7168,1,0.9913333333333333,0.9913197247261799,0.9496049536016182,626.9149112191517,4.204338803654537,631.1192500228062
UNSW_2018_IoT_Botnet_Final_10_Best,6q_5k,QWE,full,3,L3,qiskit_heavy,0.02,6,11,8192,2,0.9893333333333333,0.9892655321236411,0.9374919349198705,631.8640466090292,4.40981153678149,636.2738581458107
UNSW_2018_IoT_Botnet_Final_10_Best,6q_5k,QWE,full,3,L3,qiskit_heavy,0.02,6,12,9216,0,0.986,0.9858423808451195,0.9173697940256148,617.4151924522594,4.199363996041939,621.6145564483013
UNSW_2018_IoT_Botnet_Final_10_Best,6q_5k,QWE,full,3,L3,qiskit_heavy,0.02,6,13,10240,1,0.9946666666666667,0.9946832186168468,0.9693011272631611,597.4419292430393,6.17130959010683,603.6132388331462
UNSW_2018_IoT_Botnet_Final_10_Best,6q_5k,QWE,full,3,L3,qiskit_heavy,0.02,6,14,11264,2,0.9786666666666667,0.9793973058320342,0.8882703000612797,631.296175024705,3.721244234824553,635.0174192595296
UNSW_2018_IoT_Botnet_Final_10_Best,6q_5k,QWE,full,3,L3,qiskit_heavy,0.02,6,15,12288,0,0.9926666666666667,0.9926081661625477,0.9569943361344565,587.2946056022774,5.0621073711663485,592.3567129734438
UNSW_2018_IoT_Botnet_Final_10_Best,6q_5k,QWE,full,3,L3,qiskit_heavy,0.02,6,16,13312,1,0.9853333333333333,0.9850444471815963,0.9127149614213866,627.8126747263595,4.108666128013283,631.9213408543728
UNSW_2018_IoT_Botnet_Final_10_Best,6q_5k,QWE,full,3,L3,qiskit_heavy,0.02,6,17,14336,2,0.9873333333333333,0.9871907255265365,0.9252757916070182,607.599953193916,3.7562023368664086,611.3561555307824
UNSW_2018_IoT_Botnet_Final_10_Best,6q_5k,QWE,full,3,L3,qiskit_heavy,0.02,6,18,15360,0,0.9933333333333333,0.9932692577030812,0.9608794852678347,607.186768009793,3.8535952179227024,611.0403632277157
UNSW_2018_IoT_Botnet_Final_10_Best,6q_5k,QWE,full,3,L3,qiskit_heavy,0.02,6,19,16384,1,0.9906666666666667,0.9905460895060587,0.9449770219559364,634.6129836949985,3.4739729650318623,638.0869566600304
UNSW_2018_IoT_Botnet_Final_10_Best,6q_5k,QWE,full,3,L3,qiskit_heavy,0.02,6,20,17408,2,0.988,0.9878846638655462,0.929359566009586,628.8485184251331,4.313618927029893,633.162137352163
UNSW_2018_IoT_Botnet_Final_10_Best,6q_5k,QWE,full,3,L3,qiskit_heavy,0.02,6,21,18432,0,0.9933333333333333,0.9932909575772757,0.960978424440363,622.0988378920592,4.4125144216232,626.5113523136824
UNSW_2018_IoT_Botnet_Final_10_Best,6q_5k,QWE,full,3,L3,qiskit_heavy,0.02,6,22,19456,1,0.9893333333333333,0.9892308123249299,0.9372395458241483,633.9426067094319,4.014791613211855,637.9573983226437
UNSW_2018_IoT_Botnet_Final_10_Best,6q_5k,QWE,full,3,L3,qiskit_heavy,0.02,6,23,20480,2,0.9933333333333333,0.9933743902956271,0.9619401198184026,636.4230854520574,3.7247429019771516,640.1478283540346
UNSW_2018_IoT_Botnet_Final_10_Best,6q_5k,QWE,full,3,L3,qiskit_heavy,0.02,6,24,21504,0,0.9913333333333333,0.9912921816265687,0.9493445415701739,604.7712261078414,6.071373693179339,610.8425998010207
UNSW_2018_IoT_Botnet_Final_10_Best,6q_5k,QWE,full,3,L3,qiskit_heavy,0.02,6,25,22528,1,0.99,0.9899525172614256,0.9415408545230713,631.4611664358526,4.33915265602991,635.8003190918826
UNSW_2018_IoT_Botnet_Final_10_Best,6q_5k,QWE,full,3,L3,qiskit_heavy,0.02,6,26,23552,2,0.988,0.9879237236390963,0.9296631050797064,622.7260856449138,4.862055264180526,627.5881409090944
UNSW_2018_IoT_Botnet_Final_10_Best,6q_5k,QWE,full,3,L3,qiskit_heavy,0.02,6,27,24576,0,0.9873333333333333,0.9872322870080367,0.9255773000511218,632.0503085064702,3.342591332970187,635.3928998394404
UNSW_2018_IoT_Botnet_Final_10_Best,6q_5k,QWE,full,3,L3,qiskit_heavy,0.02,6,28,25600,1,0.992,0.9919491490927309,0.9531495946001989,619.7233912420925,3.9106724120210856,623.6340636541136
UNSW_2018_IoT_Botnet_Final_10_Best,6q_5k,QWE,full,3,L3,qiskit_heavy,0.02,6,29,26624,2,0.9913333333333333,0.9912357595707882,0.9489937843512284,634.2607313131448,3.527131476905197,637.78786279005
UNSW_2018_IoT_Botnet_Final_10_Best,6q_5k,QWE,full,3,L3,qiskit_heavy,0.05,6,0,42,0,0.9346666666666666,0.9267006612178403,0.5568960496082427,635.5936304398347,3.784086937084794,639.3777173769195
UNSW_2018_IoT_Botnet_Final_10_Best,6q_5k,QWE,full,3,L3,qiskit_heavy,0.05,6,1,123,1,0.09533333333333334,0.016594846824913773,0.0,636.3114781789482,2.801000799285248,639.1124789782334
UNSW_2018_IoT_Botnet_Final_10_Best,6q_5k,QWE,full,3,L3,qiskit_heavy,0.05,6,2,456,2,0.9306666666666666,0.9138039002047961,0.5018247713035302,631.5540053267032,3.5690038623288274,635.123009189032
UNSW_2018_IoT_Botnet_Final_10_Best,6q_5k,QWE,full,3,L3,qiskit_heavy,0.05,6,3,789,0,0.09533333333333334,0.016594846824913773,0.0,632.4839702881873,3.8793834098614752,636.3633536980487
UNSW_2018_IoT_Botnet_Final_10_Best,6q_5k,QWE,full,3,L3,qiskit_heavy,0.05,6,4,1024,1,0.858,0.8815140661187513,0.5594608768095906,630.7081342118327,5.318122340133414,636.0262565519661
UNSW_2018_IoT_Botnet_Final_10_Best,6q_5k,QWE,full,3,L3,qiskit_heavy,0.05,6,5,2048,2,0.09533333333333334,0.016594846824913773,0.0,583.6682905079797,5.042045676615089,588.7103361845948
UNSW_2018_IoT_Botnet_Final_10_Best,6q_5k,QWE,full,3,L3,qiskit_heavy,0.05,6,6,3072,0,0.9,0.907935309973046,0.5282998678829588,634.2910544429906,3.1119763411115855,637.4030307841022
UNSW_2018_IoT_Botnet_Final_10_Best,6q_5k,QWE,full,3,L3,qiskit_heavy,0.05,6,7,4096,1,0.9366666666666666,0.9266432177564851,0.5631697871354729,575.725333121838,5.150402694242075,580.8757358160801
UNSW_2018_IoT_Botnet_Final_10_Best,6q_5k,QWE,full,3,L3,qiskit_heavy,0.05,6,8,5120,2,0.9286666666666666,0.9136857766002463,0.4856265381925529,620.4163247712422,4.967872965615243,625.3841977368575
UNSW_2018_IoT_Botnet_Final_10_Best,6q_5k,QWE,full,3,L3,qiskit_heavy,0.05,6,9,6144,0,0.8406666666666667,0.8654178867512077,0.4481242425515967,632.862556709908,4.366975191049278,637.2295319009572
UNSW_2018_IoT_Botnet_Final_10_Best,6q_5k,QWE,full,3,L3,qiskit_heavy,0.05,6,10,7168,1,0.9386666666666666,0.930863489776314,0.5853346697855476,601.3977473741397,4.181412037927657,605.5791594120674
UNSW_2018_IoT_Botnet_Final_10_Best,6q_5k,QWE,full,3,L3,qiskit_heavy,0.05,6,11,8192,2,0.9346666666666666,0.9256422062350119,0.5519894490585159,637.5042003931012,4.246483620023355,641.7506840131246
UNSW_2018_IoT_Botnet_Final_10_Best,6q_5k,QWE,full,3,L3,qiskit_heavy,0.05,6,12,9216,0,0.09533333333333334,0.016594846824913773,0.0,631.8329420292284,4.237698456039652,636.0706404852681
UNSW_2018_IoT_Botnet_Final_10_Best,6q_5k,QWE,full,3,L3,qiskit_heavy,0.05,6,13,10240,1,0.9426666666666667,0.9365535014284766,0.619923003162864,636.0615814221092,3.959080890053883,640.020662312163
UNSW_2018_IoT_Botnet_Final_10_Best,6q_5k,QWE,full,3,L3,qiskit_heavy,0.05,6,14,11264,2,0.6833333333333333,0.7485082383210375,0.2844746319355404,631.3471265286207,3.4927189140580595,634.8398454426788
UNSW_2018_IoT_Botnet_Final_10_Best,6q_5k,QWE,full,3,L3,qiskit_heavy,0.05,6,15,12288,0,0.9266666666666666,0.9115219287810294,0.4681278358520129,628.9710672961082,4.3781076648738235,633.349174960982
UNSW_2018_IoT_Botnet_Final_10_Best,6q_5k,QWE,full,3,L3,qiskit_heavy,0.05,6,16,13312,1,0.9213333333333333,0.9039700298574729,0.4150881443282905,629.5998719669878,4.508542704861611,634.1084146718495
UNSW_2018_IoT_Botnet_Final_10_Best,6q_5k,QWE,full,3,L3,qiskit_heavy,0.05,6,17,14336,2,0.09533333333333334,0.016594846824913773,0.0,597.0453745161649,5.51100755808875,602.5563820742536
UNSW_2018_IoT_Botnet_Final_10_Best,6q_5k,QWE,full,3,L3,qiskit_heavy,0.05,6,18,15360,0,0.9266666666666666,0.9130034503071616,0.4733403824392521,540.1401562497485,5.004756493959576,545.1449127437081
UNSW_2018_IoT_Botnet_Final_10_Best,6q_5k,QWE,full,3,L3,qiskit_heavy,0.05,6,19,16384,1,0.9273333333333333,0.9099398319903479,0.46892251040010463,625.176113466965,3.3037980012595654,628.4799114682246
UNSW_2018_IoT_Botnet_Final_10_Best,6q_5k,QWE,full,3,L3,qiskit_heavy,0.05,6,20,17408,2,0.9306666666666666,0.9172915684706425,0.5065451314338615,624.8242120009381,3.9361406741663814,628.7603526751045
UNSW_2018_IoT_Botnet_Final_10_Best,6q_5k,QWE,full,3,L3,qiskit_heavy,0.05,6,21,18432,0,0.9273333333333333,0.9135560115136262,0.47820722555045625,605.4173082150519,4.741660976782441,610.1589691918343
UNSW_2018_IoT_Botnet_Final_10_Best,6q_5k,QWE,full,3,L3,qiskit_heavy,0.05,6,22,19456,1,0.924,0.90983993940924,0.4503541392206148,588.3295925820712,5.628969249082729,593.9585618311539
UNSW_2018_IoT_Botnet_Final_10_Best,6q_5k,QWE,full,3,L3,qiskit_heavy,0.05,6,23,20480,2,0.9373333333333334,0.9260622091258892,0.5657864516002137,628.3081960794516,4.563190337270498,632.8713864167221
UNSW_2018_IoT_Botnet_Final_10_Best,6q_5k,QWE,full,3,L3,qiskit_heavy,0.05,6,24,21504,0,0.9346666666666666,0.9220632087511825,0.5415796839668277,632.2278888639994,4.326968839159235,636.5548577031586
UNSW_2018_IoT_Botnet_Final_10_Best,6q_5k,QWE,full,3,L3,qiskit_heavy,0.05,6,25,22528,1,0.9213333333333333,0.9045345910118683,0.41741377873799806,610.5648715707939,5.880731574026868,616.4456031448208
UNSW_2018_IoT_Botnet_Final_10_Best,6q_5k,QWE,full,3,L3,qiskit_heavy,0.05,6,26,23552,2,0.9306666666666666,0.9163480053929732,0.5043637567487886,621.7108133060392,4.992335036862642,626.7031483429018
UNSW_2018_IoT_Botnet_Final_10_Best,6q_5k,QWE,full,3,L3,qiskit_heavy,0.05,6,27,24576,0,0.09533333333333334,0.016594846824913773,0.0,624.6060026651248,3.623018544865772,628.2290212099906
UNSW_2018_IoT_Botnet_Final_10_Best,6q_5k,QWE,full,3,L3,qiskit_heavy,0.05,6,28,25600,1,0.926,0.910973353020009,0.4629483430713263,631.5502753462642,3.3661351969931275,634.9164105432574
UNSW_2018_IoT_Botnet_Final_10_Best,6q_5k,QWE,full,3,L3,qiskit_heavy,0.05,6,29,26624,2,0.9286666666666666,0.9131793226381462,0.4844922524969396,637.0171122609172,2.5714673108886927,639.5885795718059
UNSW_2018_IoT_Botnet_Final_10_Best,6q_5k,QSVC,linear,0,L0,baseline_unoptimized,0.0,6,0,42,0,0.998,0.997990503452285,0.9883629768056863,151.45920637599193,1.5824438699055463,153.04165024589747
UNSW_2018_IoT_Botnet_Final_10_Best,6q_5k,QSVC,linear,0,L0,baseline_unoptimized,0.0,6,1,123,1,0.9946666666666667,0.9946995122365017,0.9695754135797602,157.13681802386418,0.3285945390816778,157.46541256294586
UNSW_2018_IoT_Botnet_Final_10_Best,6q_5k,QSVC,linear,0,L0,baseline_unoptimized,0.0,6,2,456,2,0.9973333333333333,0.9973249254980052,0.9844726035127892,157.24590293085203,0.06471860012970865,157.31062153098173
UNSW_2018_IoT_Botnet_Final_10_Best,6q_5k,QSVC,linear,0,L0,baseline_unoptimized,0.0,6,3,789,0,0.996,0.996,0.976810219993713,149.61652468587272,1.7313812270294875,151.3479059129022
UNSW_2018_IoT_Botnet_Final_10_Best,6q_5k,QSVC,linear,0,L0,baseline_unoptimized,0.0,6,4,1024,1,0.9933333333333333,0.9933944409596461,0.9623117253801959,157.0018244460225,0.06285156589001417,157.06467601191252
UNSW_2018_IoT_Botnet_Final_10_Best,6q_5k,QSVC,linear,0,L0,baseline_unoptimized,0.0,6,5,2048,2,0.9893333333333333,0.989366437233694,0.9385727476706376,156.89859521598555,0.32508897106163204,157.22368418704718
UNSW_2018_IoT_Botnet_Final_10_Best,6q_5k,QSVC,linear,0,L0,baseline_unoptimized,0.0,6,6,3072,0,0.9946666666666667,0.9946327660618205,0.9688072542805272,157.18166303192265,0.3293749471195042,157.51103797904216
UNSW_2018_IoT_Botnet_Final_10_Best,6q_5k,QSVC,linear,0,L0,baseline_unoptimized,0.0,6,7,4096,1,0.9946666666666667,0.9946666666666667,0.9690802933249506,149.65201694495045,1.8931316940579563,151.5451486390084
UNSW_2018_IoT_Botnet_Final_10_Best,6q_5k,QSVC,linear,0,L0,baseline_unoptimized,0.0,6,8,5120,2,0.994,0.9939715103568553,0.9649519156643789,157.3067868668586,0.06757499789819121,157.3743618647568
UNSW_2018_IoT_Botnet_Final_10_Best,6q_5k,QSVC,linear,0,L0,baseline_unoptimized,0.0,6,9,6144,0,0.9973333333333333,0.9973163830309103,0.9844649139608554,152.6641694388818,0.324744570069015,152.98891400895081
UNSW_2018_IoT_Botnet_Final_10_Best,6q_5k,QSVC,linear,0,L0,baseline_unoptimized,0.0,6,10,7168,1,0.9966666666666667,0.9966922273851068,0.9811503949509465,146.93045724998228,1.855696050915867,148.78615330089815
UNSW_2018_IoT_Botnet_Final_10_Best,6q_5k,QSVC,linear,0,L0,baseline_unoptimized,0.0,6,11,8192,2,0.9946666666666667,0.9946666666666667,0.9690802933249506,152.7776994598098,0.0624110191129148,152.84011047892272
UNSW_2018_IoT_Botnet_Final_10_Best,6q_5k,QSVC,linear,0,L0,baseline_unoptimized,0.0,6,12,9216,0,0.9953333333333333,0.9952961057398029,0.9727028541761238,149.92150335712358,1.7032604780979455,151.62476383522153
UNSW_2018_IoT_Botnet_Final_10_Best,6q_5k,QSVC,linear,0,L0,baseline_unoptimized,0.0,6,13,10240,1,0.9966666666666667,0.9966508390871419,0.9805592897585838,155.69549431605265,0.0770892349537462,155.7725835510064
UNSW_2018_IoT_Botnet_Final_10_Best,6q_5k,QSVC,linear,0,L0,baseline_unoptimized,0.0,6,14,11264,2,0.9933333333333333,0.9933944409596461,0.9623117253801959,155.34693562798202,0.08187520108185709,155.42881082906388
UNSW_2018_IoT_Botnet_Final_10_Best,6q_5k,QSVC,linear,0,L0,baseline_unoptimized,0.0,6,15,12288,0,0.994,0.9940093471747208,0.9653309638218246,156.2761053328868,0.08144020801410079,156.3575455409009
UNSW_2018_IoT_Botnet_Final_10_Best,6q_5k,QSVC,linear,0,L0,baseline_unoptimized,0.0,6,16,13312,1,0.9966666666666667,0.9966614325869924,0.9806219150789104,156.01424279110506,0.08071278291754425,156.0949555740226
UNSW_2018_IoT_Botnet_Final_10_Best,6q_5k,QSVC,linear,0,L0,baseline_unoptimized,0.0,6,17,14336,2,0.9933333333333333,0.9932909575772757,0.960978424440363,149.9580159089528,1.7838411300908774,151.74185703904368
UNSW_2018_IoT_Botnet_Final_10_Best,6q_5k,QSVC,linear,0,L0,baseline_unoptimized,0.0,6,18,15360,0,0.9946666666666667,0.9946995122365017,0.9695754135797602,151.736473480938,0.0733313721138984,151.8098048530519
UNSW_2018_IoT_Botnet_Final_10_Best,6q_5k,QSVC,linear,0,L0,baseline_unoptimized,0.0,6,19,16384,1,0.9973333333333333,0.9973333333333333,0.9845401466624754,148.71178976888768,1.6727320549543947,150.38452182384208
UNSW_2018_IoT_Botnet_Final_10_Best,6q_5k,QSVC,linear,0,L0,baseline_unoptimized,0.0,6,20,17408,2,0.9953333333333333,0.9953260056217893,0.9728676747095873,152.00403321394697,0.3400888240430504,152.34412203799002
UNSW_2018_IoT_Botnet_Final_10_Best,6q_5k,QSVC,linear,0,L0,baseline_unoptimized,0.0,6,21,18432,0,0.996,0.9960124139626352,0.976983222161292,144.2204666470643,1.6597748331259936,145.8802414801903
UNSW_2018_IoT_Botnet_Final_10_Best,6q_5k,QSVC,linear,0,L0,baseline_unoptimized,0.0,6,22,19456,1,0.9946666666666667,0.9946666666666667,0.9690802933249506,150.4666709851008,0.06973181990906596,150.53640280500986
UNSW_2018_IoT_Botnet_Final_10_Best,6q_5k,QSVC,linear,0,L0,baseline_unoptimized,0.0,6,23,20480,2,0.9973333333333333,0.9973497561182509,0.9848460011024754,150.34106698608957,0.33337076590396464,150.67443775199354
UNSW_2018_IoT_Botnet_Final_10_Best,6q_5k,QSVC,linear,0,L0,baseline_unoptimized,0.0,6,24,21504,0,0.996,0.9960124139626352,0.976983222161292,150.98261189996265,0.3516189039219171,151.33423080388457
UNSW_2018_IoT_Botnet_Final_10_Best,6q_5k,QSVC,linear,0,L0,baseline_unoptimized,0.0,6,25,22528,1,0.996,0.9959873882470078,0.9766937779662983,151.19580950401723,0.3470520649570972,151.54286156897433
UNSW_2018_IoT_Botnet_Final_10_Best,6q_5k,QSVC,linear,0,L0,baseline_unoptimized,0.0,6,26,23552,2,0.9966666666666667,0.9966922273851068,0.9811503949509465,150.70974609418772,0.09545582090504467,150.80520191509277
UNSW_2018_IoT_Botnet_Final_10_Best,6q_5k,QSVC,linear,0,L0,baseline_unoptimized,0.0,6,27,24576,0,0.9913333333333333,0.9913735207538003,0.9502852930652425,146.37158642406575,1.72871501208283,148.10030143614858
UNSW_2018_IoT_Botnet_Final_10_Best,6q_5k,QSVC,linear,0,L0,baseline_unoptimized,0.0,6,28,25600,1,0.9926666666666667,0.9926780909913253,0.9576250841055127,152.10703451186419,0.06252783094532788,152.1695623428095
UNSW_2018_IoT_Botnet_Final_10_Best,6q_5k,QSVC,linear,0,L0,baseline_unoptimized,0.0,6,29,26624,2,0.9946666666666667,0.9946995122365017,0.9695754135797602,151.98271936620586,0.32454561395570636,152.30726498016156
UNSW_2018_IoT_Botnet_Final_10_Best,6q_5k,QSVC,linear,0,L0,baseline_unoptimized,0.0003,6,0,42,0,0.9973333333333333,0.9973249254980052,0.9844726035127892,86.83919986407273,0.7782840819563717,87.6174839460291
UNSW_2018_IoT_Botnet_Final_10_Best,6q_5k,QSVC,linear,0,L0,baseline_unoptimized,0.0003,6,1,123,1,0.9953333333333333,0.9953691183391495,0.9735381261938272,90.03512316709384,0.04514947487041354,90.08027264196426
UNSW_2018_IoT_Botnet_Final_10_Best,6q_5k,QSVC,linear,0,L0,baseline_unoptimized,0.0003,6,2,456,2,0.9973333333333333,0.9973249254980052,0.9844726035127892,84.27053874707781,1.7017262619920075,85.97226500906982
UNSW_2018_IoT_Botnet_Final_10_Best,6q_5k,QSVC,linear,0,L0,baseline_unoptimized,0.0003,6,3,789,0,0.996,0.996,0.976810219993713,84.68282942310907,0.7794090220704675,85.46223844517954
UNSW_2018_IoT_Botnet_Final_10_Best,6q_5k,QSVC,linear,0,L0,baseline_unoptimized,0.0003,6,4,1024,1,0.994,0.9940639146896366,0.9662993779870109,88.88913864595816,0.045546088833361864,88.93468473479152
UNSW_2018_IoT_Botnet_Final_10_Best,6q_5k,QSVC,linear,0,L0,baseline_unoptimized,0.0003,6,5,2048,2,0.9893333333333333,0.989366437233694,0.9385727476706376,82.23504825495183,0.82307961396873,83.05812786892056
UNSW_2018_IoT_Botnet_Final_10_Best,6q_5k,QSVC,linear,0,L0,baseline_unoptimized,0.0003,6,6,3072,0,0.9946666666666667,0.9946327660618205,0.9688072542805272,89.2270041401498,0.0423850379884243,89.26938917813823
UNSW_2018_IoT_Botnet_Final_10_Best,6q_5k,QSVC,linear,0,L0,baseline_unoptimized,0.0003,6,7,4096,1,0.9946666666666667,0.9946666666666667,0.9690802933249506,85.60688384692185,0.9160295000765473,86.5229133469984
UNSW_2018_IoT_Botnet_Final_10_Best,6q_5k,QSVC,linear,0,L0,baseline_unoptimized,0.0003,6,8,5120,2,0.994,0.9939715103568553,0.9649519156643789,85.63750169682316,0.8892556368373334,86.5267573336605
UNSW_2018_IoT_Botnet_Final_10_Best,6q_5k,QSVC,linear,0,L0,baseline_unoptimized,0.0003,6,9,6144,0,0.9973333333333333,0.9973163830309103,0.9844649139608554,77.26626730896533,1.381597472820431,78.64786478178576
UNSW_2018_IoT_Botnet_Final_10_Best,6q_5k,QSVC,linear,0,L0,baseline_unoptimized,0.0003,6,10,7168,1,0.9966666666666667,0.9966922273851068,0.9811503949509465,88.58667970914394,0.046263072872534394,88.63294278201647
UNSW_2018_IoT_Botnet_Final_10_Best,6q_5k,QSVC,linear,0,L0,baseline_unoptimized,0.0003,6,11,8192,2,0.9946666666666667,0.9946666666666667,0.9690802933249506,84.35519851883873,0.8114581608679146,85.16665667970665
UNSW_2018_IoT_Botnet_Final_10_Best,6q_5k,QSVC,linear,0,L0,baseline_unoptimized,0.0003,6,12,9216,0,0.9953333333333333,0.9952961057398029,0.9727028541761238,87.75251053692773,0.6492959321476519,88.40180646907538
UNSW_2018_IoT_Botnet_Final_10_Best,6q_5k,QSVC,linear,0,L0,baseline_unoptimized,0.0003,6,13,10240,1,0.9973333333333333,0.9973249254980052,0.9844726035127892,90.002984684892,0.04594024899415672,90.04892493388616
UNSW_2018_IoT_Botnet_Final_10_Best,6q_5k,QSVC,linear,0,L0,baseline_unoptimized,0.0003,6,14,11264,2,0.9933333333333333,0.9933944409596461,0.9623117253801959,85.55651985388249,1.3560015938710421,86.91252144775353
UNSW_2018_IoT_Botnet_Final_10_Best,6q_5k,QSVC,linear,0,L0,baseline_unoptimized,0.0003,6,15,12288,0,0.994,0.9940093471747208,0.9653309638218246,88.89047007705085,0.6250852469820529,89.5155553240329
UNSW_2018_IoT_Botnet_Final_10_Best,6q_5k,QSVC,linear,0,L0,baseline_unoptimized,0.0003,6,16,13312,1,0.996,0.996,0.976810219993713,83.3987348319497,1.17708257609047,84.57581740804017
UNSW_2018_IoT_Botnet_Final_10_Best,6q_5k,QSVC,linear,0,L0,baseline_unoptimized,0.0003,6,17,14336,2,0.992,0.9919747764940157,0.9533573013268257,89.62870908994228,0.049464873038232327,89.67817396298051
UNSW_2018_IoT_Botnet_Final_10_Best,6q_5k,QSVC,linear,0,L0,baseline_unoptimized,0.0003,6,18,15360,0,0.9946666666666667,0.9946995122365017,0.9695754135797602,84.58771382109262,0.9246236770413816,85.512337498134
UNSW_2018_IoT_Botnet_Final_10_Best,6q_5k,QSVC,linear,0,L0,baseline_unoptimized,0.0003,6,19,16384,1,0.9973333333333333,0.9973333333333333,0.9845401466624754,81.56679466809146,1.7008277729619294,83.26762244105339
UNSW_2018_IoT_Botnet_Final_10_Best,6q_5k,QSVC,linear,0,L0,baseline_unoptimized,0.0003,6,20,17408,2,0.994,0.9940093471747208,0.9653309638218246,89.18878479208797,0.04270509886555374,89.23148989095353
UNSW_2018_IoT_Botnet_Final_10_Best,6q_5k,QSVC,linear,0,L0,baseline_unoptimized,0.0003,6,21,18432,0,0.9953333333333333,0.9953549727135846,0.9732609961997113,90.23521519615315,0.04234714689664543,90.2775623430498
UNSW_2018_IoT_Botnet_Final_10_Best,6q_5k,QSVC,linear,0,L0,baseline_unoptimized,0.0003,6,22,19456,1,0.9946666666666667,0.9946666666666667,0.9690802933249506,85.61970562301576,1.5862448660191149,87.20595048903488
UNSW_2018_IoT_Botnet_Final_10_Best,6q_5k,QSVC,linear,0,L0,baseline_unoptimized,0.0003,6,23,20480,2,0.9973333333333333,0.9973497561182509,0.9848460011024754,88.0658106978517,0.8227096339687705,88.88852033182047
UNSW_2018_IoT_Botnet_Final_10_Best,6q_5k,QSVC,linear,0,L0,baseline_unoptimized,0.0003,6,24,21504,0,0.996,0.9960124139626352,0.976983222161292,84.38449715799652,1.7854980390984565,86.16999519709498
UNSW_2018_IoT_Botnet_Final_10_Best,6q_5k,QSVC,linear,0,L0,baseline_unoptimized,0.0003,6,25,22528,1,0.9953333333333333,0.9953260056217893,0.9728676747095873,91.31469260901213,0.07375621190294623,91.38844882091507
UNSW_2018_IoT_Botnet_Final_10_Best,6q_5k,QSVC,linear,0,L0,baseline_unoptimized,0.0003,6,26,23552,2,0.996,0.9960366645757877,0.9774907023990167,91.31129788211547,0.07523310906253755,91.386530991178
UNSW_2018_IoT_Botnet_Final_10_Best,6q_5k,QSVC,linear,0,L0,baseline_unoptimized,0.0003,6,27,24576,0,0.9913333333333333,0.9913735207538003,0.9502852930652425,84.86775568313897,0.9567489910405129,85.82450467417948
UNSW_2018_IoT_Botnet_Final_10_Best,6q_5k,QSVC,linear,0,L0,baseline_unoptimized,0.0003,6,28,25600,1,0.994,0.9940278220603231,0.9656024284882216,88.16535029513761,0.0450242948718369,88.21037459000945
UNSW_2018_IoT_Botnet_Final_10_Best,6q_5k,QSVC,linear,0,L0,baseline_unoptimized,0.0003,6,29,26624,2,0.9946666666666667,0.9946995122365017,0.9695754135797602,75.23199877515435,1.0271063428372145,76.25910511799157
UNSW_2018_IoT_Botnet_Final_10_Best,6q_5k,QSVC,linear,0,L0,baseline_unoptimized,0.0005,6,0,42,0,0.9973333333333333,0.9973249254980052,0.9844726035127892,76.60332300304435,1.6300397620070726,78.23336276505142
UNSW_2018_IoT_Botnet_Final_10_Best,6q_5k,QSVC,linear,0,L0,baseline_unoptimized,0.0005,6,1,123,1,0.9953333333333333,0.9953691183391495,0.9735381261938272,89.64684151601978,0.049931077985093,89.69677259400487
UNSW_2018_IoT_Botnet_Final_10_Best,6q_5k,QSVC,linear,0,L0,baseline_unoptimized,0.0005,6,2,456,2,0.9973333333333333,0.9973249254980052,0.9844726035127892,88.87529509002343,0.5988394261803478,89.47413451620378
UNSW_2018_IoT_Botnet_Final_10_Best,6q_5k,QSVC,linear,0,L0,baseline_unoptimized,0.0005,6,3,789,0,0.996,0.996,0.976810219993713,89.97279313602485,0.052128421142697334,90.02492155716754
UNSW_2018_IoT_Botnet_Final_10_Best,6q_5k,QSVC,linear,0,L0,baseline_unoptimized,0.0005,6,4,1024,1,0.994,0.9940639146896366,0.9662993779870109,64.87260981393047,1.9729580939747393,66.8455679079052
UNSW_2018_IoT_Botnet_Final_10_Best,6q_5k,QSVC,linear,0,L0,baseline_unoptimized,0.0005,6,5,2048,2,0.9893333333333333,0.989366437233694,0.9385727476706376,89.19553691404872,0.6250724201090634,89.82060933415778
UNSW_2018_IoT_Botnet_Final_10_Best,6q_5k,QSVC,linear,0,L0,baseline_unoptimized,0.0005,6,6,3072,0,0.9946666666666667,0.9946327660618205,0.9688072542805272,67.86364120012149,1.6518748018424958,69.51551600196399
UNSW_2018_IoT_Botnet_Final_10_Best,6q_5k,QSVC,linear,0,L0,baseline_unoptimized,0.0005,6,7,4096,1,0.9946666666666667,0.9946666666666667,0.9690802933249506,87.20631899102591,0.6542394231073558,87.86055841413327
UNSW_2018_IoT_Botnet_Final_10_Best,6q_5k,QSVC,linear,0,L0,baseline_unoptimized,0.0005,6,8,5120,2,0.994,0.9939715103568553,0.9649519156643789,88.01991114905104,0.0492719819303602,88.0691831309814
UNSW_2018_IoT_Botnet_Final_10_Best,6q_5k,QSVC,linear,0,L0,baseline_unoptimized,0.0005,6,9,6144,0,0.9973333333333333,0.9973163830309103,0.9844649139608554,61.519022562075406,1.2851500338874757,62.80417259596288
UNSW_2018_IoT_Botnet_Final_10_Best,6q_5k,QSVC,linear,0,L0,baseline_unoptimized,0.0005,6,10,7168,1,0.9966666666666667,0.9966922273851068,0.9811503949509465,81.08200251613744,0.88932148902677,81.9713240051642
UNSW_2018_IoT_Botnet_Final_10_Best,6q_5k,QSVC,linear,0,L0,baseline_unoptimized,0.0005,6,11,8192,2,0.9946666666666667,0.9946666666666667,0.9690802933249506,87.43683115905151,0.04498230991885066,87.48181346897036
UNSW_2018_IoT_Botnet_Final_10_Best,6q_5k,QSVC,linear,0,L0,baseline_unoptimized,0.0005,6,12,9216,0,0.9953333333333333,0.9952961057398029,0.9727028541761238,89.51519874483347,0.12162319687195122,89.63682194170542
UNSW_2018_IoT_Botnet_Final_10_Best,6q_5k,QSVC,linear,0,L0,baseline_unoptimized,0.0005,6,13,10240,1,0.9973333333333333,0.9973249254980052,0.9844726035127892,90.09391694283113,0.09831290901638567,90.19222985184751
UNSW_2018_IoT_Botnet_Final_10_Best,6q_5k,QSVC,linear,0,L0,baseline_unoptimized,0.0005,6,14,11264,2,0.9933333333333333,0.9933944409596461,0.9623117253801959,90.08357944595627,0.0912377501372248,90.1748171960935
UNSW_2018_IoT_Botnet_Final_10_Best,6q_5k,QSVC,linear,0,L0,baseline_unoptimized,0.0005,6,15,12288,0,0.994,0.9940093471747208,0.9653309638218246,79.16472608596087,0.6641102279536426,79.82883631391451
UNSW_2018_IoT_Botnet_Final_10_Best,6q_5k,QSVC,linear,0,L0,baseline_unoptimized,0.0005,6,16,13312,1,0.996,0.996,0.976810219993713,91.17547878599726,0.05194689007475972,91.22742567607202
UNSW_2018_IoT_Botnet_Final_10_Best,6q_5k,QSVC,linear,0,L0,baseline_unoptimized,0.0005,6,17,14336,2,0.992,0.9919747764940157,0.9533573013268257,90.39847543206997,0.6147629860788584,91.01323841814883
UNSW_2018_IoT_Botnet_Final_10_Best,6q_5k,QSVC,linear,0,L0,baseline_unoptimized,0.0005,6,18,15360,0,0.9946666666666667,0.9946995122365017,0.9695754135797602,87.69225580897182,0.8267434469889849,88.51899925596081
UNSW_2018_IoT_Botnet_Final_10_Best,6q_5k,QSVC,linear,0,L0,baseline_unoptimized,0.0005,6,19,16384,1,0.9973333333333333,0.9973333333333333,0.9845401466624754,72.98819376388565,1.6019656090065837,74.59015937289223
UNSW_2018_IoT_Botnet_Final_10_Best,6q_5k,QSVC,linear,0,L0,baseline_unoptimized,0.0005,6,20,17408,2,0.994,0.9940093471747208,0.9653309638218246,90.93984682904556,0.04547454998828471,90.98532137903385
UNSW_2018_IoT_Botnet_Final_10_Best,6q_5k,QSVC,linear,0,L0,baseline_unoptimized,0.0005,6,21,18432,0,0.9953333333333333,0.9953549727135846,0.9732609961997113,80.72767268703319,1.5252352871466428,82.25290797417983
UNSW_2018_IoT_Botnet_Final_10_Best,6q_5k,QSVC,linear,0,L0,baseline_unoptimized,0.0005,6,22,19456,1,0.9946666666666667,0.9946666666666667,0.9690802933249506,89.83015797496773,0.04506573989056051,89.8752237148583
UNSW_2018_IoT_Botnet_Final_10_Best,6q_5k,QSVC,linear,0,L0,baseline_unoptimized,0.0005,6,23,20480,2,0.9973333333333333,0.9973497561182509,0.9848460011024754,87.66597048589028,0.9087260740343481,88.57469655992463
UNSW_2018_IoT_Botnet_Final_10_Best,6q_5k,QSVC,linear,0,L0,baseline_unoptimized,0.0005,6,24,21504,0,0.996,0.9960124139626352,0.976983222161292,78.60179470293224,1.407909753965214,80.00970445689745
UNSW_2018_IoT_Botnet_Final_10_Best,6q_5k,QSVC,linear,0,L0,baseline_unoptimized,0.0005,6,25,22528,1,0.9953333333333333,0.9953260056217893,0.9728676747095873,87.00406508916058,0.9151741499081254,87.9192392390687
UNSW_2018_IoT_Botnet_Final_10_Best,6q_5k,QSVC,linear,0,L0,baseline_unoptimized,0.0005,6,26,23552,2,0.996,0.9960366645757877,0.9774907023990167,89.32037945301272,0.04495253902859986,89.36533199204132
UNSW_2018_IoT_Botnet_Final_10_Best,6q_5k,QSVC,linear,0,L0,baseline_unoptimized,0.0005,6,27,24576,0,0.9913333333333333,0.9913735207538003,0.9502852930652425,57.72978048399091,0.8793134889565408,58.60909397294745
UNSW_2018_IoT_Botnet_Final_10_Best,6q_5k,QSVC,linear,0,L0,baseline_unoptimized,0.0005,6,28,25600,1,0.994,0.9940278220603231,0.9656024284882216,89.13130392786115,0.05169765022583306,89.18300157808699
UNSW_2018_IoT_Botnet_Final_10_Best,6q_5k,QSVC,linear,0,L0,baseline_unoptimized,0.0005,6,29,26624,2,0.9946666666666667,0.9946995122365017,0.9695754135797602,88.33678468503058,0.6394779819529504,88.97626266698353
UNSW_2018_IoT_Botnet_Final_10_Best,6q_5k,QSVC,linear,0,L0,baseline_unoptimized,0.001,6,0,42,0,0.9973333333333333,0.9973249254980052,0.9844726035127892,91.14272700087167,0.05796763487160206,91.20069463574328
UNSW_2018_IoT_Botnet_Final_10_Best,6q_5k,QSVC,linear,0,L0,baseline_unoptimized,0.001,6,1,123,1,0.9953333333333333,0.9953691183391495,0.9735381261938272,83.1052939412184,1.5782568180002272,84.68355075921863
UNSW_2018_IoT_Botnet_Final_10_Best,6q_5k,QSVC,linear,0,L0,baseline_unoptimized,0.001,6,2,456,2,0.9973333333333333,0.9973249254980052,0.9844726035127892,90.32538201799616,0.6521648550406098,90.97754687303677
UNSW_2018_IoT_Botnet_Final_10_Best,6q_5k,QSVC,linear,0,L0,baseline_unoptimized,0.001,6,3,789,0,0.996,0.996,0.976810219993713,85.90297835390083,0.9771244018338621,86.8801027557347
UNSW_2018_IoT_Botnet_Final_10_Best,6q_5k,QSVC,linear,0,L0,baseline_unoptimized,0.001,6,4,1024,1,0.994,0.9940639146896366,0.9662993779870109,74.27051026700065,1.3410769870970398,75.61158725409769
UNSW_2018_IoT_Botnet_Final_10_Best,6q_5k,QSVC,linear,0,L0,baseline_unoptimized,0.001,6,5,2048,2,0.9893333333333333,0.989366437233694,0.9385727476706376,89.29185072984546,0.04452133597806096,89.33637206582353
UNSW_2018_IoT_Botnet_Final_10_Best,6q_5k,QSVC,linear,0,L0,baseline_unoptimized,0.001,6,6,3072,0,0.9946666666666667,0.9946327660618205,0.9688072542805272,86.24512481712736,0.7925059420522302,87.03763075917959
UNSW_2018_IoT_Botnet_Final_10_Best,6q_5k,QSVC,linear,0,L0,baseline_unoptimized,0.001,6,7,4096,1,0.9953333333333333,0.995340603358116,0.9730368435381365,81.54481795383617,1.6412672130391002,83.18608516687527
UNSW_2018_IoT_Botnet_Final_10_Best,6q_5k,QSVC,linear,0,L0,baseline_unoptimized,0.001,6,8,5120,2,0.994,0.9939715103568553,0.9649519156643789,88.35785351903178,0.044925130903720856,88.4027786499355
UNSW_2018_IoT_Botnet_Final_10_Best,6q_5k,QSVC,linear,0,L0,baseline_unoptimized,0.001,6,9,6144,0,0.9973333333333333,0.9973163830309103,0.9844649139608554,77.17897842382081,0.5940558980219066,77.77303432184272
UNSW_2018_IoT_Botnet_Final_10_Best,6q_5k,QSVC,linear,0,L0,baseline_unoptimized,0.001,6,10,7168,1,0.9966666666666667,0.9966922273851068,0.9811503949509465,88.14284996897914,0.046126042027026415,88.18897601100616
UNSW_2018_IoT_Botnet_Final_10_Best,6q_5k,QSVC,linear,0,L0,baseline_unoptimized,0.001,6,11,8192,2,0.9946666666666667,0.9946666666666667,0.9690802933249506,83.89265505690128,0.8663064008578658,84.75896145775914
UNSW_2018_IoT_Botnet_Final_10_Best,6q_5k,QSVC,linear,0,L0,baseline_unoptimized,0.001,6,12,9216,0,0.9953333333333333,0.9952961057398029,0.9727028541761238,87.9949686198961,0.041660469956696033,88.0366290898528
UNSW_2018_IoT_Botnet_Final_10_Best,6q_5k,QSVC,linear,0,L0,baseline_unoptimized,0.001,6,13,10240,1,0.9973333333333333,0.9973249254980052,0.9844726035127892,82.67895515519194,0.8264031868893653,83.50535834208131
UNSW_2018_IoT_Botnet_Final_10_Best,6q_5k,QSVC,linear,0,L0,baseline_unoptimized,0.001,6,14,11264,2,0.9933333333333333,0.9933944409596461,0.9623117253801959,72.1357749151066,1.6893168098758906,73.82509172498249
UNSW_2018_IoT_Botnet_Final_10_Best,6q_5k,QSVC,linear,0,L0,baseline_unoptimized,0.001,6,15,12288,0,0.994,0.9940093471747208,0.9653309638218246,85.57949716690928,0.6186583379749209,86.1981555048842
UNSW_2018_IoT_Botnet_Final_10_Best,6q_5k,QSVC,linear,0,L0,baseline_unoptimized,0.001,6,16,13312,1,0.996,0.996,0.976810219993713,89.62872798694298,0.045558901969343424,89.67428688891232
UNSW_2018_IoT_Botnet_Final_10_Best,6q_5k,QSVC,linear,0,L0,baseline_unoptimized,0.001,6,17,14336,2,0.992,0.9919747764940157,0.9533573013268257,73.15838008280843,1.8628797261044383,75.02125980891287
UNSW_2018_IoT_Botnet_Final_10_Best,6q_5k,QSVC,linear,0,L0,baseline_unoptimized,0.001,6,18,15360,0,0.9946666666666667,0.9946995122365017,0.9695754135797602,86.23945654998533,0.7667375069577247,87.00619405694306
UNSW_2018_IoT_Botnet_Final_10_Best,6q_5k,QSVC,linear,0,L0,baseline_unoptimized,0.001,6,19,16384,1,0.9973333333333333,0.9973333333333333,0.9845401466624754,80.5707660659682,1.5621311890427023,82.1328972550109
UNSW_2018_IoT_Botnet_Final_10_Best,6q_5k,QSVC,linear,0,L0,baseline_unoptimized,0.001,6,20,17408,2,0.994,0.9940093471747208,0.9653309638218246,88.36198242707178,0.045289665926247835,88.40727209299803
UNSW_2018_IoT_Botnet_Final_10_Best,6q_5k,QSVC,linear,0,L0,baseline_unoptimized,0.001,6,21,18432,0,0.9953333333333333,0.9953549727135846,0.9732609961997113,85.78177404706366,0.8044650298543274,86.58623907691799
UNSW_2018_IoT_Botnet_Final_10_Best,6q_5k,QSVC,linear,0,L0,baseline_unoptimized,0.001,6,22,19456,1,0.9946666666666667,0.9946666666666667,0.9690802933249506,89.99013318121433,0.045229420997202396,90.03536260221153
UNSW_2018_IoT_Botnet_Final_10_Best,6q_5k,QSVC,linear,0,L0,baseline_unoptimized,0.001,6,23,20480,2,0.9973333333333333,0.9973497561182509,0.9848460011024754,82.81416022288613,1.964438517112285,84.77859873999842
UNSW_2018_IoT_Botnet_Final_10_Best,6q_5k,QSVC,linear,0,L0,baseline_unoptimized,0.001,6,24,21504,0,0.996,0.9960124139626352,0.976983222161292,90.68463655002415,0.04215364111587405,90.72679019114003
UNSW_2018_IoT_Botnet_Final_10_Best,6q_5k,QSVC,linear,0,L0,baseline_unoptimized,0.001,6,25,22528,1,0.9953333333333333,0.9953260056217893,0.9728676747095873,85.87683660397306,1.7213645251467824,87.59820112911984
UNSW_2018_IoT_Botnet_Final_10_Best,6q_5k,QSVC,linear,0,L0,baseline_unoptimized,0.001,6,26,23552,2,0.996,0.9960366645757877,0.9774907023990167,88.53087548399344,0.7761073901783675,89.30698287417181
UNSW_2018_IoT_Botnet_Final_10_Best,6q_5k,QSVC,linear,0,L0,baseline_unoptimized,0.001,6,27,24576,0,0.9913333333333333,0.9913735207538003,0.9502852930652425,90.72886288492009,0.0502330909948796,90.77909597591497
UNSW_2018_IoT_Botnet_Final_10_Best,6q_5k,QSVC,linear,0,L0,baseline_unoptimized,0.001,6,28,25600,1,0.994,0.9940278220603231,0.9656024284882216,89.91168141900562,0.6593926812056452,90.57107410021126
UNSW_2018_IoT_Botnet_Final_10_Best,6q_5k,QSVC,linear,0,L0,baseline_unoptimized,0.001,6,29,26624,2,0.9946666666666667,0.9946995122365017,0.9695754135797602,82.71685614390299,1.5632063709199429,84.28006251482293
UNSW_2018_IoT_Botnet_Final_10_Best,6q_5k,QSVC,linear,0,L0,baseline_unoptimized,0.002,6,0,42,0,0.9973333333333333,0.9973249254980052,0.9844726035127892,87.62984078982845,0.3413007128983736,87.97114150272682
UNSW_2018_IoT_Botnet_Final_10_Best,6q_5k,QSVC,linear,0,L0,baseline_unoptimized,0.002,6,1,123,1,0.9953333333333333,0.9953691183391495,0.9735381261938272,87.63679088000208,0.06452850997447968,87.70131938997656
UNSW_2018_IoT_Botnet_Final_10_Best,6q_5k,QSVC,linear,0,L0,baseline_unoptimized,0.002,6,2,456,2,0.9973333333333333,0.9973249254980052,0.9844726035127892,73.94511294411495,1.984959192108363,75.93007213622332
UNSW_2018_IoT_Botnet_Final_10_Best,6q_5k,QSVC,linear,0,L0,baseline_unoptimized,0.002,6,3,789,0,0.996,0.996,0.976810219993713,91.65248537901789,0.3221484599635005,91.97463383898139
UNSW_2018_IoT_Botnet_Final_10_Best,6q_5k,QSVC,linear,0,L0,baseline_unoptimized,0.002,6,4,1024,1,0.994,0.9940639146896366,0.9662993779870109,91.64501747582108,0.06781759206205606,91.71283506788313
UNSW_2018_IoT_Botnet_Final_10_Best,6q_5k,QSVC,linear,0,L0,baseline_unoptimized,0.002,6,5,2048,2,0.99,0.9900463701005388,0.9426267253537529,89.65827910392545,1.4558929889462888,91.11417209287174
UNSW_2018_IoT_Botnet_Final_10_Best,6q_5k,QSVC,linear,0,L0,baseline_unoptimized,0.002,6,6,3072,0,0.9946666666666667,0.9946327660618205,0.9688072542805272,89.1279669709038,0.04202782502397895,89.16999479592778
UNSW_2018_IoT_Botnet_Final_10_Best,6q_5k,QSVC,linear,0,L0,baseline_unoptimized,0.002,6,7,4096,1,0.9953333333333333,0.995340603358116,0.9730368435381365,77.11665389803238,1.7032037801109254,78.81985767814331
UNSW_2018_IoT_Botnet_Final_10_Best,6q_5k,QSVC,linear,0,L0,baseline_unoptimized,0.002,6,8,5120,2,0.994,0.9939715103568553,0.9649519156643789,86.89488142589107,0.927270257845521,87.82215168373659
UNSW_2018_IoT_Botnet_Final_10_Best,6q_5k,QSVC,linear,0,L0,baseline_unoptimized,0.002,6,9,6144,0,0.996,0.9959873882470078,0.9766937779662983,86.68786136806011,1.0065681950654835,87.6944295631256
UNSW_2018_IoT_Botnet_Final_10_Best,6q_5k,QSVC,linear,0,L0,baseline_unoptimized,0.002,6,10,7168,1,0.9966666666666667,0.9966922273851068,0.9811503949509465,90.32803460001014,0.04582367814145982,90.3738582781516
UNSW_2018_IoT_Botnet_Final_10_Best,6q_5k,QSVC,linear,0,L0,baseline_unoptimized,0.002,6,11,8192,2,0.9946666666666667,0.9946666666666667,0.9690802933249506,86.76938137412071,1.0040059220045805,87.77338729612529
UNSW_2018_IoT_Botnet_Final_10_Best,6q_5k,QSVC,linear,0,L0,baseline_unoptimized,0.002,6,12,9216,0,0.9953333333333333,0.9952961057398029,0.9727028541761238,89.42964694090188,0.05783196003176272,89.48747890093364
UNSW_2018_IoT_Botnet_Final_10_Best,6q_5k,QSVC,linear,0,L0,baseline_unoptimized,0.002,6,13,10240,1,0.9973333333333333,0.9973249254980052,0.9844726035127892,88.63874132814817,0.6251299621071666,89.26387129025534
UNSW_2018_IoT_Botnet_Final_10_Best,6q_5k,QSVC,linear,0,L0,baseline_unoptimized,0.002,6,14,11264,2,0.9933333333333333,0.9933944409596461,0.9623117253801959,71.88748213998042,1.23967355908826,73.12715569906868
UNSW_2018_IoT_Botnet_Final_10_Best,6q_5k,QSVC,linear,0,L0,baseline_unoptimized,0.002,6,15,12288,0,0.994,0.9940093471747208,0.9653309638218246,89.3682824310381,0.04218927398324013,89.41047170502134
UNSW_2018_IoT_Botnet_Final_10_Best,6q_5k,QSVC,linear,0,L0,baseline_unoptimized,0.002,6,16,13312,1,0.996,0.996,0.976810219993713,87.19977846485563,0.7806030481588095,87.98038151301444
UNSW_2018_IoT_Botnet_Final_10_Best,6q_5k,QSVC,linear,0,L0,baseline_unoptimized,0.002,6,17,14336,2,0.992,0.9919747764940157,0.9533573013268257,80.2333503679838,0.9255890920758247,81.15893946005963
UNSW_2018_IoT_Botnet_Final_10_Best,6q_5k,QSVC,linear,0,L0,baseline_unoptimized,0.002,6,18,15360,0,0.9946666666666667,0.9946995122365017,0.9695754135797602,88.51857497589663,0.6259007351472974,89.14447571104392
UNSW_2018_IoT_Botnet_Final_10_Best,6q_5k,QSVC,linear,0,L0,baseline_unoptimized,0.002,6,19,16384,1,0.9973333333333333,0.9973333333333333,0.9845401466624754,89.30908403312787,0.05033405381254852,89.35941808694042
UNSW_2018_IoT_Botnet_Final_10_Best,6q_5k,QSVC,linear,0,L0,baseline_unoptimized,0.002,6,20,17408,2,0.994,0.9940093471747208,0.9653309638218246,81.27900505485013,1.5710179670713842,82.85002302192152
UNSW_2018_IoT_Botnet_Final_10_Best,6q_5k,QSVC,linear,0,L0,baseline_unoptimized,0.002,6,21,18432,0,0.9953333333333333,0.9953549727135846,0.9732609961997113,89.63125672307797,0.043909562984481454,89.67516628606245
UNSW_2018_IoT_Botnet_Final_10_Best,6q_5k,QSVC,linear,0,L0,baseline_unoptimized,0.002,6,22,19456,1,0.994,0.9940093471747208,0.9653309638218246,89.66932457196526,0.32194079202599823,89.99126536399126
UNSW_2018_IoT_Botnet_Final_10_Best,6q_5k,QSVC,linear,0,L0,baseline_unoptimized,0.002,6,23,20480,2,0.9973333333333333,0.9973497561182509,0.9848460011024754,86.45607836195268,1.4751315480098128,87.93120990996249
UNSW_2018_IoT_Botnet_Final_10_Best,6q_5k,QSVC,linear,0,L0,baseline_unoptimized,0.002,6,24,21504,0,0.996,0.9960124139626352,0.976983222161292,88.08076824480668,0.04184080008417368,88.12260904489085
UNSW_2018_IoT_Botnet_Final_10_Best,6q_5k,QSVC,linear,0,L0,baseline_unoptimized,0.002,6,25,22528,1,0.9953333333333333,0.9953260056217893,0.9728676747095873,70.19021431589499,1.507394454907626,71.69760877080262
UNSW_2018_IoT_Botnet_Final_10_Best,6q_5k,QSVC,linear,0,L0,baseline_unoptimized,0.002,6,26,23552,2,0.996,0.9960366645757877,0.9774907023990167,85.69779673684388,0.9767257811035961,86.67452251794748
UNSW_2018_IoT_Botnet_Final_10_Best,6q_5k,QSVC,linear,0,L0,baseline_unoptimized,0.002,6,27,24576,0,0.9913333333333333,0.9913735207538003,0.9502852930652425,83.68340318789706,0.40764816710725427,84.09105135500431
UNSW_2018_IoT_Botnet_Final_10_Best,6q_5k,QSVC,linear,0,L0,baseline_unoptimized,0.002,6,28,25600,1,0.994,0.9940278220603231,0.9656024284882216,84.74235450802371,0.8982982269953936,85.6406527350191
UNSW_2018_IoT_Botnet_Final_10_Best,6q_5k,QSVC,linear,0,L0,baseline_unoptimized,0.002,6,29,26624,2,0.9946666666666667,0.9946995122365017,0.9695754135797602,88.16364614712074,0.04485550615936518,88.20850165328011
UNSW_2018_IoT_Botnet_Final_10_Best,6q_5k,QSVC,linear,0,L0,baseline_unoptimized,0.005,6,0,42,0,0.9973333333333333,0.9973249254980052,0.9844726035127892,88.55828764406033,0.8049139429349452,89.36320158699527
UNSW_2018_IoT_Botnet_Final_10_Best,6q_5k,QSVC,linear,0,L0,baseline_unoptimized,0.005,6,1,123,1,0.9953333333333333,0.9953691183391495,0.9735381261938272,90.65480537479743,0.04475641902536154,90.6995617938228
UNSW_2018_IoT_Botnet_Final_10_Best,6q_5k,QSVC,linear,0,L0,baseline_unoptimized,0.005,6,2,456,2,0.9966666666666667,0.9966614325869924,0.9806219150789104,71.64414951996878,1.5398419520352036,73.18399147200398
UNSW_2018_IoT_Botnet_Final_10_Best,6q_5k,QSVC,linear,0,L0,baseline_unoptimized,0.005,6,3,789,0,0.996,0.996,0.976810219993713,85.49150204006582,0.8464166219346225,86.33791866200045
UNSW_2018_IoT_Botnet_Final_10_Best,6q_5k,QSVC,linear,0,L0,baseline_unoptimized,0.005,6,4,1024,1,0.994,0.9940639146896366,0.9662993779870109,89.78807679587044,0.04519626800902188,89.83327306387946
UNSW_2018_IoT_Botnet_Final_10_Best,6q_5k,QSVC,linear,0,L0,baseline_unoptimized,0.005,6,5,2048,2,0.99,0.9900463701005388,0.9426267253537529,73.63642495311797,1.5364828538149595,75.17290780693293
UNSW_2018_IoT_Botnet_Final_10_Best,6q_5k,QSVC,linear,0,L0,baseline_unoptimized,0.005,6,6,3072,0,0.9946666666666667,0.9946327660618205,0.9688072542805272,85.69816517503932,0.9332714388146996,86.63143661385402
UNSW_2018_IoT_Botnet_Final_10_Best,6q_5k,QSVC,linear,0,L0,baseline_unoptimized,0.005,6,7,4096,1,0.9953333333333333,0.995340603358116,0.9730368435381365,85.7558069510851,0.9459314800333232,86.70173843111843
UNSW_2018_IoT_Botnet_Final_10_Best,6q_5k,QSVC,linear,0,L0,baseline_unoptimized,0.005,6,8,5120,2,0.994,0.9939715103568553,0.9649519156643789,89.19532877602614,0.0485764320474118,89.24390520807356
UNSW_2018_IoT_Botnet_Final_10_Best,6q_5k,QSVC,linear,0,L0,baseline_unoptimized,0.005,6,9,6144,0,0.996,0.9959873882470078,0.9766937779662983,90.45958327897824,0.04160965303890407,90.50119293201715
UNSW_2018_IoT_Botnet_Final_10_Best,6q_5k,QSVC,linear,0,L0,baseline_unoptimized,0.005,6,10,7168,1,0.9966666666666667,0.9966922273851068,0.9811503949509465,87.86683462094516,1.060355027904734,88.92718964884989
UNSW_2018_IoT_Botnet_Final_10_Best,6q_5k,QSVC,linear,0,L0,baseline_unoptimized,0.005,6,11,8192,2,0.9946666666666667,0.9946666666666667,0.9690802933249506,87.77127840416506,1.1138183451257646,88.88509674929082
UNSW_2018_IoT_Botnet_Final_10_Best,6q_5k,QSVC,linear,0,L0,baseline_unoptimized,0.005,6,12,9216,0,0.996,0.9959745745463654,0.9766360841206913,67.59142140299082,1.5606485018506646,69.15206990484148
UNSW_2018_IoT_Botnet_Final_10_Best,6q_5k,QSVC,linear,0,L0,baseline_unoptimized,0.005,6,13,10240,1,0.9973333333333333,0.9973249254980052,0.9844726035127892,89.88715902902186,0.05081508890725672,89.93797411792912
UNSW_2018_IoT_Botnet_Final_10_Best,6q_5k,QSVC,linear,0,L0,baseline_unoptimized,0.005,6,14,11264,2,0.9926666666666667,0.992744784620667,0.9587324290599396,88.997657955857,0.6741475330200046,89.671805488877
UNSW_2018_IoT_Botnet_Final_10_Best,6q_5k,QSVC,linear,0,L0,baseline_unoptimized,0.005,6,15,12288,0,0.9946666666666667,0.9946832186168468,0.9693011272631611,63.73247090820223,0.940111415926367,64.6725823241286
UNSW_2018_IoT_Botnet_Final_10_Best,6q_5k,QSVC,linear,0,L0,baseline_unoptimized,0.005,6,16,13312,1,0.996,0.996,0.976810219993713,87.97361837606877,0.05152251198887825,88.02514088805765
UNSW_2018_IoT_Botnet_Final_10_Best,6q_5k,QSVC,linear,0,L0,baseline_unoptimized,0.005,6,17,14336,2,0.992,0.9919747764940157,0.9533573013268257,87.23019852582365,0.6128332279622555,87.84303175378591
UNSW_2018_IoT_Botnet_Final_10_Best,6q_5k,QSVC,linear,0,L0,baseline_unoptimized,0.005,6,18,15360,0,0.9946666666666667,0.9946995122365017,0.9695754135797602,86.87677833414637,1.085677559953183,87.96245589409955
UNSW_2018_IoT_Botnet_Final_10_Best,6q_5k,QSVC,linear,0,L0,baseline_unoptimized,0.005,6,19,16384,1,0.9973333333333333,0.9973333333333333,0.9845401466624754,89.4086927860044,0.048279376002028584,89.45697216200642
UNSW_2018_IoT_Botnet_Final_10_Best,6q_5k,QSVC,linear,0,L0,baseline_unoptimized,0.005,6,20,17408,2,0.994,0.9940093471747208,0.9653309638218246,86.84996266989037,1.065216941991821,87.9151796118822
UNSW_2018_IoT_Botnet_Final_10_Best,6q_5k,QSVC,linear,0,L0,baseline_unoptimized,0.005,6,21,18432,0,0.9946666666666667,0.9946995122365017,0.9695754135797602,90.24667873000726,0.04223732417449355,90.28891605418175
UNSW_2018_IoT_Botnet_Final_10_Best,6q_5k,QSVC,linear,0,L0,baseline_unoptimized,0.005,6,22,19456,1,0.994,0.9940093471747208,0.9653309638218246,88.074347947957,0.8210185321513563,88.89536648010835
UNSW_2018_IoT_Botnet_Final_10_Best,6q_5k,QSVC,linear,0,L0,baseline_unoptimized,0.005,6,23,20480,2,0.9973333333333333,0.9973497561182509,0.9848460011024754,82.67602038010955,1.1724138220306486,83.8484342021402
UNSW_2018_IoT_Botnet_Final_10_Best,6q_5k,QSVC,linear,0,L0,baseline_unoptimized,0.005,6,24,21504,0,0.996,0.9960124139626352,0.976983222161292,88.15587722719647,1.1898484900593758,89.34572571725585
UNSW_2018_IoT_Botnet_Final_10_Best,6q_5k,QSVC,linear,0,L0,baseline_unoptimized,0.005,6,25,22528,1,0.994,0.9940093471747208,0.9653309638218246,89.5278732010629,0.05758732813410461,89.58546052919701
UNSW_2018_IoT_Botnet_Final_10_Best,6q_5k,QSVC,linear,0,L0,baseline_unoptimized,0.005,6,26,23552,2,0.996,0.9960366645757877,0.9774907023990167,88.61043277592398,0.9880328280851245,89.5984656040091
UNSW_2018_IoT_Botnet_Final_10_Best,6q_5k,QSVC,linear,0,L0,baseline_unoptimized,0.005,6,27,24576,0,0.9933333333333333,0.9933944409596461,0.9623117253801959,88.84718202799559,0.04168382100760937,88.8888658490032
UNSW_2018_IoT_Botnet_Final_10_Best,6q_5k,QSVC,linear,0,L0,baseline_unoptimized,0.005,6,28,25600,1,0.994,0.9940278220603231,0.9656024284882216,86.33482601493597,0.9130923340562731,87.24791834899224
UNSW_2018_IoT_Botnet_Final_10_Best,6q_5k,QSVC,linear,0,L0,baseline_unoptimized,0.005,6,29,26624,2,0.9946666666666667,0.9946995122365017,0.9695754135797602,65.74231201200746,1.1992140139918774,66.94152602599934
UNSW_2018_IoT_Botnet_Final_10_Best,6q_5k,QSVC,linear,0,L0,baseline_unoptimized,0.008,6,0,42,0,0.9973333333333333,0.9973249254980052,0.9844726035127892,75.94326958293095,1.5336558490525931,77.47692543198355
UNSW_2018_IoT_Botnet_Final_10_Best,6q_5k,QSVC,linear,0,L0,baseline_unoptimized,0.008,6,1,123,1,0.9953333333333333,0.9953691183391495,0.9735381261938272,90.21134353312664,0.074097994947806,90.28544152807444
UNSW_2018_IoT_Botnet_Final_10_Best,6q_5k,QSVC,linear,0,L0,baseline_unoptimized,0.008,6,2,456,2,0.9966666666666667,0.9966614325869924,0.9806219150789104,90.18306824192405,0.07398874498903751,90.25705698691308
UNSW_2018_IoT_Botnet_Final_10_Best,6q_5k,QSVC,linear,0,L0,baseline_unoptimized,0.008,6,3,789,0,0.996,0.996,0.976810219993713,90.01196625595912,0.04179063416086137,90.05375689011998
UNSW_2018_IoT_Botnet_Final_10_Best,6q_5k,QSVC,linear,0,L0,baseline_unoptimized,0.008,6,4,1024,1,0.9933333333333333,0.9934141816371781,0.9627320397614697,85.26103146793321,0.9031724540982395,86.16420392203145
UNSW_2018_IoT_Botnet_Final_10_Best,6q_5k,QSVC,linear,0,L0,baseline_unoptimized,0.008,6,5,2048,2,0.99,0.9900463701005388,0.9426267253537529,85.38709440804087,0.8329350561834872,86.22002946422435
UNSW_2018_IoT_Botnet_Final_10_Best,6q_5k,QSVC,linear,0,L0,baseline_unoptimized,0.008,6,6,3072,0,0.9933333333333333,0.9933123137450129,0.9611361268733166,83.85415448597632,0.8046667810995132,84.65882126707584
UNSW_2018_IoT_Botnet_Final_10_Best,6q_5k,QSVC,linear,0,L0,baseline_unoptimized,0.008,6,7,4096,1,0.9953333333333333,0.995340603358116,0.9730368435381365,89.13373694894835,0.04479965311475098,89.1785366020631
UNSW_2018_IoT_Botnet_Final_10_Best,6q_5k,QSVC,linear,0,L0,baseline_unoptimized,0.008,6,8,5120,2,0.994,0.9939715103568553,0.9649519156643789,63.931293135043234,1.4244644960854203,65.35575763112865
UNSW_2018_IoT_Botnet_Final_10_Best,6q_5k,QSVC,linear,0,L0,baseline_unoptimized,0.008,6,9,6144,0,0.9953333333333333,0.9953260056217893,0.9728676747095873,89.69527392601594,0.057007149793207645,89.75228107580915
UNSW_2018_IoT_Botnet_Final_10_Best,6q_5k,QSVC,linear,0,L0,baseline_unoptimized,0.008,6,10,7168,1,0.9966666666666667,0.9966922273851068,0.9811503949509465,69.40494740800932,1.1086572580970824,70.5136046661064
UNSW_2018_IoT_Botnet_Final_10_Best,6q_5k,QSVC,linear,0,L0,baseline_unoptimized,0.008,6,11,8192,2,0.9946666666666667,0.9946666666666667,0.9690802933249506,88.93402547785081,0.6112015740945935,89.5452270519454
UNSW_2018_IoT_Botnet_Final_10_Best,6q_5k,QSVC,linear,0,L0,baseline_unoptimized,0.008,6,12,9216,0,0.9966666666666667,0.9966400755284308,0.9805571131969575,90.22656928095967,0.05664236983284354,90.28321165079251
UNSW_2018_IoT_Botnet_Final_10_Best,6q_5k,QSVC,linear,0,L0,baseline_unoptimized,0.008,6,13,10240,1,0.9966666666666667,0.9966614325869924,0.9806219150789104,89.40235218103044,0.6499129319563508,90.05226511298679
UNSW_2018_IoT_Botnet_Final_10_Best,6q_5k,QSVC,linear,0,L0,baseline_unoptimized,0.008,6,14,11264,2,0.992,0.9920970179646138,0.9551873937472581,67.31536556291394,1.9653272139839828,69.28069277689792
UNSW_2018_IoT_Botnet_Final_10_Best,6q_5k,QSVC,linear,0,L0,baseline_unoptimized,0.008,6,15,12288,0,0.9946666666666667,0.9946832186168468,0.9693011272631611,91.24810038204305,0.04156927298754454,91.2896696550306
UNSW_2018_IoT_Botnet_Final_10_Best,6q_5k,QSVC,linear,0,L0,baseline_unoptimized,0.008,6,16,13312,1,0.996,0.996,0.976810219993713,89.08095429418609,0.9056700970977545,89.98662439128384
UNSW_2018_IoT_Botnet_Final_10_Best,6q_5k,QSVC,linear,0,L0,baseline_unoptimized,0.008,6,17,14336,2,0.992,0.9919747764940157,0.9533573013268257,76.78367944504134,1.299009082140401,78.08268852718174
UNSW_2018_IoT_Botnet_Final_10_Best,6q_5k,QSVC,linear,0,L0,baseline_unoptimized,0.008,6,18,15360,0,0.9946666666666667,0.9946995122365017,0.9695754135797602,87.8459931211546,0.04218981205485761,87.88818293320946
UNSW_2018_IoT_Botnet_Final_10_Best,6q_5k,QSVC,linear,0,L0,baseline_unoptimized,0.008,6,19,16384,1,0.9973333333333333,0.9973333333333333,0.9845401466624754,80.10019798600115,0.9782560069579631,81.07845399295911
UNSW_2018_IoT_Botnet_Final_10_Best,6q_5k,QSVC,linear,0,L0,baseline_unoptimized,0.008,6,20,17408,2,0.994,0.9940093471747208,0.9653309638218246,80.0795186359901,0.9507456510327756,81.03026428702287
UNSW_2018_IoT_Botnet_Final_10_Best,6q_5k,QSVC,linear,0,L0,baseline_unoptimized,0.008,6,21,18432,0,0.9946666666666667,0.9946995122365017,0.9695754135797602,83.70982059300877,1.4663786450400949,85.17619923804887
UNSW_2018_IoT_Botnet_Final_10_Best,6q_5k,QSVC,linear,0,L0,baseline_unoptimized,0.008,6,22,19456,1,0.994,0.9940093471747208,0.9653309638218246,90.00622547813691,0.0753673161379993,90.08159279427491
UNSW_2018_IoT_Botnet_Final_10_Best,6q_5k,QSVC,linear,0,L0,baseline_unoptimized,0.008,6,23,20480,2,0.9973333333333333,0.9973497561182509,0.9848460011024754,90.06838949909434,0.07629573484882712,90.14468523394316
UNSW_2018_IoT_Botnet_Final_10_Best,6q_5k,QSVC,linear,0,L0,baseline_unoptimized,0.008,6,24,21504,0,0.996,0.9960124139626352,0.976983222161292,78.36038239509799,1.6180797559209168,79.9784621510189
UNSW_2018_IoT_Botnet_Final_10_Best,6q_5k,QSVC,linear,0,L0,baseline_unoptimized,0.008,6,25,22528,1,0.994,0.9940093471747208,0.9653309638218246,90.63405478815548,0.045300744008272886,90.67935553216375
UNSW_2018_IoT_Botnet_Final_10_Best,6q_5k,QSVC,linear,0,L0,baseline_unoptimized,0.008,6,26,23552,2,0.996,0.9960366645757877,0.9774907023990167,85.3005257670302,0.9096621740609407,86.21018794109114
UNSW_2018_IoT_Botnet_Final_10_Best,6q_5k,QSVC,linear,0,L0,baseline_unoptimized,0.008,6,27,24576,0,0.992,0.9920970179646138,0.9551873937472581,88.13600371801294,0.8965221750549972,89.03252589306794
UNSW_2018_IoT_Botnet_Final_10_Best,6q_5k,QSVC,linear,0,L0,baseline_unoptimized,0.008,6,28,25600,1,0.994,0.9940278220603231,0.9656024284882216,88.09473294694908,1.0174711639992893,89.11220411094837
UNSW_2018_IoT_Botnet_Final_10_Best,6q_5k,QSVC,linear,0,L0,baseline_unoptimized,0.008,6,29,26624,2,0.9946666666666667,0.9946995122365017,0.9695754135797602,90.68325809482485,0.04794675693847239,90.73120485176332
UNSW_2018_IoT_Botnet_Final_10_Best,6q_5k,QSVC,linear,0,L0,baseline_unoptimized,0.01,6,0,42,0,0.9973333333333333,0.9973249254980052,0.9844726035127892,70.64165691402741,1.7276218689512461,72.36927878297865
UNSW_2018_IoT_Botnet_Final_10_Best,6q_5k,QSVC,linear,0,L0,baseline_unoptimized,0.01,6,1,123,1,0.9953333333333333,0.9953691183391495,0.9735381261938272,89.89085238496773,0.07773305103182793,89.96858543599956
UNSW_2018_IoT_Botnet_Final_10_Best,6q_5k,QSVC,linear,0,L0,baseline_unoptimized,0.01,6,2,456,2,0.9953333333333333,0.995340603358116,0.9730368435381365,89.881050957134,0.07681713020429015,89.95786808733828
UNSW_2018_IoT_Botnet_Final_10_Best,6q_5k,QSVC,linear,0,L0,baseline_unoptimized,0.01,6,3,789,0,0.9966666666666667,0.9966718595415115,0.9807427232544484,89.88796454085968,0.052261426113545895,89.94022596697323
UNSW_2018_IoT_Botnet_Final_10_Best,6q_5k,QSVC,linear,0,L0,baseline_unoptimized,0.01,6,4,1024,1,0.9933333333333333,0.9934141816371781,0.9627320397614697,85.49883088795468,0.8900246829725802,86.38885557092726
UNSW_2018_IoT_Botnet_Final_10_Best,6q_5k,QSVC,linear,0,L0,baseline_unoptimized,0.01,6,5,2048,2,0.99,0.9900463701005388,0.9426267253537529,89.08972741197795,0.6520247650332749,89.74175217701122
UNSW_2018_IoT_Botnet_Final_10_Best,6q_5k,QSVC,linear,0,L0,baseline_unoptimized,0.01,6,6,3072,0,0.9933333333333333,0.9933123137450129,0.9611361268733166,85.52985926694237,0.9698991370387375,86.4997584039811
UNSW_2018_IoT_Botnet_Final_10_Best,6q_5k,QSVC,linear,0,L0,baseline_unoptimized,0.01,6,7,4096,1,0.9953333333333333,0.995340603358116,0.9730368435381365,90.1688903530594,0.04788998211733997,90.21678033517674
UNSW_2018_IoT_Botnet_Final_10_Best,6q_5k,QSVC,linear,0,L0,baseline_unoptimized,0.01,6,8,5120,2,0.994,0.9939715103568553,0.9649519156643789,85.59960988699459,0.8324043210595846,86.43201420805417
UNSW_2018_IoT_Botnet_Final_10_Best,6q_5k,QSVC,linear,0,L0,baseline_unoptimized,0.01,6,9,6144,0,0.9946666666666667,0.9946666666666667,0.9690802933249506,89.36320908390917,0.6294715369585901,89.99268062086776
UNSW_2018_IoT_Botnet_Final_10_Best,6q_5k,QSVC,linear,0,L0,baseline_unoptimized,0.01,6,10,7168,1,0.9966666666666667,0.9966922273851068,0.9811503949509465,83.26621996401809,0.43848547991365194,83.70470544393174
UNSW_2018_IoT_Botnet_Final_10_Best,6q_5k,QSVC,linear,0,L0,baseline_unoptimized,0.01,6,11,8192,2,0.9946666666666667,0.9946666666666667,0.9690802933249506,90.14249743707478,0.04956288100220263,90.19206031807698
UNSW_2018_IoT_Botnet_Final_10_Best,6q_5k,QSVC,linear,0,L0,baseline_unoptimized,0.01,6,12,9216,0,0.9966666666666667,0.9966400755284308,0.9805571131969575,87.45040329312906,0.9711953969672322,88.42159869009629
UNSW_2018_IoT_Botnet_Final_10_Best,6q_5k,QSVC,linear,0,L0,baseline_unoptimized,0.01,6,13,10240,1,0.9966666666666667,0.9966614325869924,0.9806219150789104,89.9328685880173,0.0487566189840436,89.98162520700134
UNSW_2018_IoT_Botnet_Final_10_Best,6q_5k,QSVC,linear,0,L0,baseline_unoptimized,0.01,6,14,11264,2,0.9906666666666667,0.9908070659416813,0.9481978729325209,87.59788768202998,0.8530326669570059,88.45092034898698
UNSW_2018_IoT_Botnet_Final_10_Best,6q_5k,QSVC,linear,0,L0,baseline_unoptimized,0.01,6,15,12288,0,0.994,0.9940278220603231,0.9656024284882216,68.90453985705972,1.8918633230496198,70.79640318010934
UNSW_2018_IoT_Botnet_Final_10_Best,6q_5k,QSVC,linear,0,L0,baseline_unoptimized,0.01,6,16,13312,1,0.9966666666666667,0.9966718595415115,0.9807427232544484,87.74191421503201,0.04481510608457029,87.78672932111658
UNSW_2018_IoT_Botnet_Final_10_Best,6q_5k,QSVC,linear,0,L0,baseline_unoptimized,0.01,6,17,14336,2,0.992,0.9919747764940157,0.9533573013268257,83.46226911898702,0.8936616340652108,84.35593075305223
UNSW_2018_IoT_Botnet_Final_10_Best,6q_5k,QSVC,linear,0,L0,baseline_unoptimized,0.01,6,18,15360,0,0.994,0.9940460092931921,0.9659258574367079,79.12876184494235,1.939927777973935,81.06868962291628
UNSW_2018_IoT_Botnet_Final_10_Best,6q_5k,QSVC,linear,0,L0,baseline_unoptimized,0.01,6,19,16384,1,0.9966666666666667,0.9966718595415115,0.9807427232544484,90.9239622168243,0.07548763393424451,90.99944985075854
UNSW_2018_IoT_Botnet_Final_10_Best,6q_5k,QSVC,linear,0,L0,baseline_unoptimized,0.01,6,20,17408,2,0.994,0.9940093471747208,0.9653309638218246,90.87746350211091,0.07439865893684328,90.95186216104776
UNSW_2018_IoT_Botnet_Final_10_Best,6q_5k,QSVC,linear,0,L0,baseline_unoptimized,0.01,6,21,18432,0,0.9946666666666667,0.9946995122365017,0.9695754135797602,90.19406968494877,0.340688741998747,90.53475842694752
UNSW_2018_IoT_Botnet_Final_10_Best,6q_5k,QSVC,linear,0,L0,baseline_unoptimized,0.01,6,22,19456,1,0.994,0.9940093471747208,0.9653309638218246,90.1948523411993,0.06250124517828226,90.25735358637758
UNSW_2018_IoT_Botnet_Final_10_Best,6q_5k,QSVC,linear,0,L0,baseline_unoptimized,0.01,6,23,20480,2,0.9973333333333333,0.9973497561182509,0.9848460011024754,88.07105168420821,1.5618410632014275,89.63289274740964
UNSW_2018_IoT_Botnet_Final_10_Best,6q_5k,QSVC,linear,0,L0,baseline_unoptimized,0.01,6,24,21504,0,0.996,0.9960124139626352,0.976983222161292,87.40525995288044,0.8384454760234803,88.24370542890392
UNSW_2018_IoT_Botnet_Final_10_Best,6q_5k,QSVC,linear,0,L0,baseline_unoptimized,0.01,6,25,22528,1,0.9946666666666667,0.9946666666666667,0.9690802933249506,89.57264088303782,0.045301922829821706,89.61794280586764
UNSW_2018_IoT_Botnet_Final_10_Best,6q_5k,QSVC,linear,0,L0,baseline_unoptimized,0.01,6,26,23552,2,0.996,0.9960366645757877,0.9774907023990167,84.25961440405808,1.0556073219049722,85.31522172596306
UNSW_2018_IoT_Botnet_Final_10_Best,6q_5k,QSVC,linear,0,L0,baseline_unoptimized,0.01,6,27,24576,0,0.992,0.9920970179646138,0.9551873937472581,79.93238560995087,0.9526114158798009,80.88499702583067
UNSW_2018_IoT_Botnet_Final_10_Best,6q_5k,QSVC,linear,0,L0,baseline_unoptimized,0.01,6,28,25600,1,0.994,0.9940278220603231,0.9656024284882216,85.99324977910146,0.9007325898855925,86.89398236898705
UNSW_2018_IoT_Botnet_Final_10_Best,6q_5k,QSVC,linear,0,L0,baseline_unoptimized,0.01,6,29,26624,2,0.9946666666666667,0.9946995122365017,0.9695754135797602,90.14948945282958,0.04468921199440956,90.194178664824
UNSW_2018_IoT_Botnet_Final_10_Best,6q_5k,QSVC,linear,0,L0,baseline_unoptimized,0.02,6,0,42,0,0.996,0.996,0.976810219993713,90.7574580530636,0.05631992197595537,90.81377797503956
UNSW_2018_IoT_Botnet_Final_10_Best,6q_5k,QSVC,linear,0,L0,baseline_unoptimized,0.02,6,1,123,1,0.994,0.9940639146896366,0.9662993779870109,78.06820336985402,1.597441951977089,79.66564532183111
UNSW_2018_IoT_Botnet_Final_10_Best,6q_5k,QSVC,linear,0,L0,baseline_unoptimized,0.02,6,2,456,2,0.9953333333333333,0.995340603358116,0.9730368435381365,89.97347716102377,0.6288344950880855,90.60231165611185
UNSW_2018_IoT_Botnet_Final_10_Best,6q_5k,QSVC,linear,0,L0,baseline_unoptimized,0.02,6,3,789,0,0.9966666666666667,0.9966718595415115,0.9807427232544484,91.2925165288616,0.050268763210624456,91.34278529207222
UNSW_2018_IoT_Botnet_Final_10_Best,6q_5k,QSVC,linear,0,L0,baseline_unoptimized,0.02,6,4,1024,1,0.9926666666666667,0.9927875474438553,0.9597105399310694,90.49297278188169,0.644249030854553,91.13722181273624
UNSW_2018_IoT_Botnet_Final_10_Best,6q_5k,QSVC,linear,0,L0,baseline_unoptimized,0.02,6,5,2048,2,0.9893333333333333,0.9894311055354338,0.9395432598519646,83.29400616604835,1.5260511029046029,84.82005726895295
UNSW_2018_IoT_Botnet_Final_10_Best,6q_5k,QSVC,linear,0,L0,baseline_unoptimized,0.02,6,6,3072,0,0.9946666666666667,0.9946666666666667,0.9690802933249506,90.18274136795662,0.040315208956599236,90.22305657691322
UNSW_2018_IoT_Botnet_Final_10_Best,6q_5k,QSVC,linear,0,L0,baseline_unoptimized,0.02,6,7,4096,1,0.9953333333333333,0.995340603358116,0.9730368435381365,85.91089443489909,0.8136983830481768,86.72459281794727
UNSW_2018_IoT_Botnet_Final_10_Best,6q_5k,QSVC,linear,0,L0,baseline_unoptimized,0.02,6,8,5120,2,0.994,0.9939715103568553,0.9649519156643789,80.23826952185482,1.159340512007475,81.39761003386229
UNSW_2018_IoT_Botnet_Final_10_Best,6q_5k,QSVC,linear,0,L0,baseline_unoptimized,0.02,6,9,6144,0,0.992,0.9920492683547524,0.9543048260570449,84.10760163492523,1.171501117059961,85.27910275198519
UNSW_2018_IoT_Botnet_Final_10_Best,6q_5k,QSVC,linear,0,L0,baseline_unoptimized,0.02,6,10,7168,1,0.9926666666666667,0.9927875474438553,0.9597105399310694,90.59598245611414,0.045702684903517365,90.64168514101766
UNSW_2018_IoT_Botnet_Final_10_Best,6q_5k,QSVC,linear,0,L0,baseline_unoptimized,0.02,6,11,8192,2,0.9933333333333333,0.9933540232710586,0.9616190323650302,86.09113444713876,1.0779561719391495,87.1690906190779
UNSW_2018_IoT_Botnet_Final_10_Best,6q_5k,QSVC,linear,0,L0,baseline_unoptimized,0.02,6,12,9216,0,0.9973333333333333,0.9973249254980052,0.9844726035127892,72.13463143212721,1.5507158630061895,73.6853472951334
UNSW_2018_IoT_Botnet_Final_10_Best,6q_5k,QSVC,linear,0,L0,baseline_unoptimized,0.02,6,13,10240,1,0.996,0.996,0.976810219993713,89.79718082305044,0.04597512912005186,89.84315595217049
UNSW_2018_IoT_Botnet_Final_10_Best,6q_5k,QSVC,linear,0,L0,baseline_unoptimized,0.02,6,14,11264,2,0.988,0.9882822988821741,0.9353700213076753,86.51315881009214,0.8225614039693028,87.33572021406144
UNSW_2018_IoT_Botnet_Final_10_Best,6q_5k,QSVC,linear,0,L0,baseline_unoptimized,0.02,6,15,12288,0,0.9933333333333333,0.9933743902956271,0.9619401198184026,86.32627411582507,1.5815369000192732,87.90781101584435
UNSW_2018_IoT_Botnet_Final_10_Best,6q_5k,QSVC,linear,0,L0,baseline_unoptimized,0.02,6,16,13312,1,0.9966666666666667,0.9966718595415115,0.9807427232544484,89.55967076611705,0.9248385969549417,90.484509363072
UNSW_2018_IoT_Botnet_Final_10_Best,6q_5k,QSVC,linear,0,L0,baseline_unoptimized,0.02,6,17,14336,2,0.992,0.9920248279252704,0.9539369374668993,90.59906905703247,0.04862283100374043,90.6476918880362
UNSW_2018_IoT_Botnet_Final_10_Best,6q_5k,QSVC,linear,0,L0,baseline_unoptimized,0.02,6,18,15360,0,0.996,0.9960124139626352,0.976983222161292,81.17439363594167,1.2741736869793385,82.44856732292101
UNSW_2018_IoT_Botnet_Final_10_Best,6q_5k,QSVC,linear,0,L0,baseline_unoptimized,0.02,6,19,16384,1,0.9953333333333333,0.9953549727135846,0.9732609961997113,88.49124961881898,0.9027817461173981,89.39403136493638
UNSW_2018_IoT_Botnet_Final_10_Best,6q_5k,QSVC,linear,0,L0,baseline_unoptimized,0.02,6,20,17408,2,0.9946666666666667,0.9946995122365017,0.9695754135797602,90.64978198800236,0.044671082170680165,90.69445307017304
UNSW_2018_IoT_Botnet_Final_10_Best,6q_5k,QSVC,linear,0,L0,baseline_unoptimized,0.02,6,21,18432,0,0.994,0.9940460092931921,0.9659258574367079,75.43287816294469,1.2962075569666922,76.72908571991138
UNSW_2018_IoT_Botnet_Final_10_Best,6q_5k,QSVC,linear,0,L0,baseline_unoptimized,0.02,6,22,19456,1,0.9913333333333333,0.9914256545516973,0.9511654801328682,89.74912115791813,0.04415978002361953,89.79328093794174
UNSW_2018_IoT_Botnet_Final_10_Best,6q_5k,QSVC,linear,0,L0,baseline_unoptimized,0.02,6,23,20480,2,0.9953333333333333,0.9953830447586062,0.9738663269140823,87.57689473894425,0.9338152650743723,88.51071000401862
UNSW_2018_IoT_Botnet_Final_10_Best,6q_5k,QSVC,linear,0,L0,baseline_unoptimized,0.02,6,24,21504,0,0.996,0.9960124139626352,0.976983222161292,90.43533862498589,0.057012810138985515,90.49235143512487
UNSW_2018_IoT_Botnet_Final_10_Best,6q_5k,QSVC,linear,0,L0,baseline_unoptimized,0.02,6,25,22528,1,0.9953333333333333,0.995340603358116,0.9730368435381365,89.68547646701336,0.6070766169577837,90.29255308397114
UNSW_2018_IoT_Botnet_Final_10_Best,6q_5k,QSVC,linear,0,L0,baseline_unoptimized,0.02,6,26,23552,2,0.992,0.9921433092067025,0.9562542712075097,76.6716234178748,0.7853849979583174,77.45700841583312
UNSW_2018_IoT_Botnet_Final_10_Best,6q_5k,QSVC,linear,0,L0,baseline_unoptimized,0.02,6,27,24576,0,0.99,0.9901933261432965,0.9453934686415124,90.27100372407585,0.04160992009565234,90.3126136441715
UNSW_2018_IoT_Botnet_Final_10_Best,6q_5k,QSVC,linear,0,L0,baseline_unoptimized,0.02,6,28,25600,1,0.9933333333333333,0.9933743902956271,0.9619401198184026,85.72809924511239,0.6720395449083298,86.40013879002072
UNSW_2018_IoT_Botnet_Final_10_Best,6q_5k,QSVC,linear,0,L0,baseline_unoptimized,0.02,6,29,26624,2,0.9946666666666667,0.9946995122365017,0.9695754135797602,86.91319780983031,0.7634057698305696,87.67660357966088
UNSW_2018_IoT_Botnet_Final_10_Best,6q_5k,QSVC,linear,0,L0,baseline_unoptimized,0.05,6,0,42,0,0.9846666666666667,0.9850061180938595,0.9164961873507719,86.8494278290309,0.7892510858364403,87.63867891486734
UNSW_2018_IoT_Botnet_Final_10_Best,6q_5k,QSVC,linear,0,L0,baseline_unoptimized,0.05,6,1,123,1,0.9833333333333333,0.9837483525883178,0.9100273299706902,90.05269913887605,0.04752205917611718,90.10022119805217
UNSW_2018_IoT_Botnet_Final_10_Best,6q_5k,QSVC,linear,0,L0,baseline_unoptimized,0.05,6,2,456,2,0.9906666666666667,0.9907522173435044,0.9471327483613751,83.26446309196763,0.5992742250673473,83.86373731703497
UNSW_2018_IoT_Botnet_Final_10_Best,6q_5k,QSVC,linear,0,L0,baseline_unoptimized,0.05,6,3,789,0,0.984,0.9845060496709829,0.9161168940355825,83.53759572003037,0.8216047750320286,84.3592004950624
UNSW_2018_IoT_Botnet_Final_10_Best,6q_5k,QSVC,linear,0,L0,baseline_unoptimized,0.05,6,4,1024,1,0.9833333333333333,0.9838383826166122,0.9119806487259695,76.2336858541239,1.5863023658748716,77.81998821999878
UNSW_2018_IoT_Botnet_Final_10_Best,6q_5k,QSVC,linear,0,L0,baseline_unoptimized,0.05,6,5,2048,2,0.9786666666666667,0.9792846461029352,0.8859505277574177,88.84152026893571,0.04616108606569469,88.8876813550014
UNSW_2018_IoT_Botnet_Final_10_Best,6q_5k,QSVC,linear,0,L0,baseline_unoptimized,0.05,6,6,3072,0,0.9846666666666667,0.9850484843812524,0.9173812842587844,73.38842021394521,1.4550505690276623,74.84347078297287
UNSW_2018_IoT_Botnet_Final_10_Best,6q_5k,QSVC,linear,0,L0,baseline_unoptimized,0.05,6,7,4096,1,0.9893333333333333,0.9894311055354338,0.9395432598519646,88.3950838339515,0.04499855008907616,88.44008238404058
UNSW_2018_IoT_Botnet_Final_10_Best,6q_5k,QSVC,linear,0,L0,baseline_unoptimized,0.05,6,8,5120,2,0.9786666666666667,0.9793413995613105,0.8870960056524169,84.14569325512275,0.8304482158273458,84.9761414709501
UNSW_2018_IoT_Botnet_Final_10_Best,6q_5k,QSVC,linear,0,L0,baseline_unoptimized,0.05,6,9,6144,0,0.9833333333333333,0.9837023022759341,0.9091013518907751,87.31300595682114,0.5808063361328095,87.89381229295395
UNSW_2018_IoT_Botnet_Final_10_Best,6q_5k,QSVC,linear,0,L0,baseline_unoptimized,0.05,6,10,7168,1,0.982,0.9824972049028254,0.9036735949468356,75.1940476638265,1.3809770869556814,76.57502475078218
UNSW_2018_IoT_Botnet_Final_10_Best,6q_5k,QSVC,linear,0,L0,baseline_unoptimized,0.05,6,11,8192,2,0.9853333333333333,0.9856783653004351,0.920621436118106,88.04949911497533,0.0450162380002439,88.09451535297558
UNSW_2018_IoT_Botnet_Final_10_Best,6q_5k,QSVC,linear,0,L0,baseline_unoptimized,0.05,6,12,9216,0,0.9826666666666667,0.9831219610599198,0.9068362945689199,85.43869636300951,1.1188873581122607,86.55758372112177
UNSW_2018_IoT_Botnet_Final_10_Best,6q_5k,QSVC,linear,0,L0,baseline_unoptimized,0.05,6,13,10240,1,0.9873333333333333,0.9876137497297099,0.9312858582707654,90.43515620520338,0.04700086102820933,90.4821570662316
UNSW_2018_IoT_Botnet_Final_10_Best,6q_5k,QSVC,linear,0,L0,baseline_unoptimized,0.05,6,14,11264,2,0.9733333333333334,0.9747698736450222,0.8708541735305776,87.01638324116357,0.981217083055526,87.99760032421909
UNSW_2018_IoT_Botnet_Final_10_Best,6q_5k,QSVC,linear,0,L0,baseline_unoptimized,0.05,6,15,12288,0,0.984,0.9843763985095657,0.9132471435233214,90.44289160310291,0.050839338917285204,90.49373094202019
UNSW_2018_IoT_Botnet_Final_10_Best,6q_5k,QSVC,linear,0,L0,baseline_unoptimized,0.05,6,16,13312,1,0.984,0.9842406844714537,0.9106941995683159,89.62464889883995,0.6427163460757583,90.26736524491571
UNSW_2018_IoT_Botnet_Final_10_Best,6q_5k,QSVC,linear,0,L0,baseline_unoptimized,0.05,6,17,14336,2,0.986,0.9863867149244199,0.9256152310053072,72.59697962296195,1.6438874728046358,74.24086709576659
UNSW_2018_IoT_Botnet_Final_10_Best,6q_5k,QSVC,linear,0,L0,baseline_unoptimized,0.05,6,18,15360,0,0.986,0.986270656600615,0.9230838247713615,85.97892617899925,1.0132610220462084,86.99218720104545
UNSW_2018_IoT_Botnet_Final_10_Best,6q_5k,QSVC,linear,0,L0,baseline_unoptimized,0.05,6,19,16384,1,0.9886666666666667,0.9888534824132309,0.9372731838192551,77.92834599688649,1.7195931300520897,79.64793912693858
UNSW_2018_IoT_Botnet_Final_10_Best,6q_5k,QSVC,linear,0,L0,baseline_unoptimized,0.05,6,20,17408,2,0.9886666666666667,0.9889175655476351,0.9386806937307621,89.52975628501736,0.04207843402400613,89.57183471904136
UNSW_2018_IoT_Botnet_Final_10_Best,6q_5k,QSVC,linear,0,L0,baseline_unoptimized,0.05,6,21,18432,0,0.9873333333333333,0.9875421274030226,0.9297940651153169,90.55138993100263,0.07396687986329198,90.62535681086592
UNSW_2018_IoT_Botnet_Final_10_Best,6q_5k,QSVC,linear,0,L0,baseline_unoptimized,0.05,6,22,19456,1,0.9813333333333333,0.9817724649278264,0.898498558333752,90.55286660301499,0.07082183612510562,90.6236884391401
UNSW_2018_IoT_Botnet_Final_10_Best,6q_5k,QSVC,linear,0,L0,baseline_unoptimized,0.05,6,23,20480,2,0.978,0.9788938902190298,0.8877637191463161,65.68874218198471,0.8077879841439426,66.49653016612865
UNSW_2018_IoT_Botnet_Final_10_Best,6q_5k,QSVC,linear,0,L0,baseline_unoptimized,0.05,6,24,21504,0,0.9866666666666667,0.9869432098765433,0.927190509746526,89.06464615999721,0.05318782920949161,89.1178339892067
UNSW_2018_IoT_Botnet_Final_10_Best,6q_5k,QSVC,linear,0,L0,baseline_unoptimized,0.05,6,25,22528,1,0.9886666666666667,0.9887873944137582,0.9360315822787255,85.83136306283996,1.0794411848764867,86.91080424771644
UNSW_2018_IoT_Botnet_Final_10_Best,6q_5k,QSVC,linear,0,L0,baseline_unoptimized,0.05,6,26,23552,2,0.984,0.9844634845772013,0.9151270686762584,88.26224931702018,0.6147617541719228,88.8770110711921
UNSW_2018_IoT_Botnet_Final_10_Best,6q_5k,QSVC,linear,0,L0,baseline_unoptimized,0.05,6,27,24576,0,0.97,0.9715813084112149,0.8527173691438289,82.48286309605464,1.6209514890797436,84.10381458513439
UNSW_2018_IoT_Botnet_Final_10_Best,6q_5k,QSVC,linear,0,L0,baseline_unoptimized,0.05,6,28,25600,1,0.9806666666666667,0.9812007015622941,0.8963597162606785,89.43642093706876,0.04433722794055939,89.48075816500932
UNSW_2018_IoT_Botnet_Final_10_Best,6q_5k,QSVC,linear,0,L0,baseline_unoptimized,0.05,6,29,26624,2,0.9873333333333333,0.9875421274030226,0.9297940651153169,87.30053192120977,0.7833649381063879,88.08389685931616
UNSW_2018_IoT_Botnet_Final_10_Best,6q_5k,QSVC,linear,3,L3,qiskit_heavy,0.0,6,0,42,0,0.998,0.997990503452285,0.9883629768056863,155.99853248801082,0.3558639860711992,156.35439647408202
UNSW_2018_IoT_Botnet_Final_10_Best,6q_5k,QSVC,linear,3,L3,qiskit_heavy,0.0,6,1,123,1,0.9946666666666667,0.9946995122365017,0.9695754135797602,154.1157409849111,1.633554209023714,155.7492951939348
UNSW_2018_IoT_Botnet_Final_10_Best,6q_5k,QSVC,linear,3,L3,qiskit_heavy,0.0,6,2,456,2,0.9973333333333333,0.9973249254980052,0.9844726035127892,155.72558367811143,0.3633441128768027,156.08892779098824
UNSW_2018_IoT_Botnet_Final_10_Best,6q_5k,QSVC,linear,3,L3,qiskit_heavy,0.0,6,3,789,0,0.996,0.996,0.976810219993713,151.2604680340737,0.09095707000233233,151.35142510407604
UNSW_2018_IoT_Botnet_Final_10_Best,6q_5k,QSVC,linear,3,L3,qiskit_heavy,0.0,6,4,1024,1,0.9933333333333333,0.9933944409596461,0.9623117253801959,151.78988863597624,0.3546036188490689,152.1444922548253
UNSW_2018_IoT_Botnet_Final_10_Best,6q_5k,QSVC,linear,3,L3,qiskit_heavy,0.0,6,5,2048,2,0.9893333333333333,0.989366437233694,0.9385727476706376,151.52994168899022,0.3584443258587271,151.88838601484895
UNSW_2018_IoT_Botnet_Final_10_Best,6q_5k,QSVC,linear,3,L3,qiskit_heavy,0.0,6,6,3072,0,0.9946666666666667,0.9946327660618205,0.9688072542805272,151.97822364489548,0.34697908302769065,152.32520272792317
UNSW_2018_IoT_Botnet_Final_10_Best,6q_5k,QSVC,linear,3,L3,qiskit_heavy,0.0,6,7,4096,1,0.9946666666666667,0.9946666666666667,0.9690802933249506,151.97342487308197,0.3477718729991466,152.3211967460811
UNSW_2018_IoT_Botnet_Final_10_Best,6q_5k,QSVC,linear,3,L3,qiskit_heavy,0.0,6,8,5120,2,0.994,0.9939715103568553,0.9649519156643789,151.42886529909447,0.0872231440152973,151.51608844310977
UNSW_2018_IoT_Botnet_Final_10_Best,6q_5k,QSVC,linear,3,L3,qiskit_heavy,0.0,6,9,6144,0,0.9973333333333333,0.9973163830309103,0.9844649139608554,151.31963909394108,2.009938676143065,153.32957777008414
UNSW_2018_IoT_Botnet_Final_10_Best,6q_5k,QSVC,linear,3,L3,qiskit_heavy,0.0,6,10,7168,1,0.9966666666666667,0.9966922273851068,0.9811503949509465,154.2999288730789,0.08516183495521545,154.3850907080341
UNSW_2018_IoT_Botnet_Final_10_Best,6q_5k,QSVC,linear,3,L3,qiskit_heavy,0.0,6,11,8192,2,0.9946666666666667,0.9946666666666667,0.9690802933249506,154.62428411422297,0.07903117500245571,154.70331528922543
UNSW_2018_IoT_Botnet_Final_10_Best,6q_5k,QSVC,linear,3,L3,qiskit_heavy,0.0,6,12,9216,0,0.9953333333333333,0.9952961057398029,0.9727028541761238,155.91782693611458,0.06485246913507581,155.98267940524966
UNSW_2018_IoT_Botnet_Final_10_Best,6q_5k,QSVC,linear,3,L3,qiskit_heavy,0.0,6,13,10240,1,0.9966666666666667,0.9966508390871419,0.9805592897585838,155.9116384331137,0.3290308590512723,156.24066929216497
UNSW_2018_IoT_Botnet_Final_10_Best,6q_5k,QSVC,linear,3,L3,qiskit_heavy,0.0,6,14,11264,2,0.9933333333333333,0.9933944409596461,0.9623117253801959,151.468254259089,1.9422641161363572,153.41051837522537
UNSW_2018_IoT_Botnet_Final_10_Best,6q_5k,QSVC,linear,3,L3,qiskit_heavy,0.0,6,15,12288,0,0.994,0.9940093471747208,0.9653309638218246,150.9228146611713,1.7465061359107494,152.66932079708204
UNSW_2018_IoT_Botnet_Final_10_Best,6q_5k,QSVC,linear,3,L3,qiskit_heavy,0.0,6,16,13312,1,0.9966666666666667,0.9966614325869924,0.9806219150789104,156.75823805993423,0.06455349596217275,156.8227915558964
UNSW_2018_IoT_Botnet_Final_10_Best,6q_5k,QSVC,linear,3,L3,qiskit_heavy,0.0,6,17,14336,2,0.9933333333333333,0.9932909575772757,0.960978424440363,156.75264336098917,0.3273496739566326,157.0799930349458
UNSW_2018_IoT_Botnet_Final_10_Best,6q_5k,QSVC,linear,3,L3,qiskit_heavy,0.0,6,18,15360,0,0.9946666666666667,0.9946995122365017,0.9695754135797602,153.67360988794826,0.10527210007421672,153.77888198802248
UNSW_2018_IoT_Botnet_Final_10_Best,6q_5k,QSVC,linear,3,L3,qiskit_heavy,0.0,6,19,16384,1,0.9973333333333333,0.9973333333333333,0.9845401466624754,153.9460905920714,0.3774945510085672,154.32358514307998
UNSW_2018_IoT_Botnet_Final_10_Best,6q_5k,QSVC,linear,3,L3,qiskit_heavy,0.0,6,20,17408,2,0.9953333333333333,0.9953260056217893,0.9728676747095873,154.1983622838743,0.3671237579546869,154.565486041829
UNSW_2018_IoT_Botnet_Final_10_Best,6q_5k,QSVC,linear,3,L3,qiskit_heavy,0.0,6,21,18432,0,0.996,0.9960124139626352,0.976983222161292,149.08222342887893,1.7105966249946505,150.79282005387358
UNSW_2018_IoT_Botnet_Final_10_Best,6q_5k,QSVC,linear,3,L3,qiskit_heavy,0.0,6,22,19456,1,0.9946666666666667,0.9946666666666667,0.9690802933249506,154.18311806791462,0.32969634886831045,154.51281441678293
UNSW_2018_IoT_Botnet_Final_10_Best,6q_5k,QSVC,linear,3,L3,qiskit_heavy,0.0,6,23,20480,2,0.9973333333333333,0.9973497561182509,0.9848460011024754,154.3145946310833,0.06695817410945892,154.38155280519277
UNSW_2018_IoT_Botnet_Final_10_Best,6q_5k,QSVC,linear,3,L3,qiskit_heavy,0.0,6,24,21504,0,0.996,0.9960124139626352,0.976983222161292,151.48582461010665,1.8753612451255322,153.36118585523218
UNSW_2018_IoT_Botnet_Final_10_Best,6q_5k,QSVC,linear,3,L3,qiskit_heavy,0.0,6,25,22528,1,0.996,0.9959873882470078,0.9766937779662983,154.56004791799933,0.07503044698387384,154.6350783649832
UNSW_2018_IoT_Botnet_Final_10_Best,6q_5k,QSVC,linear,3,L3,qiskit_heavy,0.0,6,26,23552,2,0.9966666666666667,0.9966922273851068,0.9811503949509465,154.80551219405606,0.07208524807356298,154.87759744212963
UNSW_2018_IoT_Botnet_Final_10_Best,6q_5k,QSVC,linear,3,L3,qiskit_heavy,0.0,6,27,24576,0,0.9913333333333333,0.9913735207538003,0.9502852930652425,155.5392817989923,0.3247364331036806,155.864018232096
UNSW_2018_IoT_Botnet_Final_10_Best,6q_5k,QSVC,linear,3,L3,qiskit_heavy,0.0,6,28,25600,1,0.9926666666666667,0.9926780909913253,0.9576250841055127,149.20060464693233,1.733142897952348,150.93374754488468
UNSW_2018_IoT_Botnet_Final_10_Best,6q_5k,QSVC,linear,3,L3,qiskit_heavy,0.0,6,29,26624,2,0.9946666666666667,0.9946995122365017,0.9695754135797602,155.6634003939107,0.06528293900191784,155.72868333291262
UNSW_2018_IoT_Botnet_Final_10_Best,6q_5k,QSVC,linear,3,L3,qiskit_heavy,0.0003,6,0,42,0,0.9973333333333333,0.9973249254980052,0.9844726035127892,73.64612419507466,1.0428264799993485,74.68895067507401
UNSW_2018_IoT_Botnet_Final_10_Best,6q_5k,QSVC,linear,3,L3,qiskit_heavy,0.0003,6,1,123,1,0.9953333333333333,0.9953691183391495,0.9735381261938272,86.88959631905891,0.7766851270571351,87.66628144611605
UNSW_2018_IoT_Botnet_Final_10_Best,6q_5k,QSVC,linear,3,L3,qiskit_heavy,0.0003,6,2,456,2,0.9973333333333333,0.9973249254980052,0.9844726035127892,89.00535423192196,0.04539065691642463,89.05074488883838
UNSW_2018_IoT_Botnet_Final_10_Best,6q_5k,QSVC,linear,3,L3,qiskit_heavy,0.0003,6,3,789,0,0.996,0.996,0.976810219993713,85.07173726893961,1.058633060194552,86.13037032913417
UNSW_2018_IoT_Botnet_Final_10_Best,6q_5k,QSVC,linear,3,L3,qiskit_heavy,0.0003,6,4,1024,1,0.994,0.9940639146896366,0.9662993779870109,83.03125870996155,1.3037375879939646,84.33499629795551
UNSW_2018_IoT_Botnet_Final_10_Best,6q_5k,QSVC,linear,3,L3,qiskit_heavy,0.0003,6,5,2048,2,0.9893333333333333,0.989366437233694,0.9385727476706376,88.46300084795803,0.04529872303828597,88.50829957099631
UNSW_2018_IoT_Botnet_Final_10_Best,6q_5k,QSVC,linear,3,L3,qiskit_heavy,0.0003,6,6,3072,0,0.9946666666666667,0.9946327660618205,0.9688072542805272,87.32376772607677,0.7895929049700499,88.11336063104682
UNSW_2018_IoT_Botnet_Final_10_Best,6q_5k,QSVC,linear,3,L3,qiskit_heavy,0.0003,6,7,4096,1,0.9946666666666667,0.9946666666666667,0.9690802933249506,89.45481779798865,0.04469258803874254,89.4995103860274
UNSW_2018_IoT_Botnet_Final_10_Best,6q_5k,QSVC,linear,3,L3,qiskit_heavy,0.0003,6,8,5120,2,0.994,0.9939715103568553,0.9649519156643789,83.81997294607572,1.561698490055278,85.381671436131
UNSW_2018_IoT_Botnet_Final_10_Best,6q_5k,QSVC,linear,3,L3,qiskit_heavy,0.0003,6,9,6144,0,0.9973333333333333,0.9973163830309103,0.9844649139608554,77.5276583309751,0.9763035161886364,78.50396184716374
UNSW_2018_IoT_Botnet_Final_10_Best,6q_5k,QSVC,linear,3,L3,qiskit_heavy,0.0003,6,10,7168,1,0.9966666666666667,0.9966922273851068,0.9811503949509465,88.6666206039954,0.6514861909672618,89.31810679496266
UNSW_2018_IoT_Botnet_Final_10_Best,6q_5k,QSVC,linear,3,L3,qiskit_heavy,0.0003,6,11,8192,2,0.9946666666666667,0.9946666666666667,0.9690802933249506,89.46142989816144,0.050070971017703414,89.51150086917914
UNSW_2018_IoT_Botnet_Final_10_Best,6q_5k,QSVC,linear,3,L3,qiskit_heavy,0.0003,6,12,9216,0,0.9953333333333333,0.9952961057398029,0.9727028541761238,87.69882034696639,0.6283462960273027,88.32716664299369
UNSW_2018_IoT_Botnet_Final_10_Best,6q_5k,QSVC,linear,3,L3,qiskit_heavy,0.0003,6,13,10240,1,0.9973333333333333,0.9973249254980052,0.9844726035127892,89.97893651807681,0.04659303603693843,90.02552955411375
UNSW_2018_IoT_Botnet_Final_10_Best,6q_5k,QSVC,linear,3,L3,qiskit_heavy,0.0003,6,14,11264,2,0.9933333333333333,0.9933944409596461,0.9623117253801959,86.57771248812787,0.609263805905357,87.18697629403323
UNSW_2018_IoT_Botnet_Final_10_Best,6q_5k,QSVC,linear,3,L3,qiskit_heavy,0.0003,6,15,12288,0,0.994,0.9940093471747208,0.9653309638218246,89.61137503990903,0.042608259012922645,89.65398329892196
UNSW_2018_IoT_Botnet_Final_10_Best,6q_5k,QSVC,linear,3,L3,qiskit_heavy,0.0003,6,16,13312,1,0.996,0.996,0.976810219993713,81.56263610115275,1.6134266660083085,83.17606276716106
UNSW_2018_IoT_Botnet_Final_10_Best,6q_5k,QSVC,linear,3,L3,qiskit_heavy,0.0003,6,17,14336,2,0.992,0.9919747764940157,0.9533573013268257,86.59558061696589,0.6184904999099672,87.21407111687586
UNSW_2018_IoT_Botnet_Final_10_Best,6q_5k,QSVC,linear,3,L3,qiskit_heavy,0.0003,6,18,15360,0,0.9946666666666667,0.9946995122365017,0.9695754135797602,85.95308580086567,1.8667271181475371,87.8198129190132
UNSW_2018_IoT_Botnet_Final_10_Best,6q_5k,QSVC,linear,3,L3,qiskit_heavy,0.0003,6,19,16384,1,0.9973333333333333,0.9973333333333333,0.9845401466624754,89.31568964617327,0.05222916300408542,89.36791880917735
UNSW_2018_IoT_Botnet_Final_10_Best,6q_5k,QSVC,linear,3,L3,qiskit_heavy,0.0003,6,20,17408,2,0.994,0.9940093471747208,0.9653309638218246,88.39205139502883,0.4586447849869728,88.8506961800158
UNSW_2018_IoT_Botnet_Final_10_Best,6q_5k,QSVC,linear,3,L3,qiskit_heavy,0.0003,6,21,18432,0,0.9953333333333333,0.9953549727135846,0.9732609961997113,79.2590593630448,1.0932603548280895,80.35231971787289
UNSW_2018_IoT_Botnet_Final_10_Best,6q_5k,QSVC,linear,3,L3,qiskit_heavy,0.0003,6,22,19456,1,0.9946666666666667,0.9946666666666667,0.9690802933249506,88.69003012683243,0.8017984069883823,89.49182853382081
UNSW_2018_IoT_Botnet_Final_10_Best,6q_5k,QSVC,linear,3,L3,qiskit_heavy,0.0003,6,23,20480,2,0.9973333333333333,0.9973497561182509,0.9848460011024754,89.60495005897246,0.05688779195770621,89.66183785093017
UNSW_2018_IoT_Botnet_Final_10_Best,6q_5k,QSVC,linear,3,L3,qiskit_heavy,0.0003,6,24,21504,0,0.996,0.9960124139626352,0.976983222161292,87.42322366195731,0.042158761993050575,87.46538242395036
UNSW_2018_IoT_Botnet_Final_10_Best,6q_5k,QSVC,linear,3,L3,qiskit_heavy,0.0003,6,25,22528,1,0.9953333333333333,0.9953260056217893,0.9728676747095873,57.676929880166426,1.6477673698682338,59.32469725003466
UNSW_2018_IoT_Botnet_Final_10_Best,6q_5k,QSVC,linear,3,L3,qiskit_heavy,0.0003,6,26,23552,2,0.996,0.9960366645757877,0.9774907023990167,84.2254748090636,0.7745561620686203,85.00003097113222
UNSW_2018_IoT_Botnet_Final_10_Best,6q_5k,QSVC,linear,3,L3,qiskit_heavy,0.0003,6,27,24576,0,0.9913333333333333,0.9913735207538003,0.9502852930652425,86.28957257815637,0.8015582889784127,87.09113086713478
UNSW_2018_IoT_Botnet_Final_10_Best,6q_5k,QSVC,linear,3,L3,qiskit_heavy,0.0003,6,28,25600,1,0.994,0.9940278220603231,0.9656024284882216,81.4333808789961,1.5616726940497756,82.99505357304588
UNSW_2018_IoT_Botnet_Final_10_Best,6q_5k,QSVC,linear,3,L3,qiskit_heavy,0.0003,6,29,26624,2,0.9946666666666667,0.9946995122365017,0.9695754135797602,89.53953138901852,0.045007865875959396,89.58453925489448
UNSW_2018_IoT_Botnet_Final_10_Best,6q_5k,QSVC,linear,3,L3,qiskit_heavy,0.0005,6,0,42,0,0.9973333333333333,0.9973249254980052,0.9844726035127892,81.35926385293715,1.563277473906055,82.9225413268432
UNSW_2018_IoT_Botnet_Final_10_Best,6q_5k,QSVC,linear,3,L3,qiskit_heavy,0.0005,6,1,123,1,0.9953333333333333,0.9953691183391495,0.9735381261938272,88.74312839400955,0.052089399890974164,88.79521779390052
UNSW_2018_IoT_Botnet_Final_10_Best,6q_5k,QSVC,linear,3,L3,qiskit_heavy,0.0005,6,2,456,2,0.9973333333333333,0.9973249254980052,0.9844726035127892,87.96361365006305,0.6501833060756326,88.61379695613869
UNSW_2018_IoT_Botnet_Final_10_Best,6q_5k,QSVC,linear,3,L3,qiskit_heavy,0.0005,6,3,789,0,0.996,0.996,0.976810219993713,81.36266504507512,1.6628023299854249,83.02546737506054
UNSW_2018_IoT_Botnet_Final_10_Best,6q_5k,QSVC,linear,3,L3,qiskit_heavy,0.0005,6,4,1024,1,0.994,0.9940639146896366,0.9662993779870109,90.62175615504384,0.0457392861135304,90.66749544115737
UNSW_2018_IoT_Botnet_Final_10_Best,6q_5k,QSVC,linear,3,L3,qiskit_heavy,0.0005,6,5,2048,2,0.9893333333333333,0.989366437233694,0.9385727476706376,86.29573586210608,0.8041411270387471,87.09987698914483
UNSW_2018_IoT_Botnet_Final_10_Best,6q_5k,QSVC,linear,3,L3,qiskit_heavy,0.0005,6,6,3072,0,0.9946666666666667,0.9946327660618205,0.9688072542805272,85.94939523399808,1.223060610005632,87.17245584400371
UNSW_2018_IoT_Botnet_Final_10_Best,6q_5k,QSVC,linear,3,L3,qiskit_heavy,0.0005,6,7,4096,1,0.9946666666666667,0.9946666666666667,0.9690802933249506,91.14046286907978,0.04463655990548432,91.18509942898527
UNSW_2018_IoT_Botnet_Final_10_Best,6q_5k,QSVC,linear,3,L3,qiskit_heavy,0.0005,6,8,5120,2,0.994,0.9939715103568553,0.9649519156643789,86.42420745594427,1.7371102010365576,88.16131765698083
UNSW_2018_IoT_Botnet_Final_10_Best,6q_5k,QSVC,linear,3,L3,qiskit_heavy,0.0005,6,9,6144,0,0.9973333333333333,0.9973163830309103,0.9844649139608554,82.53282663412392,1.5288349599577487,84.06166159408167
UNSW_2018_IoT_Botnet_Final_10_Best,6q_5k,QSVC,linear,3,L3,qiskit_heavy,0.0005,6,10,7168,1,0.9966666666666667,0.9966922273851068,0.9811503949509465,90.6069580342155,0.04568863986060023,90.6526466740761
UNSW_2018_IoT_Botnet_Final_10_Best,6q_5k,QSVC,linear,3,L3,qiskit_heavy,0.0005,6,11,8192,2,0.9946666666666667,0.9946666666666667,0.9690802933249506,87.2497558791656,0.9170432130340487,88.16679909219965
UNSW_2018_IoT_Botnet_Final_10_Best,6q_5k,QSVC,linear,3,L3,qiskit_heavy,0.0005,6,12,9216,0,0.9953333333333333,0.9952961057398029,0.9727028541761238,86.4410432910081,0.7585931001231074,87.19963639113121
UNSW_2018_IoT_Botnet_Final_10_Best,6q_5k,QSVC,linear,3,L3,qiskit_heavy,0.0005,6,13,10240,1,0.9973333333333333,0.9973249254980052,0.9844726035127892,69.13086226885207,1.7672222058754414,70.89808447472751
UNSW_2018_IoT_Botnet_Final_10_Best,6q_5k,QSVC,linear,3,L3,qiskit_heavy,0.0005,6,14,11264,2,0.9933333333333333,0.9933944409596461,0.9623117253801959,89.58493736386299,0.04385984595865011,89.62879720982164
UNSW_2018_IoT_Botnet_Final_10_Best,6q_5k,QSVC,linear,3,L3,qiskit_heavy,0.0005,6,15,12288,0,0.994,0.9940093471747208,0.9653309638218246,90.1885532878805,0.042035053949803114,90.2305883418303
UNSW_2018_IoT_Botnet_Final_10_Best,6q_5k,QSVC,linear,3,L3,qiskit_heavy,0.0005,6,16,13312,1,0.996,0.996,0.976810219993713,84.46411968115717,0.9747205190360546,85.43884020019323
UNSW_2018_IoT_Botnet_Final_10_Best,6q_5k,QSVC,linear,3,L3,qiskit_heavy,0.0005,6,17,14336,2,0.992,0.9919747764940157,0.9533573013268257,84.60510982014239,0.8718837518244982,85.47699357196689
UNSW_2018_IoT_Botnet_Final_10_Best,6q_5k,QSVC,linear,3,L3,qiskit_heavy,0.0005,6,18,15360,0,0.9946666666666667,0.9946995122365017,0.9695754135797602,89.31194692710415,0.042304906994104385,89.35425183409825
UNSW_2018_IoT_Botnet_Final_10_Best,6q_5k,QSVC,linear,3,L3,qiskit_heavy,0.0005,6,19,16384,1,0.9973333333333333,0.9973333333333333,0.9845401466624754,81.407686478924,1.4321024699602276,82.83978894888423
UNSW_2018_IoT_Botnet_Final_10_Best,6q_5k,QSVC,linear,3,L3,qiskit_heavy,0.0005,6,20,17408,2,0.994,0.9940093471747208,0.9653309638218246,87.42065079603344,0.2801970320288092,87.70084782806225
UNSW_2018_IoT_Botnet_Final_10_Best,6q_5k,QSVC,linear,3,L3,qiskit_heavy,0.0005,6,21,18432,0,0.9953333333333333,0.9953549727135846,0.9732609961997113,86.78591791703366,0.04245673702098429,86.82837465405464
UNSW_2018_IoT_Botnet_Final_10_Best,6q_5k,QSVC,linear,3,L3,qiskit_heavy,0.0005,6,22,19456,1,0.9946666666666667,0.9946666666666667,0.9690802933249506,81.36472505680285,0.7830220807809383,82.14774713758379
UNSW_2018_IoT_Botnet_Final_10_Best,6q_5k,QSVC,linear,3,L3,qiskit_heavy,0.0005,6,23,20480,2,0.9973333333333333,0.9973497561182509,0.9848460011024754,59.53833450097591,1.2167961860541254,60.75513068703003
UNSW_2018_IoT_Botnet_Final_10_Best,6q_5k,QSVC,linear,3,L3,qiskit_heavy,0.0005,6,24,21504,0,0.996,0.9960124139626352,0.976983222161292,86.3249143131543,0.04196350905112922,86.36687782220542
UNSW_2018_IoT_Botnet_Final_10_Best,6q_5k,QSVC,linear,3,L3,qiskit_heavy,0.0005,6,25,22528,1,0.9953333333333333,0.9953260056217893,0.9728676747095873,81.96109873009846,0.8904750039801002,82.85157373407856
UNSW_2018_IoT_Botnet_Final_10_Best,6q_5k,QSVC,linear,3,L3,qiskit_heavy,0.0005,6,26,23552,2,0.996,0.9960366645757877,0.9774907023990167,78.49224805412814,0.6642144259531051,79.15646248008125
UNSW_2018_IoT_Botnet_Final_10_Best,6q_5k,QSVC,linear,3,L3,qiskit_heavy,0.0005,6,27,24576,0,0.9913333333333333,0.9913735207538003,0.9502852930652425,87.15034274407662,0.80923733394593,87.95958007802255
UNSW_2018_IoT_Botnet_Final_10_Best,6q_5k,QSVC,linear,3,L3,qiskit_heavy,0.0005,6,28,25600,1,0.994,0.9940278220603231,0.9656024284882216,89.25373953185044,0.04457415803335607,89.2983136898838
UNSW_2018_IoT_Botnet_Final_10_Best,6q_5k,QSVC,linear,3,L3,qiskit_heavy,0.0005,6,29,26624,2,0.9946666666666667,0.9946995122365017,0.9695754135797602,82.58802414196543,1.522854866227135,84.11087900819257
UNSW_2018_IoT_Botnet_Final_10_Best,6q_5k,QSVC,linear,3,L3,qiskit_heavy,0.001,6,0,42,0,0.9973333333333333,0.9973249254980052,0.9844726035127892,88.58992521790788,0.6196982150431722,89.20962343295105
UNSW_2018_IoT_Botnet_Final_10_Best,6q_5k,QSVC,linear,3,L3,qiskit_heavy,0.001,6,1,123,1,0.9953333333333333,0.9953691183391495,0.9735381261938272,89.36743331397884,0.050261595053598285,89.41769490903243
UNSW_2018_IoT_Botnet_Final_10_Best,6q_5k,QSVC,linear,3,L3,qiskit_heavy,0.001,6,2,456,2,0.9973333333333333,0.9973249254980052,0.9844726035127892,82.66311809583567,1.698753742966801,84.36187183880247
UNSW_2018_IoT_Botnet_Final_10_Best,6q_5k,QSVC,linear,3,L3,qiskit_heavy,0.001,6,3,789,0,0.996,0.996,0.976810219993713,73.9304876648821,0.40180097008123994,74.33228863496333
UNSW_2018_IoT_Botnet_Final_10_Best,6q_5k,QSVC,linear,3,L3,qiskit_heavy,0.001,6,4,1024,1,0.994,0.9940639146896366,0.9662993779870109,90.19968344387598,0.052745538065209985,90.2524289819412
UNSW_2018_IoT_Botnet_Final_10_Best,6q_5k,QSVC,linear,3,L3,qiskit_heavy,0.001,6,5,2048,2,0.9893333333333333,0.989366437233694,0.9385727476706376,89.40895938593894,0.5985172961372882,90.00747668207623
UNSW_2018_IoT_Botnet_Final_10_Best,6q_5k,QSVC,linear,3,L3,qiskit_heavy,0.001,6,6,3072,0,0.9946666666666667,0.9946327660618205,0.9688072542805272,88.0376971620135,0.041683720890432596,88.07938088290393
UNSW_2018_IoT_Botnet_Final_10_Best,6q_5k,QSVC,linear,3,L3,qiskit_heavy,0.001,6,7,4096,1,0.9953333333333333,0.995340603358116,0.9730368435381365,83.83814169699326,0.7901053170207888,84.62824701401405
UNSW_2018_IoT_Botnet_Final_10_Best,6q_5k,QSVC,linear,3,L3,qiskit_heavy,0.001,6,8,5120,2,0.994,0.9939715103568553,0.9649519156643789,71.72929223999381,1.5372905938420445,73.26658283383586
UNSW_2018_IoT_Botnet_Final_10_Best,6q_5k,QSVC,linear,3,L3,qiskit_heavy,0.001,6,9,6144,0,0.9973333333333333,0.9973163830309103,0.9844649139608554,85.10387488896959,0.826195864006877,85.93007075297646
UNSW_2018_IoT_Botnet_Final_10_Best,6q_5k,QSVC,linear,3,L3,qiskit_heavy,0.001,6,10,7168,1,0.9966666666666667,0.9966922273851068,0.9811503949509465,77.05002564610913,1.573559865122661,78.6235855112318
UNSW_2018_IoT_Botnet_Final_10_Best,6q_5k,QSVC,linear,3,L3,qiskit_heavy,0.001,6,11,8192,2,0.9946666666666667,0.9946666666666667,0.9690802933249506,88.33843103400432,0.04563112300820649,88.38406215701252
UNSW_2018_IoT_Botnet_Final_10_Best,6q_5k,QSVC,linear,3,L3,qiskit_heavy,0.001,6,12,9216,0,0.9953333333333333,0.9952961057398029,0.9727028541761238,89.54740234301426,0.06539247697219253,89.61279481998645
UNSW_2018_IoT_Botnet_Final_10_Best,6q_5k,QSVC,linear,3,L3,qiskit_heavy,0.001,6,13,10240,1,0.9973333333333333,0.9973249254980052,0.9844726035127892,89.5570592971053,0.3497909801080823,89.90685027721338
UNSW_2018_IoT_Botnet_Final_10_Best,6q_5k,QSVC,linear,3,L3,qiskit_heavy,0.001,6,14,11264,2,0.9933333333333333,0.9933944409596461,0.9623117253801959,58.166504359804094,1.9365655628498644,60.10306992265396
UNSW_2018_IoT_Botnet_Final_10_Best,6q_5k,QSVC,linear,3,L3,qiskit_heavy,0.001,6,15,12288,0,0.994,0.9940093471747208,0.9653309638218246,86.06143207615241,0.8101550540886819,86.8715871302411
UNSW_2018_IoT_Botnet_Final_10_Best,6q_5k,QSVC,linear,3,L3,qiskit_heavy,0.001,6,16,13312,1,0.996,0.996,0.976810219993713,89.36859696381725,0.04522035107947886,89.41381731489673
UNSW_2018_IoT_Botnet_Final_10_Best,6q_5k,QSVC,linear,3,L3,qiskit_heavy,0.001,6,17,14336,2,0.992,0.9919747764940157,0.9533573013268257,69.04305517813191,1.7038698708638549,70.74692504899576
UNSW_2018_IoT_Botnet_Final_10_Best,6q_5k,QSVC,linear,3,L3,qiskit_heavy,0.001,6,18,15360,0,0.9946666666666667,0.9946995122365017,0.9695754135797602,90.33687574090436,0.052136645186692476,90.38901238609105
UNSW_2018_IoT_Botnet_Final_10_Best,6q_5k,QSVC,linear,3,L3,qiskit_heavy,0.001,6,19,16384,1,0.9973333333333333,0.9973333333333333,0.9845401466624754,89.52413455210626,0.6475369047839195,90.17167145689018
UNSW_2018_IoT_Botnet_Final_10_Best,6q_5k,QSVC,linear,3,L3,qiskit_heavy,0.001,6,20,17408,2,0.994,0.9940093471747208,0.9653309638218246,86.93975313496776,1.7449453559238464,88.6846984908916
UNSW_2018_IoT_Botnet_Final_10_Best,6q_5k,QSVC,linear,3,L3,qiskit_heavy,0.001,6,21,18432,0,0.9953333333333333,0.9953549727135846,0.9732609961997113,72.44623724301346,1.3853599629364908,73.83159720594995
UNSW_2018_IoT_Botnet_Final_10_Best,6q_5k,QSVC,linear,3,L3,qiskit_heavy,0.001,6,22,19456,1,0.9946666666666667,0.9946666666666667,0.9690802933249506,89.57873653504066,0.0452719631139189,89.62400849815458
UNSW_2018_IoT_Botnet_Final_10_Best,6q_5k,QSVC,linear,3,L3,qiskit_heavy,0.001,6,23,20480,2,0.9973333333333333,0.9973497561182509,0.9848460011024754,85.3685660851188,0.855240723118186,86.22380680823699
UNSW_2018_IoT_Botnet_Final_10_Best,6q_5k,QSVC,linear,3,L3,qiskit_heavy,0.001,6,24,21504,0,0.996,0.9960124139626352,0.976983222161292,83.86424338188954,0.8204820780083537,84.68472545989789
UNSW_2018_IoT_Botnet_Final_10_Best,6q_5k,QSVC,linear,3,L3,qiskit_heavy,0.001,6,25,22528,1,0.9953333333333333,0.9953260056217893,0.9728676747095873,89.19193042488769,0.045188236981630325,89.23711866186932
UNSW_2018_IoT_Botnet_Final_10_Best,6q_5k,QSVC,linear,3,L3,qiskit_heavy,0.001,6,26,23552,2,0.996,0.9960366645757877,0.9774907023990167,81.37131603807211,1.2243164479732513,82.59563248604536
UNSW_2018_IoT_Botnet_Final_10_Best,6q_5k,QSVC,linear,3,L3,qiskit_heavy,0.001,6,27,24576,0,0.9913333333333333,0.9913735207538003,0.9502852930652425,90.03845153283328,0.04182744398713112,90.08027897682041
UNSW_2018_IoT_Botnet_Final_10_Best,6q_5k,QSVC,linear,3,L3,qiskit_heavy,0.001,6,28,25600,1,0.994,0.9940278220603231,0.9656024284882216,85.94577086810023,1.3299211661797017,87.27569203427993
UNSW_2018_IoT_Botnet_Final_10_Best,6q_5k,QSVC,linear,3,L3,qiskit_heavy,0.001,6,29,26624,2,0.9946666666666667,0.9946995122365017,0.9695754135797602,85.92531598894857,1.5159428019542247,87.4412587909028
UNSW_2018_IoT_Botnet_Final_10_Best,6q_5k,QSVC,linear,3,L3,qiskit_heavy,0.002,6,0,42,0,0.9973333333333333,0.9973249254980052,0.9844726035127892,80.1939785759896,1.5206520061474293,81.71463058213703
UNSW_2018_IoT_Botnet_Final_10_Best,6q_5k,QSVC,linear,3,L3,qiskit_heavy,0.002,6,1,123,1,0.9953333333333333,0.9953691183391495,0.9735381261938272,90.34348731208593,0.044913253048434854,90.38840056513436
UNSW_2018_IoT_Botnet_Final_10_Best,6q_5k,QSVC,linear,3,L3,qiskit_heavy,0.002,6,2,456,2,0.9973333333333333,0.9973249254980052,0.9844726035127892,84.96051292703487,0.8053222210146487,85.76583514804952
UNSW_2018_IoT_Botnet_Final_10_Best,6q_5k,QSVC,linear,3,L3,qiskit_heavy,0.002,6,3,789,0,0.996,0.996,0.976810219993713,90.85478166793473,0.3747240239754319,91.22950569191016
UNSW_2018_IoT_Botnet_Final_10_Best,6q_5k,QSVC,linear,3,L3,qiskit_heavy,0.002,6,4,1024,1,0.994,0.9940639146896366,0.9662993779870109,90.81956551410258,0.06457352917641401,90.88413904327899
UNSW_2018_IoT_Botnet_Final_10_Best,6q_5k,QSVC,linear,3,L3,qiskit_heavy,0.002,6,5,2048,2,0.99,0.9900463701005388,0.9426267253537529,90.8505205870606,0.3720510199200362,91.22257160698064
UNSW_2018_IoT_Botnet_Final_10_Best,6q_5k,QSVC,linear,3,L3,qiskit_heavy,0.002,6,6,3072,0,0.9946666666666667,0.9946327660618205,0.9688072542805272,90.09314869204536,0.5986961729358882,90.69184486498125
UNSW_2018_IoT_Botnet_Final_10_Best,6q_5k,QSVC,linear,3,L3,qiskit_heavy,0.002,6,7,4096,1,0.9953333333333333,0.995340603358116,0.9730368435381365,90.77690167608671,0.049328902969136834,90.82623057905585
UNSW_2018_IoT_Botnet_Final_10_Best,6q_5k,QSVC,linear,3,L3,qiskit_heavy,0.002,6,8,5120,2,0.994,0.9939715103568553,0.9649519156643789,83.16448331391439,1.2751574630383402,84.43964077695273
UNSW_2018_IoT_Botnet_Final_10_Best,6q_5k,QSVC,linear,3,L3,qiskit_heavy,0.002,6,9,6144,0,0.996,0.9959873882470078,0.9766937779662983,86.87443348998204,1.043378096073866,87.9178115860559
UNSW_2018_IoT_Botnet_Final_10_Best,6q_5k,QSVC,linear,3,L3,qiskit_heavy,0.002,6,10,7168,1,0.9966666666666667,0.9966922273851068,0.9811503949509465,86.80211375490762,1.0798613841179758,87.8819751390256
UNSW_2018_IoT_Botnet_Final_10_Best,6q_5k,QSVC,linear,3,L3,qiskit_heavy,0.002,6,11,8192,2,0.9946666666666667,0.9946666666666667,0.9690802933249506,89.45321092405356,0.04814214585348964,89.50135306990705
UNSW_2018_IoT_Botnet_Final_10_Best,6q_5k,QSVC,linear,3,L3,qiskit_heavy,0.002,6,12,9216,0,0.9953333333333333,0.9952961057398029,0.9727028541761238,82.5844052140601,1.6634378160815686,84.24784303014167
UNSW_2018_IoT_Botnet_Final_10_Best,6q_5k,QSVC,linear,3,L3,qiskit_heavy,0.002,6,13,10240,1,0.9973333333333333,0.9973249254980052,0.9844726035127892,89.21237161708996,0.04620654205791652,89.25857815914787
UNSW_2018_IoT_Botnet_Final_10_Best,6q_5k,QSVC,linear,3,L3,qiskit_heavy,0.002,6,14,11264,2,0.9933333333333333,0.9933944409596461,0.9623117253801959,84.77906241780147,1.107257982948795,85.88632040075026
UNSW_2018_IoT_Botnet_Final_10_Best,6q_5k,QSVC,linear,3,L3,qiskit_heavy,0.002,6,15,12288,0,0.994,0.9940093471747208,0.9653309638218246,81.45199529197998,1.1696584750898182,82.6216537670698
UNSW_2018_IoT_Botnet_Final_10_Best,6q_5k,QSVC,linear,3,L3,qiskit_heavy,0.002,6,16,13312,1,0.996,0.996,0.976810219993713,83.46538557694294,0.7807780040893704,84.2461635810323
UNSW_2018_IoT_Botnet_Final_10_Best,6q_5k,QSVC,linear,3,L3,qiskit_heavy,0.002,6,17,14336,2,0.992,0.9919747764940157,0.9533573013268257,90.06879289611243,0.045064072823151946,90.11385696893558
UNSW_2018_IoT_Botnet_Final_10_Best,6q_5k,QSVC,linear,3,L3,qiskit_heavy,0.002,6,18,15360,0,0.9946666666666667,0.9946995122365017,0.9695754135797602,89.4974471849855,0.6365735339932144,90.13402071897872
UNSW_2018_IoT_Botnet_Final_10_Best,6q_5k,QSVC,linear,3,L3,qiskit_heavy,0.002,6,19,16384,1,0.9973333333333333,0.9973333333333333,0.9845401466624754,78.13710238994099,0.9067409171257168,79.04384330706671
UNSW_2018_IoT_Botnet_Final_10_Best,6q_5k,QSVC,linear,3,L3,qiskit_heavy,0.002,6,20,17408,2,0.994,0.9940093471747208,0.9653309638218246,90.29152504703961,0.05039131105877459,90.34191635809839
UNSW_2018_IoT_Botnet_Final_10_Best,6q_5k,QSVC,linear,3,L3,qiskit_heavy,0.002,6,21,18432,0,0.9953333333333333,0.9953549727135846,0.9732609961997113,87.21175012295134,0.9373261991422623,88.1490763220936
UNSW_2018_IoT_Botnet_Final_10_Best,6q_5k,QSVC,linear,3,L3,qiskit_heavy,0.002,6,22,19456,1,0.994,0.9940093471747208,0.9653309638218246,90.64753123698756,0.04830708587542176,90.69583832286298
UNSW_2018_IoT_Botnet_Final_10_Best,6q_5k,QSVC,linear,3,L3,qiskit_heavy,0.002,6,23,20480,2,0.9973333333333333,0.9973497561182509,0.9848460011024754,87.07706893607974,0.9600617000833154,88.03713063616306
UNSW_2018_IoT_Botnet_Final_10_Best,6q_5k,QSVC,linear,3,L3,qiskit_heavy,0.002,6,24,21504,0,0.996,0.9960124139626352,0.976983222161292,77.51440540701151,1.5639885840937495,79.07839399110526
UNSW_2018_IoT_Botnet_Final_10_Best,6q_5k,QSVC,linear,3,L3,qiskit_heavy,0.002,6,25,22528,1,0.9953333333333333,0.9953260056217893,0.9728676747095873,90.48424995387904,0.05696747009642422,90.54121742397547
UNSW_2018_IoT_Botnet_Final_10_Best,6q_5k,QSVC,linear,3,L3,qiskit_heavy,0.002,6,26,23552,2,0.996,0.9960366645757877,0.9774907023990167,89.69527958496474,0.6392360620666295,90.33451564703137
UNSW_2018_IoT_Botnet_Final_10_Best,6q_5k,QSVC,linear,3,L3,qiskit_heavy,0.002,6,27,24576,0,0.9913333333333333,0.9913735207538003,0.9502852930652425,83.48664700007066,0.7076922310516238,84.19433923112229
UNSW_2018_IoT_Botnet_Final_10_Best,6q_5k,QSVC,linear,3,L3,qiskit_heavy,0.002,6,28,25600,1,0.994,0.9940278220603231,0.9656024284882216,90.33997910213657,0.04493603389710188,90.38491513603367
UNSW_2018_IoT_Botnet_Final_10_Best,6q_5k,QSVC,linear,3,L3,qiskit_heavy,0.002,6,29,26624,2,0.9946666666666667,0.9946995122365017,0.9695754135797602,87.1853330580052,0.8492972548119724,88.03463031281717
UNSW_2018_IoT_Botnet_Final_10_Best,6q_5k,QSVC,linear,3,L3,qiskit_heavy,0.005,6,0,42,0,0.9973333333333333,0.9973249254980052,0.9844726035127892,90.2362965750508,0.05241491901688278,90.28871149406768
UNSW_2018_IoT_Botnet_Final_10_Best,6q_5k,QSVC,linear,3,L3,qiskit_heavy,0.005,6,1,123,1,0.9953333333333333,0.9953691183391495,0.9735381261938272,89.45501064509153,0.6190921640954912,90.07410280918702
UNSW_2018_IoT_Botnet_Final_10_Best,6q_5k,QSVC,linear,3,L3,qiskit_heavy,0.005,6,2,456,2,0.9966666666666667,0.9966614325869924,0.9806219150789104,84.61069932207465,2.0814859378151596,86.69218525988981
UNSW_2018_IoT_Botnet_Final_10_Best,6q_5k,QSVC,linear,3,L3,qiskit_heavy,0.005,6,3,789,0,0.996,0.996,0.976810219993713,87.45243537193164,0.04164107283577323,87.49407644476742
UNSW_2018_IoT_Botnet_Final_10_Best,6q_5k,QSVC,linear,3,L3,qiskit_heavy,0.005,6,4,1024,1,0.994,0.9940639146896366,0.9662993779870109,80.03286548401229,0.7264256209600717,80.75929110497236
UNSW_2018_IoT_Botnet_Final_10_Best,6q_5k,QSVC,linear,3,L3,qiskit_heavy,0.005,6,5,2048,2,0.99,0.9900463701005388,0.9426267253537529,69.73433863697574,0.606241688830778,70.34058032580651
UNSW_2018_IoT_Botnet_Final_10_Best,6q_5k,QSVC,linear,3,L3,qiskit_heavy,0.005,6,6,3072,0,0.9946666666666667,0.9946327660618205,0.9688072542805272,85.41796815791167,0.041553046088665724,85.45952120400034
UNSW_2018_IoT_Botnet_Final_10_Best,6q_5k,QSVC,linear,3,L3,qiskit_heavy,0.005,6,7,4096,1,0.9953333333333333,0.995340603358116,0.9730368435381365,60.946709528099746,0.9778071560431272,61.92451668414287
UNSW_2018_IoT_Botnet_Final_10_Best,6q_5k,QSVC,linear,3,L3,qiskit_heavy,0.005,6,8,5120,2,0.994,0.9939715103568553,0.9649519156643789,77.97587962285616,0.7855440638959408,78.7614236867521
UNSW_2018_IoT_Botnet_Final_10_Best,6q_5k,QSVC,linear,3,L3,qiskit_heavy,0.005,6,9,6144,0,0.996,0.9959873882470078,0.9766937779662983,87.88513628090732,0.041799422120675445,87.926935703028
UNSW_2018_IoT_Botnet_Final_10_Best,6q_5k,QSVC,linear,3,L3,qiskit_heavy,0.005,6,10,7168,1,0.9966666666666667,0.9966922273851068,0.9811503949509465,71.96600121306255,0.9786368499044329,72.94463806296699
UNSW_2018_IoT_Botnet_Final_10_Best,6q_5k,QSVC,linear,3,L3,qiskit_heavy,0.005,6,11,8192,2,0.9946666666666667,0.9946666666666667,0.9690802933249506,84.62751867203042,0.8282960520591587,85.45581472408958
UNSW_2018_IoT_Botnet_Final_10_Best,6q_5k,QSVC,linear,3,L3,qiskit_heavy,0.005,6,12,9216,0,0.996,0.9959745745463654,0.9766360841206913,76.23455756297335,1.21775337215513,77.45231093512848
UNSW_2018_IoT_Botnet_Final_10_Best,6q_5k,QSVC,linear,3,L3,qiskit_heavy,0.005,6,13,10240,1,0.9973333333333333,0.9973249254980052,0.9844726035127892,76.2325273710303,1.4339399938471615,77.66646736487746
UNSW_2018_IoT_Botnet_Final_10_Best,6q_5k,QSVC,linear,3,L3,qiskit_heavy,0.005,6,14,11264,2,0.9926666666666667,0.992744784620667,0.9587324290599396,87.76501714019105,0.04423866490833461,87.80925580509938
UNSW_2018_IoT_Botnet_Final_10_Best,6q_5k,QSVC,linear,3,L3,qiskit_heavy,0.005,6,15,12288,0,0.9946666666666667,0.9946832186168468,0.9693011272631611,82.61980931903236,0.7830088848713785,83.40281820390373
UNSW_2018_IoT_Botnet_Final_10_Best,6q_5k,QSVC,linear,3,L3,qiskit_heavy,0.005,6,16,13312,1,0.996,0.996,0.976810219993713,77.4942223909311,1.6961964468937367,79.19041883782484
UNSW_2018_IoT_Botnet_Final_10_Best,6q_5k,QSVC,linear,3,L3,qiskit_heavy,0.005,6,17,14336,2,0.992,0.9919747764940157,0.9533573013268257,87.89881926309317,0.044585617957636714,87.94340488105081
UNSW_2018_IoT_Botnet_Final_10_Best,6q_5k,QSVC,linear,3,L3,qiskit_heavy,0.005,6,18,15360,0,0.9946666666666667,0.9946995122365017,0.9695754135797602,90.2366343261674,0.05207738699391484,90.28871171316132
UNSW_2018_IoT_Botnet_Final_10_Best,6q_5k,QSVC,linear,3,L3,qiskit_heavy,0.005,6,19,16384,1,0.9973333333333333,0.9973333333333333,0.9845401466624754,89.44985607196577,0.6219581097830087,90.07181418174878
UNSW_2018_IoT_Botnet_Final_10_Best,6q_5k,QSVC,linear,3,L3,qiskit_heavy,0.005,6,20,17408,2,0.994,0.9940093471747208,0.9653309638218246,74.89340764400549,1.8146966728381813,76.70810431684367
UNSW_2018_IoT_Botnet_Final_10_Best,6q_5k,QSVC,linear,3,L3,qiskit_heavy,0.005,6,21,18432,0,0.9946666666666667,0.9946995122365017,0.9695754135797602,85.48194140498526,0.7022545251529664,86.18419593013823
UNSW_2018_IoT_Botnet_Final_10_Best,6q_5k,QSVC,linear,3,L3,qiskit_heavy,0.005,6,22,19456,1,0.994,0.9940093471747208,0.9653309638218246,88.9555775821209,0.04468996496871114,89.0002675470896
UNSW_2018_IoT_Botnet_Final_10_Best,6q_5k,QSVC,linear,3,L3,qiskit_heavy,0.005,6,23,20480,2,0.9973333333333333,0.9973497561182509,0.9848460011024754,86.0841543849092,1.5992492409422994,87.6834036258515
UNSW_2018_IoT_Botnet_Final_10_Best,6q_5k,QSVC,linear,3,L3,qiskit_heavy,0.005,6,24,21504,0,0.996,0.9960124139626352,0.976983222161292,75.60299776610918,1.5393839972093701,77.14238176331855
UNSW_2018_IoT_Botnet_Final_10_Best,6q_5k,QSVC,linear,3,L3,qiskit_heavy,0.005,6,25,22528,1,0.994,0.9940093471747208,0.9653309638218246,86.85670995502733,0.871899849968031,87.72860980499536
UNSW_2018_IoT_Botnet_Final_10_Best,6q_5k,QSVC,linear,3,L3,qiskit_heavy,0.005,6,26,23552,2,0.996,0.9960366645757877,0.9774907023990167,90.01364130200818,0.04509454010985792,90.05873584211804
UNSW_2018_IoT_Botnet_Final_10_Best,6q_5k,QSVC,linear,3,L3,qiskit_heavy,0.005,6,27,24576,0,0.9933333333333333,0.9933944409596461,0.9623117253801959,78.32719752611592,0.9483080799691379,79.27550560608506
UNSW_2018_IoT_Botnet_Final_10_Best,6q_5k,QSVC,linear,3,L3,qiskit_heavy,0.005,6,28,25600,1,0.994,0.9940278220603231,0.9656024284882216,78.2554408039432,0.9537655669264495,79.20920637086965
UNSW_2018_IoT_Botnet_Final_10_Best,6q_5k,QSVC,linear,3,L3,qiskit_heavy,0.005,6,29,26624,2,0.9946666666666667,0.9946995122365017,0.9695754135797602,87.06002635601908,0.048338639084249735,87.10836499510333
UNSW_2018_IoT_Botnet_Final_10_Best,6q_5k,QSVC,linear,3,L3,qiskit_heavy,0.008,6,0,42,0,0.9973333333333333,0.9973249254980052,0.9844726035127892,72.32881268998608,1.846297679003328,74.17511036898941
UNSW_2018_IoT_Botnet_Final_10_Best,6q_5k,QSVC,linear,3,L3,qiskit_heavy,0.008,6,1,123,1,0.9953333333333333,0.9953691183391495,0.9735381261938272,79.1530701869633,0.7431820258498192,79.89625221281312
UNSW_2018_IoT_Botnet_Final_10_Best,6q_5k,QSVC,linear,3,L3,qiskit_heavy,0.008,6,2,456,2,0.9966666666666667,0.9966614325869924,0.9806219150789104,86.50984866102226,0.04493493400514126,86.5547835950274
UNSW_2018_IoT_Botnet_Final_10_Best,6q_5k,QSVC,linear,3,L3,qiskit_heavy,0.008,6,3,789,0,0.996,0.996,0.976810219993713,89.16588174505159,0.07624218799173832,89.24212393304333
UNSW_2018_IoT_Botnet_Final_10_Best,6q_5k,QSVC,linear,3,L3,qiskit_heavy,0.008,6,4,1024,1,0.9933333333333333,0.9934141816371781,0.9627320397614697,64.7232323049102,1.316101789008826,66.03933409391902
UNSW_2018_IoT_Botnet_Final_10_Best,6q_5k,QSVC,linear,3,L3,qiskit_heavy,0.008,6,5,2048,2,0.99,0.9900463701005388,0.9426267253537529,89.07100609806366,0.07616015686653554,89.1471662549302
UNSW_2018_IoT_Botnet_Final_10_Best,6q_5k,QSVC,linear,3,L3,qiskit_heavy,0.008,6,6,3072,0,0.9933333333333333,0.9933123137450129,0.9611361268733166,82.13665139395744,1.2252252348698676,83.3618766288273
UNSW_2018_IoT_Botnet_Final_10_Best,6q_5k,QSVC,linear,3,L3,qiskit_heavy,0.008,6,7,4096,1,0.9953333333333333,0.995340603358116,0.9730368435381365,88.46892811520956,0.044677410973235965,88.5136055261828
UNSW_2018_IoT_Botnet_Final_10_Best,6q_5k,QSVC,linear,3,L3,qiskit_heavy,0.008,6,8,5120,2,0.994,0.9939715103568553,0.9649519156643789,85.26811368600465,0.8191682989709079,86.08728198497556
UNSW_2018_IoT_Botnet_Final_10_Best,6q_5k,QSVC,linear,3,L3,qiskit_heavy,0.008,6,9,6144,0,0.9953333333333333,0.9953260056217893,0.9728676747095873,85.06134164216928,1.4523977029602975,86.51373934512958
UNSW_2018_IoT_Botnet_Final_10_Best,6q_5k,QSVC,linear,3,L3,qiskit_heavy,0.008,6,10,7168,1,0.9966666666666667,0.9966922273851068,0.9811503949509465,89.21031281002797,0.04618031205609441,89.25649312208407
UNSW_2018_IoT_Botnet_Final_10_Best,6q_5k,QSVC,linear,3,L3,qiskit_heavy,0.008,6,11,8192,2,0.9946666666666667,0.9946666666666667,0.9690802933249506,84.7327887210995,0.6330109760165215,85.36579969711602
UNSW_2018_IoT_Botnet_Final_10_Best,6q_5k,QSVC,linear,3,L3,qiskit_heavy,0.008,6,12,9216,0,0.9966666666666667,0.9966400755284308,0.9805571131969575,89.5226103279274,0.618736483855173,90.14134681178257
UNSW_2018_IoT_Botnet_Final_10_Best,6q_5k,QSVC,linear,3,L3,qiskit_heavy,0.008,6,13,10240,1,0.9966666666666667,0.9966614325869924,0.9806219150789104,89.49029026296921,0.07057290314696729,89.56086316611618
UNSW_2018_IoT_Botnet_Final_10_Best,6q_5k,QSVC,linear,3,L3,qiskit_heavy,0.008,6,14,11264,2,0.992,0.9920970179646138,0.9551873937472581,89.46563590504229,0.3352041579782963,89.80084006302059
UNSW_2018_IoT_Botnet_Final_10_Best,6q_5k,QSVC,linear,3,L3,qiskit_heavy,0.008,6,15,12288,0,0.9946666666666667,0.9946832186168468,0.9693011272631611,88.52872583596036,0.6578896208666265,89.18661545682698
UNSW_2018_IoT_Botnet_Final_10_Best,6q_5k,QSVC,linear,3,L3,qiskit_heavy,0.008,6,16,13312,1,0.996,0.996,0.976810219993713,74.18922364292666,1.5421915461774915,75.73141518910415
UNSW_2018_IoT_Botnet_Final_10_Best,6q_5k,QSVC,linear,3,L3,qiskit_heavy,0.008,6,17,14336,2,0.992,0.9919747764940157,0.9533573013268257,89.3466295718681,0.04899331694468856,89.3956228888128
UNSW_2018_IoT_Botnet_Final_10_Best,6q_5k,QSVC,linear,3,L3,qiskit_heavy,0.008,6,18,15360,0,0.9946666666666667,0.9946995122365017,0.9695754135797602,87.99529635393992,0.35435746400617063,88.34965381794609
UNSW_2018_IoT_Botnet_Final_10_Best,6q_5k,QSVC,linear,3,L3,qiskit_heavy,0.008,6,19,16384,1,0.9973333333333333,0.9973333333333333,0.9845401466624754,87.98328800313175,0.06392019707709551,88.04720820020884
UNSW_2018_IoT_Botnet_Final_10_Best,6q_5k,QSVC,linear,3,L3,qiskit_heavy,0.008,6,20,17408,2,0.994,0.9940093471747208,0.9653309638218246,64.45890238904394,1.6003515478223562,66.0592539368663
UNSW_2018_IoT_Botnet_Final_10_Best,6q_5k,QSVC,linear,3,L3,qiskit_heavy,0.008,6,21,18432,0,0.9946666666666667,0.9946995122365017,0.9695754135797602,72.58788941288367,1.3598134948406368,73.9477029077243
UNSW_2018_IoT_Botnet_Final_10_Best,6q_5k,QSVC,linear,3,L3,qiskit_heavy,0.008,6,22,19456,1,0.994,0.9940093471747208,0.9653309638218246,89.4135925618466,0.04467225493863225,89.45826481678523
UNSW_2018_IoT_Botnet_Final_10_Best,6q_5k,QSVC,linear,3,L3,qiskit_heavy,0.008,6,23,20480,2,0.9973333333333333,0.9973497561182509,0.9848460011024754,87.23770389496349,0.9321844149380922,88.16988830990158
UNSW_2018_IoT_Botnet_Final_10_Best,6q_5k,QSVC,linear,3,L3,qiskit_heavy,0.008,6,24,21504,0,0.996,0.9960124139626352,0.976983222161292,79.25664060004056,1.7425526161678135,80.99919321620837
UNSW_2018_IoT_Botnet_Final_10_Best,6q_5k,QSVC,linear,3,L3,qiskit_heavy,0.008,6,25,22528,1,0.994,0.9940093471747208,0.9653309638218246,88.76518831192516,0.83498774911277,89.60017606103793
UNSW_2018_IoT_Botnet_Final_10_Best,6q_5k,QSVC,linear,3,L3,qiskit_heavy,0.008,6,26,23552,2,0.996,0.9960366645757877,0.9774907023990167,89.60329601005651,0.05729306489229202,89.6605890749488
UNSW_2018_IoT_Botnet_Final_10_Best,6q_5k,QSVC,linear,3,L3,qiskit_heavy,0.008,6,27,24576,0,0.992,0.9920970179646138,0.9551873937472581,87.16737853898667,0.886262018000707,88.05364055698738
UNSW_2018_IoT_Botnet_Final_10_Best,6q_5k,QSVC,linear,3,L3,qiskit_heavy,0.008,6,28,25600,1,0.994,0.9940278220603231,0.9656024284882216,87.22283515008166,0.8735116110183299,88.0963467611
UNSW_2018_IoT_Botnet_Final_10_Best,6q_5k,QSVC,linear,3,L3,qiskit_heavy,0.008,6,29,26624,2,0.9946666666666667,0.9946995122365017,0.9695754135797602,89.55723451892845,0.04767517698928714,89.60490969591774
UNSW_2018_IoT_Botnet_Final_10_Best,6q_5k,QSVC,linear,3,L3,qiskit_heavy,0.01,6,0,42,0,0.9973333333333333,0.9973249254980052,0.9844726035127892,58.02726778201759,1.6851348800119013,59.71240266202949
UNSW_2018_IoT_Botnet_Final_10_Best,6q_5k,QSVC,linear,3,L3,qiskit_heavy,0.01,6,1,123,1,0.9953333333333333,0.9953691183391495,0.9735381261938272,88.77104235813022,0.5952777110505849,89.3663200691808
UNSW_2018_IoT_Botnet_Final_10_Best,6q_5k,QSVC,linear,3,L3,qiskit_heavy,0.01,6,2,456,2,0.9953333333333333,0.995340603358116,0.9730368435381365,89.5250251700636,0.05032270587980747,89.57534787594341
UNSW_2018_IoT_Botnet_Final_10_Best,6q_5k,QSVC,linear,3,L3,qiskit_heavy,0.01,6,3,789,0,0.9966666666666667,0.9966718595415115,0.9807427232544484,88.69938355404884,0.07607904402539134,88.77546259807423
UNSW_2018_IoT_Botnet_Final_10_Best,6q_5k,QSVC,linear,3,L3,qiskit_heavy,0.01,6,4,1024,1,0.9933333333333333,0.9934141816371781,0.9627320397614697,89.08947693393566,0.3752384770195931,89.46471541095525
UNSW_2018_IoT_Botnet_Final_10_Best,6q_5k,QSVC,linear,3,L3,qiskit_heavy,0.01,6,5,2048,2,0.99,0.9900463701005388,0.9426267253537529,89.07753270096146,0.38167195208370686,89.45920465304516
UNSW_2018_IoT_Botnet_Final_10_Best,6q_5k,QSVC,linear,3,L3,qiskit_heavy,0.01,6,6,3072,0,0.9933333333333333,0.9933123137450129,0.9611361268733166,83.20897060795687,0.8023505618330091,84.01132116978988
UNSW_2018_IoT_Botnet_Final_10_Best,6q_5k,QSVC,linear,3,L3,qiskit_heavy,0.01,6,7,4096,1,0.9953333333333333,0.995340603358116,0.9730368435381365,89.12933842511848,0.07822739402763546,89.20756581914611
UNSW_2018_IoT_Botnet_Final_10_Best,6q_5k,QSVC,linear,3,L3,qiskit_heavy,0.01,6,8,5120,2,0.994,0.9939715103568553,0.9649519156643789,89.10655950196087,0.07869802904315293,89.18525753100403
UNSW_2018_IoT_Botnet_Final_10_Best,6q_5k,QSVC,linear,3,L3,qiskit_heavy,0.01,6,9,6144,0,0.9946666666666667,0.9946666666666667,0.9690802933249506,90.21212149318308,0.04157086694613099,90.25369236012921
UNSW_2018_IoT_Botnet_Final_10_Best,6q_5k,QSVC,linear,3,L3,qiskit_heavy,0.01,6,10,7168,1,0.9966666666666667,0.9966922273851068,0.9811503949509465,76.12113102385774,1.7552465600892901,77.87637758394703
UNSW_2018_IoT_Botnet_Final_10_Best,6q_5k,QSVC,linear,3,L3,qiskit_heavy,0.01,6,11,8192,2,0.9946666666666667,0.9946666666666667,0.9690802933249506,88.07588562904857,0.8812571589369327,88.9571427879855
UNSW_2018_IoT_Botnet_Final_10_Best,6q_5k,QSVC,linear,3,L3,qiskit_heavy,0.01,6,12,9216,0,0.9966666666666667,0.9966400755284308,0.9805571131969575,88.43087604106404,0.04128027311526239,88.4721563141793
UNSW_2018_IoT_Botnet_Final_10_Best,6q_5k,QSVC,linear,3,L3,qiskit_heavy,0.01,6,13,10240,1,0.9966666666666667,0.9966614325869924,0.9806219150789104,71.77570442692377,1.5766097139567137,73.35231414088048
UNSW_2018_IoT_Botnet_Final_10_Best,6q_5k,QSVC,linear,3,L3,qiskit_heavy,0.01,6,14,11264,2,0.9906666666666667,0.9908070659416813,0.9481978729325209,86.28078549401835,0.7551028600428253,87.03588835406117
UNSW_2018_IoT_Botnet_Final_10_Best,6q_5k,QSVC,linear,3,L3,qiskit_heavy,0.01,6,15,12288,0,0.994,0.9940278220603231,0.9656024284882216,87.75687101809308,0.06223804806359112,87.81910906615667
UNSW_2018_IoT_Botnet_Final_10_Best,6q_5k,QSVC,linear,3,L3,qiskit_heavy,0.01,6,16,13312,1,0.9966666666666667,0.9966718595415115,0.9807427232544484,87.7517124551814,0.3532441428396851,88.10495659802109
UNSW_2018_IoT_Botnet_Final_10_Best,6q_5k,QSVC,linear,3,L3,qiskit_heavy,0.01,6,17,14336,2,0.992,0.9919747764940157,0.9533573013268257,80.81221183203161,1.2076294291764498,82.01984126120806
UNSW_2018_IoT_Botnet_Final_10_Best,6q_5k,QSVC,linear,3,L3,qiskit_heavy,0.01,6,18,15360,0,0.994,0.9940460092931921,0.9659258574367079,89.05439381487668,0.5547977560199797,89.60919157089666
UNSW_2018_IoT_Botnet_Final_10_Best,6q_5k,QSVC,linear,3,L3,qiskit_heavy,0.01,6,19,16384,1,0.9966666666666667,0.9966718595415115,0.9807427232544484,89.01028841501102,0.6029912489466369,89.61327966395766
UNSW_2018_IoT_Botnet_Final_10_Best,6q_5k,QSVC,linear,3,L3,qiskit_heavy,0.01,6,20,17408,2,0.994,0.9940093471747208,0.9653309638218246,89.72801866102964,0.6066145780496299,90.33463323907927
UNSW_2018_IoT_Botnet_Final_10_Best,6q_5k,QSVC,linear,3,L3,qiskit_heavy,0.01,6,21,18432,0,0.9946666666666667,0.9946995122365017,0.9695754135797602,89.10122381313704,0.04182375012896955,89.14304756326601
UNSW_2018_IoT_Botnet_Final_10_Best,6q_5k,QSVC,linear,3,L3,qiskit_heavy,0.01,6,22,19456,1,0.994,0.9940093471747208,0.9653309638218246,85.93717315187678,0.8635006120894104,86.80067376396619
UNSW_2018_IoT_Botnet_Final_10_Best,6q_5k,QSVC,linear,3,L3,qiskit_heavy,0.01,6,23,20480,2,0.9973333333333333,0.9973497561182509,0.9848460011024754,81.0250886362046,1.0421850450802594,82.06727368128486
UNSW_2018_IoT_Botnet_Final_10_Best,6q_5k,QSVC,linear,3,L3,qiskit_heavy,0.01,6,24,21504,0,0.996,0.9960124139626352,0.976983222161292,83.58397675002925,1.5792372608557343,85.16321401088499
UNSW_2018_IoT_Botnet_Final_10_Best,6q_5k,QSVC,linear,3,L3,qiskit_heavy,0.01,6,25,22528,1,0.9946666666666667,0.9946666666666667,0.9690802933249506,88.10198975703679,0.04529910907149315,88.14728886610828
UNSW_2018_IoT_Botnet_Final_10_Best,6q_5k,QSVC,linear,3,L3,qiskit_heavy,0.01,6,26,23552,2,0.996,0.9960366645757877,0.9774907023990167,86.0283679140266,0.799263192107901,86.8276311061345
UNSW_2018_IoT_Botnet_Final_10_Best,6q_5k,QSVC,linear,3,L3,qiskit_heavy,0.01,6,27,24576,0,0.992,0.9920970179646138,0.9551873937472581,86.72410027403384,0.601267458172515,87.32536773220636
UNSW_2018_IoT_Botnet_Final_10_Best,6q_5k,QSVC,linear,3,L3,qiskit_heavy,0.01,6,28,25600,1,0.994,0.9940278220603231,0.9656024284882216,64.60634010704234,1.6347370410803705,66.24107714812271
UNSW_2018_IoT_Botnet_Final_10_Best,6q_5k,QSVC,linear,3,L3,qiskit_heavy,0.01,6,29,26624,2,0.9946666666666667,0.9946995122365017,0.9695754135797602,87.42871260503307,0.050460017984732985,87.4791726230178
UNSW_2018_IoT_Botnet_Final_10_Best,6q_5k,QSVC,linear,3,L3,qiskit_heavy,0.02,6,0,42,0,0.996,0.996,0.976810219993713,88.36231437302195,0.6670400358270854,89.02935440884903
UNSW_2018_IoT_Botnet_Final_10_Best,6q_5k,QSVC,linear,3,L3,qiskit_heavy,0.02,6,1,123,1,0.994,0.9940639146896366,0.9662993779870109,89.19816550589167,0.05140153598040342,89.24956704187207
UNSW_2018_IoT_Botnet_Final_10_Best,6q_5k,QSVC,linear,3,L3,qiskit_heavy,0.02,6,2,456,2,0.9953333333333333,0.995340603358116,0.9730368435381365,83.6375874162186,1.552016556961462,85.18960397318006
UNSW_2018_IoT_Botnet_Final_10_Best,6q_5k,QSVC,linear,3,L3,qiskit_heavy,0.02,6,3,789,0,0.9966666666666667,0.9966718595415115,0.9807427232544484,83.05444713006727,1.5644557299092412,84.61890285997652
UNSW_2018_IoT_Botnet_Final_10_Best,6q_5k,QSVC,linear,3,L3,qiskit_heavy,0.02,6,4,1024,1,0.9926666666666667,0.9927875474438553,0.9597105399310694,87.81467805313878,0.7765838468912989,88.59126190003008
UNSW_2018_IoT_Botnet_Final_10_Best,6q_5k,QSVC,linear,3,L3,qiskit_heavy,0.02,6,5,2048,2,0.9893333333333333,0.9894311055354338,0.9395432598519646,89.63419239711948,0.04454565420746803,89.67873805132695
UNSW_2018_IoT_Botnet_Final_10_Best,6q_5k,QSVC,linear,3,L3,qiskit_heavy,0.02,6,6,3072,0,0.9946666666666667,0.9946666666666667,0.9690802933249506,78.25946738896891,1.828118909848854,80.08758629881777
UNSW_2018_IoT_Botnet_Final_10_Best,6q_5k,QSVC,linear,3,L3,qiskit_heavy,0.02,6,7,4096,1,0.9953333333333333,0.995340603358116,0.9730368435381365,88.350230359938,0.04425698681734502,88.39448734675534
UNSW_2018_IoT_Botnet_Final_10_Best,6q_5k,QSVC,linear,3,L3,qiskit_heavy,0.02,6,8,5120,2,0.994,0.9939715103568553,0.9649519156643789,84.09200696111657,0.8409745979588479,84.93298155907542
UNSW_2018_IoT_Botnet_Final_10_Best,6q_5k,QSVC,linear,3,L3,qiskit_heavy,0.02,6,9,6144,0,0.992,0.9920492683547524,0.9543048260570449,89.62931426498108,0.0697839988861233,89.6990982638672
UNSW_2018_IoT_Botnet_Final_10_Best,6q_5k,QSVC,linear,3,L3,qiskit_heavy,0.02,6,10,7168,1,0.9926666666666667,0.9927875474438553,0.9597105399310694,89.63509288593195,0.07266294001601636,89.70775582594797
UNSW_2018_IoT_Botnet_Final_10_Best,6q_5k,QSVC,linear,3,L3,qiskit_heavy,0.02,6,11,8192,2,0.9933333333333333,0.9933540232710586,0.9616190323650302,85.05144648905843,1.8750638088677078,86.92651029792614
UNSW_2018_IoT_Botnet_Final_10_Best,6q_5k,QSVC,linear,3,L3,qiskit_heavy,0.02,6,12,9216,0,0.9973333333333333,0.9973249254980052,0.9844726035127892,89.77983092609793,0.3148657230194658,90.0946966491174
UNSW_2018_IoT_Botnet_Final_10_Best,6q_5k,QSVC,linear,3,L3,qiskit_heavy,0.02,6,13,10240,1,0.996,0.996,0.976810219993713,89.0357475108467,0.8668648698367178,89.90261238068342
UNSW_2018_IoT_Botnet_Final_10_Best,6q_5k,QSVC,linear,3,L3,qiskit_heavy,0.02,6,14,11264,2,0.988,0.9882822988821741,0.9353700213076753,88.87261723307893,0.6853574528358877,89.55797468591481
UNSW_2018_IoT_Botnet_Final_10_Best,6q_5k,QSVC,linear,3,L3,qiskit_heavy,0.02,6,15,12288,0,0.9933333333333333,0.9933743902956271,0.9619401198184026,80.1149012229871,1.6446193910669535,81.75952061405405
UNSW_2018_IoT_Botnet_Final_10_Best,6q_5k,QSVC,linear,3,L3,qiskit_heavy,0.02,6,16,13312,1,0.9966666666666667,0.9966718595415115,0.9807427232544484,87.86954159499146,0.6553901161532849,88.52493171114475
UNSW_2018_IoT_Botnet_Final_10_Best,6q_5k,QSVC,linear,3,L3,qiskit_heavy,0.02,6,17,14336,2,0.992,0.9920248279252704,0.9539369374668993,88.68083752994426,0.05064415093511343,88.73148168087937
UNSW_2018_IoT_Botnet_Final_10_Best,6q_5k,QSVC,linear,3,L3,qiskit_heavy,0.02,6,18,15360,0,0.996,0.9960124139626352,0.976983222161292,83.4764811580535,1.8150916679296643,85.29157282598317
UNSW_2018_IoT_Botnet_Final_10_Best,6q_5k,QSVC,linear,3,L3,qiskit_heavy,0.02,6,19,16384,1,0.9953333333333333,0.9953549727135846,0.9732609961997113,90.3188268749509,0.075552964117378,90.39437983906828
UNSW_2018_IoT_Botnet_Final_10_Best,6q_5k,QSVC,linear,3,L3,qiskit_heavy,0.02,6,20,17408,2,0.9946666666666667,0.9946995122365017,0.9695754135797602,90.2832458470948,0.07431731908582151,90.35756316618063
UNSW_2018_IoT_Botnet_Final_10_Best,6q_5k,QSVC,linear,3,L3,qiskit_heavy,0.02,6,21,18432,0,0.994,0.9940460092931921,0.9659258574367079,75.73137492500246,1.9034127569757402,77.6347876819782
UNSW_2018_IoT_Botnet_Final_10_Best,6q_5k,QSVC,linear,3,L3,qiskit_heavy,0.02,6,22,19456,1,0.9913333333333333,0.9914256545516973,0.9511654801328682,87.7945264740847,0.7911957900505513,88.58572226413526
UNSW_2018_IoT_Botnet_Final_10_Best,6q_5k,QSVC,linear,3,L3,qiskit_heavy,0.02,6,23,20480,2,0.9953333333333333,0.9953830447586062,0.9738663269140823,89.8885191238951,0.04435356194153428,89.93287268583663
UNSW_2018_IoT_Botnet_Final_10_Best,6q_5k,QSVC,linear,3,L3,qiskit_heavy,0.02,6,24,21504,0,0.996,0.9960124139626352,0.976983222161292,83.01101625710726,1.4855736780446023,84.49658993515186
UNSW_2018_IoT_Botnet_Final_10_Best,6q_5k,QSVC,linear,3,L3,qiskit_heavy,0.02,6,25,22528,1,0.9953333333333333,0.995340603358116,0.9730368435381365,89.88124339887872,0.07444107485935092,89.95568447373807
UNSW_2018_IoT_Botnet_Final_10_Best,6q_5k,QSVC,linear,3,L3,qiskit_heavy,0.02,6,26,23552,2,0.992,0.9921433092067025,0.9562542712075097,89.88245541416109,0.07377939787693322,89.95623481203802
UNSW_2018_IoT_Botnet_Final_10_Best,6q_5k,QSVC,linear,3,L3,qiskit_heavy,0.02,6,27,24576,0,0.99,0.9901933261432965,0.9453934686415124,68.7962625818327,1.5799634880386293,70.37622606987134
UNSW_2018_IoT_Botnet_Final_10_Best,6q_5k,QSVC,linear,3,L3,qiskit_heavy,0.02,6,28,25600,1,0.9933333333333333,0.9933743902956271,0.9619401198184026,88.84014112316072,0.05180793395265937,88.89194905711338
UNSW_2018_IoT_Botnet_Final_10_Best,6q_5k,QSVC,linear,3,L3,qiskit_heavy,0.02,6,29,26624,2,0.9946666666666667,0.9946995122365017,0.9695754135797602,88.0774108399637,0.6094580239150673,88.68686886387877
UNSW_2018_IoT_Botnet_Final_10_Best,6q_5k,QSVC,linear,3,L3,qiskit_heavy,0.05,6,0,42,0,0.9846666666666667,0.9850061180938595,0.9164961873507719,87.91241766489111,0.61544831818901,88.52786598308012
UNSW_2018_IoT_Botnet_Final_10_Best,6q_5k,QSVC,linear,3,L3,qiskit_heavy,0.05,6,1,123,1,0.9833333333333333,0.9837483525883178,0.9100273299706902,80.59269450511783,1.5268542401026934,82.11954874522053
UNSW_2018_IoT_Botnet_Final_10_Best,6q_5k,QSVC,linear,3,L3,qiskit_heavy,0.05,6,2,456,2,0.9906666666666667,0.9907522173435044,0.9471327483613751,88.62619604403153,0.05079909902997315,88.6769951430615
UNSW_2018_IoT_Botnet_Final_10_Best,6q_5k,QSVC,linear,3,L3,qiskit_heavy,0.05,6,3,789,0,0.984,0.9845060496709829,0.9161168940355825,82.78540196502581,0.809959976002574,83.59536194102839
UNSW_2018_IoT_Botnet_Final_10_Best,6q_5k,QSVC,linear,3,L3,qiskit_heavy,0.05,6,4,1024,1,0.9833333333333333,0.9838383826166122,0.9119806487259695,86.30853404593654,0.8884174008853734,87.19695144682191
UNSW_2018_IoT_Botnet_Final_10_Best,6q_5k,QSVC,linear,3,L3,qiskit_heavy,0.05,6,5,2048,2,0.9786666666666667,0.9792846461029352,0.8859505277574177,88.4098467300646,0.045989838195964694,88.45583656826057
UNSW_2018_IoT_Botnet_Final_10_Best,6q_5k,QSVC,linear,3,L3,qiskit_heavy,0.05,6,6,3072,0,0.9846666666666667,0.9850484843812524,0.9173812842587844,89.00779318111017,0.041335685877129436,89.0491288669873
UNSW_2018_IoT_Botnet_Final_10_Best,6q_5k,QSVC,linear,3,L3,qiskit_heavy,0.05,6,7,4096,1,0.9893333333333333,0.9894311055354338,0.9395432598519646,86.84862724179402,0.7983442009426653,87.64697144273669
UNSW_2018_IoT_Botnet_Final_10_Best,6q_5k,QSVC,linear,3,L3,qiskit_heavy,0.05,6,8,5120,2,0.9786666666666667,0.9793413995613105,0.8870960056524169,70.06569120683707,1.5446671769022942,71.61035838373937
UNSW_2018_IoT_Botnet_Final_10_Best,6q_5k,QSVC,linear,3,L3,qiskit_heavy,0.05,6,9,6144,0,0.9833333333333333,0.9837023022759341,0.9091013518907751,89.65102370502427,0.07499205297790468,89.72601575800218
UNSW_2018_IoT_Botnet_Final_10_Best,6q_5k,QSVC,linear,3,L3,qiskit_heavy,0.05,6,10,7168,1,0.982,0.9824972049028254,0.9036735949468356,89.64856440620497,0.07623081305064261,89.72479521925561
UNSW_2018_IoT_Botnet_Final_10_Best,6q_5k,QSVC,linear,3,L3,qiskit_heavy,0.05,6,11,8192,2,0.9853333333333333,0.9856783653004351,0.920621436118106,82.96339359506965,1.3931151039432734,84.35650869901292
UNSW_2018_IoT_Botnet_Final_10_Best,6q_5k,QSVC,linear,3,L3,qiskit_heavy,0.05,6,12,9216,0,0.9826666666666667,0.9831219610599198,0.9068362945689199,87.25467135291547,0.8353640150744468,88.09003536798991
UNSW_2018_IoT_Botnet_Final_10_Best,6q_5k,QSVC,linear,3,L3,qiskit_heavy,0.05,6,13,10240,1,0.9873333333333333,0.9876137497297099,0.9312858582707654,87.22498914506286,0.8675188149791211,88.09250796004198
UNSW_2018_IoT_Botnet_Final_10_Best,6q_5k,QSVC,linear,3,L3,qiskit_heavy,0.05,6,14,11264,2,0.9733333333333334,0.9747698736450222,0.8708541735305776,89.60768005996943,0.04877064889296889,89.6564507088624
UNSW_2018_IoT_Botnet_Final_10_Best,6q_5k,QSVC,linear,3,L3,qiskit_heavy,0.05,6,15,12288,0,0.984,0.9843763985095657,0.9132471435233214,76.72207347420044,1.732931348029524,78.45500482222997
UNSW_2018_IoT_Botnet_Final_10_Best,6q_5k,QSVC,linear,3,L3,qiskit_heavy,0.05,6,16,13312,1,0.984,0.9842406844714537,0.9106941995683159,88.69232622813433,0.6224760878831148,89.31480231601745
UNSW_2018_IoT_Botnet_Final_10_Best,6q_5k,QSVC,linear,3,L3,qiskit_heavy,0.05,6,17,14336,2,0.986,0.9863867149244199,0.9256152310053072,89.4593374428805,0.050790393026545644,89.51012783590704
UNSW_2018_IoT_Botnet_Final_10_Best,6q_5k,QSVC,linear,3,L3,qiskit_heavy,0.05,6,18,15360,0,0.986,0.986270656600615,0.9230838247713615,87.41454550321214,0.8427871400490403,88.25733264326118
UNSW_2018_IoT_Botnet_Final_10_Best,6q_5k,QSVC,linear,3,L3,qiskit_heavy,0.05,6,19,16384,1,0.9886666666666667,0.9888534824132309,0.9372731838192551,90.63466117880307,0.04490491910837591,90.67956609791145
UNSW_2018_IoT_Botnet_Final_10_Best,6q_5k,QSVC,linear,3,L3,qiskit_heavy,0.05,6,20,17408,2,0.9886666666666667,0.9889175655476351,0.9386806937307621,84.97041304805316,1.5849618739448488,86.55537492199801
UNSW_2018_IoT_Botnet_Final_10_Best,6q_5k,QSVC,linear,3,L3,qiskit_heavy,0.05,6,21,18432,0,0.9873333333333333,0.9875421274030226,0.9297940651153169,88.96203984110616,0.6117195440456271,89.57375938515179
UNSW_2018_IoT_Botnet_Final_10_Best,6q_5k,QSVC,linear,3,L3,qiskit_heavy,0.05,6,22,19456,1,0.9813333333333333,0.9817724649278264,0.898498558333752,89.7263136447873,0.05168717005290091,89.7780008148402
UNSW_2018_IoT_Botnet_Final_10_Best,6q_5k,QSVC,linear,3,L3,qiskit_heavy,0.05,6,23,20480,2,0.978,0.9788938902190298,0.8877637191463161,82.02374025783502,1.4990528339985758,83.52279309183359
UNSW_2018_IoT_Botnet_Final_10_Best,6q_5k,QSVC,linear,3,L3,qiskit_heavy,0.05,6,24,21504,0,0.9866666666666667,0.9869432098765433,0.927190509746526,88.18016974697821,0.9865341819822788,89.16670392896049
UNSW_2018_IoT_Botnet_Final_10_Best,6q_5k,QSVC,linear,3,L3,qiskit_heavy,0.05,6,25,22528,1,0.9886666666666667,0.9887873944137582,0.9360315822787255,78.4520314768888,1.7527975619304925,80.2048290388193
UNSW_2018_IoT_Botnet_Final_10_Best,6q_5k,QSVC,linear,3,L3,qiskit_heavy,0.05,6,26,23552,2,0.984,0.9844634845772013,0.9151270686762584,90.49044526810758,0.044662279076874256,90.53510754718445
UNSW_2018_IoT_Botnet_Final_10_Best,6q_5k,QSVC,linear,3,L3,qiskit_heavy,0.05,6,27,24576,0,0.97,0.9715813084112149,0.8527173691438289,89.82003319892101,0.04250461608171463,89.86253781500272
UNSW_2018_IoT_Botnet_Final_10_Best,6q_5k,QSVC,linear,3,L3,qiskit_heavy,0.05,6,28,25600,1,0.9806666666666667,0.9812007015622941,0.8963597162606785,78.06222727103159,1.6003618519753218,79.66258912300691
UNSW_2018_IoT_Botnet_Final_10_Best,6q_5k,QSVC,linear,3,L3,qiskit_heavy,0.05,6,29,26624,2,0.9873333333333333,0.9875421274030226,0.9297940651153169,87.61803983291611,1.0431908289901912,88.6612306619063
UNSW_2018_IoT_Botnet_Final_10_Best,6q_5k,QVE,linear,0,L0,baseline_unoptimized,0.0,6,0,42,0,0.9946666666666667,0.9946995122365017,0.9695754135797602,239.48308701091446,5.322449948871508,244.80553695978597
UNSW_2018_IoT_Botnet_Final_10_Best,6q_5k,QVE,linear,0,L0,baseline_unoptimized,0.0,6,1,123,1,0.9926666666666667,0.992766331443132,0.9591986337991384,255.42112672002986,3.9258099033031613,259.346936623333
UNSW_2018_IoT_Botnet_Final_10_Best,6q_5k,QVE,linear,0,L0,baseline_unoptimized,0.0,6,2,456,2,0.9953333333333333,0.995340603358116,0.9730368435381365,254.03573836688884,4.6616867741104215,258.69742514099926
UNSW_2018_IoT_Botnet_Final_10_Best,6q_5k,QVE,linear,0,L0,baseline_unoptimized,0.0,6,3,789,0,0.9946666666666667,0.9946995122365017,0.9695754135797602,257.35687687504105,4.795435088919476,262.1523119639605
UNSW_2018_IoT_Botnet_Final_10_Best,6q_5k,QVE,linear,0,L0,baseline_unoptimized,0.0,6,4,1024,1,0.9913333333333333,0.991451118978247,0.9516760579317576,241.67359683429822,5.200047374004498,246.87364420830272
UNSW_2018_IoT_Botnet_Final_10_Best,6q_5k,QVE,linear,0,L0,baseline_unoptimized,0.0,6,5,2048,2,0.9886666666666667,0.9887873944137582,0.9360315822787255,259.0186911399942,4.443836995167658,263.46252813516185
UNSW_2018_IoT_Botnet_Final_10_Best,6q_5k,QVE,linear,0,L0,baseline_unoptimized,0.0,6,6,3072,0,0.9973333333333333,0.9973333333333333,0.9845401466624754,250.03054836811498,3.4779388539027423,253.50848722201772
UNSW_2018_IoT_Botnet_Final_10_Best,6q_5k,QVE,linear,0,L0,baseline_unoptimized,0.0,6,7,4096,1,0.9953333333333333,0.9953691183391495,0.9735381261938272,256.8878544231411,2.002938959049061,258.89079338219017
UNSW_2018_IoT_Botnet_Final_10_Best,6q_5k,QVE,linear,0,L0,baseline_unoptimized,0.0,6,8,5120,2,0.9953333333333333,0.9953111747219987,0.9727556027114813,257.058599304175,0.6995151729788631,257.75811447715387
UNSW_2018_IoT_Botnet_Final_10_Best,6q_5k,QVE,linear,0,L0,baseline_unoptimized,0.0,6,9,6144,0,0.9906666666666667,0.9907522173435044,0.9471327483613751,242.295575696975,5.433438120875508,247.7290138178505
UNSW_2018_IoT_Botnet_Final_10_Best,6q_5k,QVE,linear,0,L0,baseline_unoptimized,0.0,6,10,7168,1,0.9913333333333333,0.9915008826575236,0.9528300165982294,258.7340861959383,4.406469525070861,263.14055572100915
UNSW_2018_IoT_Botnet_Final_10_Best,6q_5k,QVE,linear,0,L0,baseline_unoptimized,0.0,6,11,8192,2,0.9906666666666667,0.9908602469135802,0.9494372681609102,259.48086323123425,3.9395334587898105,263.42039669002406
UNSW_2018_IoT_Botnet_Final_10_Best,6q_5k,QVE,linear,0,L0,baseline_unoptimized,0.0,6,12,9216,0,0.9953333333333333,0.995340603358116,0.9730368435381365,246.46626372612081,5.63614364573732,252.10240737185813
UNSW_2018_IoT_Botnet_Final_10_Best,6q_5k,QVE,linear,0,L0,baseline_unoptimized,0.0,6,13,10240,1,0.9966666666666667,0.9966922273851068,0.9811503949509465,260.36453340016305,4.416188948089257,264.7807223482523
UNSW_2018_IoT_Botnet_Final_10_Best,6q_5k,QVE,linear,0,L0,baseline_unoptimized,0.0,6,14,11264,2,0.9893333333333333,0.9895545679012345,0.9420216820227821,257.9026515488513,5.567961389198899,263.4706129380502
UNSW_2018_IoT_Botnet_Final_10_Best,6q_5k,QVE,linear,0,L0,baseline_unoptimized,0.0,6,15,12288,0,0.9946666666666667,0.9947155527677168,0.9699012138896063,245.49928068416193,4.850507082184777,250.3497877663467
UNSW_2018_IoT_Botnet_Final_10_Best,6q_5k,QVE,linear,0,L0,baseline_unoptimized,0.0,6,16,13312,1,0.9966666666666667,0.9966718595415115,0.9807427232544484,261.1506097477395,4.1944961389526725,265.3451058866922
UNSW_2018_IoT_Botnet_Final_10_Best,6q_5k,QVE,linear,0,L0,baseline_unoptimized,0.0,6,17,14336,2,0.992,0.992,0.953620439987426,259.6957375651691,4.49058688711375,264.18632445228286
UNSW_2018_IoT_Botnet_Final_10_Best,6q_5k,QVE,linear,0,L0,baseline_unoptimized,0.0,6,18,15360,0,0.992,0.992120342235727,0.9556986076053618,260.1367254809011,0.8830875877756625,261.01981306867674
UNSW_2018_IoT_Botnet_Final_10_Best,6q_5k,QVE,linear,0,L0,baseline_unoptimized,0.0,6,19,16384,1,0.9973333333333333,0.9973497561182509,0.9848460011024754,250.23881309106946,4.407595154130831,254.6464082452003
UNSW_2018_IoT_Botnet_Final_10_Best,6q_5k,QVE,linear,0,L0,baseline_unoptimized,0.0,6,20,17408,2,0.9966666666666667,0.9966821233668463,0.9809195639112008,259.97199385403655,1.5166253568604589,261.488619210897
UNSW_2018_IoT_Botnet_Final_10_Best,6q_5k,QVE,linear,0,L0,baseline_unoptimized,0.0,6,21,18432,0,0.9953333333333333,0.9953830447586062,0.9738663269140823,242.67222824390046,5.348327812040225,248.0205560559407
UNSW_2018_IoT_Botnet_Final_10_Best,6q_5k,QVE,linear,0,L0,baseline_unoptimized,0.0,6,22,19456,1,0.9966666666666667,0.9966821233668463,0.9809195639112008,259.28823674912564,3.7863098550587893,263.07454660418443
UNSW_2018_IoT_Botnet_Final_10_Best,6q_5k,QVE,linear,0,L0,baseline_unoptimized,0.0,6,23,20480,2,0.996,0.9960366645757877,0.9774907023990167,260.0422436320223,3.9130830578505993,263.9553266898729
UNSW_2018_IoT_Botnet_Final_10_Best,6q_5k,QVE,linear,0,L0,baseline_unoptimized,0.0,6,24,21504,0,0.9953333333333333,0.9953691183391495,0.9735381261938272,258.33828992117196,3.716260311892256,262.0545502330642
UNSW_2018_IoT_Botnet_Final_10_Best,6q_5k,QVE,linear,0,L0,baseline_unoptimized,0.0,6,25,22528,1,0.9953333333333333,0.9953691183391495,0.9735381261938272,258.3869919870049,3.2472313640173525,261.63422335102223
UNSW_2018_IoT_Botnet_Final_10_Best,6q_5k,QVE,linear,0,L0,baseline_unoptimized,0.0,6,26,23552,2,0.9946666666666667,0.9947313453097425,0.9702766857756814,241.91579856397584,4.791302347788587,246.70710091176443
UNSW_2018_IoT_Botnet_Final_10_Best,6q_5k,QVE,linear,0,L0,baseline_unoptimized,0.0,6,27,24576,0,0.992,0.9920733291515753,0.9547222368707855,238.8787206748966,5.1109407159965485,243.98966139089316
UNSW_2018_IoT_Botnet_Final_10_Best,6q_5k,QVE,linear,0,L0,baseline_unoptimized,0.0,6,28,25600,1,0.9933333333333333,0.9933944409596461,0.9623117253801959,255.02514328388497,3.8730070758610964,258.89815035974607
UNSW_2018_IoT_Botnet_Final_10_Best,6q_5k,QVE,linear,0,L0,baseline_unoptimized,0.0,6,29,26624,2,0.9946666666666667,0.9947155527677168,0.9699012138896063,254.7243328196928,3.769457350950688,258.4937901706435
UNSW_2018_IoT_Botnet_Final_10_Best,6q_5k,QVE,linear,0,L0,baseline_unoptimized,0.0003,6,0,42,0,0.9946666666666667,0.9946995122365017,0.9695754135797602,125.85949605307542,1.6913909988943487,127.55088705196977
UNSW_2018_IoT_Botnet_Final_10_Best,6q_5k,QVE,linear,0,L0,baseline_unoptimized,0.0003,6,1,123,1,0.992,0.992120342235727,0.9556986076053618,114.76537738717161,2.7726883669383824,117.53806575411
UNSW_2018_IoT_Botnet_Final_10_Best,6q_5k,QVE,linear,0,L0,baseline_unoptimized,0.0003,6,2,456,2,0.9953333333333333,0.995340603358116,0.9730368435381365,126.53658794891089,0.6813224779907614,127.21791042690165
UNSW_2018_IoT_Botnet_Final_10_Best,6q_5k,QVE,linear,0,L0,baseline_unoptimized,0.0003,6,3,789,0,0.9946666666666667,0.9946995122365017,0.9695754135797602,126.42462222720496,1.3552826710511,127.77990489825606
UNSW_2018_IoT_Botnet_Final_10_Best,6q_5k,QVE,linear,0,L0,baseline_unoptimized,0.0003,6,4,1024,1,0.992,0.992120342235727,0.9556986076053618,104.87951651983894,2.8834615650121123,107.76297808485106
UNSW_2018_IoT_Botnet_Final_10_Best,6q_5k,QVE,linear,0,L0,baseline_unoptimized,0.0003,6,5,2048,2,0.99,0.9901065244827277,0.9435985312057968,127.01669047097676,1.2411068100482225,128.25779728102498
UNSW_2018_IoT_Botnet_Final_10_Best,6q_5k,QVE,linear,0,L0,baseline_unoptimized,0.0003,6,6,3072,0,0.9973333333333333,0.9973333333333333,0.9845401466624754,128.078140784055,1.5453577658627182,129.6234985499177
UNSW_2018_IoT_Botnet_Final_10_Best,6q_5k,QVE,linear,0,L0,baseline_unoptimized,0.0003,6,7,4096,1,0.9953333333333333,0.9953691183391495,0.9735381261938272,119.92485003592446,2.6302631010767072,122.55511313700117
UNSW_2018_IoT_Botnet_Final_10_Best,6q_5k,QVE,linear,0,L0,baseline_unoptimized,0.0003,6,8,5120,2,0.9953333333333333,0.9953111747219987,0.9727556027114813,127.8688935781829,1.2667389649432153,129.13563254312612
UNSW_2018_IoT_Botnet_Final_10_Best,6q_5k,QVE,linear,0,L0,baseline_unoptimized,0.0003,6,9,6144,0,0.9906666666666667,0.9907522173435044,0.9471327483613751,125.37140805111267,1.7701159538701177,127.14152400498278
UNSW_2018_IoT_Botnet_Final_10_Best,6q_5k,QVE,linear,0,L0,baseline_unoptimized,0.0003,6,10,7168,1,0.9906666666666667,0.9908602469135802,0.9494372681609102,128.52889327099547,1.4987529879435897,130.02764625893906
UNSW_2018_IoT_Botnet_Final_10_Best,6q_5k,QVE,linear,0,L0,baseline_unoptimized,0.0003,6,11,8192,2,0.9906666666666667,0.9908602469135802,0.9494372681609102,113.10800819424912,1.7070126889739186,114.81502088322304
UNSW_2018_IoT_Botnet_Final_10_Best,6q_5k,QVE,linear,0,L0,baseline_unoptimized,0.0003,6,12,9216,0,0.9953333333333333,0.995340603358116,0.9730368435381365,125.13404943514615,1.6419179069343954,126.77596734208055
UNSW_2018_IoT_Botnet_Final_10_Best,6q_5k,QVE,linear,0,L0,baseline_unoptimized,0.0003,6,13,10240,1,0.9966666666666667,0.9966922273851068,0.9811503949509465,110.52746912301518,2.845740559976548,113.37320968299173
UNSW_2018_IoT_Botnet_Final_10_Best,6q_5k,QVE,linear,0,L0,baseline_unoptimized,0.0003,6,14,11264,2,0.9893333333333333,0.9895545679012345,0.9420216820227821,124.77333918213844,1.6378471469506621,126.4111863290891
UNSW_2018_IoT_Botnet_Final_10_Best,6q_5k,QVE,linear,0,L0,baseline_unoptimized,0.0003,6,15,12288,0,0.9946666666666667,0.9947155527677168,0.9699012138896063,122.72288332600147,2.0771910699550062,124.80007439595647
UNSW_2018_IoT_Botnet_Final_10_Best,6q_5k,QVE,linear,0,L0,baseline_unoptimized,0.0003,6,16,13312,1,0.9966666666666667,0.9966718595415115,0.9807427232544484,127.80083667323925,0.8318685980048031,128.63270527124405
UNSW_2018_IoT_Botnet_Final_10_Best,6q_5k,QVE,linear,0,L0,baseline_unoptimized,0.0003,6,17,14336,2,0.9926666666666667,0.9926780909913253,0.9576250841055127,123.16283173765987,2.314851130824536,125.47768286848441
UNSW_2018_IoT_Botnet_Final_10_Best,6q_5k,QVE,linear,0,L0,baseline_unoptimized,0.0003,6,18,15360,0,0.992,0.992120342235727,0.9556986076053618,125.4470626548864,0.5163228411693126,125.96338549605571
UNSW_2018_IoT_Botnet_Final_10_Best,6q_5k,QVE,linear,0,L0,baseline_unoptimized,0.0003,6,19,16384,1,0.9966666666666667,0.9966922273851068,0.9811503949509465,119.95468041510321,2.589814160950482,122.5444945760537
UNSW_2018_IoT_Botnet_Final_10_Best,6q_5k,QVE,linear,0,L0,baseline_unoptimized,0.0003,6,20,17408,2,0.9966666666666667,0.9966821233668463,0.9809195639112008,120.82044883491471,1.7170178941451013,122.53746672905982
UNSW_2018_IoT_Botnet_Final_10_Best,6q_5k,QVE,linear,0,L0,baseline_unoptimized,0.0003,6,21,18432,0,0.9953333333333333,0.9953830447586062,0.9738663269140823,120.67504522390664,2.7404601878952235,123.41550541180186
UNSW_2018_IoT_Botnet_Final_10_Best,6q_5k,QVE,linear,0,L0,baseline_unoptimized,0.0003,6,22,19456,1,0.9966666666666667,0.9966821233668463,0.9809195639112008,125.45032477611676,2.2441454180516303,127.69447019416839
UNSW_2018_IoT_Botnet_Final_10_Best,6q_5k,QVE,linear,0,L0,baseline_unoptimized,0.0003,6,23,20480,2,0.996,0.9960366645757877,0.9774907023990167,127.5579570280388,1.5223005022853613,129.08025753032416
UNSW_2018_IoT_Botnet_Final_10_Best,6q_5k,QVE,linear,0,L0,baseline_unoptimized,0.0003,6,24,21504,0,0.9953333333333333,0.9953691183391495,0.9735381261938272,125.5696874242276,2.0434775250032544,127.61316494923085
UNSW_2018_IoT_Botnet_Final_10_Best,6q_5k,QVE,linear,0,L0,baseline_unoptimized,0.0003,6,25,22528,1,0.9946666666666667,0.9947155527677168,0.9699012138896063,116.51078780693933,1.803207078250125,118.31399488518946
UNSW_2018_IoT_Botnet_Final_10_Best,6q_5k,QVE,linear,0,L0,baseline_unoptimized,0.0003,6,26,23552,2,0.9933333333333333,0.9934336185297723,0.9631993422782028,126.8915952378884,0.9213012801483274,127.81289651803672
UNSW_2018_IoT_Botnet_Final_10_Best,6q_5k,QVE,linear,0,L0,baseline_unoptimized,0.0003,6,27,24576,0,0.9913333333333333,0.9914256545516973,0.9511654801328682,122.20911643607542,2.150537097128108,124.35965353320353
UNSW_2018_IoT_Botnet_Final_10_Best,6q_5k,QVE,linear,0,L0,baseline_unoptimized,0.0003,6,28,25600,1,0.9933333333333333,0.9933944409596461,0.9623117253801959,127.43047583382577,0.7893422732595354,128.2198181070853
UNSW_2018_IoT_Botnet_Final_10_Best,6q_5k,QVE,linear,0,L0,baseline_unoptimized,0.0003,6,29,26624,2,0.9946666666666667,0.9947155527677168,0.9699012138896063,118.64902756805532,2.0598364220932126,120.70886399014853
UNSW_2018_IoT_Botnet_Final_10_Best,6q_5k,QVE,linear,0,L0,baseline_unoptimized,0.0005,6,0,42,0,0.9946666666666667,0.9946995122365017,0.9695754135797602,122.0314951450564,2.152119084727019,124.18361422978342
UNSW_2018_IoT_Botnet_Final_10_Best,6q_5k,QVE,linear,0,L0,baseline_unoptimized,0.0005,6,1,123,1,0.992,0.992120342235727,0.9556986076053618,121.6315843788907,2.553546703187749,124.18513108207844
UNSW_2018_IoT_Botnet_Final_10_Best,6q_5k,QVE,linear,0,L0,baseline_unoptimized,0.0005,6,2,456,2,0.9953333333333333,0.995340603358116,0.9730368435381365,126.10853582597338,1.1832395968958735,127.29177542286925
UNSW_2018_IoT_Botnet_Final_10_Best,6q_5k,QVE,linear,0,L0,baseline_unoptimized,0.0005,6,3,789,0,0.9946666666666667,0.9946995122365017,0.9695754135797602,123.14374219393358,2.053634159034118,125.1973763529677
UNSW_2018_IoT_Botnet_Final_10_Best,6q_5k,QVE,linear,0,L0,baseline_unoptimized,0.0005,6,4,1024,1,0.992,0.992120342235727,0.9556986076053618,118.52397625194862,2.423923057038337,120.94789930898696
UNSW_2018_IoT_Botnet_Final_10_Best,6q_5k,QVE,linear,0,L0,baseline_unoptimized,0.0005,6,5,2048,2,0.99,0.9901065244827277,0.9435985312057968,125.69107100204565,1.4960962431505322,127.18716724519618
UNSW_2018_IoT_Botnet_Final_10_Best,6q_5k,QVE,linear,0,L0,baseline_unoptimized,0.0005,6,6,3072,0,0.9973333333333333,0.9973333333333333,0.9845401466624754,123.41481534414925,2.5031403943430632,125.91795573849231
UNSW_2018_IoT_Botnet_Final_10_Best,6q_5k,QVE,linear,0,L0,baseline_unoptimized,0.0005,6,7,4096,1,0.9953333333333333,0.9953691183391495,0.9735381261938272,126.89054541103542,1.0258924211375415,127.91643783217296
UNSW_2018_IoT_Botnet_Final_10_Best,6q_5k,QVE,linear,0,L0,baseline_unoptimized,0.0005,6,8,5120,2,0.9953333333333333,0.9953111747219987,0.9727556027114813,127.06280750804581,0.9821257449220866,128.0449332529679
UNSW_2018_IoT_Botnet_Final_10_Best,6q_5k,QVE,linear,0,L0,baseline_unoptimized,0.0005,6,9,6144,0,0.9906666666666667,0.9907522173435044,0.9471327483613751,123.28105960018001,1.6054624451790005,124.88652204535902
UNSW_2018_IoT_Botnet_Final_10_Best,6q_5k,QVE,linear,0,L0,baseline_unoptimized,0.0005,6,10,7168,1,0.9906666666666667,0.9908602469135802,0.9494372681609102,119.8212015288882,2.719824570696801,122.541026099585
UNSW_2018_IoT_Botnet_Final_10_Best,6q_5k,QVE,linear,0,L0,baseline_unoptimized,0.0005,6,11,8192,2,0.9906666666666667,0.9908602469135802,0.9494372681609102,127.42459103302099,0.558358650887385,127.98294968390837
UNSW_2018_IoT_Botnet_Final_10_Best,6q_5k,QVE,linear,0,L0,baseline_unoptimized,0.0005,6,12,9216,0,0.9953333333333333,0.995340603358116,0.9730368435381365,126.6754771550186,1.3427569521591067,128.0182341071777
UNSW_2018_IoT_Botnet_Final_10_Best,6q_5k,QVE,linear,0,L0,baseline_unoptimized,0.0005,6,13,10240,1,0.9966666666666667,0.9966922273851068,0.9811503949509465,125.95954802306369,2.027846578042954,127.98739460110664
UNSW_2018_IoT_Botnet_Final_10_Best,6q_5k,QVE,linear,0,L0,baseline_unoptimized,0.0005,6,14,11264,2,0.9893333333333333,0.9895545679012345,0.9420216820227821,130.02186796814203,0.6275618888903409,130.64942985703237
UNSW_2018_IoT_Botnet_Final_10_Best,6q_5k,QVE,linear,0,L0,baseline_unoptimized,0.0005,6,15,12288,0,0.9946666666666667,0.9947155527677168,0.9699012138896063,127.27746112388559,1.3875657059252262,128.6650268298108
UNSW_2018_IoT_Botnet_Final_10_Best,6q_5k,QVE,linear,0,L0,baseline_unoptimized,0.0005,6,16,13312,1,0.9966666666666667,0.9966718595415115,0.9807427232544484,126.72811857401393,1.9542105437722057,128.68232911778614
UNSW_2018_IoT_Botnet_Final_10_Best,6q_5k,QVE,linear,0,L0,baseline_unoptimized,0.0005,6,17,14336,2,0.9926666666666667,0.9926780909913253,0.9576250841055127,127.67522535193712,1.6357195840682834,129.3109449360054
UNSW_2018_IoT_Botnet_Final_10_Best,6q_5k,QVE,linear,0,L0,baseline_unoptimized,0.0005,6,18,15360,0,0.992,0.992120342235727,0.9556986076053618,126.85946190403774,0.5164760609623045,127.37593796500005
UNSW_2018_IoT_Botnet_Final_10_Best,6q_5k,QVE,linear,0,L0,baseline_unoptimized,0.0005,6,19,16384,1,0.9966666666666667,0.9966922273851068,0.9811503949509465,124.88790258695371,1.6247120029293,126.51261458988301
UNSW_2018_IoT_Botnet_Final_10_Best,6q_5k,QVE,linear,0,L0,baseline_unoptimized,0.0005,6,20,17408,2,0.9966666666666667,0.9966821233668463,0.9809195639112008,123.6306860500481,1.959056467982009,125.5897425180301
UNSW_2018_IoT_Botnet_Final_10_Best,6q_5k,QVE,linear,0,L0,baseline_unoptimized,0.0005,6,21,18432,0,0.9953333333333333,0.9953830447586062,0.9738663269140823,127.46701501915231,1.1605277638882399,128.62754278304055
UNSW_2018_IoT_Botnet_Final_10_Best,6q_5k,QVE,linear,0,L0,baseline_unoptimized,0.0005,6,22,19456,1,0.9966666666666667,0.9966821233668463,0.9809195639112008,110.21481628995389,2.066819791914895,112.28163608186878
UNSW_2018_IoT_Botnet_Final_10_Best,6q_5k,QVE,linear,0,L0,baseline_unoptimized,0.0005,6,23,20480,2,0.996,0.9960366645757877,0.9774907023990167,127.35856663086452,1.1622204170562327,128.52078704792075
UNSW_2018_IoT_Botnet_Final_10_Best,6q_5k,QVE,linear,0,L0,baseline_unoptimized,0.0005,6,24,21504,0,0.9953333333333333,0.9953691183391495,0.9735381261938272,128.67684373399243,1.3209096200298518,129.99775335402228
UNSW_2018_IoT_Botnet_Final_10_Best,6q_5k,QVE,linear,0,L0,baseline_unoptimized,0.0005,6,25,22528,1,0.9946666666666667,0.9947155527677168,0.9699012138896063,127.27718990575522,2.2717048001941293,129.54889470594935
UNSW_2018_IoT_Botnet_Final_10_Best,6q_5k,QVE,linear,0,L0,baseline_unoptimized,0.0005,6,26,23552,2,0.9933333333333333,0.9934336185297723,0.9631993422782028,119.77759952400811,1.8978318849112839,121.6754314089194
UNSW_2018_IoT_Botnet_Final_10_Best,6q_5k,QVE,linear,0,L0,baseline_unoptimized,0.0005,6,27,24576,0,0.9913333333333333,0.9914256545516973,0.9511654801328682,126.53670320403762,2.7552936349529773,129.2919968389906
UNSW_2018_IoT_Botnet_Final_10_Best,6q_5k,QVE,linear,0,L0,baseline_unoptimized,0.0005,6,28,25600,1,0.9933333333333333,0.9933944409596461,0.9623117253801959,129.3029393227771,0.8053888401482254,130.10832816292532
UNSW_2018_IoT_Botnet_Final_10_Best,6q_5k,QVE,linear,0,L0,baseline_unoptimized,0.0005,6,29,26624,2,0.9946666666666667,0.9947155527677168,0.9699012138896063,127.28665522695519,1.364551718113944,128.65120694506913
UNSW_2018_IoT_Botnet_Final_10_Best,6q_5k,QVE,linear,0,L0,baseline_unoptimized,0.001,6,0,42,0,0.9946666666666667,0.9946995122365017,0.9695754135797602,124.56656157178804,1.0648755058646202,125.63143707765266
UNSW_2018_IoT_Botnet_Final_10_Best,6q_5k,QVE,linear,0,L0,baseline_unoptimized,0.001,6,1,123,1,0.992,0.992120342235727,0.9556986076053618,124.42847510287538,2.068050248082727,126.49652535095811
UNSW_2018_IoT_Botnet_Final_10_Best,6q_5k,QVE,linear,0,L0,baseline_unoptimized,0.001,6,2,456,2,0.9953333333333333,0.995340603358116,0.9730368435381365,127.12121506594121,1.0352444481104612,128.15645951405168
UNSW_2018_IoT_Botnet_Final_10_Best,6q_5k,QVE,linear,0,L0,baseline_unoptimized,0.001,6,3,789,0,0.9946666666666667,0.9946995122365017,0.9695754135797602,126.1694159170147,1.3381039379164577,127.50751985493116
UNSW_2018_IoT_Botnet_Final_10_Best,6q_5k,QVE,linear,0,L0,baseline_unoptimized,0.001,6,4,1024,1,0.992,0.992120342235727,0.9556986076053618,120.68216816708446,1.388506141025573,122.07067430811003
UNSW_2018_IoT_Botnet_Final_10_Best,6q_5k,QVE,linear,0,L0,baseline_unoptimized,0.001,6,5,2048,2,0.99,0.9901065244827277,0.9435985312057968,124.76074461475946,1.5860500168055296,126.34679463156499
UNSW_2018_IoT_Botnet_Final_10_Best,6q_5k,QVE,linear,0,L0,baseline_unoptimized,0.001,6,6,3072,0,0.9973333333333333,0.9973333333333333,0.9845401466624754,127.92681971704587,1.0531217898242176,128.9799415068701
UNSW_2018_IoT_Botnet_Final_10_Best,6q_5k,QVE,linear,0,L0,baseline_unoptimized,0.001,6,7,4096,1,0.9953333333333333,0.9953691183391495,0.9735381261938272,121.40073254308663,2.223590641049668,123.6243231841363
UNSW_2018_IoT_Botnet_Final_10_Best,6q_5k,QVE,linear,0,L0,baseline_unoptimized,0.001,6,8,5120,2,0.9953333333333333,0.9953111747219987,0.9727556027114813,122.50977150490507,1.599862040951848,124.10963354585692
UNSW_2018_IoT_Botnet_Final_10_Best,6q_5k,QVE,linear,0,L0,baseline_unoptimized,0.001,6,9,6144,0,0.9906666666666667,0.9907522173435044,0.9471327483613751,128.84189766505733,0.7094219629652798,129.5513196280226
UNSW_2018_IoT_Botnet_Final_10_Best,6q_5k,QVE,linear,0,L0,baseline_unoptimized,0.001,6,10,7168,1,0.9906666666666667,0.9908602469135802,0.9494372681609102,125.21909497003071,1.6735089500434697,126.89260392007418
UNSW_2018_IoT_Botnet_Final_10_Best,6q_5k,QVE,linear,0,L0,baseline_unoptimized,0.001,6,11,8192,2,0.9906666666666667,0.9908602469135802,0.9494372681609102,125.55821813829243,2.000691832974553,127.55890997126698
UNSW_2018_IoT_Botnet_Final_10_Best,6q_5k,QVE,linear,0,L0,baseline_unoptimized,0.001,6,12,9216,0,0.9953333333333333,0.995340603358116,0.9730368435381365,128.1208703520242,1.0348679469898343,129.15573829901405
UNSW_2018_IoT_Botnet_Final_10_Best,6q_5k,QVE,linear,0,L0,baseline_unoptimized,0.001,6,13,10240,1,0.9966666666666667,0.9966922273851068,0.9811503949509465,124.71385383210145,2.2443712861277163,126.95822511822917
UNSW_2018_IoT_Botnet_Final_10_Best,6q_5k,QVE,linear,0,L0,baseline_unoptimized,0.001,6,14,11264,2,0.9893333333333333,0.9895545679012345,0.9420216820227821,126.81000518985093,1.6946389500517398,128.50464413990267
UNSW_2018_IoT_Botnet_Final_10_Best,6q_5k,QVE,linear,0,L0,baseline_unoptimized,0.001,6,15,12288,0,0.9946666666666667,0.9947155527677168,0.9699012138896063,125.78698862809688,1.7910956959240139,127.57808432402089
UNSW_2018_IoT_Botnet_Final_10_Best,6q_5k,QVE,linear,0,L0,baseline_unoptimized,0.001,6,16,13312,1,0.9966666666666667,0.9966718595415115,0.9807427232544484,125.92826281278394,1.5825178823433816,127.51078069512732
UNSW_2018_IoT_Botnet_Final_10_Best,6q_5k,QVE,linear,0,L0,baseline_unoptimized,0.001,6,17,14336,2,0.9926666666666667,0.9926780909913253,0.9576250841055127,128.0406899091322,0.7154729289468378,128.75616283807904
UNSW_2018_IoT_Botnet_Final_10_Best,6q_5k,QVE,linear,0,L0,baseline_unoptimized,0.001,6,18,15360,0,0.992,0.992120342235727,0.9556986076053618,127.83418406988494,1.3220610378775746,129.15624510776252
UNSW_2018_IoT_Botnet_Final_10_Best,6q_5k,QVE,linear,0,L0,baseline_unoptimized,0.001,6,19,16384,1,0.9966666666666667,0.9966922273851068,0.9811503949509465,122.89106895704754,2.4598691342398524,125.35093809128739
UNSW_2018_IoT_Botnet_Final_10_Best,6q_5k,QVE,linear,0,L0,baseline_unoptimized,0.001,6,20,17408,2,0.9966666666666667,0.9966821233668463,0.9809195639112008,127.98721121996641,1.196943392045796,129.1841546120122
UNSW_2018_IoT_Botnet_Final_10_Best,6q_5k,QVE,linear,0,L0,baseline_unoptimized,0.001,6,21,18432,0,0.9953333333333333,0.9953830447586062,0.9738663269140823,129.03760439995676,2.011345381848514,131.04894978180528
UNSW_2018_IoT_Botnet_Final_10_Best,6q_5k,QVE,linear,0,L0,baseline_unoptimized,0.001,6,22,19456,1,0.9966666666666667,0.9966821233668463,0.9809195639112008,129.88817202695645,1.258883522124961,131.14705554908141
UNSW_2018_IoT_Botnet_Final_10_Best,6q_5k,QVE,linear,0,L0,baseline_unoptimized,0.001,6,23,20480,2,0.996,0.9960366645757877,0.9774907023990167,129.64253737404943,0.8353556580841541,130.47789303213358
UNSW_2018_IoT_Botnet_Final_10_Best,6q_5k,QVE,linear,0,L0,baseline_unoptimized,0.001,6,24,21504,0,0.9953333333333333,0.9953691183391495,0.9735381261938272,123.74525803211145,1.1827845799271017,124.92804261203855
UNSW_2018_IoT_Botnet_Final_10_Best,6q_5k,QVE,linear,0,L0,baseline_unoptimized,0.001,6,25,22528,1,0.9946666666666667,0.9947155527677168,0.9699012138896063,126.36112883500755,1.6246926318854094,127.98582146689296
UNSW_2018_IoT_Botnet_Final_10_Best,6q_5k,QVE,linear,0,L0,baseline_unoptimized,0.001,6,26,23552,2,0.9933333333333333,0.9934336185297723,0.9631993422782028,128.77880111988634,1.0768772601149976,129.85567838000134
UNSW_2018_IoT_Botnet_Final_10_Best,6q_5k,QVE,linear,0,L0,baseline_unoptimized,0.001,6,27,24576,0,0.9913333333333333,0.9914256545516973,0.9511654801328682,127.03256500093266,1.3833678620867431,128.4159328630194
UNSW_2018_IoT_Botnet_Final_10_Best,6q_5k,QVE,linear,0,L0,baseline_unoptimized,0.001,6,28,25600,1,0.9933333333333333,0.9933944409596461,0.9623117253801959,126.11186036700383,1.528696350986138,127.64055671798997
UNSW_2018_IoT_Botnet_Final_10_Best,6q_5k,QVE,linear,0,L0,baseline_unoptimized,0.001,6,29,26624,2,0.9946666666666667,0.9947155527677168,0.9699012138896063,128.0353306250181,1.0790566052310169,129.11438723024912
UNSW_2018_IoT_Botnet_Final_10_Best,6q_5k,QVE,linear,0,L0,baseline_unoptimized,0.002,6,0,42,0,0.9946666666666667,0.9946995122365017,0.9695754135797602,129.92985621187836,0.8606610279530287,130.7905172398314
UNSW_2018_IoT_Botnet_Final_10_Best,6q_5k,QVE,linear,0,L0,baseline_unoptimized,0.002,6,1,123,1,0.992,0.992120342235727,0.9556986076053618,121.89181967708282,3.004144662991166,124.89596434007399
UNSW_2018_IoT_Botnet_Final_10_Best,6q_5k,QVE,linear,0,L0,baseline_unoptimized,0.002,6,2,456,2,0.9953333333333333,0.995340603358116,0.9730368435381365,129.8356648220215,1.2081953960005194,131.04386021802202
UNSW_2018_IoT_Botnet_Final_10_Best,6q_5k,QVE,linear,0,L0,baseline_unoptimized,0.002,6,3,789,0,0.9946666666666667,0.9946995122365017,0.9695754135797602,131.77257797005586,0.45665606996044517,132.2292340400163
UNSW_2018_IoT_Botnet_Final_10_Best,6q_5k,QVE,linear,0,L0,baseline_unoptimized,0.002,6,4,1024,1,0.992,0.992120342235727,0.9556986076053618,131.09514170186594,1.2529162680730224,132.34805796993896
UNSW_2018_IoT_Botnet_Final_10_Best,6q_5k,QVE,linear,0,L0,baseline_unoptimized,0.002,6,5,2048,2,0.99,0.9901065244827277,0.9435985312057968,127.42446731682867,2.3906537839211524,129.81512110074982
UNSW_2018_IoT_Botnet_Final_10_Best,6q_5k,QVE,linear,0,L0,baseline_unoptimized,0.002,6,6,3072,0,0.9973333333333333,0.9973333333333333,0.9845401466624754,123.36064397590235,1.6748902529943734,125.03553422889672
UNSW_2018_IoT_Botnet_Final_10_Best,6q_5k,QVE,linear,0,L0,baseline_unoptimized,0.002,6,7,4096,1,0.9953333333333333,0.9953691183391495,0.9735381261938272,126.54135200101882,1.4669071868993342,128.00825918791816
UNSW_2018_IoT_Botnet_Final_10_Best,6q_5k,QVE,linear,0,L0,baseline_unoptimized,0.002,6,8,5120,2,0.9953333333333333,0.9953111747219987,0.9727556027114813,127.73196563706733,1.0782807178329676,128.8102463549003
UNSW_2018_IoT_Botnet_Final_10_Best,6q_5k,QVE,linear,0,L0,baseline_unoptimized,0.002,6,9,6144,0,0.9913333333333333,0.9914256545516973,0.9511654801328682,128.7553008417599,1.2449584670830518,130.00025930884294
UNSW_2018_IoT_Botnet_Final_10_Best,6q_5k,QVE,linear,0,L0,baseline_unoptimized,0.002,6,10,7168,1,0.9906666666666667,0.9908602469135802,0.9494372681609102,124.33868059469387,2.328479453921318,126.66716004861519
UNSW_2018_IoT_Botnet_Final_10_Best,6q_5k,QVE,linear,0,L0,baseline_unoptimized,0.002,6,11,8192,2,0.9906666666666667,0.9908602469135802,0.9494372681609102,119.75613216892816,2.137104333145544,121.8932365020737
UNSW_2018_IoT_Botnet_Final_10_Best,6q_5k,QVE,linear,0,L0,baseline_unoptimized,0.002,6,12,9216,0,0.9953333333333333,0.995340603358116,0.9730368435381365,127.6417918279767,0.9540638769976795,128.59585570497438
UNSW_2018_IoT_Botnet_Final_10_Best,6q_5k,QVE,linear,0,L0,baseline_unoptimized,0.002,6,13,10240,1,0.9966666666666667,0.9966922273851068,0.9811503949509465,120.92628067196347,0.8311877087689936,121.75746838073246
UNSW_2018_IoT_Botnet_Final_10_Best,6q_5k,QVE,linear,0,L0,baseline_unoptimized,0.002,6,14,11264,2,0.9893333333333333,0.9895545679012345,0.9420216820227821,127.41843301104382,1.3739666359033436,128.79239964694716
UNSW_2018_IoT_Botnet_Final_10_Best,6q_5k,QVE,linear,0,L0,baseline_unoptimized,0.002,6,15,12288,0,0.9946666666666667,0.9947155527677168,0.9699012138896063,122.52362629608251,2.320771384984255,124.84439768106677
UNSW_2018_IoT_Botnet_Final_10_Best,6q_5k,QVE,linear,0,L0,baseline_unoptimized,0.002,6,16,13312,1,0.9966666666666667,0.9966718595415115,0.9807427232544484,128.00753706297837,0.8872860390692949,128.89482310204767
UNSW_2018_IoT_Botnet_Final_10_Best,6q_5k,QVE,linear,0,L0,baseline_unoptimized,0.002,6,17,14336,2,0.9926666666666667,0.9926780909913253,0.9576250841055127,127.76803758298047,1.5175913518760353,129.2856289348565
UNSW_2018_IoT_Botnet_Final_10_Best,6q_5k,QVE,linear,0,L0,baseline_unoptimized,0.002,6,18,15360,0,0.992,0.992120342235727,0.9556986076053618,126.52133910078555,1.2982333591207862,127.81957245990634
UNSW_2018_IoT_Botnet_Final_10_Best,6q_5k,QVE,linear,0,L0,baseline_unoptimized,0.002,6,19,16384,1,0.9966666666666667,0.9966922273851068,0.9811503949509465,124.31773717212491,1.7175726951099932,126.0353098672349
UNSW_2018_IoT_Botnet_Final_10_Best,6q_5k,QVE,linear,0,L0,baseline_unoptimized,0.002,6,20,17408,2,0.9966666666666667,0.9966821233668463,0.9809195639112008,120.29577681515366,3.0952305500395596,123.39100736519322
UNSW_2018_IoT_Botnet_Final_10_Best,6q_5k,QVE,linear,0,L0,baseline_unoptimized,0.002,6,21,18432,0,0.9953333333333333,0.9953830447586062,0.9738663269140823,117.9443832389079,1.7205469838809222,119.66493022278883
UNSW_2018_IoT_Botnet_Final_10_Best,6q_5k,QVE,linear,0,L0,baseline_unoptimized,0.002,6,22,19456,1,0.9966666666666667,0.9966821233668463,0.9809195639112008,124.19220028514974,1.778404091252014,125.97060437640175
UNSW_2018_IoT_Botnet_Final_10_Best,6q_5k,QVE,linear,0,L0,baseline_unoptimized,0.002,6,23,20480,2,0.996,0.9960366645757877,0.9774907023990167,125.9791921149008,1.4909059749916196,127.47009808989242
UNSW_2018_IoT_Botnet_Final_10_Best,6q_5k,QVE,linear,0,L0,baseline_unoptimized,0.002,6,24,21504,0,0.9953333333333333,0.9953691183391495,0.9735381261938272,120.76837221882306,1.9505158439278603,122.71888806275092
UNSW_2018_IoT_Botnet_Final_10_Best,6q_5k,QVE,linear,0,L0,baseline_unoptimized,0.002,6,25,22528,1,0.9946666666666667,0.9947155527677168,0.9699012138896063,127.89138549403287,1.147303996142,129.03868949017487
UNSW_2018_IoT_Botnet_Final_10_Best,6q_5k,QVE,linear,0,L0,baseline_unoptimized,0.002,6,26,23552,2,0.9926666666666667,0.9927875474438553,0.9597105399310694,126.88022060017101,1.3251551890280098,128.20537578919902
UNSW_2018_IoT_Botnet_Final_10_Best,6q_5k,QVE,linear,0,L0,baseline_unoptimized,0.002,6,27,24576,0,0.9913333333333333,0.9914256545516973,0.9511654801328682,126.00495273293927,2.7927245679311454,128.79767730087042
UNSW_2018_IoT_Botnet_Final_10_Best,6q_5k,QVE,linear,0,L0,baseline_unoptimized,0.002,6,28,25600,1,0.9933333333333333,0.9933944409596461,0.9623117253801959,129.0777425498236,0.6459821502212435,129.72372470004484
UNSW_2018_IoT_Botnet_Final_10_Best,6q_5k,QVE,linear,0,L0,baseline_unoptimized,0.002,6,29,26624,2,0.9946666666666667,0.9947155527677168,0.9699012138896063,126.97215704410337,1.8553958900738508,128.82755293417722
UNSW_2018_IoT_Botnet_Final_10_Best,6q_5k,QVE,linear,0,L0,baseline_unoptimized,0.005,6,0,42,0,0.994,0.9940460092931921,0.9659258574367079,119.51103673293255,2.0740003848914057,121.58503711782396
UNSW_2018_IoT_Botnet_Final_10_Best,6q_5k,QVE,linear,0,L0,baseline_unoptimized,0.005,6,1,123,1,0.992,0.992120342235727,0.9556986076053618,125.75299677881412,1.8156075598672032,127.56860433868133
UNSW_2018_IoT_Botnet_Final_10_Best,6q_5k,QVE,linear,0,L0,baseline_unoptimized,0.005,6,2,456,2,0.9953333333333333,0.995340603358116,0.9730368435381365,122.06074706697837,1.8685354779008776,123.92928254487924
UNSW_2018_IoT_Botnet_Final_10_Best,6q_5k,QVE,linear,0,L0,baseline_unoptimized,0.005,6,3,789,0,0.9946666666666667,0.9946995122365017,0.9695754135797602,128.27173285000026,0.6108333368320018,128.88256618683226
UNSW_2018_IoT_Botnet_Final_10_Best,6q_5k,QVE,linear,0,L0,baseline_unoptimized,0.005,6,4,1024,1,0.992,0.992120342235727,0.9556986076053618,128.45879249204881,0.7424493490252644,129.20124184107408
UNSW_2018_IoT_Botnet_Final_10_Best,6q_5k,QVE,linear,0,L0,baseline_unoptimized,0.005,6,5,2048,2,0.9893333333333333,0.989462690619485,0.9400981017188349,128.27540808101185,0.2966195873450488,128.5720276683569
UNSW_2018_IoT_Botnet_Final_10_Best,6q_5k,QVE,linear,0,L0,baseline_unoptimized,0.005,6,6,3072,0,0.9973333333333333,0.9973333333333333,0.9845401466624754,128.26704914518632,0.8752349221613258,129.14228406734765
UNSW_2018_IoT_Botnet_Final_10_Best,6q_5k,QVE,linear,0,L0,baseline_unoptimized,0.005,6,7,4096,1,0.9953333333333333,0.9953691183391495,0.9735381261938272,121.30256697512232,2.5903729691635817,123.8929399442859
UNSW_2018_IoT_Botnet_Final_10_Best,6q_5k,QVE,linear,0,L0,baseline_unoptimized,0.005,6,8,5120,2,0.9953333333333333,0.9953111747219987,0.9727556027114813,127.64640036597848,1.8477419747505337,129.494142340729
UNSW_2018_IoT_Botnet_Final_10_Best,6q_5k,QVE,linear,0,L0,baseline_unoptimized,0.005,6,9,6144,0,0.9913333333333333,0.9914256545516973,0.9511654801328682,126.20278148120269,0.2879055649973452,126.49068704620004
UNSW_2018_IoT_Botnet_Final_10_Best,6q_5k,QVE,linear,0,L0,baseline_unoptimized,0.005,6,10,7168,1,0.99,0.9902213813655606,0.9460755291907589,127.26691611204296,1.0760371561627835,128.34295326820575
UNSW_2018_IoT_Botnet_Final_10_Best,6q_5k,QVE,linear,0,L0,baseline_unoptimized,0.005,6,11,8192,2,0.9906666666666667,0.9908602469135802,0.9494372681609102,128.55348650785163,0.3346932560671121,128.88817976391874
UNSW_2018_IoT_Botnet_Final_10_Best,6q_5k,QVE,linear,0,L0,baseline_unoptimized,0.005,6,12,9216,0,0.9953333333333333,0.995340603358116,0.9730368435381365,128.1165969138965,1.6620267319958657,129.77862364589237
UNSW_2018_IoT_Botnet_Final_10_Best,6q_5k,QVE,linear,0,L0,baseline_unoptimized,0.005,6,13,10240,1,0.9966666666666667,0.9966922273851068,0.9811503949509465,128.7453427859582,1.1335170101374388,129.87885979609564
UNSW_2018_IoT_Botnet_Final_10_Best,6q_5k,QVE,linear,0,L0,baseline_unoptimized,0.005,6,14,11264,2,0.9893333333333333,0.9895545679012345,0.9420216820227821,122.50095852091908,3.055476318113506,125.55643483903259
UNSW_2018_IoT_Botnet_Final_10_Best,6q_5k,QVE,linear,0,L0,baseline_unoptimized,0.005,6,15,12288,0,0.994,0.9940639146896366,0.9662993779870109,118.55213714321144,2.310969197191298,120.86310634040274
UNSW_2018_IoT_Botnet_Final_10_Best,6q_5k,QVE,linear,0,L0,baseline_unoptimized,0.005,6,16,13312,1,0.9966666666666667,0.9966718595415115,0.9807427232544484,127.31464911904186,1.21470066299662,128.52934978203848
UNSW_2018_IoT_Botnet_Final_10_Best,6q_5k,QVE,linear,0,L0,baseline_unoptimized,0.005,6,17,14336,2,0.9926666666666667,0.9926780909913253,0.9576250841055127,122.34382637101226,1.6424312538001686,123.98625762481242
UNSW_2018_IoT_Botnet_Final_10_Best,6q_5k,QVE,linear,0,L0,baseline_unoptimized,0.005,6,18,15360,0,0.992,0.992120342235727,0.9556986076053618,126.49611623561941,1.1576431079301983,127.65375934354961
UNSW_2018_IoT_Botnet_Final_10_Best,6q_5k,QVE,linear,0,L0,baseline_unoptimized,0.005,6,19,16384,1,0.9966666666666667,0.9966922273851068,0.9811503949509465,122.38264203700237,2.0741707161068916,124.45681275310926
UNSW_2018_IoT_Botnet_Final_10_Best,6q_5k,QVE,linear,0,L0,baseline_unoptimized,0.005,6,20,17408,2,0.9966666666666667,0.9966821233668463,0.9809195639112008,124.10683821700513,1.9281496920157224,126.03498790902086
UNSW_2018_IoT_Botnet_Final_10_Best,6q_5k,QVE,linear,0,L0,baseline_unoptimized,0.005,6,21,18432,0,0.9953333333333333,0.9953830447586062,0.9738663269140823,110.46182877919637,1.7605233788490295,112.2223521580454
UNSW_2018_IoT_Botnet_Final_10_Best,6q_5k,QVE,linear,0,L0,baseline_unoptimized,0.005,6,22,19456,1,0.9966666666666667,0.9966821233668463,0.9809195639112008,127.44661595486104,0.5730381440371275,128.01965409889817
UNSW_2018_IoT_Botnet_Final_10_Best,6q_5k,QVE,linear,0,L0,baseline_unoptimized,0.005,6,23,20480,2,0.996,0.9960366645757877,0.9774907023990167,127.40149167040363,1.1476560810115188,128.54914775141515
UNSW_2018_IoT_Botnet_Final_10_Best,6q_5k,QVE,linear,0,L0,baseline_unoptimized,0.005,6,24,21504,0,0.9953333333333333,0.9953691183391495,0.9735381261938272,123.54518009512685,2.0321123867761344,125.57729248190299
UNSW_2018_IoT_Botnet_Final_10_Best,6q_5k,QVE,linear,0,L0,baseline_unoptimized,0.005,6,25,22528,1,0.9946666666666667,0.9947155527677168,0.9699012138896063,124.9721323850099,2.4699482400901616,127.44208062510006
UNSW_2018_IoT_Botnet_Final_10_Best,6q_5k,QVE,linear,0,L0,baseline_unoptimized,0.005,6,26,23552,2,0.9926666666666667,0.9927875474438553,0.9597105399310694,127.23958120285533,1.702143686125055,128.9417248889804
UNSW_2018_IoT_Botnet_Final_10_Best,6q_5k,QVE,linear,0,L0,baseline_unoptimized,0.005,6,27,24576,0,0.9913333333333333,0.9914256545516973,0.9511654801328682,127.12961288588122,1.1498630449641496,128.27947593084536
UNSW_2018_IoT_Botnet_Final_10_Best,6q_5k,QVE,linear,0,L0,baseline_unoptimized,0.005,6,28,25600,1,0.994,0.9940460092931921,0.9659258574367079,124.6836025880184,2.007652622181922,126.69125521020032
UNSW_2018_IoT_Botnet_Final_10_Best,6q_5k,QVE,linear,0,L0,baseline_unoptimized,0.005,6,29,26624,2,0.9946666666666667,0.9947155527677168,0.9699012138896063,124.9992820979096,2.35895057907328,127.35823267698288
UNSW_2018_IoT_Botnet_Final_10_Best,6q_5k,QVE,linear,0,L0,baseline_unoptimized,0.008,6,0,42,0,0.9933333333333333,0.9933944409596461,0.9623117253801959,129.04505474097095,0.36470715305767953,129.40976189402863
UNSW_2018_IoT_Botnet_Final_10_Best,6q_5k,QVE,linear,0,L0,baseline_unoptimized,0.008,6,1,123,1,0.992,0.992120342235727,0.9556986076053618,127.92302769818343,1.3108695638366044,129.23389726202004
UNSW_2018_IoT_Botnet_Final_10_Best,6q_5k,QVE,linear,0,L0,baseline_unoptimized,0.008,6,2,456,2,0.9953333333333333,0.995340603358116,0.9730368435381365,119.07567262998782,2.3854597341269255,121.46113236411475
UNSW_2018_IoT_Botnet_Final_10_Best,6q_5k,QVE,linear,0,L0,baseline_unoptimized,0.008,6,3,789,0,0.9946666666666667,0.9946995122365017,0.9695754135797602,126.71864194376394,1.0429243249818683,127.76156626874581
UNSW_2018_IoT_Botnet_Final_10_Best,6q_5k,QVE,linear,0,L0,baseline_unoptimized,0.008,6,4,1024,1,0.9926666666666667,0.9927875474438553,0.9597105399310694,121.04643125389703,1.4378064488992095,122.48423770279624
UNSW_2018_IoT_Botnet_Final_10_Best,6q_5k,QVE,linear,0,L0,baseline_unoptimized,0.008,6,5,2048,2,0.9893333333333333,0.989462690619485,0.9400981017188349,120.10571657703258,2.481926237931475,122.58764281496406
UNSW_2018_IoT_Botnet_Final_10_Best,6q_5k,QVE,linear,0,L0,baseline_unoptimized,0.008,6,6,3072,0,0.9973333333333333,0.9973333333333333,0.9845401466624754,125.98957054899074,1.4635203469078988,127.45309089589864
UNSW_2018_IoT_Botnet_Final_10_Best,6q_5k,QVE,linear,0,L0,baseline_unoptimized,0.008,6,7,4096,1,0.9953333333333333,0.9953691183391495,0.9735381261938272,125.1419444931671,2.195291854906827,127.33723634807393
UNSW_2018_IoT_Botnet_Final_10_Best,6q_5k,QVE,linear,0,L0,baseline_unoptimized,0.008,6,8,5120,2,0.9953333333333333,0.9953111747219987,0.9727556027114813,126.1791850591544,1.8137767422012985,127.9929618013557
UNSW_2018_IoT_Botnet_Final_10_Best,6q_5k,QVE,linear,0,L0,baseline_unoptimized,0.008,6,9,6144,0,0.9913333333333333,0.9914256545516973,0.9511654801328682,125.14766815397888,1.8289068010635674,126.97657495504245
UNSW_2018_IoT_Botnet_Final_10_Best,6q_5k,QVE,linear,0,L0,baseline_unoptimized,0.008,6,10,7168,1,0.9886666666666667,0.9889488797600561,0.9394431471230669,127.580482063815,1.0982013868633658,128.67868345067836
UNSW_2018_IoT_Botnet_Final_10_Best,6q_5k,QVE,linear,0,L0,baseline_unoptimized,0.008,6,11,8192,2,0.9906666666666667,0.9908602469135802,0.9494372681609102,126.71959165390581,1.733560937922448,128.45315259182826
UNSW_2018_IoT_Botnet_Final_10_Best,6q_5k,QVE,linear,0,L0,baseline_unoptimized,0.008,6,12,9216,0,0.9953333333333333,0.9953549727135846,0.9732609961997113,126.59680442488752,0.6709090650547296,127.26771348994225
UNSW_2018_IoT_Botnet_Final_10_Best,6q_5k,QVE,linear,0,L0,baseline_unoptimized,0.008,6,13,10240,1,0.9966666666666667,0.9966922273851068,0.9811503949509465,121.9766620460432,2.508660185150802,124.485322231194
UNSW_2018_IoT_Botnet_Final_10_Best,6q_5k,QVE,linear,0,L0,baseline_unoptimized,0.008,6,14,11264,2,0.9893333333333333,0.9895545679012345,0.9420216820227821,124.71789068775252,1.3926102467812598,126.11050093453377
UNSW_2018_IoT_Botnet_Final_10_Best,6q_5k,QVE,linear,0,L0,baseline_unoptimized,0.008,6,15,12288,0,0.994,0.9940639146896366,0.9662993779870109,128.32444344903342,1.6731624740641564,129.99760592309758
UNSW_2018_IoT_Botnet_Final_10_Best,6q_5k,QVE,linear,0,L0,baseline_unoptimized,0.008,6,16,13312,1,0.9966666666666667,0.9966718595415115,0.9807427232544484,128.76039317599498,0.5475686688441783,129.30796184483916
UNSW_2018_IoT_Botnet_Final_10_Best,6q_5k,QVE,linear,0,L0,baseline_unoptimized,0.008,6,17,14336,2,0.9926666666666667,0.9926780909913253,0.9576250841055127,122.82111220271327,2.658314536092803,125.47942673880607
UNSW_2018_IoT_Botnet_Final_10_Best,6q_5k,QVE,linear,0,L0,baseline_unoptimized,0.008,6,18,15360,0,0.992,0.992120342235727,0.9556986076053618,128.0684015371371,0.9736595910508186,129.04206112818792
UNSW_2018_IoT_Botnet_Final_10_Best,6q_5k,QVE,linear,0,L0,baseline_unoptimized,0.008,6,19,16384,1,0.9966666666666667,0.9966922273851068,0.9811503949509465,125.80084065091796,1.4486231501214206,127.24946380103938
UNSW_2018_IoT_Botnet_Final_10_Best,6q_5k,QVE,linear,0,L0,baseline_unoptimized,0.008,6,20,17408,2,0.9966666666666667,0.9966821233668463,0.9809195639112008,118.69950120523572,2.8880972508341074,121.58759845606983
UNSW_2018_IoT_Botnet_Final_10_Best,6q_5k,QVE,linear,0,L0,baseline_unoptimized,0.008,6,21,18432,0,0.9953333333333333,0.9953830447586062,0.9738663269140823,127.80524014215916,0.7564601020421833,128.56170024420135
UNSW_2018_IoT_Botnet_Final_10_Best,6q_5k,QVE,linear,0,L0,baseline_unoptimized,0.008,6,22,19456,1,0.996,0.9960246341773764,0.9772107073411178,123.72447137208655,1.5284504669252783,125.25292183901183
UNSW_2018_IoT_Botnet_Final_10_Best,6q_5k,QVE,linear,0,L0,baseline_unoptimized,0.008,6,23,20480,2,0.996,0.9960366645757877,0.9774907023990167,123.71544150379486,2.2968281658831984,126.01226966967806
UNSW_2018_IoT_Botnet_Final_10_Best,6q_5k,QVE,linear,0,L0,baseline_unoptimized,0.008,6,24,21504,0,0.9953333333333333,0.9953691183391495,0.9735381261938272,126.6241265910212,1.6881454358808696,128.31227202690206
UNSW_2018_IoT_Botnet_Final_10_Best,6q_5k,QVE,linear,0,L0,baseline_unoptimized,0.008,6,25,22528,1,0.9946666666666667,0.9947155527677168,0.9699012138896063,121.67865824792534,2.3547967423219234,124.03345499024726
UNSW_2018_IoT_Botnet_Final_10_Best,6q_5k,QVE,linear,0,L0,baseline_unoptimized,0.008,6,26,23552,2,0.9913333333333333,0.9915008826575236,0.9528300165982294,127.11002522916533,0.7241747041698545,127.83419993333519
UNSW_2018_IoT_Botnet_Final_10_Best,6q_5k,QVE,linear,0,L0,baseline_unoptimized,0.008,6,27,24576,0,0.9913333333333333,0.9914256545516973,0.9511654801328682,127.12695126491599,1.332804682198912,128.4597559471149
UNSW_2018_IoT_Botnet_Final_10_Best,6q_5k,QVE,linear,0,L0,baseline_unoptimized,0.008,6,28,25600,1,0.9933333333333333,0.9933944409596461,0.9623117253801959,123.00547162606381,2.2416033460758626,125.24707497213967
UNSW_2018_IoT_Botnet_Final_10_Best,6q_5k,QVE,linear,0,L0,baseline_unoptimized,0.008,6,29,26624,2,0.9946666666666667,0.9947155527677168,0.9699012138896063,122.75719771091826,1.7139491462148726,124.47114685713314
UNSW_2018_IoT_Botnet_Final_10_Best,6q_5k,QVE,linear,0,L0,baseline_unoptimized,0.01,6,0,42,0,0.9933333333333333,0.9933944409596461,0.9623117253801959,128.13452467904426,1.3898332458920777,129.52435792493634
UNSW_2018_IoT_Botnet_Final_10_Best,6q_5k,QVE,linear,0,L0,baseline_unoptimized,0.01,6,1,123,1,0.9906666666666667,0.9908338607411529,0.9487965468889443,128.5781613108702,0.7493526660837233,129.32751397695392
UNSW_2018_IoT_Botnet_Final_10_Best,6q_5k,QVE,linear,0,L0,baseline_unoptimized,0.01,6,2,456,2,0.9953333333333333,0.995340603358116,0.9730368435381365,128.54178353282623,1.5556032080203295,130.09738674084656
UNSW_2018_IoT_Botnet_Final_10_Best,6q_5k,QVE,linear,0,L0,baseline_unoptimized,0.01,6,3,789,0,0.9946666666666667,0.9946995122365017,0.9695754135797602,124.34089759807102,1.9897724050097167,126.33067000308074
UNSW_2018_IoT_Botnet_Final_10_Best,6q_5k,QVE,linear,0,L0,baseline_unoptimized,0.01,6,4,1024,1,0.9926666666666667,0.9927875474438553,0.9597105399310694,125.41600668500178,2.559681467944756,127.97568815294653
UNSW_2018_IoT_Botnet_Final_10_Best,6q_5k,QVE,linear,0,L0,baseline_unoptimized,0.01,6,5,2048,2,0.9893333333333333,0.989462690619485,0.9400981017188349,127.02323053800501,1.4208558171521872,128.4440863551572
UNSW_2018_IoT_Botnet_Final_10_Best,6q_5k,QVE,linear,0,L0,baseline_unoptimized,0.01,6,6,3072,0,0.9973333333333333,0.9973333333333333,0.9845401466624754,128.812519159168,0.6328780511394143,129.44539721030742
UNSW_2018_IoT_Botnet_Final_10_Best,6q_5k,QVE,linear,0,L0,baseline_unoptimized,0.01,6,7,4096,1,0.9953333333333333,0.9953691183391495,0.9735381261938272,128.74520351202227,1.3207770390436053,130.06598055106588
UNSW_2018_IoT_Botnet_Final_10_Best,6q_5k,QVE,linear,0,L0,baseline_unoptimized,0.01,6,8,5120,2,0.9953333333333333,0.9953111747219987,0.9727556027114813,128.13463268917985,1.575955007923767,129.71058769710362
UNSW_2018_IoT_Botnet_Final_10_Best,6q_5k,QVE,linear,0,L0,baseline_unoptimized,0.01,6,9,6144,0,0.9913333333333333,0.9914256545516973,0.9511654801328682,128.3690104088746,1.0331068690866232,129.40211727796122
UNSW_2018_IoT_Botnet_Final_10_Best,6q_5k,QVE,linear,0,L0,baseline_unoptimized,0.01,6,10,7168,1,0.9886666666666667,0.9889488797600561,0.9394431471230669,128.15626080194488,1.1479700859636068,129.3042308879085
UNSW_2018_IoT_Botnet_Final_10_Best,6q_5k,QVE,linear,0,L0,baseline_unoptimized,0.01,6,11,8192,2,0.9906666666666667,0.9908602469135802,0.9494372681609102,125.42497213906609,2.274557210272178,127.69952934933826
UNSW_2018_IoT_Botnet_Final_10_Best,6q_5k,QVE,linear,0,L0,baseline_unoptimized,0.01,6,12,9216,0,0.9953333333333333,0.9953549727135846,0.9732609961997113,125.1869932198897,2.1180377721320838,127.30503099202178
UNSW_2018_IoT_Botnet_Final_10_Best,6q_5k,QVE,linear,0,L0,baseline_unoptimized,0.01,6,13,10240,1,0.9973333333333333,0.9973497561182509,0.9848460011024754,127.58127200021408,1.1409080720040947,128.72218007221818
UNSW_2018_IoT_Botnet_Final_10_Best,6q_5k,QVE,linear,0,L0,baseline_unoptimized,0.01,6,14,11264,2,0.9893333333333333,0.9895545679012345,0.9420216820227821,116.49387672985904,2.2082562691066414,118.70213299896568
UNSW_2018_IoT_Botnet_Final_10_Best,6q_5k,QVE,linear,0,L0,baseline_unoptimized,0.01,6,15,12288,0,0.994,0.9940639146896366,0.9662993779870109,127.49020386696793,1.5921062580309808,129.0823101249989
UNSW_2018_IoT_Botnet_Final_10_Best,6q_5k,QVE,linear,0,L0,baseline_unoptimized,0.01,6,16,13312,1,0.9966666666666667,0.9966718595415115,0.9807427232544484,128.1785605798941,1.0801381370984018,129.2586987169925
UNSW_2018_IoT_Botnet_Final_10_Best,6q_5k,QVE,linear,0,L0,baseline_unoptimized,0.01,6,17,14336,2,0.9926666666666667,0.9926780909913253,0.9576250841055127,127.42141153523698,1.1597835859283805,128.58119512116536
UNSW_2018_IoT_Botnet_Final_10_Best,6q_5k,QVE,linear,0,L0,baseline_unoptimized,0.01,6,18,15360,0,0.992,0.992120342235727,0.9556986076053618,126.96309814718552,1.4468288589268923,128.4099270061124
UNSW_2018_IoT_Botnet_Final_10_Best,6q_5k,QVE,linear,0,L0,baseline_unoptimized,0.01,6,19,16384,1,0.9966666666666667,0.9966922273851068,0.9811503949509465,126.90734527097084,1.0741332741454244,127.98147854511626
UNSW_2018_IoT_Botnet_Final_10_Best,6q_5k,QVE,linear,0,L0,baseline_unoptimized,0.01,6,20,17408,2,0.9966666666666667,0.9966821233668463,0.9809195639112008,117.17945673083887,2.5416696339379996,119.72112636477686
UNSW_2018_IoT_Botnet_Final_10_Best,6q_5k,QVE,linear,0,L0,baseline_unoptimized,0.01,6,21,18432,0,0.9953333333333333,0.9953830447586062,0.9738663269140823,126.53391998214647,1.4380602380260825,127.97198022017255
UNSW_2018_IoT_Botnet_Final_10_Best,6q_5k,QVE,linear,0,L0,baseline_unoptimized,0.01,6,22,19456,1,0.996,0.9960246341773764,0.9772107073411178,115.14871110091917,1.8806619842071086,117.02937308512628
UNSW_2018_IoT_Botnet_Final_10_Best,6q_5k,QVE,linear,0,L0,baseline_unoptimized,0.01,6,23,20480,2,0.996,0.9960366645757877,0.9774907023990167,128.53011248912662,0.7863243862520903,129.3164368753787
UNSW_2018_IoT_Botnet_Final_10_Best,6q_5k,QVE,linear,0,L0,baseline_unoptimized,0.01,6,24,21504,0,0.9953333333333333,0.9953691183391495,0.9735381261938272,112.55686772591434,2.7680744668468833,115.32494219276123
UNSW_2018_IoT_Botnet_Final_10_Best,6q_5k,QVE,linear,0,L0,baseline_unoptimized,0.01,6,25,22528,1,0.9946666666666667,0.9947155527677168,0.9699012138896063,127.94914794503711,1.3314312789589167,129.28057922399603
UNSW_2018_IoT_Botnet_Final_10_Best,6q_5k,QVE,linear,0,L0,baseline_unoptimized,0.01,6,26,23552,2,0.9913333333333333,0.9915008826575236,0.9528300165982294,125.62824679794721,2.133922033943236,127.76216883189045
UNSW_2018_IoT_Botnet_Final_10_Best,6q_5k,QVE,linear,0,L0,baseline_unoptimized,0.01,6,27,24576,0,0.9913333333333333,0.9914256545516973,0.9511654801328682,122.9824553669896,1.0218151970766485,124.00427056406625
UNSW_2018_IoT_Botnet_Final_10_Best,6q_5k,QVE,linear,0,L0,baseline_unoptimized,0.01,6,28,25600,1,0.992,0.9920970179646138,0.9551873937472581,123.65236311568879,2.227392751025036,125.87975586671382
UNSW_2018_IoT_Botnet_Final_10_Best,6q_5k,QVE,linear,0,L0,baseline_unoptimized,0.01,6,29,26624,2,0.9946666666666667,0.9947155527677168,0.9699012138896063,126.8494604988955,1.1545924777165055,128.004052976612
UNSW_2018_IoT_Botnet_Final_10_Best,6q_5k,QVE,linear,0,L0,baseline_unoptimized,0.02,6,0,42,0,0.9933333333333333,0.9933944409596461,0.9623117253801959,119.6243751370348,2.774306823965162,122.39868196099997
UNSW_2018_IoT_Botnet_Final_10_Best,6q_5k,QVE,linear,0,L0,baseline_unoptimized,0.02,6,1,123,1,0.9893333333333333,0.9895545679012345,0.9420216820227821,128.09565993002616,0.5379361410159618,128.63359607104212
UNSW_2018_IoT_Botnet_Final_10_Best,6q_5k,QVE,linear,0,L0,baseline_unoptimized,0.02,6,2,456,2,0.996,0.9960124139626352,0.976983222161292,126.38544789818116,1.834218569099903,128.21966646728106
UNSW_2018_IoT_Botnet_Final_10_Best,6q_5k,QVE,linear,0,L0,baseline_unoptimized,0.02,6,3,789,0,0.9946666666666667,0.9946995122365017,0.9695754135797602,124.86118252482265,1.857448116876185,126.71863064169884
UNSW_2018_IoT_Botnet_Final_10_Best,6q_5k,QVE,linear,0,L0,baseline_unoptimized,0.02,6,4,1024,1,0.9906666666666667,0.9908602469135802,0.9494372681609102,126.4142162639182,1.3293668620754033,127.74358312599361
UNSW_2018_IoT_Botnet_Final_10_Best,6q_5k,QVE,linear,0,L0,baseline_unoptimized,0.02,6,5,2048,2,0.9886666666666667,0.9888206940484768,0.9366309061969962,120.08303961297497,2.110874864971265,122.19391447794624
UNSW_2018_IoT_Botnet_Final_10_Best,6q_5k,QVE,linear,0,L0,baseline_unoptimized,0.02,6,6,3072,0,0.9973333333333333,0.9973333333333333,0.9845401466624754,120.49028867087327,2.885651484131813,123.37594015500508
UNSW_2018_IoT_Botnet_Final_10_Best,6q_5k,QVE,linear,0,L0,baseline_unoptimized,0.02,6,7,4096,1,0.9946666666666667,0.9947155527677168,0.9699012138896063,126.7230409621261,1.2482372098602355,127.97127817198634
UNSW_2018_IoT_Botnet_Final_10_Best,6q_5k,QVE,linear,0,L0,baseline_unoptimized,0.02,6,8,5120,2,0.994,0.9939905786565862,0.9651134343402643,127.76225480809808,1.8304569360334426,129.59271174413152
UNSW_2018_IoT_Botnet_Final_10_Best,6q_5k,QVE,linear,0,L0,baseline_unoptimized,0.02,6,9,6144,0,0.9906666666666667,0.9907798542920494,0.9476427477330465,127.56575394095853,1.1132091071922332,128.67896304815076
UNSW_2018_IoT_Botnet_Final_10_Best,6q_5k,QVE,linear,0,L0,baseline_unoptimized,0.02,6,10,7168,1,0.9873333333333333,0.9876832182649512,0.9329291096914644,127.08804019214585,1.626879262039438,128.7149194541853
UNSW_2018_IoT_Botnet_Final_10_Best,6q_5k,QVE,linear,0,L0,baseline_unoptimized,0.02,6,11,8192,2,0.9886666666666667,0.9889488797600561,0.9394431471230669,124.25331502500921,1.3383014800492674,125.59161650505848
UNSW_2018_IoT_Botnet_Final_10_Best,6q_5k,QVE,linear,0,L0,baseline_unoptimized,0.02,6,12,9216,0,0.996,0.9960124139626352,0.976983222161292,128.61690632184036,1.2825889140367508,129.8994952358771
UNSW_2018_IoT_Botnet_Final_10_Best,6q_5k,QVE,linear,0,L0,baseline_unoptimized,0.02,6,13,10240,1,0.9966666666666667,0.9966922273851068,0.9811503949509465,126.67454772512428,1.9011227008886635,128.57567042601295
UNSW_2018_IoT_Botnet_Final_10_Best,6q_5k,QVE,linear,0,L0,baseline_unoptimized,0.02,6,14,11264,2,0.9893333333333333,0.9895545679012345,0.9420216820227821,121.96829638001509,2.885426865890622,124.85372324590571
UNSW_2018_IoT_Botnet_Final_10_Best,6q_5k,QVE,linear,0,L0,baseline_unoptimized,0.02,6,15,12288,0,0.9933333333333333,0.9934141816371781,0.9627320397614697,127.83195450273342,1.0446741310879588,128.87662863382138
UNSW_2018_IoT_Botnet_Final_10_Best,6q_5k,QVE,linear,0,L0,baseline_unoptimized,0.02,6,16,13312,1,0.996,0.9960124139626352,0.976983222161292,126.25165119604208,1.8157095659989864,128.06736076204106
UNSW_2018_IoT_Botnet_Final_10_Best,6q_5k,QVE,linear,0,L0,baseline_unoptimized,0.02,6,17,14336,2,0.992,0.9920248279252704,0.9539369374668993,123.042641984066,1.7772224938962609,124.81986447796226
UNSW_2018_IoT_Botnet_Final_10_Best,6q_5k,QVE,linear,0,L0,baseline_unoptimized,0.02,6,18,15360,0,0.992,0.992120342235727,0.9556986076053618,123.0872505500447,2.4229066011030227,125.51015715114772
UNSW_2018_IoT_Botnet_Final_10_Best,6q_5k,QVE,linear,0,L0,baseline_unoptimized,0.02,6,19,16384,1,0.996,0.9960366645757877,0.9774907023990167,128.84184427396394,0.7309444069396704,129.5727886809036
UNSW_2018_IoT_Botnet_Final_10_Best,6q_5k,QVE,linear,0,L0,baseline_unoptimized,0.02,6,20,17408,2,0.9926666666666667,0.992766331443132,0.9591986337991384,122.32187326601706,1.9493283838964999,124.27120164991356
UNSW_2018_IoT_Botnet_Final_10_Best,6q_5k,QVE,linear,0,L0,baseline_unoptimized,0.02,6,21,18432,0,0.9926666666666667,0.992766331443132,0.9591986337991384,125.21615281212144,1.7541009250562638,126.9702537371777
UNSW_2018_IoT_Botnet_Final_10_Best,6q_5k,QVE,linear,0,L0,baseline_unoptimized,0.02,6,22,19456,1,0.992,0.992120342235727,0.9556986076053618,125.27672136109322,1.6706564507912844,126.94737781188451
UNSW_2018_IoT_Botnet_Final_10_Best,6q_5k,QVE,linear,0,L0,baseline_unoptimized,0.02,6,23,20480,2,0.996,0.9960366645757877,0.9774907023990167,127.60881653497927,1.435578370001167,129.04439490498044
UNSW_2018_IoT_Botnet_Final_10_Best,6q_5k,QVE,linear,0,L0,baseline_unoptimized,0.02,6,24,21504,0,0.9933333333333333,0.9934141816371781,0.9627320397614697,126.49267495190725,1.1682143721263856,127.66088932403363
UNSW_2018_IoT_Botnet_Final_10_Best,6q_5k,QVE,linear,0,L0,baseline_unoptimized,0.02,6,25,22528,1,0.9933333333333333,0.9934141816371781,0.9627320397614697,117.34694613306783,2.332459782017395,119.67940591508523
UNSW_2018_IoT_Botnet_Final_10_Best,6q_5k,QVE,linear,0,L0,baseline_unoptimized,0.02,6,26,23552,2,0.9913333333333333,0.9915008826575236,0.9528300165982294,126.69290848309174,1.028820930281654,127.7217294133734
UNSW_2018_IoT_Botnet_Final_10_Best,6q_5k,QVE,linear,0,L0,baseline_unoptimized,0.02,6,27,24576,0,0.9893333333333333,0.9894937896476357,0.9406971382596799,122.27528587495908,1.3806631008628756,123.65594897582196
UNSW_2018_IoT_Botnet_Final_10_Best,6q_5k,QVE,linear,0,L0,baseline_unoptimized,0.02,6,28,25600,1,0.9913333333333333,0.991451118978247,0.9516760579317576,127.05438509094529,1.3466399780008942,128.40102506894618
UNSW_2018_IoT_Botnet_Final_10_Best,6q_5k,QVE,linear,0,L0,baseline_unoptimized,0.02,6,29,26624,2,0.9933333333333333,0.9934141816371781,0.9627320397614697,117.96555322315544,2.5628817691467702,120.52843499230221
UNSW_2018_IoT_Botnet_Final_10_Best,6q_5k,QVE,linear,0,L0,baseline_unoptimized,0.05,6,0,42,0,0.9893333333333333,0.9895545679012345,0.9420216820227821,121.8849744303152,3.4427983588539064,125.3277727891691
UNSW_2018_IoT_Botnet_Final_10_Best,6q_5k,QVE,linear,0,L0,baseline_unoptimized,0.05,6,1,123,1,0.986,0.9863867149244199,0.9256152310053072,125.52571480581537,2.2179988799616694,127.74371368577704
UNSW_2018_IoT_Botnet_Final_10_Best,6q_5k,QVE,linear,0,L0,baseline_unoptimized,0.05,6,2,456,2,0.992,0.9920970179646138,0.9551873937472581,127.3262446213048,0.6782859161030501,128.00453053740785
UNSW_2018_IoT_Botnet_Final_10_Best,6q_5k,QVE,linear,0,L0,baseline_unoptimized,0.05,6,3,789,0,0.9866666666666667,0.9870168931230153,0.928837746638773,124.68363165529445,2.0424036690965295,126.72603532439098
UNSW_2018_IoT_Botnet_Final_10_Best,6q_5k,QVE,linear,0,L0,baseline_unoptimized,0.05,6,4,1024,1,0.9886666666666667,0.9889488797600561,0.9394431471230669,119.87542491499335,2.8954286391381174,122.77085355413146
UNSW_2018_IoT_Botnet_Final_10_Best,6q_5k,QVE,linear,0,L0,baseline_unoptimized,0.05,6,5,2048,2,0.9853333333333333,0.9856375308641976,0.9197749236083979,127.02463720692322,1.0678548449650407,128.09249205188826
UNSW_2018_IoT_Botnet_Final_10_Best,6q_5k,QVE,linear,0,L0,baseline_unoptimized,0.05,6,6,3072,0,0.9893333333333333,0.9895244122756032,0.941338822570379,126.9918028539978,1.346995514119044,128.33879836811684
UNSW_2018_IoT_Botnet_Final_10_Best,6q_5k,QVE,linear,0,L0,baseline_unoptimized,0.05,6,7,4096,1,0.9893333333333333,0.9895545679012345,0.9420216820227821,124.13501508184709,1.7420391060877591,125.87705418793485
UNSW_2018_IoT_Botnet_Final_10_Best,6q_5k,QVE,linear,0,L0,baseline_unoptimized,0.05,6,8,5120,2,0.9853333333333333,0.9856375308641976,0.9197749236083979,113.34131333581172,2.9652173561044037,116.30653069191612
UNSW_2018_IoT_Botnet_Final_10_Best,6q_5k,QVE,linear,0,L0,baseline_unoptimized,0.05,6,9,6144,0,0.9886666666666667,0.9888857696290692,0.9379569206847955,123.82352855894715,2.2843208969570696,126.10784945590422
UNSW_2018_IoT_Botnet_Final_10_Best,6q_5k,QVE,linear,0,L0,baseline_unoptimized,0.05,6,10,7168,1,0.9833333333333333,0.983793708243357,0.9109874736329928,112.52898826007731,2.890940200071782,115.4199284601491
UNSW_2018_IoT_Botnet_Final_10_Best,6q_5k,QVE,linear,0,L0,baseline_unoptimized,0.05,6,11,8192,2,0.986,0.9864242413979541,0.9265298167372109,127.33500448591076,1.2023564733099192,128.53736095922068
UNSW_2018_IoT_Botnet_Final_10_Best,6q_5k,QVE,linear,0,L0,baseline_unoptimized,0.05,6,12,9216,0,0.986,0.9863486161741869,0.9247352385468786,126.36166424700059,1.0061585861258209,127.36782283312641
UNSW_2018_IoT_Botnet_Final_10_Best,6q_5k,QVE,linear,0,L0,baseline_unoptimized,0.05,6,13,10240,1,0.9873333333333333,0.9876832182649512,0.9329291096914644,120.68940463592298,1.9712969069369137,122.6607015428599
UNSW_2018_IoT_Botnet_Final_10_Best,6q_5k,QVE,linear,0,L0,baseline_unoptimized,0.05,6,14,11264,2,0.9833333333333333,0.9838823887367577,0.9130057732855846,110.01250149006955,2.57643931475468,112.58894080482423
UNSW_2018_IoT_Botnet_Final_10_Best,6q_5k,QVE,linear,0,L0,baseline_unoptimized,0.05,6,15,12288,0,0.988,0.988248888888889,0.934606095884654,128.26033602282405,1.0910312549676746,129.35136727779172
UNSW_2018_IoT_Botnet_Final_10_Best,6q_5k,QVE,linear,0,L0,baseline_unoptimized,0.05,6,16,13312,1,0.9873333333333333,0.9875054815835919,0.9291083303296155,124.930503730895,1.6530662388540804,126.58356996974908
UNSW_2018_IoT_Botnet_Final_10_Best,6q_5k,QVE,linear,0,L0,baseline_unoptimized,0.05,6,17,14336,2,0.99,0.990164837423439,0.9447523025231931,120.8993737869896,2.101525135105476,123.00089892209508
UNSW_2018_IoT_Botnet_Final_10_Best,6q_5k,QVE,linear,0,L0,baseline_unoptimized,0.05,6,18,15360,0,0.9866666666666667,0.9870168931230153,0.928837746638773,126.87948127882555,0.6216799879912287,127.50116126681678
UNSW_2018_IoT_Botnet_Final_10_Best,6q_5k,QVE,linear,0,L0,baseline_unoptimized,0.05,6,19,16384,1,0.9893333333333333,0.9895545679012345,0.9420216820227821,126.72185224690475,1.1248820822220296,127.84673432912678
UNSW_2018_IoT_Botnet_Final_10_Best,6q_5k,QVE,linear,0,L0,baseline_unoptimized,0.05,6,20,17408,2,0.9906666666666667,0.9908338607411529,0.9487965468889443,107.68824783805758,2.738899400224909,110.42714723828249
UNSW_2018_IoT_Botnet_Final_10_Best,6q_5k,QVE,linear,0,L0,baseline_unoptimized,0.05,6,21,18432,0,0.99,0.9901933261432965,0.9453934686415124,121.20593086234294,2.6360936101991683,123.8420244725421
UNSW_2018_IoT_Botnet_Final_10_Best,6q_5k,QVE,linear,0,L0,baseline_unoptimized,0.05,6,22,19456,1,0.9846666666666667,0.9849631000863879,0.9156472768146446,119.23681121598929,1.3940348329488188,120.63084604893811
UNSW_2018_IoT_Botnet_Final_10_Best,6q_5k,QVE,linear,0,L0,baseline_unoptimized,0.05,6,23,20480,2,0.9893333333333333,0.9895842656730438,0.9427443139024599,126.8268354840111,1.250978133175522,128.07781361718662
UNSW_2018_IoT_Botnet_Final_10_Best,6q_5k,QVE,linear,0,L0,baseline_unoptimized,0.05,6,24,21504,0,0.9933333333333333,0.9934336185297723,0.9631993422782028,119.85446662106551,2.6483086317311972,122.50277525279671
UNSW_2018_IoT_Botnet_Final_10_Best,6q_5k,QVE,linear,0,L0,baseline_unoptimized,0.05,6,25,22528,1,0.9913333333333333,0.9914256545516973,0.9511654801328682,127.87001432315446,0.8516574606765062,128.72167178383097
UNSW_2018_IoT_Botnet_Final_10_Best,6q_5k,QVE,linear,0,L0,baseline_unoptimized,0.05,6,26,23552,2,0.9866666666666667,0.9870529038143345,0.9297153391356787,127.91332768206485,0.9681568201631308,128.88148450222798
UNSW_2018_IoT_Botnet_Final_10_Best,6q_5k,QVE,linear,0,L0,baseline_unoptimized,0.05,6,27,24576,0,0.9893333333333333,0.9895244122756032,0.941338822570379,127.73748442018405,1.1751976511441171,128.91268207132816
UNSW_2018_IoT_Botnet_Final_10_Best,6q_5k,QVE,linear,0,L0,baseline_unoptimized,0.05,6,28,25600,1,0.986,0.9863486161741869,0.9247352385468786,123.84141874196939,2.00318769691512,125.84460643888451
UNSW_2018_IoT_Botnet_Final_10_Best,6q_5k,QVE,linear,0,L0,baseline_unoptimized,0.05,6,29,26624,2,0.988,0.988248888888889,0.934606095884654,120.92794739990495,3.0473373678978533,123.9752847678028
UNSW_2018_IoT_Botnet_Final_10_Best,6q_5k,QVE,linear,3,L3,qiskit_heavy,0.0,6,0,42,0,0.9946666666666667,0.9946995122365017,0.9695754135797602,244.9510059019085,5.273502255789936,250.22450815769844
UNSW_2018_IoT_Botnet_Final_10_Best,6q_5k,QVE,linear,3,L3,qiskit_heavy,0.0,6,1,123,1,0.9926666666666667,0.992766331443132,0.9591986337991384,260.78405901091173,4.6453579280059785,265.4294169389177
UNSW_2018_IoT_Botnet_Final_10_Best,6q_5k,QVE,linear,3,L3,qiskit_heavy,0.0,6,2,456,2,0.9953333333333333,0.995340603358116,0.9730368435381365,261.9674080249388,4.338626277865842,266.3060343028046
UNSW_2018_IoT_Botnet_Final_10_Best,6q_5k,QVE,linear,3,L3,qiskit_heavy,0.0,6,3,789,0,0.9946666666666667,0.9946995122365017,0.9695754135797602,245.316614727024,5.262722837971523,250.5793375649955
UNSW_2018_IoT_Botnet_Final_10_Best,6q_5k,QVE,linear,3,L3,qiskit_heavy,0.0,6,4,1024,1,0.9913333333333333,0.991451118978247,0.9516760579317576,261.26386214676313,3.9925099301617593,265.2563720769249
UNSW_2018_IoT_Botnet_Final_10_Best,6q_5k,QVE,linear,3,L3,qiskit_heavy,0.0,6,5,2048,2,0.9886666666666667,0.9887873944137582,0.9360315822787255,259.88363213208504,4.245373648125678,264.1290057802107
UNSW_2018_IoT_Botnet_Final_10_Best,6q_5k,QVE,linear,3,L3,qiskit_heavy,0.0,6,6,3072,0,0.9973333333333333,0.9973333333333333,0.9845401466624754,257.9710361431353,0.6127878269180655,258.58382397005334
UNSW_2018_IoT_Botnet_Final_10_Best,6q_5k,QVE,linear,3,L3,qiskit_heavy,0.0,6,7,4096,1,0.9953333333333333,0.9953691183391495,0.9735381261938272,258.1770796200726,0.40606914227828383,258.5831487623509
UNSW_2018_IoT_Botnet_Final_10_Best,6q_5k,QVE,linear,3,L3,qiskit_heavy,0.0,6,8,5120,2,0.9953333333333333,0.9953111747219987,0.9727556027114813,247.8787495070137,3.457438833778724,251.33618834079243
UNSW_2018_IoT_Botnet_Final_10_Best,6q_5k,QVE,linear,3,L3,qiskit_heavy,0.0,6,9,6144,0,0.9906666666666667,0.9907522173435044,0.9471327483613751,244.39561888785101,4.9561321020592,249.35175098991022
UNSW_2018_IoT_Botnet_Final_10_Best,6q_5k,QVE,linear,3,L3,qiskit_heavy,0.0,6,10,7168,1,0.9913333333333333,0.9915008826575236,0.9528300165982294,259.8294064172078,5.261833217926323,265.0912396351341
UNSW_2018_IoT_Botnet_Final_10_Best,6q_5k,QVE,linear,3,L3,qiskit_heavy,0.0,6,11,8192,2,0.9906666666666667,0.9908602469135802,0.9494372681609102,260.5070398701355,4.045061590848491,264.552101460984
UNSW_2018_IoT_Botnet_Final_10_Best,6q_5k,QVE,linear,3,L3,qiskit_heavy,0.0,6,12,9216,0,0.9953333333333333,0.995340603358116,0.9730368435381365,240.90403754357249,4.640456102788448,245.54449364636093
UNSW_2018_IoT_Botnet_Final_10_Best,6q_5k,QVE,linear,3,L3,qiskit_heavy,0.0,6,13,10240,1,0.9966666666666667,0.9966922273851068,0.9811503949509465,256.40276372409426,3.9796932719182223,260.3824569960125
UNSW_2018_IoT_Botnet_Final_10_Best,6q_5k,QVE,linear,3,L3,qiskit_heavy,0.0,6,14,11264,2,0.9893333333333333,0.9895545679012345,0.9420216820227821,257.4698752129916,3.9377785800024867,261.4076537929941
UNSW_2018_IoT_Botnet_Final_10_Best,6q_5k,QVE,linear,3,L3,qiskit_heavy,0.0,6,15,12288,0,0.9946666666666667,0.9947155527677168,0.9699012138896063,258.23581768083386,3.7961741550825536,262.0319918359164
UNSW_2018_IoT_Botnet_Final_10_Best,6q_5k,QVE,linear,3,L3,qiskit_heavy,0.0,6,16,13312,1,0.9966666666666667,0.9966718595415115,0.9807427232544484,239.3441386979539,4.490992869017646,243.83513156697154
UNSW_2018_IoT_Botnet_Final_10_Best,6q_5k,QVE,linear,3,L3,qiskit_heavy,0.0,6,17,14336,2,0.992,0.992,0.953620439987426,258.5428599368315,3.52884435094893,262.07170428778045
UNSW_2018_IoT_Botnet_Final_10_Best,6q_5k,QVE,linear,3,L3,qiskit_heavy,0.0,6,18,15360,0,0.992,0.992120342235727,0.9556986076053618,261.29946912196465,0.589378017000854,261.8888471389655
UNSW_2018_IoT_Botnet_Final_10_Best,6q_5k,QVE,linear,3,L3,qiskit_heavy,0.0,6,19,16384,1,0.9973333333333333,0.9973497561182509,0.9848460011024754,260.81137075903825,0.2790595320984721,261.0904302911367
UNSW_2018_IoT_Botnet_Final_10_Best,6q_5k,QVE,linear,3,L3,qiskit_heavy,0.0,6,20,17408,2,0.9966666666666667,0.9966821233668463,0.9809195639112008,251.55460542324,3.493965241825208,255.0485706650652
UNSW_2018_IoT_Botnet_Final_10_Best,6q_5k,QVE,linear,3,L3,qiskit_heavy,0.0,6,21,18432,0,0.9953333333333333,0.9953830447586062,0.9738663269140823,250.60604055901058,3.699779963120818,254.3058205221314
UNSW_2018_IoT_Botnet_Final_10_Best,6q_5k,QVE,linear,3,L3,qiskit_heavy,0.0,6,22,19456,1,0.9966666666666667,0.9966821233668463,0.9809195639112008,260.30777595890686,0.6181864449754357,260.9259624038823
UNSW_2018_IoT_Botnet_Final_10_Best,6q_5k,QVE,linear,3,L3,qiskit_heavy,0.0,6,23,20480,2,0.996,0.9960366645757877,0.9774907023990167,260.8424806629773,0.33832949004136026,261.1808101530187
UNSW_2018_IoT_Botnet_Final_10_Best,6q_5k,QVE,linear,3,L3,qiskit_heavy,0.0,6,24,21504,0,0.9953333333333333,0.9953691183391495,0.9735381261938272,242.1156464018859,5.100549666211009,247.2161960680969
UNSW_2018_IoT_Botnet_Final_10_Best,6q_5k,QVE,linear,3,L3,qiskit_heavy,0.0,6,25,22528,1,0.9953333333333333,0.9953691183391495,0.9735381261938272,257.63096748595126,4.45057134819217,262.08153883414343
UNSW_2018_IoT_Botnet_Final_10_Best,6q_5k,QVE,linear,3,L3,qiskit_heavy,0.0,6,26,23552,2,0.9946666666666667,0.9947313453097425,0.9702766857756814,257.0315505671315,4.24732136586681,261.2788719329983
UNSW_2018_IoT_Botnet_Final_10_Best,6q_5k,QVE,linear,3,L3,qiskit_heavy,0.0,6,27,24576,0,0.992,0.9920733291515753,0.9547222368707855,258.36737407394685,3.393206719076261,261.7605807930231
UNSW_2018_IoT_Botnet_Final_10_Best,6q_5k,QVE,linear,3,L3,qiskit_heavy,0.0,6,28,25600,1,0.9933333333333333,0.9933944409596461,0.9623117253801959,241.80698372609913,5.165872296085581,246.97285602218471
UNSW_2018_IoT_Botnet_Final_10_Best,6q_5k,QVE,linear,3,L3,qiskit_heavy,0.0,6,29,26624,2,0.9946666666666667,0.9947155527677168,0.9699012138896063,258.75180283305235,4.02808214398101,262.77988497703336
UNSW_2018_IoT_Botnet_Final_10_Best,6q_5k,QVE,linear,3,L3,qiskit_heavy,0.0003,6,0,42,0,0.9946666666666667,0.9946995122365017,0.9695754135797602,126.01358952210285,0.9077810309827328,126.92137055308558
UNSW_2018_IoT_Botnet_Final_10_Best,6q_5k,QVE,linear,3,L3,qiskit_heavy,0.0003,6,1,123,1,0.992,0.992120342235727,0.9556986076053618,120.81445337110199,1.9545741460751742,122.76902751717716
UNSW_2018_IoT_Botnet_Final_10_Best,6q_5k,QVE,linear,3,L3,qiskit_heavy,0.0003,6,2,456,2,0.9953333333333333,0.995340603358116,0.9730368435381365,124.48622640431859,1.8295697618741542,126.31579616619274
UNSW_2018_IoT_Botnet_Final_10_Best,6q_5k,QVE,linear,3,L3,qiskit_heavy,0.0003,6,3,789,0,0.9946666666666667,0.9946995122365017,0.9695754135797602,125.99828915670514,0.870829476043582,126.86911863274872
UNSW_2018_IoT_Botnet_Final_10_Best,6q_5k,QVE,linear,3,L3,qiskit_heavy,0.0003,6,4,1024,1,0.992,0.992120342235727,0.9556986076053618,120.67731801979244,2.1780760940164328,122.85539411380887
UNSW_2018_IoT_Botnet_Final_10_Best,6q_5k,QVE,linear,3,L3,qiskit_heavy,0.0003,6,5,2048,2,0.99,0.9901065244827277,0.9435985312057968,121.23635841603391,1.333653928944841,122.57001234497875
UNSW_2018_IoT_Botnet_Final_10_Best,6q_5k,QVE,linear,3,L3,qiskit_heavy,0.0003,6,6,3072,0,0.9973333333333333,0.9973333333333333,0.9845401466624754,128.79499624017626,1.2337226059753448,130.0287188461516
UNSW_2018_IoT_Botnet_Final_10_Best,6q_5k,QVE,linear,3,L3,qiskit_heavy,0.0003,6,7,4096,1,0.9953333333333333,0.9953691183391495,0.9735381261938272,128.1624304538127,1.1313972652424127,129.29382771905512
UNSW_2018_IoT_Botnet_Final_10_Best,6q_5k,QVE,linear,3,L3,qiskit_heavy,0.0003,6,8,5120,2,0.9953333333333333,0.9953111747219987,0.9727556027114813,128.2299361610785,1.3538973820395768,129.5838335431181
UNSW_2018_IoT_Botnet_Final_10_Best,6q_5k,QVE,linear,3,L3,qiskit_heavy,0.0003,6,9,6144,0,0.9906666666666667,0.9907522173435044,0.9471327483613751,128.5237307390198,0.36741508496925235,128.89114582398906
UNSW_2018_IoT_Botnet_Final_10_Best,6q_5k,QVE,linear,3,L3,qiskit_heavy,0.0003,6,10,7168,1,0.9906666666666667,0.9908602469135802,0.9494372681609102,128.742398991948,0.44622423429973423,129.18862322624773
UNSW_2018_IoT_Botnet_Final_10_Best,6q_5k,QVE,linear,3,L3,qiskit_heavy,0.0003,6,11,8192,2,0.9906666666666667,0.9908602469135802,0.9494372681609102,128.59126717899926,0.5894815269857645,129.18074870598502
UNSW_2018_IoT_Botnet_Final_10_Best,6q_5k,QVE,linear,3,L3,qiskit_heavy,0.0003,6,12,9216,0,0.9953333333333333,0.995340603358116,0.9730368435381365,127.45108418515883,1.1691881788428873,128.62027236400172
UNSW_2018_IoT_Botnet_Final_10_Best,6q_5k,QVE,linear,3,L3,qiskit_heavy,0.0003,6,13,10240,1,0.9966666666666667,0.9966922273851068,0.9811503949509465,127.44735707272775,1.0874730797950178,128.53483015252277
UNSW_2018_IoT_Botnet_Final_10_Best,6q_5k,QVE,linear,3,L3,qiskit_heavy,0.0003,6,14,11264,2,0.9893333333333333,0.9895545679012345,0.9420216820227821,119.82203423907049,2.5401969449594617,122.36223118402995
UNSW_2018_IoT_Botnet_Final_10_Best,6q_5k,QVE,linear,3,L3,qiskit_heavy,0.0003,6,15,12288,0,0.9946666666666667,0.9947155527677168,0.9699012138896063,127.82302493811585,1.3361817828845233,129.15920672100037
UNSW_2018_IoT_Botnet_Final_10_Best,6q_5k,QVE,linear,3,L3,qiskit_heavy,0.0003,6,16,13312,1,0.9966666666666667,0.9966718595415115,0.9807427232544484,126.35631035408005,2.1849935811478645,128.54130393522792
UNSW_2018_IoT_Botnet_Final_10_Best,6q_5k,QVE,linear,3,L3,qiskit_heavy,0.0003,6,17,14336,2,0.9926666666666667,0.9926780909913253,0.9576250841055127,128.07589874998666,1.3040838348679245,129.3799825848546
UNSW_2018_IoT_Botnet_Final_10_Best,6q_5k,QVE,linear,3,L3,qiskit_heavy,0.0003,6,18,15360,0,0.992,0.992120342235727,0.9556986076053618,127.87082459405065,0.21469833492301404,128.08552292897366
UNSW_2018_IoT_Botnet_Final_10_Best,6q_5k,QVE,linear,3,L3,qiskit_heavy,0.0003,6,19,16384,1,0.9966666666666667,0.9966922273851068,0.9811503949509465,111.53321822499856,2.2802000471856445,113.81341827218421
UNSW_2018_IoT_Botnet_Final_10_Best,6q_5k,QVE,linear,3,L3,qiskit_heavy,0.0003,6,20,17408,2,0.9966666666666667,0.9966821233668463,0.9809195639112008,126.92179588414729,1.4634324649814516,128.38522834912874
UNSW_2018_IoT_Botnet_Final_10_Best,6q_5k,QVE,linear,3,L3,qiskit_heavy,0.0003,6,21,18432,0,0.9953333333333333,0.9953830447586062,0.9738663269140823,129.32566867303103,0.9947210289537907,130.32038970198482
UNSW_2018_IoT_Botnet_Final_10_Best,6q_5k,QVE,linear,3,L3,qiskit_heavy,0.0003,6,22,19456,1,0.9966666666666667,0.9966821233668463,0.9809195639112008,125.86451219697483,2.1509808662813157,128.01549306325614
UNSW_2018_IoT_Botnet_Final_10_Best,6q_5k,QVE,linear,3,L3,qiskit_heavy,0.0003,6,23,20480,2,0.996,0.9960366645757877,0.9774907023990167,128.45073096710257,1.3488046459387988,129.79953561304137
UNSW_2018_IoT_Botnet_Final_10_Best,6q_5k,QVE,linear,3,L3,qiskit_heavy,0.0003,6,24,21504,0,0.9953333333333333,0.9953691183391495,0.9735381261938272,121.77523015090264,2.1361879443284124,123.91141809523106
UNSW_2018_IoT_Botnet_Final_10_Best,6q_5k,QVE,linear,3,L3,qiskit_heavy,0.0003,6,25,22528,1,0.9946666666666667,0.9947155527677168,0.9699012138896063,127.58697106596082,1.230735061923042,128.81770612788387
UNSW_2018_IoT_Botnet_Final_10_Best,6q_5k,QVE,linear,3,L3,qiskit_heavy,0.0003,6,26,23552,2,0.9933333333333333,0.9934336185297723,0.9631993422782028,125.79574842005968,1.5592608351726085,127.35500925523229
UNSW_2018_IoT_Botnet_Final_10_Best,6q_5k,QVE,linear,3,L3,qiskit_heavy,0.0003,6,27,24576,0,0.9913333333333333,0.9914256545516973,0.9511654801328682,125.85020351293497,0.769008104223758,126.61921161715873
UNSW_2018_IoT_Botnet_Final_10_Best,6q_5k,QVE,linear,3,L3,qiskit_heavy,0.0003,6,28,25600,1,0.9933333333333333,0.9933944409596461,0.9623117253801959,125.66322567639872,1.066883402876556,126.73010907927528
UNSW_2018_IoT_Botnet_Final_10_Best,6q_5k,QVE,linear,3,L3,qiskit_heavy,0.0003,6,29,26624,2,0.9946666666666667,0.9947155527677168,0.9699012138896063,118.66551532992162,2.876451029907912,121.54196635982953
UNSW_2018_IoT_Botnet_Final_10_Best,6q_5k,QVE,linear,3,L3,qiskit_heavy,0.0005,6,0,42,0,0.9946666666666667,0.9946995122365017,0.9695754135797602,126.7435765627306,1.2386474481318146,127.98222401086241
UNSW_2018_IoT_Botnet_Final_10_Best,6q_5k,QVE,linear,3,L3,qiskit_heavy,0.0005,6,1,123,1,0.992,0.992120342235727,0.9556986076053618,110.06913231615908,3.273878077045083,113.34301039320417
UNSW_2018_IoT_Botnet_Final_10_Best,6q_5k,QVE,linear,3,L3,qiskit_heavy,0.0005,6,2,456,2,0.9953333333333333,0.995340603358116,0.9730368435381365,122.65790427406318,2.2593947539571673,124.91729902802035
UNSW_2018_IoT_Botnet_Final_10_Best,6q_5k,QVE,linear,3,L3,qiskit_heavy,0.0005,6,3,789,0,0.9946666666666667,0.9946995122365017,0.9695754135797602,108.92928801593371,2.448430539108813,111.37771855504252
UNSW_2018_IoT_Botnet_Final_10_Best,6q_5k,QVE,linear,3,L3,qiskit_heavy,0.0005,6,4,1024,1,0.992,0.992120342235727,0.9556986076053618,123.55581279681064,1.5249594117049128,125.08077220851555
UNSW_2018_IoT_Botnet_Final_10_Best,6q_5k,QVE,linear,3,L3,qiskit_heavy,0.0005,6,5,2048,2,0.99,0.9901065244827277,0.9435985312057968,126.62144974502735,1.0489254530984908,127.67037519812584
UNSW_2018_IoT_Botnet_Final_10_Best,6q_5k,QVE,linear,3,L3,qiskit_heavy,0.0005,6,6,3072,0,0.9973333333333333,0.9973333333333333,0.9845401466624754,126.01335532683879,0.9906112418975681,127.00396656873636
UNSW_2018_IoT_Botnet_Final_10_Best,6q_5k,QVE,linear,3,L3,qiskit_heavy,0.0005,6,7,4096,1,0.9953333333333333,0.9953691183391495,0.9735381261938272,123.60808483674191,1.890521340770647,125.49860617751256
UNSW_2018_IoT_Botnet_Final_10_Best,6q_5k,QVE,linear,3,L3,qiskit_heavy,0.0005,6,8,5120,2,0.9953333333333333,0.9953111747219987,0.9727556027114813,122.52745093614794,0.9696455749217421,123.49709651106969
UNSW_2018_IoT_Botnet_Final_10_Best,6q_5k,QVE,linear,3,L3,qiskit_heavy,0.0005,6,9,6144,0,0.9906666666666667,0.9907522173435044,0.9471327483613751,121.88572800182737,1.3114619369152933,123.19718993874267
UNSW_2018_IoT_Botnet_Final_10_Best,6q_5k,QVE,linear,3,L3,qiskit_heavy,0.0005,6,10,7168,1,0.9906666666666667,0.9908602469135802,0.9494372681609102,128.27161410287954,0.7177901898976415,128.98940429277718
UNSW_2018_IoT_Botnet_Final_10_Best,6q_5k,QVE,linear,3,L3,qiskit_heavy,0.0005,6,11,8192,2,0.9906666666666667,0.9908602469135802,0.9494372681609102,126.47236704174429,1.3157413178123534,127.78810835955665
UNSW_2018_IoT_Botnet_Final_10_Best,6q_5k,QVE,linear,3,L3,qiskit_heavy,0.0005,6,12,9216,0,0.9953333333333333,0.995340603358116,0.9730368435381365,124.88308287085965,1.7861405168659985,126.66922338772565
UNSW_2018_IoT_Botnet_Final_10_Best,6q_5k,QVE,linear,3,L3,qiskit_heavy,0.0005,6,13,10240,1,0.9966666666666667,0.9966922273851068,0.9811503949509465,128.50914531690069,0.8318697789218277,129.3410150958225
UNSW_2018_IoT_Botnet_Final_10_Best,6q_5k,QVE,linear,3,L3,qiskit_heavy,0.0005,6,14,11264,2,0.9893333333333333,0.9895545679012345,0.9420216820227821,121.7809123781044,2.6115530801471323,124.39246545825154
UNSW_2018_IoT_Botnet_Final_10_Best,6q_5k,QVE,linear,3,L3,qiskit_heavy,0.0005,6,15,12288,0,0.9946666666666667,0.9947155527677168,0.9699012138896063,126.99031474697404,0.7415538199711591,127.7318685669452
UNSW_2018_IoT_Botnet_Final_10_Best,6q_5k,QVE,linear,3,L3,qiskit_heavy,0.0005,6,16,13312,1,0.9966666666666667,0.9966718595415115,0.9807427232544484,113.39758914289996,2.164641057141125,115.56223020004109
UNSW_2018_IoT_Botnet_Final_10_Best,6q_5k,QVE,linear,3,L3,qiskit_heavy,0.0005,6,17,14336,2,0.9926666666666667,0.9926780909913253,0.9576250841055127,125.09689445910044,1.2724101250059903,126.36930458410643
UNSW_2018_IoT_Botnet_Final_10_Best,6q_5k,QVE,linear,3,L3,qiskit_heavy,0.0005,6,18,15360,0,0.992,0.992120342235727,0.9556986076053618,122.88630864094011,1.9022517430130392,124.78856038395315
UNSW_2018_IoT_Botnet_Final_10_Best,6q_5k,QVE,linear,3,L3,qiskit_heavy,0.0005,6,19,16384,1,0.9966666666666667,0.9966922273851068,0.9811503949509465,122.82669374300167,2.3657093348447233,125.1924030778464
UNSW_2018_IoT_Botnet_Final_10_Best,6q_5k,QVE,linear,3,L3,qiskit_heavy,0.0005,6,20,17408,2,0.9966666666666667,0.9966821233668463,0.9809195639112008,128.08357014833018,1.2960857907310128,129.3796559390612
UNSW_2018_IoT_Botnet_Final_10_Best,6q_5k,QVE,linear,3,L3,qiskit_heavy,0.0005,6,21,18432,0,0.9953333333333333,0.9953830447586062,0.9738663269140823,110.95335343689658,2.6188140381127596,113.57216747500934
UNSW_2018_IoT_Botnet_Final_10_Best,6q_5k,QVE,linear,3,L3,qiskit_heavy,0.0005,6,22,19456,1,0.9966666666666667,0.9966821233668463,0.9809195639112008,128.39297442208044,0.9732333261054009,129.36620774818584
UNSW_2018_IoT_Botnet_Final_10_Best,6q_5k,QVE,linear,3,L3,qiskit_heavy,0.0005,6,23,20480,2,0.996,0.9960366645757877,0.9774907023990167,126.44890294410288,1.7245776201598346,128.17348056426272
UNSW_2018_IoT_Botnet_Final_10_Best,6q_5k,QVE,linear,3,L3,qiskit_heavy,0.0005,6,24,21504,0,0.9953333333333333,0.9953691183391495,0.9735381261938272,112.88977656094357,2.7541226618923247,115.6438992228359
UNSW_2018_IoT_Botnet_Final_10_Best,6q_5k,QVE,linear,3,L3,qiskit_heavy,0.0005,6,25,22528,1,0.9946666666666667,0.9947155527677168,0.9699012138896063,125.08078318787739,1.679242268903181,126.76002545678057
UNSW_2018_IoT_Botnet_Final_10_Best,6q_5k,QVE,linear,3,L3,qiskit_heavy,0.0005,6,26,23552,2,0.9933333333333333,0.9934336185297723,0.9631993422782028,127.10565656819381,1.1374410660937428,128.24309763428755
UNSW_2018_IoT_Botnet_Final_10_Best,6q_5k,QVE,linear,3,L3,qiskit_heavy,0.0005,6,27,24576,0,0.9913333333333333,0.9914256545516973,0.9511654801328682,122.36115169385448,2.4459335620049387,124.80708525585942
UNSW_2018_IoT_Botnet_Final_10_Best,6q_5k,QVE,linear,3,L3,qiskit_heavy,0.0005,6,28,25600,1,0.9933333333333333,0.9933944409596461,0.9623117253801959,125.55259198090062,1.4303233639802784,126.9829153448809
UNSW_2018_IoT_Botnet_Final_10_Best,6q_5k,QVE,linear,3,L3,qiskit_heavy,0.0005,6,29,26624,2,0.9946666666666667,0.9947155527677168,0.9699012138896063,127.47539650695398,1.1060785462614149,128.5814750532154
UNSW_2018_IoT_Botnet_Final_10_Best,6q_5k,QVE,linear,3,L3,qiskit_heavy,0.001,6,0,42,0,0.9946666666666667,0.9946995122365017,0.9695754135797602,119.53097148705274,1.9612446590326726,121.49221614608541
UNSW_2018_IoT_Botnet_Final_10_Best,6q_5k,QVE,linear,3,L3,qiskit_heavy,0.001,6,1,123,1,0.992,0.992120342235727,0.9556986076053618,124.19624384096824,2.0003509428352118,126.19659478380345
UNSW_2018_IoT_Botnet_Final_10_Best,6q_5k,QVE,linear,3,L3,qiskit_heavy,0.001,6,2,456,2,0.9953333333333333,0.995340603358116,0.9730368435381365,128.05389613471925,0.1051301471889019,128.15902628190815
UNSW_2018_IoT_Botnet_Final_10_Best,6q_5k,QVE,linear,3,L3,qiskit_heavy,0.001,6,3,789,0,0.9946666666666667,0.9946995122365017,0.9695754135797602,126.36098100594245,1.2670540260151029,127.62803503195755
UNSW_2018_IoT_Botnet_Final_10_Best,6q_5k,QVE,linear,3,L3,qiskit_heavy,0.001,6,4,1024,1,0.992,0.992120342235727,0.9556986076053618,123.77770923799835,1.8484358040150255,125.62614504201338
UNSW_2018_IoT_Botnet_Final_10_Best,6q_5k,QVE,linear,3,L3,qiskit_heavy,0.001,6,5,2048,2,0.99,0.9901065244827277,0.9435985312057968,114.46838038205169,2.0553153748624027,116.5236957569141
UNSW_2018_IoT_Botnet_Final_10_Best,6q_5k,QVE,linear,3,L3,qiskit_heavy,0.001,6,6,3072,0,0.9973333333333333,0.9973333333333333,0.9845401466624754,125.04164981818758,1.641884031938389,126.68353385012597
UNSW_2018_IoT_Botnet_Final_10_Best,6q_5k,QVE,linear,3,L3,qiskit_heavy,0.001,6,7,4096,1,0.9953333333333333,0.9953691183391495,0.9735381261938272,116.28082537278533,2.0307397027499974,118.31156507553533
UNSW_2018_IoT_Botnet_Final_10_Best,6q_5k,QVE,linear,3,L3,qiskit_heavy,0.001,6,8,5120,2,0.9953333333333333,0.9953111747219987,0.9727556027114813,117.43826881074347,1.7719394888263196,119.21020829956979
UNSW_2018_IoT_Botnet_Final_10_Best,6q_5k,QVE,linear,3,L3,qiskit_heavy,0.001,6,9,6144,0,0.9906666666666667,0.9907522173435044,0.9471327483613751,123.30920954886824,2.437968345126137,125.74717789399438
UNSW_2018_IoT_Botnet_Final_10_Best,6q_5k,QVE,linear,3,L3,qiskit_heavy,0.001,6,10,7168,1,0.9906666666666667,0.9908602469135802,0.9494372681609102,125.81964718201198,1.3265200189780444,127.14616720099002
UNSW_2018_IoT_Botnet_Final_10_Best,6q_5k,QVE,linear,3,L3,qiskit_heavy,0.001,6,11,8192,2,0.9906666666666667,0.9908602469135802,0.9494372681609102,112.65174462809227,2.2723514621611685,114.92409609025344
UNSW_2018_IoT_Botnet_Final_10_Best,6q_5k,QVE,linear,3,L3,qiskit_heavy,0.001,6,12,9216,0,0.9953333333333333,0.995340603358116,0.9730368435381365,126.9160377481021,1.1910110448952764,128.10704879299738
UNSW_2018_IoT_Botnet_Final_10_Best,6q_5k,QVE,linear,3,L3,qiskit_heavy,0.001,6,13,10240,1,0.9966666666666667,0.9966922273851068,0.9811503949509465,124.27972765010782,1.4151431459467858,125.6948707960546
UNSW_2018_IoT_Botnet_Final_10_Best,6q_5k,QVE,linear,3,L3,qiskit_heavy,0.001,6,14,11264,2,0.9893333333333333,0.9895545679012345,0.9420216820227821,122.80935637792572,2.33830371289514,125.14766009082086
UNSW_2018_IoT_Botnet_Final_10_Best,6q_5k,QVE,linear,3,L3,qiskit_heavy,0.001,6,15,12288,0,0.9946666666666667,0.9947155527677168,0.9699012138896063,124.16270522610284,2.1724121128208935,126.33511733892374
UNSW_2018_IoT_Botnet_Final_10_Best,6q_5k,QVE,linear,3,L3,qiskit_heavy,0.001,6,16,13312,1,0.9966666666666667,0.9966718595415115,0.9807427232544484,107.12093084608205,1.6857558370102197,108.80668668309227
UNSW_2018_IoT_Botnet_Final_10_Best,6q_5k,QVE,linear,3,L3,qiskit_heavy,0.001,6,17,14336,2,0.9926666666666667,0.9926780909913253,0.9576250841055127,125.57504977704957,1.2982731778174639,126.87332295486704
UNSW_2018_IoT_Botnet_Final_10_Best,6q_5k,QVE,linear,3,L3,qiskit_heavy,0.001,6,18,15360,0,0.992,0.992120342235727,0.9556986076053618,126.76961199194193,0.8689644390251487,127.63857643096708
UNSW_2018_IoT_Botnet_Final_10_Best,6q_5k,QVE,linear,3,L3,qiskit_heavy,0.001,6,19,16384,1,0.9966666666666667,0.9966922273851068,0.9811503949509465,123.72773793106899,1.549087322782725,125.27682525385171
UNSW_2018_IoT_Botnet_Final_10_Best,6q_5k,QVE,linear,3,L3,qiskit_heavy,0.001,6,20,17408,2,0.9966666666666667,0.9966821233668463,0.9809195639112008,117.07929200702347,2.9688100810162723,120.04810208803974
UNSW_2018_IoT_Botnet_Final_10_Best,6q_5k,QVE,linear,3,L3,qiskit_heavy,0.001,6,21,18432,0,0.9953333333333333,0.9953830447586062,0.9738663269140823,123.00615172483958,1.8981334827840328,124.90428520762362
UNSW_2018_IoT_Botnet_Final_10_Best,6q_5k,QVE,linear,3,L3,qiskit_heavy,0.001,6,22,19456,1,0.9966666666666667,0.9966821233668463,0.9809195639112008,126.88925320398994,0.7480074148625135,127.63726061885245
UNSW_2018_IoT_Botnet_Final_10_Best,6q_5k,QVE,linear,3,L3,qiskit_heavy,0.001,6,23,20480,2,0.996,0.9960366645757877,0.9774907023990167,123.25945122889243,1.9464297241065651,125.205880952999
UNSW_2018_IoT_Botnet_Final_10_Best,6q_5k,QVE,linear,3,L3,qiskit_heavy,0.001,6,24,21504,0,0.9953333333333333,0.9953691183391495,0.9735381261938272,124.17037726286799,1.3425906009506434,125.51296786381863
UNSW_2018_IoT_Botnet_Final_10_Best,6q_5k,QVE,linear,3,L3,qiskit_heavy,0.001,6,25,22528,1,0.9946666666666667,0.9947155527677168,0.9699012138896063,122.10289936279878,1.801585170906037,123.90448453370482
UNSW_2018_IoT_Botnet_Final_10_Best,6q_5k,QVE,linear,3,L3,qiskit_heavy,0.001,6,26,23552,2,0.9933333333333333,0.9934336185297723,0.9631993422782028,123.84793931990862,1.2006831890903413,125.04862250899896
UNSW_2018_IoT_Botnet_Final_10_Best,6q_5k,QVE,linear,3,L3,qiskit_heavy,0.001,6,27,24576,0,0.9913333333333333,0.9914256545516973,0.9511654801328682,127.79544200003147,0.6586894621141255,128.4541314621456
UNSW_2018_IoT_Botnet_Final_10_Best,6q_5k,QVE,linear,3,L3,qiskit_heavy,0.001,6,28,25600,1,0.9933333333333333,0.9933944409596461,0.9623117253801959,122.84393693995662,2.1598668140359223,125.00380375399254
UNSW_2018_IoT_Botnet_Final_10_Best,6q_5k,QVE,linear,3,L3,qiskit_heavy,0.001,6,29,26624,2,0.9946666666666667,0.9947155527677168,0.9699012138896063,127.27435425203294,1.222145807230845,128.49650005926378
UNSW_2018_IoT_Botnet_Final_10_Best,6q_5k,QVE,linear,3,L3,qiskit_heavy,0.002,6,0,42,0,0.9946666666666667,0.9946995122365017,0.9695754135797602,123.03019373910502,1.343572248937562,124.37376598804258
UNSW_2018_IoT_Botnet_Final_10_Best,6q_5k,QVE,linear,3,L3,qiskit_heavy,0.002,6,1,123,1,0.992,0.992120342235727,0.9556986076053618,125.43877561017871,0.6293111129198223,126.06808672309853
UNSW_2018_IoT_Botnet_Final_10_Best,6q_5k,QVE,linear,3,L3,qiskit_heavy,0.002,6,2,456,2,0.9953333333333333,0.995340603358116,0.9730368435381365,116.9310749808792,1.119831559015438,118.05090653989464
UNSW_2018_IoT_Botnet_Final_10_Best,6q_5k,QVE,linear,3,L3,qiskit_heavy,0.002,6,3,789,0,0.9946666666666667,0.9946995122365017,0.9695754135797602,127.0202170710545,1.4889801149256527,128.50919718598016
UNSW_2018_IoT_Botnet_Final_10_Best,6q_5k,QVE,linear,3,L3,qiskit_heavy,0.002,6,4,1024,1,0.992,0.992120342235727,0.9556986076053618,126.59536145091988,1.0732658319175243,127.6686272828374
UNSW_2018_IoT_Botnet_Final_10_Best,6q_5k,QVE,linear,3,L3,qiskit_heavy,0.002,6,5,2048,2,0.99,0.9901065244827277,0.9435985312057968,118.2435527460184,2.3065635489765555,120.55011629499495
UNSW_2018_IoT_Botnet_Final_10_Best,6q_5k,QVE,linear,3,L3,qiskit_heavy,0.002,6,6,3072,0,0.9973333333333333,0.9973333333333333,0.9845401466624754,126.21237117005512,1.253185142064467,127.46555631211959
UNSW_2018_IoT_Botnet_Final_10_Best,6q_5k,QVE,linear,3,L3,qiskit_heavy,0.002,6,7,4096,1,0.9953333333333333,0.9953691183391495,0.9735381261938272,128.192503006896,0.7301204688847065,128.9226234757807
UNSW_2018_IoT_Botnet_Final_10_Best,6q_5k,QVE,linear,3,L3,qiskit_heavy,0.002,6,8,5120,2,0.9953333333333333,0.9953111747219987,0.9727556027114813,120.73702207021415,2.040614233817905,122.77763630403206
UNSW_2018_IoT_Botnet_Final_10_Best,6q_5k,QVE,linear,3,L3,qiskit_heavy,0.002,6,9,6144,0,0.9913333333333333,0.9914256545516973,0.9511654801328682,128.38997978786938,1.1965266619808972,129.58650644985028
UNSW_2018_IoT_Botnet_Final_10_Best,6q_5k,QVE,linear,3,L3,qiskit_heavy,0.002,6,10,7168,1,0.9906666666666667,0.9908602469135802,0.9494372681609102,123.36700271395966,1.3300772530492395,124.6970799670089
UNSW_2018_IoT_Botnet_Final_10_Best,6q_5k,QVE,linear,3,L3,qiskit_heavy,0.002,6,11,8192,2,0.9906666666666667,0.9908602469135802,0.9494372681609102,128.54230429418385,1.4261242060456425,129.9684285002295
UNSW_2018_IoT_Botnet_Final_10_Best,6q_5k,QVE,linear,3,L3,qiskit_heavy,0.002,6,12,9216,0,0.9953333333333333,0.995340603358116,0.9730368435381365,111.42916346900165,1.7747744238004088,113.20393789280206
UNSW_2018_IoT_Botnet_Final_10_Best,6q_5k,QVE,linear,3,L3,qiskit_heavy,0.002,6,13,10240,1,0.9966666666666667,0.9966922273851068,0.9811503949509465,125.03836426511407,1.1161988181993365,126.1545630833134
UNSW_2018_IoT_Botnet_Final_10_Best,6q_5k,QVE,linear,3,L3,qiskit_heavy,0.002,6,14,11264,2,0.9893333333333333,0.9895545679012345,0.9420216820227821,116.89219059282914,2.0973211729433388,118.98951176577248
UNSW_2018_IoT_Botnet_Final_10_Best,6q_5k,QVE,linear,3,L3,qiskit_heavy,0.002,6,15,12288,0,0.9946666666666667,0.9947155527677168,0.9699012138896063,126.70698420586996,1.268054966814816,127.97503917268477
UNSW_2018_IoT_Botnet_Final_10_Best,6q_5k,QVE,linear,3,L3,qiskit_heavy,0.002,6,16,13312,1,0.9966666666666667,0.9966718595415115,0.9807427232544484,123.79237159970216,1.904505203012377,125.69687680271454
UNSW_2018_IoT_Botnet_Final_10_Best,6q_5k,QVE,linear,3,L3,qiskit_heavy,0.002,6,17,14336,2,0.9926666666666667,0.9926780909913253,0.9576250841055127,126.22254356788471,1.2495353191625327,127.47207888704725
UNSW_2018_IoT_Botnet_Final_10_Best,6q_5k,QVE,linear,3,L3,qiskit_heavy,0.002,6,18,15360,0,0.992,0.992120342235727,0.9556986076053618,114.63171820295975,2.307807309785858,116.9395255127456
UNSW_2018_IoT_Botnet_Final_10_Best,6q_5k,QVE,linear,3,L3,qiskit_heavy,0.002,6,19,16384,1,0.9966666666666667,0.9966922273851068,0.9811503949509465,127.10620919102803,1.15610111807473,128.26231030910276
UNSW_2018_IoT_Botnet_Final_10_Best,6q_5k,QVE,linear,3,L3,qiskit_heavy,0.002,6,20,17408,2,0.9966666666666667,0.9966821233668463,0.9809195639112008,121.933758496074,2.177388980984688,124.1111474770587
UNSW_2018_IoT_Botnet_Final_10_Best,6q_5k,QVE,linear,3,L3,qiskit_heavy,0.002,6,21,18432,0,0.9953333333333333,0.9953830447586062,0.9738663269140823,124.15404578717425,1.3315813180524856,125.48562710522674
UNSW_2018_IoT_Botnet_Final_10_Best,6q_5k,QVE,linear,3,L3,qiskit_heavy,0.002,6,22,19456,1,0.9966666666666667,0.9966821233668463,0.9809195639112008,121.5673439449165,2.0592084710951895,123.62655241601169
UNSW_2018_IoT_Botnet_Final_10_Best,6q_5k,QVE,linear,3,L3,qiskit_heavy,0.002,6,23,20480,2,0.996,0.9960366645757877,0.9774907023990167,120.95099741802551,2.443465370917693,123.3944627889432
UNSW_2018_IoT_Botnet_Final_10_Best,6q_5k,QVE,linear,3,L3,qiskit_heavy,0.002,6,24,21504,0,0.9953333333333333,0.9953691183391495,0.9735381261938272,122.7103095408529,1.3649248429574072,124.07523438381031
UNSW_2018_IoT_Botnet_Final_10_Best,6q_5k,QVE,linear,3,L3,qiskit_heavy,0.002,6,25,22528,1,0.9946666666666667,0.9947155527677168,0.9699012138896063,127.05409677722491,1.3339310071896762,128.3880277844146
UNSW_2018_IoT_Botnet_Final_10_Best,6q_5k,QVE,linear,3,L3,qiskit_heavy,0.002,6,26,23552,2,0.9926666666666667,0.9927875474438553,0.9597105399310694,119.16482674796134,2.47497335402295,121.63980010198429
UNSW_2018_IoT_Botnet_Final_10_Best,6q_5k,QVE,linear,3,L3,qiskit_heavy,0.002,6,27,24576,0,0.9913333333333333,0.9914256545516973,0.9511654801328682,123.62120097479783,1.3206649001222104,124.94186587492004
UNSW_2018_IoT_Botnet_Final_10_Best,6q_5k,QVE,linear,3,L3,qiskit_heavy,0.002,6,28,25600,1,0.9933333333333333,0.9933944409596461,0.9623117253801959,126.14238271093927,0.7250463927630335,126.8674291037023
UNSW_2018_IoT_Botnet_Final_10_Best,6q_5k,QVE,linear,3,L3,qiskit_heavy,0.002,6,29,26624,2,0.9946666666666667,0.9947155527677168,0.9699012138896063,114.69202338415198,3.1236766139045358,117.81569999805652
UNSW_2018_IoT_Botnet_Final_10_Best,6q_5k,QVE,linear,3,L3,qiskit_heavy,0.005,6,0,42,0,0.994,0.9940460092931921,0.9659258574367079,120.44146287976764,1.1044902591966093,121.54595313896425
UNSW_2018_IoT_Botnet_Final_10_Best,6q_5k,QVE,linear,3,L3,qiskit_heavy,0.005,6,1,123,1,0.992,0.992120342235727,0.9556986076053618,125.73861781996675,1.105809292057529,126.84442711202428
UNSW_2018_IoT_Botnet_Final_10_Best,6q_5k,QVE,linear,3,L3,qiskit_heavy,0.005,6,2,456,2,0.9953333333333333,0.995340603358116,0.9730368435381365,125.93573543406092,0.8282814412377775,126.7640168752987
UNSW_2018_IoT_Botnet_Final_10_Best,6q_5k,QVE,linear,3,L3,qiskit_heavy,0.005,6,3,789,0,0.9946666666666667,0.9946995122365017,0.9695754135797602,126.77228374802507,1.1049567910376936,127.87724053906277
UNSW_2018_IoT_Botnet_Final_10_Best,6q_5k,QVE,linear,3,L3,qiskit_heavy,0.005,6,4,1024,1,0.992,0.992120342235727,0.9556986076053618,126.77527854894288,1.1638328302651644,127.93911137920804
UNSW_2018_IoT_Botnet_Final_10_Best,6q_5k,QVE,linear,3,L3,qiskit_heavy,0.005,6,5,2048,2,0.9893333333333333,0.989462690619485,0.9400981017188349,115.275241618976,1.9298708450514823,117.20511246402748
UNSW_2018_IoT_Botnet_Final_10_Best,6q_5k,QVE,linear,3,L3,qiskit_heavy,0.005,6,6,3072,0,0.9973333333333333,0.9973333333333333,0.9845401466624754,118.4959173570387,1.9050280200317502,120.40094537707046
UNSW_2018_IoT_Botnet_Final_10_Best,6q_5k,QVE,linear,3,L3,qiskit_heavy,0.005,6,7,4096,1,0.9953333333333333,0.9953691183391495,0.9735381261938272,124.49661453417502,1.0887222678866237,125.58533680206165
UNSW_2018_IoT_Botnet_Final_10_Best,6q_5k,QVE,linear,3,L3,qiskit_heavy,0.005,6,8,5120,2,0.9953333333333333,0.9953111747219987,0.9727556027114813,121.83567563001998,1.5844768399838358,123.42015247000381
UNSW_2018_IoT_Botnet_Final_10_Best,6q_5k,QVE,linear,3,L3,qiskit_heavy,0.005,6,9,6144,0,0.9913333333333333,0.9914256545516973,0.9511654801328682,124.83163645374589,1.4532611537724733,126.28489760751836
UNSW_2018_IoT_Botnet_Final_10_Best,6q_5k,QVE,linear,3,L3,qiskit_heavy,0.005,6,10,7168,1,0.99,0.9902213813655606,0.9460755291907589,120.32360798795708,1.8110691651236266,122.1346771530807
UNSW_2018_IoT_Botnet_Final_10_Best,6q_5k,QVE,linear,3,L3,qiskit_heavy,0.005,6,11,8192,2,0.9906666666666667,0.9908602469135802,0.9494372681609102,125.5737025027629,0.5331674951594323,126.10686999792233
UNSW_2018_IoT_Botnet_Final_10_Best,6q_5k,QVE,linear,3,L3,qiskit_heavy,0.005,6,12,9216,0,0.9953333333333333,0.995340603358116,0.9730368435381365,126.04223224706948,0.7063739448785782,126.74860619194806
UNSW_2018_IoT_Botnet_Final_10_Best,6q_5k,QVE,linear,3,L3,qiskit_heavy,0.005,6,13,10240,1,0.9966666666666667,0.9966922273851068,0.9811503949509465,125.35108370892704,1.1680830747354776,126.51916678366251
UNSW_2018_IoT_Botnet_Final_10_Best,6q_5k,QVE,linear,3,L3,qiskit_heavy,0.005,6,14,11264,2,0.9893333333333333,0.9895545679012345,0.9420216820227821,115.4537210399285,2.6753548339474946,118.12907587387599
UNSW_2018_IoT_Botnet_Final_10_Best,6q_5k,QVE,linear,3,L3,qiskit_heavy,0.005,6,15,12288,0,0.994,0.9940639146896366,0.9662993779870109,126.34241142682731,1.3445615849923342,127.68697301181965
UNSW_2018_IoT_Botnet_Final_10_Best,6q_5k,QVE,linear,3,L3,qiskit_heavy,0.005,6,16,13312,1,0.9966666666666667,0.9966718595415115,0.9807427232544484,117.5681216919329,3.039238763973117,120.60736045590602
UNSW_2018_IoT_Botnet_Final_10_Best,6q_5k,QVE,linear,3,L3,qiskit_heavy,0.005,6,17,14336,2,0.9926666666666667,0.9926780909913253,0.9576250841055127,126.52722187177278,0.731056550052017,127.2582784218248
UNSW_2018_IoT_Botnet_Final_10_Best,6q_5k,QVE,linear,3,L3,qiskit_heavy,0.005,6,18,15360,0,0.992,0.992120342235727,0.9556986076053618,116.24292358313687,2.079977239249274,118.32290082238615
UNSW_2018_IoT_Botnet_Final_10_Best,6q_5k,QVE,linear,3,L3,qiskit_heavy,0.005,6,19,16384,1,0.9966666666666667,0.9966922273851068,0.9811503949509465,121.56051376578398,1.8752411620225757,123.43575492780656
UNSW_2018_IoT_Botnet_Final_10_Best,6q_5k,QVE,linear,3,L3,qiskit_heavy,0.005,6,20,17408,2,0.9966666666666667,0.9966821233668463,0.9809195639112008,125.11580404895358,1.6043459828943014,126.72015003184788
UNSW_2018_IoT_Botnet_Final_10_Best,6q_5k,QVE,linear,3,L3,qiskit_heavy,0.005,6,21,18432,0,0.9953333333333333,0.9953830447586062,0.9738663269140823,120.25654275901616,2.4091649858746678,122.66570774489082
UNSW_2018_IoT_Botnet_Final_10_Best,6q_5k,QVE,linear,3,L3,qiskit_heavy,0.005,6,22,19456,1,0.9966666666666667,0.9966821233668463,0.9809195639112008,126.7677517500706,0.8025840998161584,127.57033584988676
UNSW_2018_IoT_Botnet_Final_10_Best,6q_5k,QVE,linear,3,L3,qiskit_heavy,0.005,6,23,20480,2,0.996,0.9960366645757877,0.9774907023990167,121.49679818097502,2.1452023568563163,123.64200053783134
UNSW_2018_IoT_Botnet_Final_10_Best,6q_5k,QVE,linear,3,L3,qiskit_heavy,0.005,6,24,21504,0,0.9953333333333333,0.9953691183391495,0.9735381261938272,124.34564511897042,1.4016838041134179,125.74732892308384
UNSW_2018_IoT_Botnet_Final_10_Best,6q_5k,QVE,linear,3,L3,qiskit_heavy,0.005,6,25,22528,1,0.9946666666666667,0.9947155527677168,0.9699012138896063,127.90656488481909,1.0798655510880053,128.9864304359071
UNSW_2018_IoT_Botnet_Final_10_Best,6q_5k,QVE,linear,3,L3,qiskit_heavy,0.005,6,26,23552,2,0.9926666666666667,0.9927875474438553,0.9597105399310694,123.71740199322812,2.223951285937801,125.94135327916592
UNSW_2018_IoT_Botnet_Final_10_Best,6q_5k,QVE,linear,3,L3,qiskit_heavy,0.005,6,27,24576,0,0.9913333333333333,0.9914256545516973,0.9511654801328682,120.42569134384394,2.28025739104487,122.7059487348888
UNSW_2018_IoT_Botnet_Final_10_Best,6q_5k,QVE,linear,3,L3,qiskit_heavy,0.005,6,28,25600,1,0.994,0.9940460092931921,0.9659258574367079,123.37969316192903,2.0581303099170327,125.43782347184606
UNSW_2018_IoT_Botnet_Final_10_Best,6q_5k,QVE,linear,3,L3,qiskit_heavy,0.005,6,29,26624,2,0.9946666666666667,0.9947155527677168,0.9699012138896063,127.30584385478869,0.679629981983453,127.98547383677214
UNSW_2018_IoT_Botnet_Final_10_Best,6q_5k,QVE,linear,3,L3,qiskit_heavy,0.008,6,0,42,0,0.9933333333333333,0.9933944409596461,0.9623117253801959,127.18026809184812,0.7492265440523624,127.92949463590048
UNSW_2018_IoT_Botnet_Final_10_Best,6q_5k,QVE,linear,3,L3,qiskit_heavy,0.008,6,1,123,1,0.992,0.992120342235727,0.9556986076053618,123.23632467584684,2.455240376992151,125.691565052839
UNSW_2018_IoT_Botnet_Final_10_Best,6q_5k,QVE,linear,3,L3,qiskit_heavy,0.008,6,2,456,2,0.9953333333333333,0.995340603358116,0.9730368435381365,118.64106073789299,1.1710859732702374,119.81214671116322
UNSW_2018_IoT_Botnet_Final_10_Best,6q_5k,QVE,linear,3,L3,qiskit_heavy,0.008,6,3,789,0,0.9946666666666667,0.9946995122365017,0.9695754135797602,124.69396239425987,1.8410681821405888,126.53503057640046
UNSW_2018_IoT_Botnet_Final_10_Best,6q_5k,QVE,linear,3,L3,qiskit_heavy,0.008,6,4,1024,1,0.9926666666666667,0.9927875474438553,0.9597105399310694,125.93164770118892,1.3071616278029978,127.23880932899192
UNSW_2018_IoT_Botnet_Final_10_Best,6q_5k,QVE,linear,3,L3,qiskit_heavy,0.008,6,5,2048,2,0.9893333333333333,0.989462690619485,0.9400981017188349,125.97311884793453,1.2338752232026309,127.20699407113716
UNSW_2018_IoT_Botnet_Final_10_Best,6q_5k,QVE,linear,3,L3,qiskit_heavy,0.008,6,6,3072,0,0.9973333333333333,0.9973333333333333,0.9845401466624754,124.05323419719934,2.2748143628705293,126.32804856006987
UNSW_2018_IoT_Botnet_Final_10_Best,6q_5k,QVE,linear,3,L3,qiskit_heavy,0.008,6,7,4096,1,0.9953333333333333,0.9953691183391495,0.9735381261938272,124.687930224929,1.8110804879106581,126.49901071283966
UNSW_2018_IoT_Botnet_Final_10_Best,6q_5k,QVE,linear,3,L3,qiskit_heavy,0.008,6,8,5120,2,0.9953333333333333,0.9953111747219987,0.9727556027114813,126.98741122731008,1.3007213801611215,128.2881326074712
UNSW_2018_IoT_Botnet_Final_10_Best,6q_5k,QVE,linear,3,L3,qiskit_heavy,0.008,6,9,6144,0,0.9913333333333333,0.9914256545516973,0.9511654801328682,127.66580978501588,0.6882283401209861,128.35403812513687
UNSW_2018_IoT_Botnet_Final_10_Best,6q_5k,QVE,linear,3,L3,qiskit_heavy,0.008,6,10,7168,1,0.9886666666666667,0.9889488797600561,0.9394431471230669,123.73934139404446,1.7066688628401607,125.44601025688462
UNSW_2018_IoT_Botnet_Final_10_Best,6q_5k,QVE,linear,3,L3,qiskit_heavy,0.008,6,11,8192,2,0.9906666666666667,0.9908602469135802,0.9494372681609102,128.26378708519042,0.38187376596033573,128.64566085115075
UNSW_2018_IoT_Botnet_Final_10_Best,6q_5k,QVE,linear,3,L3,qiskit_heavy,0.008,6,12,9216,0,0.9953333333333333,0.9953549727135846,0.9732609961997113,120.37829602207057,1.5231110700406134,121.90140709211119
UNSW_2018_IoT_Botnet_Final_10_Best,6q_5k,QVE,linear,3,L3,qiskit_heavy,0.008,6,13,10240,1,0.9966666666666667,0.9966922273851068,0.9811503949509465,114.34256017394364,2.5679638411384076,116.91052401508205
UNSW_2018_IoT_Botnet_Final_10_Best,6q_5k,QVE,linear,3,L3,qiskit_heavy,0.008,6,14,11264,2,0.9893333333333333,0.9895545679012345,0.9420216820227821,125.30203198711388,1.252974672941491,126.55500666005537
UNSW_2018_IoT_Botnet_Final_10_Best,6q_5k,QVE,linear,3,L3,qiskit_heavy,0.008,6,15,12288,0,0.994,0.9940639146896366,0.9662993779870109,126.24854574515484,1.0800478670280427,127.32859361218289
UNSW_2018_IoT_Botnet_Final_10_Best,6q_5k,QVE,linear,3,L3,qiskit_heavy,0.008,6,16,13312,1,0.9966666666666667,0.9966718595415115,0.9807427232544484,112.99146657506935,1.8780756548512727,114.86954222992063
UNSW_2018_IoT_Botnet_Final_10_Best,6q_5k,QVE,linear,3,L3,qiskit_heavy,0.008,6,17,14336,2,0.9926666666666667,0.9926780909913253,0.9576250841055127,123.58482955186628,1.9491356741636992,125.53396522602998
UNSW_2018_IoT_Botnet_Final_10_Best,6q_5k,QVE,linear,3,L3,qiskit_heavy,0.008,6,18,15360,0,0.992,0.992120342235727,0.9556986076053618,125.72642925195396,1.4729653438553214,127.19939459580928
UNSW_2018_IoT_Botnet_Final_10_Best,6q_5k,QVE,linear,3,L3,qiskit_heavy,0.008,6,19,16384,1,0.9966666666666667,0.9966922273851068,0.9811503949509465,123.70965659385547,1.7395851879846305,125.4492417818401
UNSW_2018_IoT_Botnet_Final_10_Best,6q_5k,QVE,linear,3,L3,qiskit_heavy,0.008,6,20,17408,2,0.9966666666666667,0.9966821233668463,0.9809195639112008,123.77451400202699,1.6772599259857088,125.4517739280127
UNSW_2018_IoT_Botnet_Final_10_Best,6q_5k,QVE,linear,3,L3,qiskit_heavy,0.008,6,21,18432,0,0.9953333333333333,0.9953830447586062,0.9738663269140823,125.12119689094834,0.8009873079136014,125.92218419886194
UNSW_2018_IoT_Botnet_Final_10_Best,6q_5k,QVE,linear,3,L3,qiskit_heavy,0.008,6,22,19456,1,0.996,0.9960246341773764,0.9772107073411178,121.92490065097809,1.1537246380466968,123.07862528902479
UNSW_2018_IoT_Botnet_Final_10_Best,6q_5k,QVE,linear,3,L3,qiskit_heavy,0.008,6,23,20480,2,0.996,0.9960366645757877,0.9774907023990167,124.45389259792864,1.8331892448477447,126.28708184277639
UNSW_2018_IoT_Botnet_Final_10_Best,6q_5k,QVE,linear,3,L3,qiskit_heavy,0.008,6,24,21504,0,0.9953333333333333,0.9953691183391495,0.9735381261938272,126.35321763390675,1.16206160816364,127.51527924207039
UNSW_2018_IoT_Botnet_Final_10_Best,6q_5k,QVE,linear,3,L3,qiskit_heavy,0.008,6,25,22528,1,0.9946666666666667,0.9947155527677168,0.9699012138896063,119.4009401530493,2.100993825122714,121.50193397817202
UNSW_2018_IoT_Botnet_Final_10_Best,6q_5k,QVE,linear,3,L3,qiskit_heavy,0.008,6,26,23552,2,0.9913333333333333,0.9915008826575236,0.9528300165982294,126.12899443227798,1.1325886698905379,127.26158310216852
UNSW_2018_IoT_Botnet_Final_10_Best,6q_5k,QVE,linear,3,L3,qiskit_heavy,0.008,6,27,24576,0,0.9913333333333333,0.9914256545516973,0.9511654801328682,127.37354133697227,1.2939524101093411,128.6674937470816
UNSW_2018_IoT_Botnet_Final_10_Best,6q_5k,QVE,linear,3,L3,qiskit_heavy,0.008,6,28,25600,1,0.9933333333333333,0.9933944409596461,0.9623117253801959,127.23890536511317,1.1282727988436818,128.36717816395685
UNSW_2018_IoT_Botnet_Final_10_Best,6q_5k,QVE,linear,3,L3,qiskit_heavy,0.008,6,29,26624,2,0.9946666666666667,0.9947155527677168,0.9699012138896063,117.39862072491087,2.73415619507432,120.13277691998519
UNSW_2018_IoT_Botnet_Final_10_Best,6q_5k,QVE,linear,3,L3,qiskit_heavy,0.01,6,0,42,0,0.9933333333333333,0.9933944409596461,0.9623117253801959,124.07865140493959,1.9634435661137104,126.0420949710533
UNSW_2018_IoT_Botnet_Final_10_Best,6q_5k,QVE,linear,3,L3,qiskit_heavy,0.01,6,1,123,1,0.9906666666666667,0.9908338607411529,0.9487965468889443,124.87223276495934,1.774497251957655,126.64673001691699
UNSW_2018_IoT_Botnet_Final_10_Best,6q_5k,QVE,linear,3,L3,qiskit_heavy,0.01,6,2,456,2,0.9953333333333333,0.995340603358116,0.9730368435381365,127.16385276708752,1.0498684332706034,128.21372120035812
UNSW_2018_IoT_Botnet_Final_10_Best,6q_5k,QVE,linear,3,L3,qiskit_heavy,0.01,6,3,789,0,0.9946666666666667,0.9946995122365017,0.9695754135797602,125.87613559886813,0.8362667229957879,126.71240232186392
UNSW_2018_IoT_Botnet_Final_10_Best,6q_5k,QVE,linear,3,L3,qiskit_heavy,0.01,6,4,1024,1,0.9926666666666667,0.9927875474438553,0.9597105399310694,116.05802786280401,1.051153965992853,117.10918182879686
UNSW_2018_IoT_Botnet_Final_10_Best,6q_5k,QVE,linear,3,L3,qiskit_heavy,0.01,6,5,2048,2,0.9893333333333333,0.989462690619485,0.9400981017188349,124.55770897888578,0.817667521070689,125.37537649995647
UNSW_2018_IoT_Botnet_Final_10_Best,6q_5k,QVE,linear,3,L3,qiskit_heavy,0.01,6,6,3072,0,0.9973333333333333,0.9973333333333333,0.9845401466624754,127.67413973785006,0.5949096377007663,128.26904937555082
UNSW_2018_IoT_Botnet_Final_10_Best,6q_5k,QVE,linear,3,L3,qiskit_heavy,0.01,6,7,4096,1,0.9953333333333333,0.9953691183391495,0.9735381261938272,127.70844634599052,0.16964390710927546,127.8780902530998
UNSW_2018_IoT_Botnet_Final_10_Best,6q_5k,QVE,linear,3,L3,qiskit_heavy,0.01,6,8,5120,2,0.9953333333333333,0.9953111747219987,0.9727556027114813,127.35204999730922,0.20738076604902744,127.55943076335825
UNSW_2018_IoT_Botnet_Final_10_Best,6q_5k,QVE,linear,3,L3,qiskit_heavy,0.01,6,9,6144,0,0.9913333333333333,0.9914256545516973,0.9511654801328682,124.15116674406454,1.499558306997642,125.65072505106218
UNSW_2018_IoT_Botnet_Final_10_Best,6q_5k,QVE,linear,3,L3,qiskit_heavy,0.01,6,10,7168,1,0.9886666666666667,0.9889488797600561,0.9394431471230669,126.59945795731619,1.7425064840354025,128.3419644413516
UNSW_2018_IoT_Botnet_Final_10_Best,6q_5k,QVE,linear,3,L3,qiskit_heavy,0.01,6,11,8192,2,0.9906666666666667,0.9908602469135802,0.9494372681609102,124.16499808081426,1.7331838060636073,125.89818188687786
UNSW_2018_IoT_Botnet_Final_10_Best,6q_5k,QVE,linear,3,L3,qiskit_heavy,0.01,6,12,9216,0,0.9953333333333333,0.9953549727135846,0.9732609961997113,125.3200540652033,1.354382530786097,126.67443659598939
UNSW_2018_IoT_Botnet_Final_10_Best,6q_5k,QVE,linear,3,L3,qiskit_heavy,0.01,6,13,10240,1,0.9973333333333333,0.9973497561182509,0.9848460011024754,122.54536193795502,1.594116840744391,124.13947877869941
UNSW_2018_IoT_Botnet_Final_10_Best,6q_5k,QVE,linear,3,L3,qiskit_heavy,0.01,6,14,11264,2,0.9893333333333333,0.9895545679012345,0.9420216820227821,117.47394046699628,2.842572361929342,120.31651282892562
UNSW_2018_IoT_Botnet_Final_10_Best,6q_5k,QVE,linear,3,L3,qiskit_heavy,0.01,6,15,12288,0,0.994,0.9940639146896366,0.9662993779870109,125.35808609891683,0.8477989321108907,126.20588503102772
UNSW_2018_IoT_Botnet_Final_10_Best,6q_5k,QVE,linear,3,L3,qiskit_heavy,0.01,6,16,13312,1,0.9966666666666667,0.9966718595415115,0.9807427232544484,123.35484906914644,1.433442214736715,124.78829128388315
UNSW_2018_IoT_Botnet_Final_10_Best,6q_5k,QVE,linear,3,L3,qiskit_heavy,0.01,6,17,14336,2,0.9926666666666667,0.9926780909913253,0.9576250841055127,124.60968751111068,1.0531596690416336,125.66284718015231
UNSW_2018_IoT_Botnet_Final_10_Best,6q_5k,QVE,linear,3,L3,qiskit_heavy,0.01,6,18,15360,0,0.992,0.992120342235727,0.9556986076053618,124.95150152593851,1.409949041903019,126.36145056784153
UNSW_2018_IoT_Botnet_Final_10_Best,6q_5k,QVE,linear,3,L3,qiskit_heavy,0.01,6,19,16384,1,0.9966666666666667,0.9966922273851068,0.9811503949509465,124.25929567310959,1.7669683096464723,126.02626398275606
UNSW_2018_IoT_Botnet_Final_10_Best,6q_5k,QVE,linear,3,L3,qiskit_heavy,0.01,6,20,17408,2,0.9966666666666667,0.9966821233668463,0.9809195639112008,113.17394511401653,2.9406775310635567,116.11462264508009
UNSW_2018_IoT_Botnet_Final_10_Best,6q_5k,QVE,linear,3,L3,qiskit_heavy,0.01,6,21,18432,0,0.9953333333333333,0.9953830447586062,0.9738663269140823,118.83143817493692,2.312166976276785,121.1436051512137
UNSW_2018_IoT_Botnet_Final_10_Best,6q_5k,QVE,linear,3,L3,qiskit_heavy,0.01,6,22,19456,1,0.996,0.9960246341773764,0.9772107073411178,126.4358982029371,1.521601889980957,127.95750009291805
UNSW_2018_IoT_Botnet_Final_10_Best,6q_5k,QVE,linear,3,L3,qiskit_heavy,0.01,6,23,20480,2,0.996,0.9960366645757877,0.9774907023990167,127.71426321822219,0.33336496422998607,128.04762818245217
UNSW_2018_IoT_Botnet_Final_10_Best,6q_5k,QVE,linear,3,L3,qiskit_heavy,0.01,6,24,21504,0,0.9953333333333333,0.9953691183391495,0.9735381261938272,123.53928771498613,2.368571841157973,125.9078595561441
UNSW_2018_IoT_Botnet_Final_10_Best,6q_5k,QVE,linear,3,L3,qiskit_heavy,0.01,6,25,22528,1,0.9946666666666667,0.9947155527677168,0.9699012138896063,125.6720449659042,2.0045357986819,127.6765807645861
UNSW_2018_IoT_Botnet_Final_10_Best,6q_5k,QVE,linear,3,L3,qiskit_heavy,0.01,6,26,23552,2,0.9913333333333333,0.9915008826575236,0.9528300165982294,124.04199135000817,1.8050580858252943,125.84704943583347
UNSW_2018_IoT_Botnet_Final_10_Best,6q_5k,QVE,linear,3,L3,qiskit_heavy,0.01,6,27,24576,0,0.9913333333333333,0.9914256545516973,0.9511654801328682,119.570810578065,2.1792645070236176,121.75007508508861
UNSW_2018_IoT_Botnet_Final_10_Best,6q_5k,QVE,linear,3,L3,qiskit_heavy,0.01,6,28,25600,1,0.992,0.9920970179646138,0.9551873937472581,119.64144939510152,1.8823088316712528,121.52375822677277
UNSW_2018_IoT_Botnet_Final_10_Best,6q_5k,QVE,linear,3,L3,qiskit_heavy,0.01,6,29,26624,2,0.9946666666666667,0.9947155527677168,0.9699012138896063,126.06878032907844,1.1300999708473682,127.1988802999258
UNSW_2018_IoT_Botnet_Final_10_Best,6q_5k,QVE,linear,3,L3,qiskit_heavy,0.02,6,0,42,0,0.9933333333333333,0.9933944409596461,0.9623117253801959,108.0776069057174,2.1185116269625723,110.19611853267998
UNSW_2018_IoT_Botnet_Final_10_Best,6q_5k,QVE,linear,3,L3,qiskit_heavy,0.02,6,1,123,1,0.9893333333333333,0.9895545679012345,0.9420216820227821,117.1559299880173,1.8175898441113532,118.97351983212866
UNSW_2018_IoT_Botnet_Final_10_Best,6q_5k,QVE,linear,3,L3,qiskit_heavy,0.02,6,2,456,2,0.996,0.9960124139626352,0.976983222161292,124.8472836848814,0.7052877428941429,125.55257142777555
UNSW_2018_IoT_Botnet_Final_10_Best,6q_5k,QVE,linear,3,L3,qiskit_heavy,0.02,6,3,789,0,0.9946666666666667,0.9946995122365017,0.9695754135797602,112.23719732486643,2.641603759955615,114.87880108482204
UNSW_2018_IoT_Botnet_Final_10_Best,6q_5k,QVE,linear,3,L3,qiskit_heavy,0.02,6,4,1024,1,0.9906666666666667,0.9908602469135802,0.9494372681609102,124.20922817103565,1.6849925408605486,125.8942207118962
UNSW_2018_IoT_Botnet_Final_10_Best,6q_5k,QVE,linear,3,L3,qiskit_heavy,0.02,6,5,2048,2,0.9886666666666667,0.9888206940484768,0.9366309061969962,125.24049956328236,1.333919420838356,126.57441898412071
UNSW_2018_IoT_Botnet_Final_10_Best,6q_5k,QVE,linear,3,L3,qiskit_heavy,0.02,6,6,3072,0,0.9973333333333333,0.9973333333333333,0.9845401466624754,127.62537283496931,1.232450938783586,128.8578237737529
UNSW_2018_IoT_Botnet_Final_10_Best,6q_5k,QVE,linear,3,L3,qiskit_heavy,0.02,6,7,4096,1,0.9946666666666667,0.9947155527677168,0.9699012138896063,126.81600406719372,1.325864443089813,128.14186851028353
UNSW_2018_IoT_Botnet_Final_10_Best,6q_5k,QVE,linear,3,L3,qiskit_heavy,0.02,6,8,5120,2,0.994,0.9939905786565862,0.9651134343402643,114.25585770281032,2.123699812917039,116.37955751572736
UNSW_2018_IoT_Botnet_Final_10_Best,6q_5k,QVE,linear,3,L3,qiskit_heavy,0.02,6,9,6144,0,0.9906666666666667,0.9907798542920494,0.9476427477330465,113.4503448009491,1.7705243069212884,115.22086910787039
UNSW_2018_IoT_Botnet_Final_10_Best,6q_5k,QVE,linear,3,L3,qiskit_heavy,0.02,6,10,7168,1,0.9873333333333333,0.9876832182649512,0.9329291096914644,125.58722196612507,1.1327754212543368,126.71999738737941
UNSW_2018_IoT_Botnet_Final_10_Best,6q_5k,QVE,linear,3,L3,qiskit_heavy,0.02,6,11,8192,2,0.9886666666666667,0.9889488797600561,0.9394431471230669,122.73923602188006,1.8036259729415178,124.54286199482158
UNSW_2018_IoT_Botnet_Final_10_Best,6q_5k,QVE,linear,3,L3,qiskit_heavy,0.02,6,12,9216,0,0.996,0.9960124139626352,0.976983222161292,116.54205800010823,2.5553747669328004,119.09743276704103
UNSW_2018_IoT_Botnet_Final_10_Best,6q_5k,QVE,linear,3,L3,qiskit_heavy,0.02,6,13,10240,1,0.9966666666666667,0.9966922273851068,0.9811503949509465,126.20436017098837,0.5447924779728055,126.74915264896117
UNSW_2018_IoT_Botnet_Final_10_Best,6q_5k,QVE,linear,3,L3,qiskit_heavy,0.02,6,14,11264,2,0.9893333333333333,0.9895545679012345,0.9420216820227821,124.5278978748247,1.8042239758651704,126.33212185068987
UNSW_2018_IoT_Botnet_Final_10_Best,6q_5k,QVE,linear,3,L3,qiskit_heavy,0.02,6,15,12288,0,0.9933333333333333,0.9934141816371781,0.9627320397614697,126.11694417684339,1.0743031189776957,127.19124729582109
UNSW_2018_IoT_Botnet_Final_10_Best,6q_5k,QVE,linear,3,L3,qiskit_heavy,0.02,6,16,13312,1,0.996,0.9960124139626352,0.976983222161292,123.7504242209252,2.0616466940846294,125.81207091500983
UNSW_2018_IoT_Botnet_Final_10_Best,6q_5k,QVE,linear,3,L3,qiskit_heavy,0.02,6,17,14336,2,0.992,0.9920248279252704,0.9539369374668993,118.17844034195878,1.832366299116984,120.01080664107576
UNSW_2018_IoT_Botnet_Final_10_Best,6q_5k,QVE,linear,3,L3,qiskit_heavy,0.02,6,18,15360,0,0.992,0.992120342235727,0.9556986076053618,120.72271917108446,2.5812701529357582,123.30398932402022
UNSW_2018_IoT_Botnet_Final_10_Best,6q_5k,QVE,linear,3,L3,qiskit_heavy,0.02,6,19,16384,1,0.996,0.9960366645757877,0.9774907023990167,125.38723070523702,1.3339983958285302,126.72122910106555
UNSW_2018_IoT_Botnet_Final_10_Best,6q_5k,QVE,linear,3,L3,qiskit_heavy,0.02,6,20,17408,2,0.9926666666666667,0.992766331443132,0.9591986337991384,125.49250448704697,0.897764784982428,126.3902692720294
UNSW_2018_IoT_Botnet_Final_10_Best,6q_5k,QVE,linear,3,L3,qiskit_heavy,0.02,6,21,18432,0,0.9926666666666667,0.992766331443132,0.9591986337991384,125.72351987706497,1.4401532940100878,127.16367317107506
UNSW_2018_IoT_Botnet_Final_10_Best,6q_5k,QVE,linear,3,L3,qiskit_heavy,0.02,6,22,19456,1,0.992,0.992120342235727,0.9556986076053618,113.99976317188703,2.780932464869693,116.78069563675672
UNSW_2018_IoT_Botnet_Final_10_Best,6q_5k,QVE,linear,3,L3,qiskit_heavy,0.02,6,23,20480,2,0.996,0.9960366645757877,0.9774907023990167,123.50062911794521,1.285231894813478,124.78586101275869
UNSW_2018_IoT_Botnet_Final_10_Best,6q_5k,QVE,linear,3,L3,qiskit_heavy,0.02,6,24,21504,0,0.9933333333333333,0.9934141816371781,0.9627320397614697,126.10253795608878,1.052633757935837,127.15517171402462
UNSW_2018_IoT_Botnet_Final_10_Best,6q_5k,QVE,linear,3,L3,qiskit_heavy,0.02,6,25,22528,1,0.9933333333333333,0.9934141816371781,0.9627320397614697,124.56717381696217,1.5430235469248146,126.11019736388698
UNSW_2018_IoT_Botnet_Final_10_Best,6q_5k,QVE,linear,3,L3,qiskit_heavy,0.02,6,26,23552,2,0.9913333333333333,0.9915008826575236,0.9528300165982294,122.95793941104785,1.9681887121405452,124.92612812318839
UNSW_2018_IoT_Botnet_Final_10_Best,6q_5k,QVE,linear,3,L3,qiskit_heavy,0.02,6,27,24576,0,0.9893333333333333,0.9894937896476357,0.9406971382596799,120.65613347594626,2.424782605143264,123.08091608108953
UNSW_2018_IoT_Botnet_Final_10_Best,6q_5k,QVE,linear,3,L3,qiskit_heavy,0.02,6,28,25600,1,0.9913333333333333,0.991451118978247,0.9516760579317576,119.48471080581658,2.621528779854998,122.10623958567157
UNSW_2018_IoT_Botnet_Final_10_Best,6q_5k,QVE,linear,3,L3,qiskit_heavy,0.02,6,29,26624,2,0.9933333333333333,0.9934141816371781,0.9627320397614697,124.01553111081012,0.7012908980250359,124.71682200883515
UNSW_2018_IoT_Botnet_Final_10_Best,6q_5k,QVE,linear,3,L3,qiskit_heavy,0.05,6,0,42,0,0.9893333333333333,0.9895545679012345,0.9420216820227821,125.47683438519016,1.2842515057418495,126.76108589093201
UNSW_2018_IoT_Botnet_Final_10_Best,6q_5k,QVE,linear,3,L3,qiskit_heavy,0.05,6,1,123,1,0.986,0.9863867149244199,0.9256152310053072,114.94057436101139,2.3395421602763236,117.28011652128771
UNSW_2018_IoT_Botnet_Final_10_Best,6q_5k,QVE,linear,3,L3,qiskit_heavy,0.05,6,2,456,2,0.992,0.9920970179646138,0.9551873937472581,122.9150478548836,1.3466679381672293,124.26171579305083
UNSW_2018_IoT_Botnet_Final_10_Best,6q_5k,QVE,linear,3,L3,qiskit_heavy,0.05,6,3,789,0,0.9866666666666667,0.9870168931230153,0.928837746638773,124.68904533307068,1.5603463149163872,126.24939164798707
UNSW_2018_IoT_Botnet_Final_10_Best,6q_5k,QVE,linear,3,L3,qiskit_heavy,0.05,6,4,1024,1,0.9886666666666667,0.9889488797600561,0.9394431471230669,114.94211037526838,1.3587412359192967,116.30085161118768
UNSW_2018_IoT_Botnet_Final_10_Best,6q_5k,QVE,linear,3,L3,qiskit_heavy,0.05,6,5,2048,2,0.9853333333333333,0.9856375308641976,0.9197749236083979,125.73581243492663,1.010298629058525,126.74611106398515
UNSW_2018_IoT_Botnet_Final_10_Best,6q_5k,QVE,linear,3,L3,qiskit_heavy,0.05,6,6,3072,0,0.9893333333333333,0.9895244122756032,0.941338822570379,125.04708085604943,1.069885766832158,126.11696662288159
UNSW_2018_IoT_Botnet_Final_10_Best,6q_5k,QVE,linear,3,L3,qiskit_heavy,0.05,6,7,4096,1,0.9893333333333333,0.9895545679012345,0.9420216820227821,124.99368691910058,1.3412093890365213,126.3348963081371
UNSW_2018_IoT_Botnet_Final_10_Best,6q_5k,QVE,linear,3,L3,qiskit_heavy,0.05,6,8,5120,2,0.9853333333333333,0.9856375308641976,0.9197749236083979,118.16571861878037,2.3968858330044895,120.56260445178486
UNSW_2018_IoT_Botnet_Final_10_Best,6q_5k,QVE,linear,3,L3,qiskit_heavy,0.05,6,9,6144,0,0.9886666666666667,0.9888857696290692,0.9379569206847955,127.03300580685027,0.8990420599002391,127.93204786675051
UNSW_2018_IoT_Botnet_Final_10_Best,6q_5k,QVE,linear,3,L3,qiskit_heavy,0.05,6,10,7168,1,0.9833333333333333,0.983793708243357,0.9109874736329928,108.96792850410566,2.2454079331364483,111.2133364372421
UNSW_2018_IoT_Botnet_Final_10_Best,6q_5k,QVE,linear,3,L3,qiskit_heavy,0.05,6,11,8192,2,0.986,0.9864242413979541,0.9265298167372109,126.76492421189323,1.5534490270074457,128.31837323890068
UNSW_2018_IoT_Botnet_Final_10_Best,6q_5k,QVE,linear,3,L3,qiskit_heavy,0.05,6,12,9216,0,0.986,0.9863486161741869,0.9247352385468786,127.26889233989641,1.7114403292071074,128.98033266910352
UNSW_2018_IoT_Botnet_Final_10_Best,6q_5k,QVE,linear,3,L3,qiskit_heavy,0.05,6,13,10240,1,0.9873333333333333,0.9876832182649512,0.9329291096914644,128.189668612089,1.2731110609602183,129.46277967304923
UNSW_2018_IoT_Botnet_Final_10_Best,6q_5k,QVE,linear,3,L3,qiskit_heavy,0.05,6,14,11264,2,0.9833333333333333,0.9838823887367577,0.9130057732855846,121.40005603712052,2.403573420830071,123.80362945795059
UNSW_2018_IoT_Botnet_Final_10_Best,6q_5k,QVE,linear,3,L3,qiskit_heavy,0.05,6,15,12288,0,0.988,0.988248888888889,0.934606095884654,126.05562614207156,1.1267188326455653,127.18234497471713
UNSW_2018_IoT_Botnet_Final_10_Best,6q_5k,QVE,linear,3,L3,qiskit_heavy,0.05,6,16,13312,1,0.9873333333333333,0.9875054815835919,0.9291083303296155,114.66030048509128,2.231654103146866,116.89195458823815
UNSW_2018_IoT_Botnet_Final_10_Best,6q_5k,QVE,linear,3,L3,qiskit_heavy,0.05,6,17,14336,2,0.99,0.990164837423439,0.9447523025231931,125.23036000016145,1.3907378502190113,126.62109785038047
UNSW_2018_IoT_Botnet_Final_10_Best,6q_5k,QVE,linear,3,L3,qiskit_heavy,0.05,6,18,15360,0,0.9866666666666667,0.9870168931230153,0.928837746638773,127.11881686304696,0.8467646611388773,127.96558152418584
UNSW_2018_IoT_Botnet_Final_10_Best,6q_5k,QVE,linear,3,L3,qiskit_heavy,0.05,6,19,16384,1,0.9893333333333333,0.9895545679012345,0.9420216820227821,125.91809280402958,1.5172716998495162,127.4353645038791
UNSW_2018_IoT_Botnet_Final_10_Best,6q_5k,QVE,linear,3,L3,qiskit_heavy,0.05,6,20,17408,2,0.9906666666666667,0.9908338607411529,0.9487965468889443,115.0811048229225,2.406579772941768,117.48768459586427
UNSW_2018_IoT_Botnet_Final_10_Best,6q_5k,QVE,linear,3,L3,qiskit_heavy,0.05,6,21,18432,0,0.99,0.9901933261432965,0.9453934686415124,125.06529065407813,1.5985999756958336,126.66389062977396
UNSW_2018_IoT_Botnet_Final_10_Best,6q_5k,QVE,linear,3,L3,qiskit_heavy,0.05,6,22,19456,1,0.9846666666666667,0.9849631000863879,0.9156472768146446,112.6996391469147,3.3426820600870997,116.0423212070018
UNSW_2018_IoT_Botnet_Final_10_Best,6q_5k,QVE,linear,3,L3,qiskit_heavy,0.05,6,23,20480,2,0.9893333333333333,0.9895842656730438,0.9427443139024599,126.29491003812291,1.6541233120951802,127.94903335021809
UNSW_2018_IoT_Botnet_Final_10_Best,6q_5k,QVE,linear,3,L3,qiskit_heavy,0.05,6,24,21504,0,0.9933333333333333,0.9934336185297723,0.9631993422782028,125.28654781216756,1.3378510088659823,126.62439882103354
UNSW_2018_IoT_Botnet_Final_10_Best,6q_5k,QVE,linear,3,L3,qiskit_heavy,0.05,6,25,22528,1,0.9913333333333333,0.9914256545516973,0.9511654801328682,117.0053729780484,2.4433307831641287,119.44870376121253
UNSW_2018_IoT_Botnet_Final_10_Best,6q_5k,QVE,linear,3,L3,qiskit_heavy,0.05,6,26,23552,2,0.9866666666666667,0.9870529038143345,0.9297153391356787,111.47173156193458,3.0472276478540152,114.51895920978859
UNSW_2018_IoT_Botnet_Final_10_Best,6q_5k,QVE,linear,3,L3,qiskit_heavy,0.05,6,27,24576,0,0.9893333333333333,0.9895244122756032,0.941338822570379,124.43807322299108,1.2210259661078453,125.65909918909892
UNSW_2018_IoT_Botnet_Final_10_Best,6q_5k,QVE,linear,3,L3,qiskit_heavy,0.05,6,28,25600,1,0.986,0.9863486161741869,0.9247352385468786,116.13875490287319,2.8704200631473213,119.00917496602051
UNSW_2018_IoT_Botnet_Final_10_Best,6q_5k,QVE,linear,3,L3,qiskit_heavy,0.05,6,29,26624,2,0.988,0.988248888888889,0.934606095884654,117.13494361378253,1.558949570870027,118.69389318465255
UNSW_2018_IoT_Botnet_Final_10_Best,6q_5k,QWE,linear,0,L0,baseline_unoptimized,0.0,6,0,42,0,0.9973333333333333,0.9973249254980052,0.9844726035127892,471.937873093877,8.735530730802566,480.67340382467955
UNSW_2018_IoT_Botnet_Final_10_Best,6q_5k,QWE,linear,0,L0,baseline_unoptimized,0.0,6,1,123,1,0.9946666666666667,0.9946995122365017,0.9695754135797602,487.3631239850074,9.356101755285636,496.71922574029304
UNSW_2018_IoT_Botnet_Final_10_Best,6q_5k,QWE,linear,0,L0,baseline_unoptimized,0.0,6,2,456,2,0.996,0.996,0.976810219993713,489.86948715988547,7.321308144368231,497.1907953042537
UNSW_2018_IoT_Botnet_Final_10_Best,6q_5k,QWE,linear,0,L0,baseline_unoptimized,0.0,6,3,789,0,0.996,0.996,0.976810219993713,464.41763358958997,8.665061191190034,473.08269478078
UNSW_2018_IoT_Botnet_Final_10_Best,6q_5k,QWE,linear,0,L0,baseline_unoptimized,0.0,6,4,1024,1,0.992,0.9920970179646138,0.9551873937472581,488.0059365662746,6.1607354818843305,494.16667204815894
UNSW_2018_IoT_Botnet_Final_10_Best,6q_5k,QWE,linear,0,L0,baseline_unoptimized,0.0,6,5,2048,2,0.9913333333333333,0.9913197247261799,0.9496049536016182,483.2616133049596,10.18745765578933,493.44907096074894
UNSW_2018_IoT_Botnet_Final_10_Best,6q_5k,QWE,linear,0,L0,baseline_unoptimized,0.0,6,6,3072,0,0.996,0.9959615546218488,0.9766394448969591,485.9294873531908,6.841097945580259,492.77058529877104
UNSW_2018_IoT_Botnet_Final_10_Best,6q_5k,QWE,linear,0,L0,baseline_unoptimized,0.0,6,7,4096,1,0.9953333333333333,0.9953260056217893,0.9728676747095873,463.82795290020294,8.855969571741298,472.68392247194424
UNSW_2018_IoT_Botnet_Final_10_Best,6q_5k,QWE,linear,0,L0,baseline_unoptimized,0.0,6,8,5120,2,0.9946666666666667,0.9946327660618205,0.9688072542805272,481.20828996016644,9.446483513806015,490.65477347397245
UNSW_2018_IoT_Botnet_Final_10_Best,6q_5k,QWE,linear,0,L0,baseline_unoptimized,0.0,6,9,6144,0,0.9966666666666667,0.9966508390871419,0.9805592897585838,488.0121228408534,6.409845971036702,494.4219688118901
UNSW_2018_IoT_Botnet_Final_10_Best,6q_5k,QWE,linear,0,L0,baseline_unoptimized,0.0,6,10,7168,1,0.998,0.9980092740201078,0.9885781316226904,487.60061707906425,6.34624824905768,493.94686532812193
UNSW_2018_IoT_Botnet_Final_10_Best,6q_5k,QWE,linear,0,L0,baseline_unoptimized,0.0,6,11,8192,2,0.9933333333333333,0.9933333333333333,0.9613503666561883,455.44860545825213,7.732545804232359,463.1811512624845
UNSW_2018_IoT_Botnet_Final_10_Best,6q_5k,QWE,linear,0,L0,baseline_unoptimized,0.0,6,12,9216,0,0.994,0.9939521359511754,0.9648485951552902,472.73800625209697,8.947421060875058,481.685427312972
UNSW_2018_IoT_Botnet_Final_10_Best,6q_5k,QWE,linear,0,L0,baseline_unoptimized,0.0,6,13,10240,1,0.9973333333333333,0.9973249254980052,0.9844726035127892,491.49058585078456,8.04842095519416,499.5390068059787
UNSW_2018_IoT_Botnet_Final_10_Best,6q_5k,QWE,linear,0,L0,baseline_unoptimized,0.0,6,14,11264,2,0.9906666666666667,0.9908070659416813,0.9481978729325209,488.293883344857,9.34669679729268,497.6405801421497
UNSW_2018_IoT_Botnet_Final_10_Best,6q_5k,QWE,linear,0,L0,baseline_unoptimized,0.0,6,15,12288,0,0.994,0.9940093471747208,0.9653309638218246,471.4227826669812,9.234669061144814,480.65745172812603
UNSW_2018_IoT_Botnet_Final_10_Best,6q_5k,QWE,linear,0,L0,baseline_unoptimized,0.0,6,16,13312,1,0.9973333333333333,0.9973249254980052,0.9844726035127892,488.90686073503457,7.626967145130038,496.5338278801646
UNSW_2018_IoT_Botnet_Final_10_Best,6q_5k,QWE,linear,0,L0,baseline_unoptimized,0.0,6,17,14336,2,0.9906666666666667,0.9906372392430184,0.9455784757803349,484.65326141309924,10.111992954509333,494.7652543676086
UNSW_2018_IoT_Botnet_Final_10_Best,6q_5k,QWE,linear,0,L0,baseline_unoptimized,0.0,6,18,15360,0,0.9946666666666667,0.9946995122365017,0.9695754135797602,485.0472113150172,8.978815634036437,494.02602694905363
UNSW_2018_IoT_Botnet_Final_10_Best,6q_5k,QWE,linear,0,L0,baseline_unoptimized,0.0,6,19,16384,1,0.998,0.9979968595521955,0.9883761554482334,487.4690806439612,6.530517797917128,493.99959844187833
UNSW_2018_IoT_Botnet_Final_10_Best,6q_5k,QWE,linear,0,L0,baseline_unoptimized,0.0,6,20,17408,2,0.9953333333333333,0.9953260056217893,0.9728676747095873,467.92587147303857,8.716402516001835,476.6422739890404
UNSW_2018_IoT_Botnet_Final_10_Best,6q_5k,QWE,linear,0,L0,baseline_unoptimized,0.0,6,21,18432,0,0.9953333333333333,0.9953691183391495,0.9735381261938272,480.0593783836812,6.888945354614407,486.9483237382956
UNSW_2018_IoT_Botnet_Final_10_Best,6q_5k,QWE,linear,0,L0,baseline_unoptimized,0.0,6,22,19456,1,0.994,0.9940093471747208,0.9653309638218246,481.25643345015123,6.3991697411984205,487.65560319134966
UNSW_2018_IoT_Botnet_Final_10_Best,6q_5k,QWE,linear,0,L0,baseline_unoptimized,0.0,6,23,20480,2,0.9966666666666667,0.9966922273851068,0.9811503949509465,450.0279408749193,7.7552557359449565,457.78319661086425
UNSW_2018_IoT_Botnet_Final_10_Best,6q_5k,QWE,linear,0,L0,baseline_unoptimized,0.0,6,24,21504,0,0.9966666666666667,0.9966614325869924,0.9806219150789104,481.0664404120762,7.605648495722562,488.67208890779875
UNSW_2018_IoT_Botnet_Final_10_Best,6q_5k,QWE,linear,0,L0,baseline_unoptimized,0.0,6,25,22528,1,0.996,0.9959745745463654,0.9766360841206913,451.99711816292256,8.152347340248525,460.1494655031711
UNSW_2018_IoT_Botnet_Final_10_Best,6q_5k,QWE,linear,0,L0,baseline_unoptimized,0.0,6,26,23552,2,0.9966666666666667,0.9966922273851068,0.9811503949509465,481.43491335748695,6.7790123608428985,488.21392571832985
UNSW_2018_IoT_Botnet_Final_10_Best,6q_5k,QWE,linear,0,L0,baseline_unoptimized,0.0,6,27,24576,0,0.994,0.9940278220603231,0.9656024284882216,477.5658820143435,8.7896011560224,486.3554831703659
UNSW_2018_IoT_Botnet_Final_10_Best,6q_5k,QWE,linear,0,L0,baseline_unoptimized,0.0,6,28,25600,1,0.994,0.9940278220603231,0.9656024284882216,478.9438836197369,8.133100779959932,487.0769843996968
UNSW_2018_IoT_Botnet_Final_10_Best,6q_5k,QWE,linear,0,L0,baseline_unoptimized,0.0,6,29,26624,2,0.9953333333333333,0.9953549727135846,0.9732609961997113,478.07942603179254,7.563843199051917,485.64326923084445
UNSW_2018_IoT_Botnet_Final_10_Best,6q_5k,QWE,linear,0,L0,baseline_unoptimized,0.0003,6,0,42,0,0.9973333333333333,0.9973249254980052,0.9844726035127892,245.56062018498778,2.9641600733157247,248.5247802583035
UNSW_2018_IoT_Botnet_Final_10_Best,6q_5k,QWE,linear,0,L0,baseline_unoptimized,0.0003,6,1,123,1,0.9946666666666667,0.9946995122365017,0.9695754135797602,243.36631125514396,4.4142428818158805,247.78055413695984
UNSW_2018_IoT_Botnet_Final_10_Best,6q_5k,QWE,linear,0,L0,baseline_unoptimized,0.0003,6,2,456,2,0.996,0.996,0.976810219993713,223.58228865405545,5.307227438315749,228.8895160923712
UNSW_2018_IoT_Botnet_Final_10_Best,6q_5k,QWE,linear,0,L0,baseline_unoptimized,0.0003,6,3,789,0,0.996,0.996,0.976810219993713,247.78548848303035,1.915087727829814,249.70057621086016
UNSW_2018_IoT_Botnet_Final_10_Best,6q_5k,QWE,linear,0,L0,baseline_unoptimized,0.0003,6,4,1024,1,0.992,0.9920970179646138,0.9551873937472581,193.80935905314982,4.21971853915602,198.02907759230584
UNSW_2018_IoT_Botnet_Final_10_Best,6q_5k,QWE,linear,0,L0,baseline_unoptimized,0.0003,6,5,2048,2,0.9913333333333333,0.9913197247261799,0.9496049536016182,243.88097569998354,3.8814958862494677,247.762471586233
UNSW_2018_IoT_Botnet_Final_10_Best,6q_5k,QWE,linear,0,L0,baseline_unoptimized,0.0003,6,6,3072,0,0.996,0.9959615546218488,0.9766394448969591,241.35438425000757,2.9006764290388674,244.25506067904644
UNSW_2018_IoT_Botnet_Final_10_Best,6q_5k,QWE,linear,0,L0,baseline_unoptimized,0.0003,6,7,4096,1,0.996,0.996,0.976810219993713,233.78541627293453,3.8410689048469067,237.62648517778143
UNSW_2018_IoT_Botnet_Final_10_Best,6q_5k,QWE,linear,0,L0,baseline_unoptimized,0.0003,6,8,5120,2,0.9946666666666667,0.9946327660618205,0.9688072542805272,245.3683298546821,2.601558586815372,247.96988844149746
UNSW_2018_IoT_Botnet_Final_10_Best,6q_5k,QWE,linear,0,L0,baseline_unoptimized,0.0003,6,9,6144,0,0.9966666666666667,0.9966508390871419,0.9805592897585838,222.6044601467438,3.6616208504419774,226.26608099718578
UNSW_2018_IoT_Botnet_Final_10_Best,6q_5k,QWE,linear,0,L0,baseline_unoptimized,0.0003,6,10,7168,1,0.9973333333333333,0.9973497561182509,0.9848460011024754,243.54761146125384,4.030671454267576,247.5782829155214
UNSW_2018_IoT_Botnet_Final_10_Best,6q_5k,QWE,linear,0,L0,baseline_unoptimized,0.0003,6,11,8192,2,0.9933333333333333,0.9933333333333333,0.9613503666561883,242.80543506680988,4.062674306100234,246.8681093729101
UNSW_2018_IoT_Botnet_Final_10_Best,6q_5k,QWE,linear,0,L0,baseline_unoptimized,0.0003,6,12,9216,0,0.994,0.9939521359511754,0.9648485951552902,218.66093115811236,3.559429066022858,222.22036022413522
UNSW_2018_IoT_Botnet_Final_10_Best,6q_5k,QWE,linear,0,L0,baseline_unoptimized,0.0003,6,13,10240,1,0.9973333333333333,0.9973249254980052,0.9844726035127892,246.65247654984705,3.5550176717806607,250.2074942216277
UNSW_2018_IoT_Botnet_Final_10_Best,6q_5k,QWE,linear,0,L0,baseline_unoptimized,0.0003,6,14,11264,2,0.9906666666666667,0.9908070659416813,0.9481978729325209,249.35856779804453,2.658271453808993,252.01683925185353
UNSW_2018_IoT_Botnet_Final_10_Best,6q_5k,QWE,linear,0,L0,baseline_unoptimized,0.0003,6,15,12288,0,0.994,0.9940093471747208,0.9653309638218246,246.64279823354445,3.4243734679184854,250.06717170146294
UNSW_2018_IoT_Botnet_Final_10_Best,6q_5k,QWE,linear,0,L0,baseline_unoptimized,0.0003,6,16,13312,1,0.9973333333333333,0.9973249254980052,0.9844726035127892,226.16488900384866,4.8599531524814665,231.02484215633012
UNSW_2018_IoT_Botnet_Final_10_Best,6q_5k,QWE,linear,0,L0,baseline_unoptimized,0.0003,6,17,14336,2,0.9906666666666667,0.9906372392430184,0.9455784757803349,242.83745827991515,3.564015276962891,246.40147355687805
UNSW_2018_IoT_Botnet_Final_10_Best,6q_5k,QWE,linear,0,L0,baseline_unoptimized,0.0003,6,18,15360,0,0.9953333333333333,0.9953549727135846,0.9732609961997113,245.7841895208694,3.2300743700470775,249.01426389091648
UNSW_2018_IoT_Botnet_Final_10_Best,6q_5k,QWE,linear,0,L0,baseline_unoptimized,0.0003,6,19,16384,1,0.998,0.9979968595521955,0.9883761554482334,228.2546377517283,4.746000076178461,233.00063782790676
UNSW_2018_IoT_Botnet_Final_10_Best,6q_5k,QWE,linear,0,L0,baseline_unoptimized,0.0003,6,20,17408,2,0.9953333333333333,0.9953260056217893,0.9728676747095873,244.09172785258852,4.696374285034835,248.78810213762335
UNSW_2018_IoT_Botnet_Final_10_Best,6q_5k,QWE,linear,0,L0,baseline_unoptimized,0.0003,6,21,18432,0,0.9953333333333333,0.9953691183391495,0.9735381261938272,245.15841912454925,3.4091753899119794,248.56759451446123
UNSW_2018_IoT_Botnet_Final_10_Best,6q_5k,QWE,linear,0,L0,baseline_unoptimized,0.0003,6,22,19456,1,0.994,0.9940093471747208,0.9653309638218246,206.0007869831752,4.690521521726623,210.69130850490183
UNSW_2018_IoT_Botnet_Final_10_Best,6q_5k,QWE,linear,0,L0,baseline_unoptimized,0.0003,6,23,20480,2,0.9966666666666667,0.9966922273851068,0.9811503949509465,246.38768990989774,2.1524887767154723,248.54017868661322
UNSW_2018_IoT_Botnet_Final_10_Best,6q_5k,QWE,linear,0,L0,baseline_unoptimized,0.0003,6,24,21504,0,0.9966666666666667,0.9966614325869924,0.9806219150789104,249.5600312477909,4.226197339827195,253.7862285876181
UNSW_2018_IoT_Botnet_Final_10_Best,6q_5k,QWE,linear,0,L0,baseline_unoptimized,0.0003,6,25,22528,1,0.9966666666666667,0.9966508390871419,0.9805592897585838,245.32366910763085,3.8913522250950336,249.21502133272588
UNSW_2018_IoT_Botnet_Final_10_Best,6q_5k,QWE,linear,0,L0,baseline_unoptimized,0.0003,6,26,23552,2,0.9966666666666667,0.9966922273851068,0.9811503949509465,232.6830198469106,6.593549774959683,239.2765696218703
UNSW_2018_IoT_Botnet_Final_10_Best,6q_5k,QWE,linear,0,L0,baseline_unoptimized,0.0003,6,27,24576,0,0.994,0.9940278220603231,0.9656024284882216,247.05001782393083,3.058807416819036,250.10882524074987
UNSW_2018_IoT_Botnet_Final_10_Best,6q_5k,QWE,linear,0,L0,baseline_unoptimized,0.0003,6,28,25600,1,0.994,0.9940278220603231,0.9656024284882216,230.81639019190334,3.2248192420229316,234.04120943392627
UNSW_2018_IoT_Botnet_Final_10_Best,6q_5k,QWE,linear,0,L0,baseline_unoptimized,0.0003,6,29,26624,2,0.9953333333333333,0.9953549727135846,0.9732609961997113,238.40843123034574,4.401598792755976,242.81003002310172
UNSW_2018_IoT_Botnet_Final_10_Best,6q_5k,QWE,linear,0,L0,baseline_unoptimized,0.0005,6,0,42,0,0.9973333333333333,0.9973249254980052,0.9844726035127892,247.56540981400758,4.503963962197304,252.06937377620488
UNSW_2018_IoT_Botnet_Final_10_Best,6q_5k,QWE,linear,0,L0,baseline_unoptimized,0.0005,6,1,123,1,0.9946666666666667,0.9946995122365017,0.9695754135797602,237.01382211013697,5.604865673463792,242.61868778360076
UNSW_2018_IoT_Botnet_Final_10_Best,6q_5k,QWE,linear,0,L0,baseline_unoptimized,0.0005,6,2,456,2,0.996,0.996,0.976810219993713,230.67036414332688,5.213148366194218,235.8835125095211
UNSW_2018_IoT_Botnet_Final_10_Best,6q_5k,QWE,linear,0,L0,baseline_unoptimized,0.0005,6,3,789,0,0.996,0.996,0.976810219993713,245.79886957700364,4.358949802815914,250.15781937981956
UNSW_2018_IoT_Botnet_Final_10_Best,6q_5k,QWE,linear,0,L0,baseline_unoptimized,0.0005,6,4,1024,1,0.992,0.9920970179646138,0.9551873937472581,247.03482789290138,3.400790232932195,250.43561812583357
UNSW_2018_IoT_Botnet_Final_10_Best,6q_5k,QWE,linear,0,L0,baseline_unoptimized,0.0005,6,5,2048,2,0.9913333333333333,0.9913197247261799,0.9496049536016182,210.81608496885747,5.293604421894997,216.10968939075246
UNSW_2018_IoT_Botnet_Final_10_Best,6q_5k,QWE,linear,0,L0,baseline_unoptimized,0.0005,6,6,3072,0,0.996,0.9959615546218488,0.9766394448969591,231.80630098329857,3.188159719808027,234.9944607031066
UNSW_2018_IoT_Botnet_Final_10_Best,6q_5k,QWE,linear,0,L0,baseline_unoptimized,0.0005,6,7,4096,1,0.996,0.996,0.976810219993713,227.76873255474493,4.2452750850934535,232.01400763983838
UNSW_2018_IoT_Botnet_Final_10_Best,6q_5k,QWE,linear,0,L0,baseline_unoptimized,0.0005,6,8,5120,2,0.9946666666666667,0.9946327660618205,0.9688072542805272,244.97537851706147,4.181783416075632,249.1571619331371
UNSW_2018_IoT_Botnet_Final_10_Best,6q_5k,QWE,linear,0,L0,baseline_unoptimized,0.0005,6,9,6144,0,0.9966666666666667,0.9966508390871419,0.9805592897585838,216.7393781680148,5.748218804830685,222.4875969728455
UNSW_2018_IoT_Botnet_Final_10_Best,6q_5k,QWE,linear,0,L0,baseline_unoptimized,0.0005,6,10,7168,1,0.9973333333333333,0.9973497561182509,0.9848460011024754,246.10211359383538,2.905517020029947,249.00763061386533
UNSW_2018_IoT_Botnet_Final_10_Best,6q_5k,QWE,linear,0,L0,baseline_unoptimized,0.0005,6,11,8192,2,0.9933333333333333,0.9933333333333333,0.9613503666561883,245.41399165801704,4.055373476119712,249.46936513413675
UNSW_2018_IoT_Botnet_Final_10_Best,6q_5k,QWE,linear,0,L0,baseline_unoptimized,0.0005,6,12,9216,0,0.994,0.9939521359511754,0.9648485951552902,237.57255540392362,4.4268641620874405,241.99941956601106
UNSW_2018_IoT_Botnet_Final_10_Best,6q_5k,QWE,linear,0,L0,baseline_unoptimized,0.0005,6,13,10240,1,0.9973333333333333,0.9973249254980052,0.9844726035127892,249.68579709599726,3.9196461201645434,253.6054432161618
UNSW_2018_IoT_Botnet_Final_10_Best,6q_5k,QWE,linear,0,L0,baseline_unoptimized,0.0005,6,14,11264,2,0.9906666666666667,0.9908070659416813,0.9481978729325209,250.74572317721322,3.900326441973448,254.64604961918667
UNSW_2018_IoT_Botnet_Final_10_Best,6q_5k,QWE,linear,0,L0,baseline_unoptimized,0.0005,6,15,12288,0,0.994,0.9940093471747208,0.9653309638218246,225.4453235710971,4.519484790042043,229.96480836113915
UNSW_2018_IoT_Botnet_Final_10_Best,6q_5k,QWE,linear,0,L0,baseline_unoptimized,0.0005,6,16,13312,1,0.9973333333333333,0.9973249254980052,0.9844726035127892,244.72396310814656,2.901250559138134,247.6252136672847
UNSW_2018_IoT_Botnet_Final_10_Best,6q_5k,QWE,linear,0,L0,baseline_unoptimized,0.0005,6,17,14336,2,0.9906666666666667,0.9906372392430184,0.9455784757803349,239.11628827732056,4.168675321852788,243.28496359917335
UNSW_2018_IoT_Botnet_Final_10_Best,6q_5k,QWE,linear,0,L0,baseline_unoptimized,0.0005,6,18,15360,0,0.9953333333333333,0.9953549727135846,0.9732609961997113,229.56297121872194,5.631913296878338,235.19488451560028
UNSW_2018_IoT_Botnet_Final_10_Best,6q_5k,QWE,linear,0,L0,baseline_unoptimized,0.0005,6,19,16384,1,0.998,0.9979968595521955,0.9883761554482334,245.0836340696551,4.515148607082665,249.59878267673776
UNSW_2018_IoT_Botnet_Final_10_Best,6q_5k,QWE,linear,0,L0,baseline_unoptimized,0.0005,6,20,17408,2,0.9953333333333333,0.9953260056217893,0.9728676747095873,245.26130394893698,4.166816278593615,249.4281202275306
UNSW_2018_IoT_Botnet_Final_10_Best,6q_5k,QWE,linear,0,L0,baseline_unoptimized,0.0005,6,21,18432,0,0.9953333333333333,0.9953691183391495,0.9735381261938272,245.06384673784487,3.7911175107583404,248.8549642486032
UNSW_2018_IoT_Botnet_Final_10_Best,6q_5k,QWE,linear,0,L0,baseline_unoptimized,0.0005,6,22,19456,1,0.994,0.9940093471747208,0.9653309638218246,231.86613016296178,4.518116886727512,236.3842470496893
UNSW_2018_IoT_Botnet_Final_10_Best,6q_5k,QWE,linear,0,L0,baseline_unoptimized,0.0005,6,23,20480,2,0.9966666666666667,0.9966922273851068,0.9811503949509465,247.56340058264323,3.30727620748803,250.87067679013126
UNSW_2018_IoT_Botnet_Final_10_Best,6q_5k,QWE,linear,0,L0,baseline_unoptimized,0.0005,6,24,21504,0,0.9966666666666667,0.9966614325869924,0.9806219150789104,239.31127541395836,3.028940428979695,242.34021584293805
UNSW_2018_IoT_Botnet_Final_10_Best,6q_5k,QWE,linear,0,L0,baseline_unoptimized,0.0005,6,25,22528,1,0.9966666666666667,0.9966508390871419,0.9805592897585838,246.73488389793783,2.5510462790261954,249.28593017696403
UNSW_2018_IoT_Botnet_Final_10_Best,6q_5k,QWE,linear,0,L0,baseline_unoptimized,0.0005,6,26,23552,2,0.9966666666666667,0.9966922273851068,0.9811503949509465,235.06072787870653,5.912739433115348,240.97346731182188
UNSW_2018_IoT_Botnet_Final_10_Best,6q_5k,QWE,linear,0,L0,baseline_unoptimized,0.0005,6,27,24576,0,0.994,0.9940278220603231,0.9656024284882216,234.88607874093577,4.056402555899695,238.94248129683547
UNSW_2018_IoT_Botnet_Final_10_Best,6q_5k,QWE,linear,0,L0,baseline_unoptimized,0.0005,6,28,25600,1,0.994,0.9940278220603231,0.9656024284882216,245.81763361487538,4.44229452800937,250.25992814288475
UNSW_2018_IoT_Botnet_Final_10_Best,6q_5k,QWE,linear,0,L0,baseline_unoptimized,0.0005,6,29,26624,2,0.9953333333333333,0.9953549727135846,0.9732609961997113,241.88932177098468,4.833679428091273,246.72300119907595
UNSW_2018_IoT_Botnet_Final_10_Best,6q_5k,QWE,linear,0,L0,baseline_unoptimized,0.001,6,0,42,0,0.9973333333333333,0.9973249254980052,0.9844726035127892,243.55755975912325,2.978090160759166,246.53564991988242
UNSW_2018_IoT_Botnet_Final_10_Best,6q_5k,QWE,linear,0,L0,baseline_unoptimized,0.001,6,1,123,1,0.9946666666666667,0.9946995122365017,0.9695754135797602,239.05903263599612,3.6665036522317678,242.7255362882279
UNSW_2018_IoT_Botnet_Final_10_Best,6q_5k,QWE,linear,0,L0,baseline_unoptimized,0.001,6,2,456,2,0.996,0.996,0.976810219993713,227.50338254822418,4.828482793178409,232.3318653414026
UNSW_2018_IoT_Botnet_Final_10_Best,6q_5k,QWE,linear,0,L0,baseline_unoptimized,0.001,6,3,789,0,0.996,0.996,0.976810219993713,244.12310457671992,2.7746114211622626,246.8977159978822
UNSW_2018_IoT_Botnet_Final_10_Best,6q_5k,QWE,linear,0,L0,baseline_unoptimized,0.001,6,4,1024,1,0.992,0.9920970179646138,0.9551873937472581,234.9712758869864,4.235468338010833,239.20674422499724
UNSW_2018_IoT_Botnet_Final_10_Best,6q_5k,QWE,linear,0,L0,baseline_unoptimized,0.001,6,5,2048,2,0.9913333333333333,0.9913197247261799,0.9496049536016182,228.54499810002744,4.847065943991765,233.3920640440192
UNSW_2018_IoT_Botnet_Final_10_Best,6q_5k,QWE,linear,0,L0,baseline_unoptimized,0.001,6,6,3072,0,0.996,0.9959615546218488,0.9766394448969591,235.11830262630247,3.6455777718219906,238.76388039812446
UNSW_2018_IoT_Botnet_Final_10_Best,6q_5k,QWE,linear,0,L0,baseline_unoptimized,0.001,6,7,4096,1,0.996,0.996,0.976810219993713,227.17700824234635,3.5511414441280067,230.72814968647435
UNSW_2018_IoT_Botnet_Final_10_Best,6q_5k,QWE,linear,0,L0,baseline_unoptimized,0.001,6,8,5120,2,0.9946666666666667,0.9946327660618205,0.9688072542805272,246.14873621077277,2.868854976957664,249.01759118773043
UNSW_2018_IoT_Botnet_Final_10_Best,6q_5k,QWE,linear,0,L0,baseline_unoptimized,0.001,6,9,6144,0,0.9953333333333333,0.9953260056217893,0.9728676747095873,251.5369068607688,2.4843473681248724,254.02125422889367
UNSW_2018_IoT_Botnet_Final_10_Best,6q_5k,QWE,linear,0,L0,baseline_unoptimized,0.001,6,10,7168,1,0.9973333333333333,0.9973497561182509,0.9848460011024754,240.65412316215225,3.2870210751425475,243.9411442372948
UNSW_2018_IoT_Botnet_Final_10_Best,6q_5k,QWE,linear,0,L0,baseline_unoptimized,0.001,6,11,8192,2,0.9933333333333333,0.9933333333333333,0.9613503666561883,243.82345232297666,2.745379234198481,246.56883155717514
UNSW_2018_IoT_Botnet_Final_10_Best,6q_5k,QWE,linear,0,L0,baseline_unoptimized,0.001,6,12,9216,0,0.994,0.9939521359511754,0.9648485951552902,250.08477040170692,3.374707961920649,253.45947836362757
UNSW_2018_IoT_Botnet_Final_10_Best,6q_5k,QWE,linear,0,L0,baseline_unoptimized,0.001,6,13,10240,1,0.9973333333333333,0.9973249254980052,0.9844726035127892,236.25555835291743,4.853980577085167,241.1095389300026
UNSW_2018_IoT_Botnet_Final_10_Best,6q_5k,QWE,linear,0,L0,baseline_unoptimized,0.001,6,14,11264,2,0.9906666666666667,0.9908070659416813,0.9481978729325209,247.606562852161,4.776483190944418,252.38304604310542
UNSW_2018_IoT_Botnet_Final_10_Best,6q_5k,QWE,linear,0,L0,baseline_unoptimized,0.001,6,15,12288,0,0.994,0.9940093471747208,0.9653309638218246,203.858812402701,5.341714585898444,209.20052698859945
UNSW_2018_IoT_Botnet_Final_10_Best,6q_5k,QWE,linear,0,L0,baseline_unoptimized,0.001,6,16,13312,1,0.9973333333333333,0.9973249254980052,0.9844726035127892,246.3666303101927,1.6530964686535299,248.01972677884623
UNSW_2018_IoT_Botnet_Final_10_Best,6q_5k,QWE,linear,0,L0,baseline_unoptimized,0.001,6,17,14336,2,0.9906666666666667,0.9906372392430184,0.9455784757803349,245.03678078600205,2.176188741112128,247.21296952711418
UNSW_2018_IoT_Botnet_Final_10_Best,6q_5k,QWE,linear,0,L0,baseline_unoptimized,0.001,6,18,15360,0,0.9953333333333333,0.9953549727135846,0.9732609961997113,247.41121524805203,2.941094351699576,250.3523095997516
UNSW_2018_IoT_Botnet_Final_10_Best,6q_5k,QWE,linear,0,L0,baseline_unoptimized,0.001,6,19,16384,1,0.998,0.9979968595521955,0.9883761554482334,247.1241258229129,3.1376012309920043,250.2617270539049
UNSW_2018_IoT_Botnet_Final_10_Best,6q_5k,QWE,linear,0,L0,baseline_unoptimized,0.001,6,20,17408,2,0.9953333333333333,0.9953260056217893,0.9728676747095873,196.2528216287028,4.502405646955594,200.7552272756584
UNSW_2018_IoT_Botnet_Final_10_Best,6q_5k,QWE,linear,0,L0,baseline_unoptimized,0.001,6,21,18432,0,0.9953333333333333,0.9953691183391495,0.9735381261938272,244.38870969228446,3.184646035078913,247.57335572736338
UNSW_2018_IoT_Botnet_Final_10_Best,6q_5k,QWE,linear,0,L0,baseline_unoptimized,0.001,6,22,19456,1,0.994,0.9940093471747208,0.9653309638218246,247.32272195303813,1.928432147949934,249.25115410098806
UNSW_2018_IoT_Botnet_Final_10_Best,6q_5k,QWE,linear,0,L0,baseline_unoptimized,0.001,6,23,20480,2,0.9966666666666667,0.9966922273851068,0.9811503949509465,224.07155712577514,5.119580446509644,229.1911375722848
UNSW_2018_IoT_Botnet_Final_10_Best,6q_5k,QWE,linear,0,L0,baseline_unoptimized,0.001,6,24,21504,0,0.9966666666666667,0.9966614325869924,0.9806219150789104,237.5389502067119,3.8978697031270713,241.43681990983896
UNSW_2018_IoT_Botnet_Final_10_Best,6q_5k,QWE,linear,0,L0,baseline_unoptimized,0.001,6,25,22528,1,0.996,0.9959873882470078,0.9766937779662983,223.08053167024627,4.115410086000338,227.1959417562466
UNSW_2018_IoT_Botnet_Final_10_Best,6q_5k,QWE,linear,0,L0,baseline_unoptimized,0.001,6,26,23552,2,0.9966666666666667,0.9966922273851068,0.9811503949509465,247.31139644025825,2.9957830847706646,250.30717952502891
UNSW_2018_IoT_Botnet_Final_10_Best,6q_5k,QWE,linear,0,L0,baseline_unoptimized,0.001,6,27,24576,0,0.994,0.9940278220603231,0.9656024284882216,247.87276841583662,3.605861677089706,251.47863009292632
UNSW_2018_IoT_Botnet_Final_10_Best,6q_5k,QWE,linear,0,L0,baseline_unoptimized,0.001,6,28,25600,1,0.994,0.9940278220603231,0.9656024284882216,231.1323353459593,5.043470367556438,236.17580571351573
UNSW_2018_IoT_Botnet_Final_10_Best,6q_5k,QWE,linear,0,L0,baseline_unoptimized,0.001,6,29,26624,2,0.9953333333333333,0.9953549727135846,0.9732609961997113,237.59607644937932,5.1840467769652605,242.78012322634459
UNSW_2018_IoT_Botnet_Final_10_Best,6q_5k,QWE,linear,0,L0,baseline_unoptimized,0.002,6,0,42,0,0.9973333333333333,0.9973249254980052,0.9844726035127892,220.71106133493595,4.25454801809974,224.9656093530357
UNSW_2018_IoT_Botnet_Final_10_Best,6q_5k,QWE,linear,0,L0,baseline_unoptimized,0.002,6,1,123,1,0.9946666666666667,0.9946995122365017,0.9695754135797602,244.90227791084908,4.888847626047209,249.7911255368963
UNSW_2018_IoT_Botnet_Final_10_Best,6q_5k,QWE,linear,0,L0,baseline_unoptimized,0.002,6,2,456,2,0.996,0.996,0.976810219993713,247.81272347318009,3.3138749750796705,251.12659844825976
UNSW_2018_IoT_Botnet_Final_10_Best,6q_5k,QWE,linear,0,L0,baseline_unoptimized,0.002,6,3,789,0,0.996,0.996,0.976810219993713,225.0625853491947,3.7748856572434306,228.83747100643814
UNSW_2018_IoT_Botnet_Final_10_Best,6q_5k,QWE,linear,0,L0,baseline_unoptimized,0.002,6,4,1024,1,0.992,0.9920970179646138,0.9551873937472581,244.9803789530415,3.7829997811932117,248.76337873423472
UNSW_2018_IoT_Botnet_Final_10_Best,6q_5k,QWE,linear,0,L0,baseline_unoptimized,0.002,6,5,2048,2,0.9913333333333333,0.9913197247261799,0.9496049536016182,241.47757484391332,3.9827190688811243,245.46029391279444
UNSW_2018_IoT_Botnet_Final_10_Best,6q_5k,QWE,linear,0,L0,baseline_unoptimized,0.002,6,6,3072,0,0.996,0.9959615546218488,0.9766394448969591,220.5268469771836,4.435712565202266,224.96255954238586
UNSW_2018_IoT_Botnet_Final_10_Best,6q_5k,QWE,linear,0,L0,baseline_unoptimized,0.002,6,7,4096,1,0.996,0.996,0.976810219993713,243.9168702866882,2.9789117239415646,246.89578201062977
UNSW_2018_IoT_Botnet_Final_10_Best,6q_5k,QWE,linear,0,L0,baseline_unoptimized,0.002,6,8,5120,2,0.9946666666666667,0.9946327660618205,0.9688072542805272,236.2988569161389,3.585768782766536,239.88462569890544
UNSW_2018_IoT_Botnet_Final_10_Best,6q_5k,QWE,linear,0,L0,baseline_unoptimized,0.002,6,9,6144,0,0.9953333333333333,0.9953260056217893,0.9728676747095873,236.32428466482088,4.1700741208624095,240.4943587856833
UNSW_2018_IoT_Botnet_Final_10_Best,6q_5k,QWE,linear,0,L0,baseline_unoptimized,0.002,6,10,7168,1,0.9973333333333333,0.9973497561182509,0.9848460011024754,221.1979503701441,3.8684048298746347,225.06635520001873
UNSW_2018_IoT_Botnet_Final_10_Best,6q_5k,QWE,linear,0,L0,baseline_unoptimized,0.002,6,11,8192,2,0.9933333333333333,0.9933333333333333,0.9613503666561883,247.70725736534223,2.7492517337668687,250.4565090991091
UNSW_2018_IoT_Botnet_Final_10_Best,6q_5k,QWE,linear,0,L0,baseline_unoptimized,0.002,6,12,9216,0,0.994,0.9939521359511754,0.9648485951552902,242.17013472807594,3.446963511640206,245.61709823971614
UNSW_2018_IoT_Botnet_Final_10_Best,6q_5k,QWE,linear,0,L0,baseline_unoptimized,0.002,6,13,10240,1,0.9973333333333333,0.9973249254980052,0.9844726035127892,210.63724459987134,3.8645949841011316,214.50183958397247
UNSW_2018_IoT_Botnet_Final_10_Best,6q_5k,QWE,linear,0,L0,baseline_unoptimized,0.002,6,14,11264,2,0.9906666666666667,0.9908070659416813,0.9481978729325209,246.1249192217365,3.2884619748219848,249.41338119655848
UNSW_2018_IoT_Botnet_Final_10_Best,6q_5k,QWE,linear,0,L0,baseline_unoptimized,0.002,6,15,12288,0,0.994,0.9940093471747208,0.9653309638218246,246.6534135530237,3.7903846248518676,250.44379817787558
UNSW_2018_IoT_Botnet_Final_10_Best,6q_5k,QWE,linear,0,L0,baseline_unoptimized,0.002,6,16,13312,1,0.9973333333333333,0.9973249254980052,0.9844726035127892,244.17403278197162,4.574074913980439,248.74810769595206
UNSW_2018_IoT_Botnet_Final_10_Best,6q_5k,QWE,linear,0,L0,baseline_unoptimized,0.002,6,17,14336,2,0.9906666666666667,0.9906372392430184,0.9455784757803349,251.3638298138976,3.5835459302179515,254.94737574411556
UNSW_2018_IoT_Botnet_Final_10_Best,6q_5k,QWE,linear,0,L0,baseline_unoptimized,0.002,6,18,15360,0,0.9953333333333333,0.9953549727135846,0.9732609961997113,227.00422532414086,3.5965231510344893,230.60074847517535
UNSW_2018_IoT_Botnet_Final_10_Best,6q_5k,QWE,linear,0,L0,baseline_unoptimized,0.002,6,19,16384,1,0.998,0.9979968595521955,0.9883761554482334,242.0911101377569,4.523493816843256,246.61460395460017
UNSW_2018_IoT_Botnet_Final_10_Best,6q_5k,QWE,linear,0,L0,baseline_unoptimized,0.002,6,20,17408,2,0.9953333333333333,0.9953260056217893,0.9728676747095873,247.04946847097017,2.6533390439581126,249.70280751492828
UNSW_2018_IoT_Botnet_Final_10_Best,6q_5k,QWE,linear,0,L0,baseline_unoptimized,0.002,6,21,18432,0,0.9953333333333333,0.9953691183391495,0.9735381261938272,248.38158927089535,3.2223330410197377,251.60392231191508
UNSW_2018_IoT_Botnet_Final_10_Best,6q_5k,QWE,linear,0,L0,baseline_unoptimized,0.002,6,22,19456,1,0.994,0.9940093471747208,0.9653309638218246,245.4164827761706,4.985500117996708,250.4019828941673
UNSW_2018_IoT_Botnet_Final_10_Best,6q_5k,QWE,linear,0,L0,baseline_unoptimized,0.002,6,23,20480,2,0.9966666666666667,0.9966922273851068,0.9811503949509465,241.1748441196978,4.704086364945397,245.8789304846432
UNSW_2018_IoT_Botnet_Final_10_Best,6q_5k,QWE,linear,0,L0,baseline_unoptimized,0.002,6,24,21504,0,0.9966666666666667,0.9966614325869924,0.9806219150789104,246.67481746594422,3.5382631570100784,250.2130806229543
UNSW_2018_IoT_Botnet_Final_10_Best,6q_5k,QWE,linear,0,L0,baseline_unoptimized,0.002,6,25,22528,1,0.996,0.9959873882470078,0.9766937779662983,219.30608921102248,4.726867797784507,224.032957008807
UNSW_2018_IoT_Botnet_Final_10_Best,6q_5k,QWE,linear,0,L0,baseline_unoptimized,0.002,6,26,23552,2,0.9966666666666667,0.9966922273851068,0.9811503949509465,247.92786473128945,2.902252967003733,250.83011769829318
UNSW_2018_IoT_Botnet_Final_10_Best,6q_5k,QWE,linear,0,L0,baseline_unoptimized,0.002,6,27,24576,0,0.994,0.9940278220603231,0.9656024284882216,202.66425396455452,5.016474917996675,207.6807288825512
UNSW_2018_IoT_Botnet_Final_10_Best,6q_5k,QWE,linear,0,L0,baseline_unoptimized,0.002,6,28,25600,1,0.994,0.9940278220603231,0.9656024284882216,245.28505380102433,3.2936593792401254,248.57871318026446
UNSW_2018_IoT_Botnet_Final_10_Best,6q_5k,QWE,linear,0,L0,baseline_unoptimized,0.002,6,29,26624,2,0.9953333333333333,0.9953549727135846,0.9732609961997113,242.8188900197856,3.6022704381030053,246.42116045788862
UNSW_2018_IoT_Botnet_Final_10_Best,6q_5k,QWE,linear,0,L0,baseline_unoptimized,0.005,6,0,42,0,0.9966666666666667,0.9966614325869924,0.9806219150789104,231.05006622173823,5.669667902868241,236.71973412460648
UNSW_2018_IoT_Botnet_Final_10_Best,6q_5k,QWE,linear,0,L0,baseline_unoptimized,0.005,6,1,123,1,0.994,0.9940460092931921,0.9659258574367079,247.60484791733325,3.6598610051441938,251.26470892247744
UNSW_2018_IoT_Botnet_Final_10_Best,6q_5k,QWE,linear,0,L0,baseline_unoptimized,0.005,6,2,456,2,0.996,0.996,0.976810219993713,247.22355032991618,4.325682379305363,251.54923270922154
UNSW_2018_IoT_Botnet_Final_10_Best,6q_5k,QWE,linear,0,L0,baseline_unoptimized,0.005,6,3,789,0,0.9966666666666667,0.9966718595415115,0.9807427232544484,247.86922292108648,3.4565387826878577,251.32576170377433
UNSW_2018_IoT_Botnet_Final_10_Best,6q_5k,QWE,linear,0,L0,baseline_unoptimized,0.005,6,4,1024,1,0.992,0.9920970179646138,0.9551873937472581,220.40673819207586,4.387265409808606,224.79400360188447
UNSW_2018_IoT_Botnet_Final_10_Best,6q_5k,QWE,linear,0,L0,baseline_unoptimized,0.005,6,5,2048,2,0.9913333333333333,0.99134683480793,0.9499192043892009,239.87921219412237,5.0215411158278584,244.90075330995023
UNSW_2018_IoT_Botnet_Final_10_Best,6q_5k,QWE,linear,0,L0,baseline_unoptimized,0.005,6,6,3072,0,0.996,0.9959615546218488,0.9766394448969591,243.18431891291402,4.9462025568354875,248.1305214697495
UNSW_2018_IoT_Botnet_Final_10_Best,6q_5k,QWE,linear,0,L0,baseline_unoptimized,0.005,6,7,4096,1,0.996,0.996,0.976810219993713,240.27425151108764,4.728423186810687,245.00267469789833
UNSW_2018_IoT_Botnet_Final_10_Best,6q_5k,QWE,linear,0,L0,baseline_unoptimized,0.005,6,8,5120,2,0.9946666666666667,0.9946327660618205,0.9688072542805272,247.09176347008906,3.158096191706136,250.2498596617952
UNSW_2018_IoT_Botnet_Final_10_Best,6q_5k,QWE,linear,0,L0,baseline_unoptimized,0.005,6,9,6144,0,0.9953333333333333,0.9953260056217893,0.9728676747095873,249.7559056659229,2.483441703254357,252.23934736917727
UNSW_2018_IoT_Botnet_Final_10_Best,6q_5k,QWE,linear,0,L0,baseline_unoptimized,0.005,6,10,7168,1,0.9973333333333333,0.9973497561182509,0.9848460011024754,228.29769260901958,4.628471053671092,232.92616366269067
UNSW_2018_IoT_Botnet_Final_10_Best,6q_5k,QWE,linear,0,L0,baseline_unoptimized,0.005,6,11,8192,2,0.9933333333333333,0.9933333333333333,0.9613503666561883,248.63754327897914,3.8344980378169566,252.4720413167961
UNSW_2018_IoT_Botnet_Final_10_Best,6q_5k,QWE,linear,0,L0,baseline_unoptimized,0.005,6,12,9216,0,0.994,0.9939521359511754,0.9648485951552902,231.24995021242648,4.102234886027873,235.35218509845436
UNSW_2018_IoT_Botnet_Final_10_Best,6q_5k,QWE,linear,0,L0,baseline_unoptimized,0.005,6,13,10240,1,0.9973333333333333,0.9973249254980052,0.9844726035127892,236.00510517088696,3.4731586622074246,239.4782638330944
UNSW_2018_IoT_Botnet_Final_10_Best,6q_5k,QWE,linear,0,L0,baseline_unoptimized,0.005,6,14,11264,2,0.99,0.990164837423439,0.9447523025231931,246.7654086414259,3.940648065879941,250.70605670730583
UNSW_2018_IoT_Botnet_Final_10_Best,6q_5k,QWE,linear,0,L0,baseline_unoptimized,0.005,6,15,12288,0,0.994,0.9940093471747208,0.9653309638218246,242.33427113713697,3.452401736052707,245.78667287318967
UNSW_2018_IoT_Botnet_Final_10_Best,6q_5k,QWE,linear,0,L0,baseline_unoptimized,0.005,6,16,13312,1,0.998,0.9979968595521955,0.9883761554482334,247.74556880560704,4.346923856297508,252.09249266190454
UNSW_2018_IoT_Botnet_Final_10_Best,6q_5k,QWE,linear,0,L0,baseline_unoptimized,0.005,6,17,14336,2,0.9906666666666667,0.9906372392430184,0.9455784757803349,245.05570594780147,4.5026728918310255,249.5583788396325
UNSW_2018_IoT_Botnet_Final_10_Best,6q_5k,QWE,linear,0,L0,baseline_unoptimized,0.005,6,18,15360,0,0.9953333333333333,0.9953549727135846,0.9732609961997113,243.05768365669064,4.566506402101368,247.624190058792
UNSW_2018_IoT_Botnet_Final_10_Best,6q_5k,QWE,linear,0,L0,baseline_unoptimized,0.005,6,19,16384,1,0.9973333333333333,0.9973333333333333,0.9845401466624754,210.2389172266703,4.836676435079426,215.07559366174974
UNSW_2018_IoT_Botnet_Final_10_Best,6q_5k,QWE,linear,0,L0,baseline_unoptimized,0.005,6,20,17408,2,0.9953333333333333,0.9953260056217893,0.9728676747095873,248.95638664183207,3.433930021012202,252.39031666284427
UNSW_2018_IoT_Botnet_Final_10_Best,6q_5k,QWE,linear,0,L0,baseline_unoptimized,0.005,6,21,18432,0,0.9953333333333333,0.9953691183391495,0.9735381261938272,238.28751789592206,5.334290278842673,243.62180817476474
UNSW_2018_IoT_Botnet_Final_10_Best,6q_5k,QWE,linear,0,L0,baseline_unoptimized,0.005,6,22,19456,1,0.994,0.9940093471747208,0.9653309638218246,247.03902270202525,5.008159355958924,252.04718205798417
UNSW_2018_IoT_Botnet_Final_10_Best,6q_5k,QWE,linear,0,L0,baseline_unoptimized,0.005,6,23,20480,2,0.9966666666666667,0.9966922273851068,0.9811503949509465,246.71315692481585,4.481773890787736,251.19493081560358
UNSW_2018_IoT_Botnet_Final_10_Best,6q_5k,QWE,linear,0,L0,baseline_unoptimized,0.005,6,24,21504,0,0.996,0.996,0.976810219993713,243.79617500468157,4.1781402609776706,247.97431526565924
UNSW_2018_IoT_Botnet_Final_10_Best,6q_5k,QWE,linear,0,L0,baseline_unoptimized,0.005,6,25,22528,1,0.996,0.9959873882470078,0.9766937779662983,219.83345522428863,4.571552993264049,224.40500821755268
UNSW_2018_IoT_Botnet_Final_10_Best,6q_5k,QWE,linear,0,L0,baseline_unoptimized,0.005,6,26,23552,2,0.9966666666666667,0.9966922273851068,0.9811503949509465,249.74797585909255,3.746967710321769,253.49494356941432
UNSW_2018_IoT_Botnet_Final_10_Best,6q_5k,QWE,linear,0,L0,baseline_unoptimized,0.005,6,27,24576,0,0.994,0.9940278220603231,0.9656024284882216,211.1596327770967,4.467785126995295,215.627417904092
UNSW_2018_IoT_Botnet_Final_10_Best,6q_5k,QWE,linear,0,L0,baseline_unoptimized,0.005,6,28,25600,1,0.994,0.9940278220603231,0.9656024284882216,242.6393007908482,4.9513048708904535,247.59060566173866
UNSW_2018_IoT_Botnet_Final_10_Best,6q_5k,QWE,linear,0,L0,baseline_unoptimized,0.005,6,29,26624,2,0.9953333333333333,0.9953549727135846,0.9732609961997113,247.78215692192316,3.307461043121293,251.08961796504445
UNSW_2018_IoT_Botnet_Final_10_Best,6q_5k,QWE,linear,0,L0,baseline_unoptimized,0.008,6,0,42,0,0.9966666666666667,0.9966614325869924,0.9806219150789104,232.48386128479615,3.7594526188913733,236.24331390368752
UNSW_2018_IoT_Botnet_Final_10_Best,6q_5k,QWE,linear,0,L0,baseline_unoptimized,0.008,6,1,123,1,0.994,0.9940460092931921,0.9659258574367079,243.5005213720724,3.2669377652928233,246.76745913736522
UNSW_2018_IoT_Botnet_Final_10_Best,6q_5k,QWE,linear,0,L0,baseline_unoptimized,0.008,6,2,456,2,0.996,0.996,0.976810219993713,233.6222617328167,4.3104043561033905,237.9326660889201
UNSW_2018_IoT_Botnet_Final_10_Best,6q_5k,QWE,linear,0,L0,baseline_unoptimized,0.008,6,3,789,0,0.9966666666666667,0.9966718595415115,0.9807427232544484,247.05237222113647,3.1364338600542396,250.1888060811907
UNSW_2018_IoT_Botnet_Final_10_Best,6q_5k,QWE,linear,0,L0,baseline_unoptimized,0.008,6,4,1024,1,0.9926666666666667,0.992766331443132,0.9591986337991384,246.5741725107655,4.421499761054292,250.99567227181979
UNSW_2018_IoT_Botnet_Final_10_Best,6q_5k,QWE,linear,0,L0,baseline_unoptimized,0.008,6,5,2048,2,0.9913333333333333,0.99134683480793,0.9499192043892009,219.6193886345718,4.561979283113033,224.18136791768484
UNSW_2018_IoT_Botnet_Final_10_Best,6q_5k,QWE,linear,0,L0,baseline_unoptimized,0.008,6,6,3072,0,0.996,0.9959615546218488,0.9766394448969591,210.3057412316557,5.755217439029366,216.06095867068507
UNSW_2018_IoT_Botnet_Final_10_Best,6q_5k,QWE,linear,0,L0,baseline_unoptimized,0.008,6,7,4096,1,0.996,0.996,0.976810219993713,249.65627249423414,1.783656382933259,251.4399288771674
UNSW_2018_IoT_Botnet_Final_10_Best,6q_5k,QWE,linear,0,L0,baseline_unoptimized,0.008,6,8,5120,2,0.9946666666666667,0.9946327660618205,0.9688072542805272,238.13976355921477,3.3588357008993626,241.49859926011413
UNSW_2018_IoT_Botnet_Final_10_Best,6q_5k,QWE,linear,0,L0,baseline_unoptimized,0.008,6,9,6144,0,0.9953333333333333,0.9953260056217893,0.9728676747095873,247.2396766440943,4.0023891013115644,251.24206574540585
UNSW_2018_IoT_Botnet_Final_10_Best,6q_5k,QWE,linear,0,L0,baseline_unoptimized,0.008,6,10,7168,1,0.9973333333333333,0.9973497561182509,0.9848460011024754,249.4429833337199,1.8187698398251086,251.261753173545
UNSW_2018_IoT_Botnet_Final_10_Best,6q_5k,QWE,linear,0,L0,baseline_unoptimized,0.008,6,11,8192,2,0.9933333333333333,0.9933333333333333,0.9613503666561883,225.48060416197404,4.522355448221788,230.00295961019583
UNSW_2018_IoT_Botnet_Final_10_Best,6q_5k,QWE,linear,0,L0,baseline_unoptimized,0.008,6,12,9216,0,0.9946666666666667,0.9946327660618205,0.9688072542805272,245.68930402514525,3.4629031859803945,249.15220721112564
UNSW_2018_IoT_Botnet_Final_10_Best,6q_5k,QWE,linear,0,L0,baseline_unoptimized,0.008,6,13,10240,1,0.9973333333333333,0.9973249254980052,0.9844726035127892,229.2471753170248,4.739631808362901,233.9868071253877
UNSW_2018_IoT_Botnet_Final_10_Best,6q_5k,QWE,linear,0,L0,baseline_unoptimized,0.008,6,14,11264,2,0.99,0.990164837423439,0.9447523025231931,241.35461691301316,4.857583824079484,246.21220073709264
UNSW_2018_IoT_Botnet_Final_10_Best,6q_5k,QWE,linear,0,L0,baseline_unoptimized,0.008,6,15,12288,0,0.9933333333333333,0.9933540232710586,0.9616190323650302,244.98887520004064,4.110637116013095,249.09951231605373
UNSW_2018_IoT_Botnet_Final_10_Best,6q_5k,QWE,linear,0,L0,baseline_unoptimized,0.008,6,16,13312,1,0.998,0.9979968595521955,0.9883761554482334,234.99451942392625,4.497250520857051,239.4917699447833
UNSW_2018_IoT_Botnet_Final_10_Best,6q_5k,QWE,linear,0,L0,baseline_unoptimized,0.008,6,17,14336,2,0.9906666666666667,0.9906372392430184,0.9455784757803349,238.26408578106202,3.658105176175013,241.92219095723704
UNSW_2018_IoT_Botnet_Final_10_Best,6q_5k,QWE,linear,0,L0,baseline_unoptimized,0.008,6,18,15360,0,0.9953333333333333,0.9953549727135846,0.9732609961997113,239.77702231216244,3.9376118888612837,243.71463420102373
UNSW_2018_IoT_Botnet_Final_10_Best,6q_5k,QWE,linear,0,L0,baseline_unoptimized,0.008,6,19,16384,1,0.9966666666666667,0.9966718595415115,0.9807427232544484,243.23270857078023,3.4165546782314777,246.6492632490117
UNSW_2018_IoT_Botnet_Final_10_Best,6q_5k,QWE,linear,0,L0,baseline_unoptimized,0.008,6,20,17408,2,0.9953333333333333,0.9953260056217893,0.9728676747095873,232.95907904510386,4.698508414207026,237.6575874593109
UNSW_2018_IoT_Botnet_Final_10_Best,6q_5k,QWE,linear,0,L0,baseline_unoptimized,0.008,6,21,18432,0,0.9953333333333333,0.9953691183391495,0.9735381261938272,248.36313217505813,1.9121891651302576,250.27532134018838
UNSW_2018_IoT_Botnet_Final_10_Best,6q_5k,QWE,linear,0,L0,baseline_unoptimized,0.008,6,22,19456,1,0.9933333333333333,0.9933540232710586,0.9616190323650302,229.90615244628862,4.7448507661465555,234.65100321243517
UNSW_2018_IoT_Botnet_Final_10_Best,6q_5k,QWE,linear,0,L0,baseline_unoptimized,0.008,6,23,20480,2,0.9966666666666667,0.9966922273851068,0.9811503949509465,245.0553221469745,5.2245317527558655,250.27985389973037
UNSW_2018_IoT_Botnet_Final_10_Best,6q_5k,QWE,linear,0,L0,baseline_unoptimized,0.008,6,24,21504,0,0.9966666666666667,0.9966718595415115,0.9807427232544484,247.25742255710065,4.103077391162515,251.36049994826317
UNSW_2018_IoT_Botnet_Final_10_Best,6q_5k,QWE,linear,0,L0,baseline_unoptimized,0.008,6,25,22528,1,0.996,0.9959873882470078,0.9766937779662983,247.89751390041783,3.6846935090143234,251.58220740943216
UNSW_2018_IoT_Botnet_Final_10_Best,6q_5k,QWE,linear,0,L0,baseline_unoptimized,0.008,6,26,23552,2,0.996,0.9960366645757877,0.9774907023990167,245.93420370691456,3.844037742121145,249.7782414490357
UNSW_2018_IoT_Botnet_Final_10_Best,6q_5k,QWE,linear,0,L0,baseline_unoptimized,0.008,6,27,24576,0,0.994,0.9940278220603231,0.9656024284882216,248.02340591396205,3.8121494371443987,251.83555535110645
UNSW_2018_IoT_Botnet_Final_10_Best,6q_5k,QWE,linear,0,L0,baseline_unoptimized,0.008,6,28,25600,1,0.994,0.9940278220603231,0.9656024284882216,197.1007252400741,5.008170936955139,202.10889617702924
UNSW_2018_IoT_Botnet_Final_10_Best,6q_5k,QWE,linear,0,L0,baseline_unoptimized,0.008,6,29,26624,2,0.9953333333333333,0.9953549727135846,0.9732609961997113,248.4406106818933,3.70064642210491,252.1412571039982
UNSW_2018_IoT_Botnet_Final_10_Best,6q_5k,QWE,linear,0,L0,baseline_unoptimized,0.01,6,0,42,0,0.9966666666666667,0.9966614325869924,0.9806219150789104,237.295652638888,3.7907078007701784,241.08636043965816
UNSW_2018_IoT_Botnet_Final_10_Best,6q_5k,QWE,linear,0,L0,baseline_unoptimized,0.01,6,1,123,1,0.994,0.9940460092931921,0.9659258574367079,211.0030644761864,3.9407234850805253,214.94378796126693
UNSW_2018_IoT_Botnet_Final_10_Best,6q_5k,QWE,linear,0,L0,baseline_unoptimized,0.01,6,2,456,2,0.996,0.996,0.976810219993713,247.8159685570281,2.3384438091889024,250.154412366217
UNSW_2018_IoT_Botnet_Final_10_Best,6q_5k,QWE,linear,0,L0,baseline_unoptimized,0.01,6,3,789,0,0.9966666666666667,0.9966718595415115,0.9807427232544484,245.03145629912615,3.3762101498432457,248.4076664489694
UNSW_2018_IoT_Botnet_Final_10_Best,6q_5k,QWE,linear,0,L0,baseline_unoptimized,0.01,6,4,1024,1,0.992,0.992120342235727,0.9556986076053618,248.09546085516922,3.5553622147999704,251.6508230699692
UNSW_2018_IoT_Botnet_Final_10_Best,6q_5k,QWE,linear,0,L0,baseline_unoptimized,0.01,6,5,2048,2,0.9913333333333333,0.99134683480793,0.9499192043892009,240.546595236985,4.607530343113467,245.15412558009848
UNSW_2018_IoT_Botnet_Final_10_Best,6q_5k,QWE,linear,0,L0,baseline_unoptimized,0.01,6,6,3072,0,0.996,0.9959615546218488,0.9766394448969591,241.4368728750851,3.8959257090464234,245.33279858413152
UNSW_2018_IoT_Botnet_Final_10_Best,6q_5k,QWE,linear,0,L0,baseline_unoptimized,0.01,6,7,4096,1,0.996,0.996,0.976810219993713,241.5357912632171,3.521486126817763,245.05727739003487
UNSW_2018_IoT_Botnet_Final_10_Best,6q_5k,QWE,linear,0,L0,baseline_unoptimized,0.01,6,8,5120,2,0.9946666666666667,0.9946327660618205,0.9688072542805272,239.89509116415866,3.7337676780298352,243.6288588421885
UNSW_2018_IoT_Botnet_Final_10_Best,6q_5k,QWE,linear,0,L0,baseline_unoptimized,0.01,6,9,6144,0,0.9946666666666667,0.9946666666666667,0.9690802933249506,208.6040488597937,4.295618067961186,212.89966692775488
UNSW_2018_IoT_Botnet_Final_10_Best,6q_5k,QWE,linear,0,L0,baseline_unoptimized,0.01,6,10,7168,1,0.9973333333333333,0.9973497561182509,0.9848460011024754,221.10769149218686,4.926851279102266,226.03454277128913
UNSW_2018_IoT_Botnet_Final_10_Best,6q_5k,QWE,linear,0,L0,baseline_unoptimized,0.01,6,11,8192,2,0.9933333333333333,0.9933333333333333,0.9613503666561883,241.99970528297126,3.041351296240464,245.04105657921173
UNSW_2018_IoT_Botnet_Final_10_Best,6q_5k,QWE,linear,0,L0,baseline_unoptimized,0.01,6,12,9216,0,0.9946666666666667,0.9946327660618205,0.9688072542805272,230.6562292999588,4.958505084039643,235.61473438399844
UNSW_2018_IoT_Botnet_Final_10_Best,6q_5k,QWE,linear,0,L0,baseline_unoptimized,0.01,6,13,10240,1,0.9966666666666667,0.9966614325869924,0.9806219150789104,241.7444549021311,4.7648967588320374,246.50935166096315
UNSW_2018_IoT_Botnet_Final_10_Best,6q_5k,QWE,linear,0,L0,baseline_unoptimized,0.01,6,14,11264,2,0.99,0.990164837423439,0.9447523025231931,238.300423623994,4.79730980284512,243.0977334268391
UNSW_2018_IoT_Botnet_Final_10_Best,6q_5k,QWE,linear,0,L0,baseline_unoptimized,0.01,6,15,12288,0,0.9933333333333333,0.9933540232710586,0.9616190323650302,242.42715353984386,4.018090705852956,246.4452442456968
UNSW_2018_IoT_Botnet_Final_10_Best,6q_5k,QWE,linear,0,L0,baseline_unoptimized,0.01,6,16,13312,1,0.998,0.9979968595521955,0.9883761554482334,234.58590108598582,4.152085853042081,238.7379869390279
UNSW_2018_IoT_Botnet_Final_10_Best,6q_5k,QWE,linear,0,L0,baseline_unoptimized,0.01,6,17,14336,2,0.9906666666666667,0.9906372392430184,0.9455784757803349,236.62292909622192,5.068184248870239,241.69111334509216
UNSW_2018_IoT_Botnet_Final_10_Best,6q_5k,QWE,linear,0,L0,baseline_unoptimized,0.01,6,18,15360,0,0.9946666666666667,0.9946995122365017,0.9695754135797602,213.16653967811726,5.023080051178113,218.18961972929537
UNSW_2018_IoT_Botnet_Final_10_Best,6q_5k,QWE,linear,0,L0,baseline_unoptimized,0.01,6,19,16384,1,0.9966666666666667,0.9966718595415115,0.9807427232544484,239.5511821960099,4.805904971202835,244.35708716721274
UNSW_2018_IoT_Botnet_Final_10_Best,6q_5k,QWE,linear,0,L0,baseline_unoptimized,0.01,6,20,17408,2,0.9953333333333333,0.9953260056217893,0.9728676747095873,247.2471868088469,2.4262286010198295,249.67341540986672
UNSW_2018_IoT_Botnet_Final_10_Best,6q_5k,QWE,linear,0,L0,baseline_unoptimized,0.01,6,21,18432,0,0.9946666666666667,0.9946995122365017,0.9695754135797602,236.68940150598064,3.4987182409968227,240.18811974697746
UNSW_2018_IoT_Botnet_Final_10_Best,6q_5k,QWE,linear,0,L0,baseline_unoptimized,0.01,6,22,19456,1,0.9933333333333333,0.9933540232710586,0.9616190323650302,219.82242364180274,5.036805662792176,224.85922930459492
UNSW_2018_IoT_Botnet_Final_10_Best,6q_5k,QWE,linear,0,L0,baseline_unoptimized,0.01,6,23,20480,2,0.996,0.9960366645757877,0.9774907023990167,243.08795210905373,4.415351088158786,247.50330319721252
UNSW_2018_IoT_Botnet_Final_10_Best,6q_5k,QWE,linear,0,L0,baseline_unoptimized,0.01,6,24,21504,0,0.9966666666666667,0.9966718595415115,0.9807427232544484,228.71445409511216,4.786135423695669,233.50058951880783
UNSW_2018_IoT_Botnet_Final_10_Best,6q_5k,QWE,linear,0,L0,baseline_unoptimized,0.01,6,25,22528,1,0.9946666666666667,0.9946666666666667,0.9690802933249506,223.57119740894996,5.250523625174537,228.8217210341245
UNSW_2018_IoT_Botnet_Final_10_Best,6q_5k,QWE,linear,0,L0,baseline_unoptimized,0.01,6,26,23552,2,0.9953333333333333,0.9953830447586062,0.9738663269140823,246.44034203398041,2.511917230207473,248.9522592641879
UNSW_2018_IoT_Botnet_Final_10_Best,6q_5k,QWE,linear,0,L0,baseline_unoptimized,0.01,6,27,24576,0,0.994,0.9940278220603231,0.9656024284882216,241.347040892113,3.7068390059284866,245.0538798980415
UNSW_2018_IoT_Botnet_Final_10_Best,6q_5k,QWE,linear,0,L0,baseline_unoptimized,0.01,6,28,25600,1,0.994,0.9940278220603231,0.9656024284882216,238.14825672609732,4.172002495964989,242.3202592220623
UNSW_2018_IoT_Botnet_Final_10_Best,6q_5k,QWE,linear,0,L0,baseline_unoptimized,0.01,6,29,26624,2,0.9953333333333333,0.9953549727135846,0.9732609961997113,248.4606950080488,3.118570032995194,251.57926504104398
UNSW_2018_IoT_Botnet_Final_10_Best,6q_5k,QWE,linear,0,L0,baseline_unoptimized,0.02,6,0,42,0,0.996,0.996,0.976810219993713,250.8266817170661,1.3626751641277224,252.18935688119382
UNSW_2018_IoT_Botnet_Final_10_Best,6q_5k,QWE,linear,0,L0,baseline_unoptimized,0.02,6,1,123,1,0.9933333333333333,0.9934141816371781,0.9627320397614697,248.14148725918494,2.66363045014441,250.80511770932935
UNSW_2018_IoT_Botnet_Final_10_Best,6q_5k,QWE,linear,0,L0,baseline_unoptimized,0.02,6,2,456,2,0.9953333333333333,0.995340603358116,0.9730368435381365,238.44192163599655,4.400946023873985,242.84286765987054
UNSW_2018_IoT_Botnet_Final_10_Best,6q_5k,QWE,linear,0,L0,baseline_unoptimized,0.02,6,3,789,0,0.9953333333333333,0.9953549727135846,0.9732609961997113,218.88190336013213,3.776690895203501,222.65859425533563
UNSW_2018_IoT_Botnet_Final_10_Best,6q_5k,QWE,linear,0,L0,baseline_unoptimized,0.02,6,4,1024,1,0.9913333333333333,0.991476192433647,0.9522314212271312,248.50106157688424,2.768801175057888,251.26986275194213
UNSW_2018_IoT_Botnet_Final_10_Best,6q_5k,QWE,linear,0,L0,baseline_unoptimized,0.02,6,5,2048,2,0.9893333333333333,0.9894311055354338,0.9395432598519646,239.24215092300437,3.2186507768929005,242.46080169989727
UNSW_2018_IoT_Botnet_Final_10_Best,6q_5k,QWE,linear,0,L0,baseline_unoptimized,0.02,6,6,3072,0,0.9966666666666667,0.9966400755284308,0.9805571131969575,239.39519789302722,4.111844225088134,243.50704211811535
UNSW_2018_IoT_Botnet_Final_10_Best,6q_5k,QWE,linear,0,L0,baseline_unoptimized,0.02,6,7,4096,1,0.996,0.996,0.976810219993713,228.26301912683994,4.4804674233309925,232.74348655017093
UNSW_2018_IoT_Botnet_Final_10_Best,6q_5k,QWE,linear,0,L0,baseline_unoptimized,0.02,6,8,5120,2,0.9946666666666667,0.9946327660618205,0.9688072542805272,243.98832206707448,3.0409978388343006,247.02931990590878
UNSW_2018_IoT_Botnet_Final_10_Best,6q_5k,QWE,linear,0,L0,baseline_unoptimized,0.02,6,9,6144,0,0.9946666666666667,0.9946666666666667,0.9690802933249506,228.90035736211576,4.2132692420855165,233.11362660420127
UNSW_2018_IoT_Botnet_Final_10_Best,6q_5k,QWE,linear,0,L0,baseline_unoptimized,0.02,6,10,7168,1,0.994,0.9940815439080173,0.9667212096665191,247.5322467670776,3.4839752649422735,251.01622203201987
UNSW_2018_IoT_Botnet_Final_10_Best,6q_5k,QWE,linear,0,L0,baseline_unoptimized,0.02,6,11,8192,2,0.9946666666666667,0.9946832186168468,0.9693011272631611,247.59466535109095,3.082656847080216,250.67732219817117
UNSW_2018_IoT_Botnet_Final_10_Best,6q_5k,QWE,linear,0,L0,baseline_unoptimized,0.02,6,12,9216,0,0.9953333333333333,0.9953111747219987,0.9727556027114813,246.9877806948498,3.5514713786542416,250.53925207350403
UNSW_2018_IoT_Botnet_Final_10_Best,6q_5k,QWE,linear,0,L0,baseline_unoptimized,0.02,6,13,10240,1,0.996,0.996,0.976810219993713,231.51959647005424,4.809738080017269,236.3293345500715
UNSW_2018_IoT_Botnet_Final_10_Best,6q_5k,QWE,linear,0,L0,baseline_unoptimized,0.02,6,14,11264,2,0.9886666666666667,0.9888857696290692,0.9379569206847955,239.37819585669786,4.818051176844165,244.19624703354202
UNSW_2018_IoT_Botnet_Final_10_Best,6q_5k,QWE,linear,0,L0,baseline_unoptimized,0.02,6,15,12288,0,0.9933333333333333,0.9933540232710586,0.9616190323650302,248.1763767497614,2.9725588497240096,251.1489355994854
UNSW_2018_IoT_Botnet_Final_10_Best,6q_5k,QWE,linear,0,L0,baseline_unoptimized,0.02,6,16,13312,1,0.9973333333333333,0.9973333333333333,0.9845401466624754,223.865087026963,4.6302814276423305,228.49536845460534
UNSW_2018_IoT_Botnet_Final_10_Best,6q_5k,QWE,linear,0,L0,baseline_unoptimized,0.02,6,17,14336,2,0.992,0.992,0.953620439987426,242.08748916792683,4.58252302906476,246.6700121969916
UNSW_2018_IoT_Botnet_Final_10_Best,6q_5k,QWE,linear,0,L0,baseline_unoptimized,0.02,6,18,15360,0,0.9966666666666667,0.9966718595415115,0.9807427232544484,245.84015477751382,3.821339263115078,249.6614940406289
UNSW_2018_IoT_Botnet_Final_10_Best,6q_5k,QWE,linear,0,L0,baseline_unoptimized,0.02,6,19,16384,1,0.996,0.9960124139626352,0.976983222161292,237.55870183417574,4.438240480143577,241.9969423143193
UNSW_2018_IoT_Botnet_Final_10_Best,6q_5k,QWE,linear,0,L0,baseline_unoptimized,0.02,6,20,17408,2,0.996,0.9960124139626352,0.976983222161292,220.90093087847345,4.592716129962355,225.4936470084358
UNSW_2018_IoT_Botnet_Final_10_Best,6q_5k,QWE,linear,0,L0,baseline_unoptimized,0.02,6,21,18432,0,0.9946666666666667,0.9946995122365017,0.9695754135797602,243.26709843077697,3.8829008671455085,247.14999929792248
UNSW_2018_IoT_Botnet_Final_10_Best,6q_5k,QWE,linear,0,L0,baseline_unoptimized,0.02,6,22,19456,1,0.9893333333333333,0.9894937896476357,0.9406971382596799,236.82357654417865,4.433832170674577,241.25740871485323
UNSW_2018_IoT_Botnet_Final_10_Best,6q_5k,QWE,linear,0,L0,baseline_unoptimized,0.02,6,23,20480,2,0.9953333333333333,0.9953830447586062,0.9738663269140823,238.36627749493346,4.803762765601277,243.17004026053473
UNSW_2018_IoT_Botnet_Final_10_Best,6q_5k,QWE,linear,0,L0,baseline_unoptimized,0.02,6,24,21504,0,0.9966666666666667,0.9966718595415115,0.9807427232544484,244.97536192298867,4.198306747712195,249.17366867070086
UNSW_2018_IoT_Botnet_Final_10_Best,6q_5k,QWE,linear,0,L0,baseline_unoptimized,0.02,6,25,22528,1,0.9926666666666667,0.9927006714070616,0.9579438607767321,236.83897612569854,4.564187908079475,241.403164033778
UNSW_2018_IoT_Botnet_Final_10_Best,6q_5k,QWE,linear,0,L0,baseline_unoptimized,0.02,6,26,23552,2,0.9913333333333333,0.9915008826575236,0.9528300165982294,230.8325417030137,4.18393018678762,235.01647188980132
UNSW_2018_IoT_Botnet_Final_10_Best,6q_5k,QWE,linear,0,L0,baseline_unoptimized,0.02,6,27,24576,0,0.992,0.9920733291515753,0.9547222368707855,239.64923140709288,4.181904196040705,243.8311356031336
UNSW_2018_IoT_Botnet_Final_10_Best,6q_5k,QWE,linear,0,L0,baseline_unoptimized,0.02,6,28,25600,1,0.9933333333333333,0.9933743902956271,0.9619401198184026,228.46868877019733,4.444207719760016,232.91289648995735
UNSW_2018_IoT_Botnet_Final_10_Best,6q_5k,QWE,linear,0,L0,baseline_unoptimized,0.02,6,29,26624,2,0.9953333333333333,0.9953549727135846,0.9732609961997113,244.67190322722308,3.075351150939241,247.74725437816232
UNSW_2018_IoT_Botnet_Final_10_Best,6q_5k,QWE,linear,0,L0,baseline_unoptimized,0.05,6,0,42,0,0.988,0.988248888888889,0.934606095884654,241.9931404136587,4.080073450924829,246.07321386458352
UNSW_2018_IoT_Botnet_Final_10_Best,6q_5k,QWE,linear,0,L0,baseline_unoptimized,0.05,6,1,123,1,0.9873333333333333,0.9876487479671214,0.9320891928349727,246.49499492393807,2.388716423418373,248.88371134735644
UNSW_2018_IoT_Botnet_Final_10_Best,6q_5k,QWE,linear,0,L0,baseline_unoptimized,0.05,6,2,456,2,0.9933333333333333,0.9933743902956271,0.9619401198184026,239.4733405872248,3.8235098051372916,243.2968503923621
UNSW_2018_IoT_Botnet_Final_10_Best,6q_5k,QWE,linear,0,L0,baseline_unoptimized,0.05,6,3,789,0,0.9913333333333333,0.991476192433647,0.9522314212271312,238.4391226877924,4.531558194663376,242.97068088245578
UNSW_2018_IoT_Botnet_Final_10_Best,6q_5k,QWE,linear,0,L0,baseline_unoptimized,0.05,6,4,1024,1,0.9886666666666667,0.9889175655476351,0.9386806937307621,211.53213818371296,3.6658300501294434,215.1979682338424
UNSW_2018_IoT_Botnet_Final_10_Best,6q_5k,QWE,linear,0,L0,baseline_unoptimized,0.05,6,5,2048,2,0.986,0.9862307723928145,0.9223149464113788,243.3583193589002,3.6780473629478365,247.03636672184803
UNSW_2018_IoT_Botnet_Final_10_Best,6q_5k,QWE,linear,0,L0,baseline_unoptimized,0.05,6,6,3072,0,0.9906666666666667,0.9907798542920494,0.9476427477330465,216.58659124793485,3.860130285844207,220.44672153377905
UNSW_2018_IoT_Botnet_Final_10_Best,6q_5k,QWE,linear,0,L0,baseline_unoptimized,0.05,6,7,4096,1,0.992,0.9920970179646138,0.9551873937472581,227.65731400274672,3.2982850340195,230.95559903676622
UNSW_2018_IoT_Botnet_Final_10_Best,6q_5k,QWE,linear,0,L0,baseline_unoptimized,0.05,6,8,5120,2,0.986,0.9862307723928145,0.9223149464113788,243.27841645595618,2.3793674188200384,245.65778387477621
UNSW_2018_IoT_Botnet_Final_10_Best,6q_5k,QWE,linear,0,L0,baseline_unoptimized,0.05,6,9,6144,0,0.986,0.9863099339117848,0.9238910228107686,229.88203196623363,5.029403349850327,234.91143531608395
UNSW_2018_IoT_Botnet_Final_10_Best,6q_5k,QWE,linear,0,L0,baseline_unoptimized,0.05,6,10,7168,1,0.9846666666666667,0.9850061180938595,0.9164961873507719,244.04971647588536,4.525307048112154,248.57502352399752
UNSW_2018_IoT_Botnet_Final_10_Best,6q_5k,QWE,linear,0,L0,baseline_unoptimized,0.05,6,11,8192,2,0.9906666666666667,0.9908070659416813,0.9481978729325209,246.76837364118546,3.225417752051726,249.9937913932372
UNSW_2018_IoT_Botnet_Final_10_Best,6q_5k,QWE,linear,0,L0,baseline_unoptimized,0.05,6,12,9216,0,0.9886666666666667,0.9888857696290692,0.9379569206847955,236.54917254066095,3.2943892870098352,239.84356182767078
UNSW_2018_IoT_Botnet_Final_10_Best,6q_5k,QWE,linear,0,L0,baseline_unoptimized,0.05,6,13,10240,1,0.992,0.9920970179646138,0.9551873937472581,235.37098894733936,3.0196896898560226,238.39067863719538
UNSW_2018_IoT_Botnet_Final_10_Best,6q_5k,QWE,linear,0,L0,baseline_unoptimized,0.05,6,14,11264,2,0.984,0.9845060496709829,0.9161168940355825,244.84622702701017,3.5975959543138742,248.44382298132405
UNSW_2018_IoT_Botnet_Final_10_Best,6q_5k,QWE,linear,0,L0,baseline_unoptimized,0.05,6,15,12288,0,0.99,0.990135906513362,0.9441534820643769,244.6695519320201,3.4728947430849075,248.14244667510502
UNSW_2018_IoT_Botnet_Final_10_Best,6q_5k,QWE,linear,0,L0,baseline_unoptimized,0.05,6,16,13312,1,0.9893333333333333,0.9894311055354338,0.9395432598519646,192.87023392412812,4.703606377821416,197.57384030194953
UNSW_2018_IoT_Botnet_Final_10_Best,6q_5k,QWE,linear,0,L0,baseline_unoptimized,0.05,6,17,14336,2,0.992,0.992120342235727,0.9556986076053618,246.43670584401116,2.987222238909453,249.4239280829206
UNSW_2018_IoT_Botnet_Final_10_Best,6q_5k,QWE,linear,0,L0,baseline_unoptimized,0.05,6,18,15360,0,0.992,0.9920970179646138,0.9551873937472581,246.8476682761684,3.635844372212887,250.4835126483813
UNSW_2018_IoT_Botnet_Final_10_Best,6q_5k,QWE,linear,0,L0,baseline_unoptimized,0.05,6,19,16384,1,0.9926666666666667,0.9927875474438553,0.9597105399310694,242.55340024922043,4.408877991139889,246.96227824036032
UNSW_2018_IoT_Botnet_Final_10_Best,6q_5k,QWE,linear,0,L0,baseline_unoptimized,0.05,6,20,17408,2,0.9913333333333333,0.991451118978247,0.9516760579317576,225.541057104012,5.841509918915108,231.3825670229271
UNSW_2018_IoT_Botnet_Final_10_Best,6q_5k,QWE,linear,0,L0,baseline_unoptimized,0.05,6,21,18432,0,0.99,0.9901933261432965,0.9453934686415124,236.82724484987557,4.59322325582616,241.42046810570173
UNSW_2018_IoT_Botnet_Final_10_Best,6q_5k,QWE,linear,0,L0,baseline_unoptimized,0.05,6,22,19456,1,0.9833333333333333,0.9837023022759341,0.9091013518907751,245.30963230622,5.2492240918800235,250.55885639810003
UNSW_2018_IoT_Botnet_Final_10_Best,6q_5k,QWE,linear,0,L0,baseline_unoptimized,0.05,6,23,20480,2,0.9873333333333333,0.9876487479671214,0.9320891928349727,248.70683319331147,3.631174073787406,252.33800726709887
UNSW_2018_IoT_Botnet_Final_10_Best,6q_5k,QWE,linear,0,L0,baseline_unoptimized,0.05,6,24,21504,0,0.9906666666666667,0.9908338607411529,0.9487965468889443,225.98073431220837,4.42538006324321,230.40611437545158
UNSW_2018_IoT_Botnet_Final_10_Best,6q_5k,QWE,linear,0,L0,baseline_unoptimized,0.05,6,25,22528,1,0.9906666666666667,0.9907798542920494,0.9476427477330465,242.05782140791416,4.013196490705013,246.07101789861917
UNSW_2018_IoT_Botnet_Final_10_Best,6q_5k,QWE,linear,0,L0,baseline_unoptimized,0.05,6,26,23552,2,0.9866666666666667,0.9870529038143345,0.9297153391356787,240.64055298897438,2.92889948701486,243.56945247598924
UNSW_2018_IoT_Botnet_Final_10_Best,6q_5k,QWE,linear,0,L0,baseline_unoptimized,0.05,6,27,24576,0,0.99,0.9901933261432965,0.9453934686415124,227.78823059424758,5.2178731258027256,233.0061037200503
UNSW_2018_IoT_Botnet_Final_10_Best,6q_5k,QWE,linear,0,L0,baseline_unoptimized,0.05,6,28,25600,1,0.988,0.988248888888889,0.934606095884654,247.2628164230846,3.140019078971818,250.4028355020564
UNSW_2018_IoT_Botnet_Final_10_Best,6q_5k,QWE,linear,0,L0,baseline_unoptimized,0.05,6,29,26624,2,0.99,0.990164837423439,0.9447523025231931,246.7331398888491,3.6470841178670526,250.38022400671616
UNSW_2018_IoT_Botnet_Final_10_Best,6q_5k,QWE,linear,3,L3,qiskit_heavy,0.0,6,0,42,0,0.9973333333333333,0.9973249254980052,0.9844726035127892,451.2105013560504,8.345732328016311,459.5562336840667
UNSW_2018_IoT_Botnet_Final_10_Best,6q_5k,QWE,linear,3,L3,qiskit_heavy,0.0,6,1,123,1,0.9946666666666667,0.9946995122365017,0.9695754135797602,482.44406813918613,7.529620568966493,489.9736887081526
UNSW_2018_IoT_Botnet_Final_10_Best,6q_5k,QWE,linear,3,L3,qiskit_heavy,0.0,6,2,456,2,0.996,0.996,0.976810219993713,483.6652027948294,6.354535269085318,490.0197380639147
UNSW_2018_IoT_Botnet_Final_10_Best,6q_5k,QWE,linear,3,L3,qiskit_heavy,0.0,6,3,789,0,0.996,0.996,0.976810219993713,482.5940690697171,7.411392439622432,490.0054615093395
UNSW_2018_IoT_Botnet_Final_10_Best,6q_5k,QWE,linear,3,L3,qiskit_heavy,0.0,6,4,1024,1,0.992,0.9920970179646138,0.9551873937472581,467.00772665510885,8.51606169110164,475.5237883462105
UNSW_2018_IoT_Botnet_Final_10_Best,6q_5k,QWE,linear,3,L3,qiskit_heavy,0.0,6,5,2048,2,0.9913333333333333,0.9913197247261799,0.9496049536016182,477.48710259003565,10.895916052628309,488.38301864266396
UNSW_2018_IoT_Botnet_Final_10_Best,6q_5k,QWE,linear,3,L3,qiskit_heavy,0.0,6,6,3072,0,0.996,0.9959615546218488,0.9766394448969591,447.0043984230142,7.054494252195582,454.0588926752098
UNSW_2018_IoT_Botnet_Final_10_Best,6q_5k,QWE,linear,3,L3,qiskit_heavy,0.0,6,7,4096,1,0.9953333333333333,0.9953260056217893,0.9728676747095873,474.2974328598939,6.074917964171618,480.3723508240655
UNSW_2018_IoT_Botnet_Final_10_Best,6q_5k,QWE,linear,3,L3,qiskit_heavy,0.0,6,8,5120,2,0.9946666666666667,0.9946327660618205,0.9688072542805272,473.22206156887114,6.577386093093082,479.7994476619642
UNSW_2018_IoT_Botnet_Final_10_Best,6q_5k,QWE,linear,3,L3,qiskit_heavy,0.0,6,9,6144,0,0.9966666666666667,0.9966508390871419,0.9805592897585838,465.3124968239572,8.344681533286348,473.65717835724354
UNSW_2018_IoT_Botnet_Final_10_Best,6q_5k,QWE,linear,3,L3,qiskit_heavy,0.0,6,10,7168,1,0.998,0.9980092740201078,0.9885781316226904,483.6454968510661,7.416571997106075,491.0620688481722
UNSW_2018_IoT_Botnet_Final_10_Best,6q_5k,QWE,linear,3,L3,qiskit_heavy,0.0,6,11,8192,2,0.9933333333333333,0.9933333333333333,0.9613503666561883,481.33044074708596,9.063504562946036,490.393945310032
UNSW_2018_IoT_Botnet_Final_10_Best,6q_5k,QWE,linear,3,L3,qiskit_heavy,0.0,6,12,9216,0,0.994,0.9939521359511754,0.9648485951552902,483.3922622629907,6.806675486033782,490.1989377490245
UNSW_2018_IoT_Botnet_Final_10_Best,6q_5k,QWE,linear,3,L3,qiskit_heavy,0.0,6,13,10240,1,0.9973333333333333,0.9973249254980052,0.9844726035127892,451.80409465311095,8.300532556138933,460.1046272092499
UNSW_2018_IoT_Botnet_Final_10_Best,6q_5k,QWE,linear,3,L3,qiskit_heavy,0.0,6,14,11264,2,0.9906666666666667,0.9908070659416813,0.9481978729325209,484.9330798718147,6.57767234207131,491.510752213886
UNSW_2018_IoT_Botnet_Final_10_Best,6q_5k,QWE,linear,3,L3,qiskit_heavy,0.0,6,15,12288,0,0.994,0.9940093471747208,0.9653309638218246,476.1328740371391,9.237030664924532,485.36990470206365
UNSW_2018_IoT_Botnet_Final_10_Best,6q_5k,QWE,linear,3,L3,qiskit_heavy,0.0,6,16,13312,1,0.9973333333333333,0.9973249254980052,0.9844726035127892,483.2114213630557,6.151256512152031,489.36267787520774
UNSW_2018_IoT_Botnet_Final_10_Best,6q_5k,QWE,linear,3,L3,qiskit_heavy,0.0,6,17,14336,2,0.9906666666666667,0.9906372392430184,0.9455784757803349,461.4384441538714,9.251200349768624,470.68964450364
UNSW_2018_IoT_Botnet_Final_10_Best,6q_5k,QWE,linear,3,L3,qiskit_heavy,0.0,6,18,15360,0,0.9946666666666667,0.9946995122365017,0.9695754135797602,449.1490059797652,8.146105743013322,457.29511172277853
UNSW_2018_IoT_Botnet_Final_10_Best,6q_5k,QWE,linear,3,L3,qiskit_heavy,0.0,6,19,16384,1,0.998,0.9979968595521955,0.9883761554482334,483.79570844676346,8.496499302098528,492.292207748862
UNSW_2018_IoT_Botnet_Final_10_Best,6q_5k,QWE,linear,3,L3,qiskit_heavy,0.0,6,20,17408,2,0.9953333333333333,0.9953260056217893,0.9728676747095873,483.28269639983773,8.666655368171632,491.94935176800936
UNSW_2018_IoT_Botnet_Final_10_Best,6q_5k,QWE,linear,3,L3,qiskit_heavy,0.0,6,21,18432,0,0.9953333333333333,0.9953691183391495,0.9735381261938272,448.47873305506073,8.556298551615328,457.03503160667606
UNSW_2018_IoT_Botnet_Final_10_Best,6q_5k,QWE,linear,3,L3,qiskit_heavy,0.0,6,22,19456,1,0.994,0.9940093471747208,0.9653309638218246,485.79044903907925,7.97371924505569,493.76416828413494
UNSW_2018_IoT_Botnet_Final_10_Best,6q_5k,QWE,linear,3,L3,qiskit_heavy,0.0,6,23,20480,2,0.9966666666666667,0.9966922273851068,0.9811503949509465,486.807382365223,7.63403395190835,494.44141631713137
UNSW_2018_IoT_Botnet_Final_10_Best,6q_5k,QWE,linear,3,L3,qiskit_heavy,0.0,6,24,21504,0,0.9966666666666667,0.9966614325869924,0.9806219150789104,466.78498329920694,6.426522857975215,473.21150615718216
UNSW_2018_IoT_Botnet_Final_10_Best,6q_5k,QWE,linear,3,L3,qiskit_heavy,0.0,6,25,22528,1,0.996,0.9959745745463654,0.9766360841206913,485.2453107216861,6.735622934065759,491.98093365575187
UNSW_2018_IoT_Botnet_Final_10_Best,6q_5k,QWE,linear,3,L3,qiskit_heavy,0.0,6,26,23552,2,0.9966666666666667,0.9966922273851068,0.9811503949509465,485.1615410638042,5.9416244071908295,491.103165470995
UNSW_2018_IoT_Botnet_Final_10_Best,6q_5k,QWE,linear,3,L3,qiskit_heavy,0.0,6,27,24576,0,0.994,0.9940278220603231,0.9656024284882216,440.71208399604075,8.20351002807729,448.91559402411804
UNSW_2018_IoT_Botnet_Final_10_Best,6q_5k,QWE,linear,3,L3,qiskit_heavy,0.0,6,28,25600,1,0.994,0.9940278220603231,0.9656024284882216,482.491727424087,8.43953007273376,490.93125749682076
UNSW_2018_IoT_Botnet_Final_10_Best,6q_5k,QWE,linear,3,L3,qiskit_heavy,0.0,6,29,26624,2,0.9953333333333333,0.9953549727135846,0.9732609961997113,482.8725032855291,9.066027299966663,491.93853058549576
UNSW_2018_IoT_Botnet_Final_10_Best,6q_5k,QWE,linear,3,L3,qiskit_heavy,0.0003,6,0,42,0,0.9973333333333333,0.9973249254980052,0.9844726035127892,230.09092431585304,3.9202381370123476,234.0111624528654
UNSW_2018_IoT_Botnet_Final_10_Best,6q_5k,QWE,linear,3,L3,qiskit_heavy,0.0003,6,1,123,1,0.9946666666666667,0.9946995122365017,0.9695754135797602,245.9208746792283,3.5036244781222194,249.4244991573505
UNSW_2018_IoT_Botnet_Final_10_Best,6q_5k,QWE,linear,3,L3,qiskit_heavy,0.0003,6,2,456,2,0.996,0.996,0.976810219993713,242.2267758466769,2.6454282051417977,244.8722040518187
UNSW_2018_IoT_Botnet_Final_10_Best,6q_5k,QWE,linear,3,L3,qiskit_heavy,0.0003,6,3,789,0,0.996,0.996,0.976810219993713,226.28664140030742,5.091956151416525,231.37859755172394
UNSW_2018_IoT_Botnet_Final_10_Best,6q_5k,QWE,linear,3,L3,qiskit_heavy,0.0003,6,4,1024,1,0.992,0.9920970179646138,0.9551873937472581,229.8155271948781,5.236789782997221,235.0523169778753
UNSW_2018_IoT_Botnet_Final_10_Best,6q_5k,QWE,linear,3,L3,qiskit_heavy,0.0003,6,5,2048,2,0.9913333333333333,0.9913197247261799,0.9496049536016182,245.59422346274368,4.051732296124101,249.64595575886779
UNSW_2018_IoT_Botnet_Final_10_Best,6q_5k,QWE,linear,3,L3,qiskit_heavy,0.0003,6,6,3072,0,0.996,0.9959615546218488,0.9766394448969591,219.23585206409916,4.1766522999387234,223.4125043640379
UNSW_2018_IoT_Botnet_Final_10_Best,6q_5k,QWE,linear,3,L3,qiskit_heavy,0.0003,6,7,4096,1,0.996,0.996,0.976810219993713,235.7385130021721,5.200724983820692,240.9392379859928
UNSW_2018_IoT_Botnet_Final_10_Best,6q_5k,QWE,linear,3,L3,qiskit_heavy,0.0003,6,8,5120,2,0.9946666666666667,0.9946327660618205,0.9688072542805272,247.21423731022514,3.157020108308643,250.3712574185338
UNSW_2018_IoT_Botnet_Final_10_Best,6q_5k,QWE,linear,3,L3,qiskit_heavy,0.0003,6,9,6144,0,0.9966666666666667,0.9966508390871419,0.9805592897585838,236.43907442106865,4.261148563353345,240.700222984422
UNSW_2018_IoT_Botnet_Final_10_Best,6q_5k,QWE,linear,3,L3,qiskit_heavy,0.0003,6,10,7168,1,0.9973333333333333,0.9973497561182509,0.9848460011024754,235.51538561517373,4.066699295071885,239.5820849102456
UNSW_2018_IoT_Botnet_Final_10_Best,6q_5k,QWE,linear,3,L3,qiskit_heavy,0.0003,6,11,8192,2,0.9933333333333333,0.9933333333333333,0.9613503666561883,243.99156912090257,3.5833806998562068,247.57494982075877
UNSW_2018_IoT_Botnet_Final_10_Best,6q_5k,QWE,linear,3,L3,qiskit_heavy,0.0003,6,12,9216,0,0.994,0.9939521359511754,0.9648485951552902,242.9978714750614,2.4367877633776516,245.43465923843905
UNSW_2018_IoT_Botnet_Final_10_Best,6q_5k,QWE,linear,3,L3,qiskit_heavy,0.0003,6,13,10240,1,0.9973333333333333,0.9973249254980052,0.9844726035127892,220.66611913894303,4.609921293100342,225.27604043204337
UNSW_2018_IoT_Botnet_Final_10_Best,6q_5k,QWE,linear,3,L3,qiskit_heavy,0.0003,6,14,11264,2,0.9906666666666667,0.9908070659416813,0.9481978729325209,227.10133429500274,4.886571661103517,231.98790595610626
UNSW_2018_IoT_Botnet_Final_10_Best,6q_5k,QWE,linear,3,L3,qiskit_heavy,0.0003,6,15,12288,0,0.994,0.9940093471747208,0.9653309638218246,223.63223157217726,3.040619749110192,226.67285132128745
UNSW_2018_IoT_Botnet_Final_10_Best,6q_5k,QWE,linear,3,L3,qiskit_heavy,0.0003,6,16,13312,1,0.9973333333333333,0.9973249254980052,0.9844726035127892,243.77981191780418,4.04544338490814,247.82525530271232
UNSW_2018_IoT_Botnet_Final_10_Best,6q_5k,QWE,linear,3,L3,qiskit_heavy,0.0003,6,17,14336,2,0.9906666666666667,0.9906372392430184,0.9455784757803349,244.25146673992276,3.1633014059625566,247.41476814588532
UNSW_2018_IoT_Botnet_Final_10_Best,6q_5k,QWE,linear,3,L3,qiskit_heavy,0.0003,6,18,15360,0,0.9953333333333333,0.9953549727135846,0.9732609961997113,246.47155979997478,4.5656005488708615,251.03716034884565
UNSW_2018_IoT_Botnet_Final_10_Best,6q_5k,QWE,linear,3,L3,qiskit_heavy,0.0003,6,19,16384,1,0.998,0.9979968595521955,0.9883761554482334,247.3913386450149,3.3076723639387637,250.69901100895368
UNSW_2018_IoT_Botnet_Final_10_Best,6q_5k,QWE,linear,3,L3,qiskit_heavy,0.0003,6,20,17408,2,0.9953333333333333,0.9953260056217893,0.9728676747095873,229.0393205988221,2.648769797058776,231.68809039588086
UNSW_2018_IoT_Botnet_Final_10_Best,6q_5k,QWE,linear,3,L3,qiskit_heavy,0.0003,6,21,18432,0,0.9953333333333333,0.9953691183391495,0.9735381261938272,246.74525868194178,3.4468903259839863,250.19214900792576
UNSW_2018_IoT_Botnet_Final_10_Best,6q_5k,QWE,linear,3,L3,qiskit_heavy,0.0003,6,22,19456,1,0.994,0.9940093471747208,0.9653309638218246,246.48990398808382,3.728476583957672,250.2183805720415
UNSW_2018_IoT_Botnet_Final_10_Best,6q_5k,QWE,linear,3,L3,qiskit_heavy,0.0003,6,23,20480,2,0.9966666666666667,0.9966922273851068,0.9811503949509465,224.181693573948,3.6804389611352235,227.86213253508322
UNSW_2018_IoT_Botnet_Final_10_Best,6q_5k,QWE,linear,3,L3,qiskit_heavy,0.0003,6,24,21504,0,0.9966666666666667,0.9966614325869924,0.9806219150789104,243.38166617206298,3.6545864501968026,247.03625262225978
UNSW_2018_IoT_Botnet_Final_10_Best,6q_5k,QWE,linear,3,L3,qiskit_heavy,0.0003,6,25,22528,1,0.9966666666666667,0.9966508390871419,0.9805592897585838,223.5360296368599,5.065595658263192,228.60162529512309
UNSW_2018_IoT_Botnet_Final_10_Best,6q_5k,QWE,linear,3,L3,qiskit_heavy,0.0003,6,26,23552,2,0.9966666666666667,0.9966922273851068,0.9811503949509465,247.03938631503843,3.5644803568720818,250.6038666719105
UNSW_2018_IoT_Botnet_Final_10_Best,6q_5k,QWE,linear,3,L3,qiskit_heavy,0.0003,6,27,24576,0,0.994,0.9940278220603231,0.9656024284882216,243.96764750988223,3.3241880538407713,247.291835563723
UNSW_2018_IoT_Botnet_Final_10_Best,6q_5k,QWE,linear,3,L3,qiskit_heavy,0.0003,6,28,25600,1,0.994,0.9940278220603231,0.9656024284882216,226.85981537704356,4.890486635034904,231.75030201207846
UNSW_2018_IoT_Botnet_Final_10_Best,6q_5k,QWE,linear,3,L3,qiskit_heavy,0.0003,6,29,26624,2,0.9953333333333333,0.9953549727135846,0.9732609961997113,245.52548486017622,4.197686919942498,249.72317178011872
UNSW_2018_IoT_Botnet_Final_10_Best,6q_5k,QWE,linear,3,L3,qiskit_heavy,0.0005,6,0,42,0,0.9973333333333333,0.9973249254980052,0.9844726035127892,236.90680342004634,3.6943265951704234,240.60113001521677
UNSW_2018_IoT_Botnet_Final_10_Best,6q_5k,QWE,linear,3,L3,qiskit_heavy,0.0005,6,1,123,1,0.9946666666666667,0.9946995122365017,0.9695754135797602,246.45915925316513,3.6723798338789493,250.13153908704408
UNSW_2018_IoT_Botnet_Final_10_Best,6q_5k,QWE,linear,3,L3,qiskit_heavy,0.0005,6,2,456,2,0.996,0.996,0.976810219993713,246.4284994979389,3.187412597006187,249.6159120949451
UNSW_2018_IoT_Botnet_Final_10_Best,6q_5k,QWE,linear,3,L3,qiskit_heavy,0.0005,6,3,789,0,0.996,0.996,0.976810219993713,247.67510099778883,2.9300583319272846,250.60515932971612
UNSW_2018_IoT_Botnet_Final_10_Best,6q_5k,QWE,linear,3,L3,qiskit_heavy,0.0005,6,4,1024,1,0.992,0.9920970179646138,0.9551873937472581,238.78966452390887,5.05476922984235,243.84443375375122
UNSW_2018_IoT_Botnet_Final_10_Best,6q_5k,QWE,linear,3,L3,qiskit_heavy,0.0005,6,5,2048,2,0.9913333333333333,0.9913197247261799,0.9496049536016182,244.99827670585364,4.496247821953148,249.4945245278068
UNSW_2018_IoT_Botnet_Final_10_Best,6q_5k,QWE,linear,3,L3,qiskit_heavy,0.0005,6,6,3072,0,0.996,0.9959615546218488,0.9766394448969591,249.44311289303005,3.2480158219113946,252.69112871494144
UNSW_2018_IoT_Botnet_Final_10_Best,6q_5k,QWE,linear,3,L3,qiskit_heavy,0.0005,6,7,4096,1,0.996,0.996,0.976810219993713,242.38232954894193,4.531204233877361,246.9135337828193
UNSW_2018_IoT_Botnet_Final_10_Best,6q_5k,QWE,linear,3,L3,qiskit_heavy,0.0005,6,8,5120,2,0.9946666666666667,0.9946327660618205,0.9688072542805272,242.47811995702796,5.1792160659097135,247.65733602293767
UNSW_2018_IoT_Botnet_Final_10_Best,6q_5k,QWE,linear,3,L3,qiskit_heavy,0.0005,6,9,6144,0,0.9966666666666667,0.9966508390871419,0.9805592897585838,247.86565231415443,2.37701254687272,250.24266486102715
UNSW_2018_IoT_Botnet_Final_10_Best,6q_5k,QWE,linear,3,L3,qiskit_heavy,0.0005,6,10,7168,1,0.9973333333333333,0.9973497561182509,0.9848460011024754,216.5365346558392,2.62808770686388,219.16462236270308
UNSW_2018_IoT_Botnet_Final_10_Best,6q_5k,QWE,linear,3,L3,qiskit_heavy,0.0005,6,11,8192,2,0.9933333333333333,0.9933333333333333,0.9613503666561883,241.19999532797374,2.9339929192792624,244.133988247253
UNSW_2018_IoT_Botnet_Final_10_Best,6q_5k,QWE,linear,3,L3,qiskit_heavy,0.0005,6,12,9216,0,0.994,0.9939521359511754,0.9648485951552902,240.43136533419602,4.0349086069036275,244.46627394109964
UNSW_2018_IoT_Botnet_Final_10_Best,6q_5k,QWE,linear,3,L3,qiskit_heavy,0.0005,6,13,10240,1,0.9973333333333333,0.9973249254980052,0.9844726035127892,241.81046699173748,4.060530793154612,245.8709977848921
UNSW_2018_IoT_Botnet_Final_10_Best,6q_5k,QWE,linear,3,L3,qiskit_heavy,0.0005,6,14,11264,2,0.9906666666666667,0.9908070659416813,0.9481978729325209,248.55228791595437,3.797413698164746,252.3497016141191
UNSW_2018_IoT_Botnet_Final_10_Best,6q_5k,QWE,linear,3,L3,qiskit_heavy,0.0005,6,15,12288,0,0.994,0.9940093471747208,0.9653309638218246,223.6155525201466,4.662649693898857,228.27820221404545
UNSW_2018_IoT_Botnet_Final_10_Best,6q_5k,QWE,linear,3,L3,qiskit_heavy,0.0005,6,16,13312,1,0.9973333333333333,0.9973249254980052,0.9844726035127892,246.5667770509608,3.3728052980732173,249.93958234903403
UNSW_2018_IoT_Botnet_Final_10_Best,6q_5k,QWE,linear,3,L3,qiskit_heavy,0.0005,6,17,14336,2,0.9906666666666667,0.9906372392430184,0.9455784757803349,238.13718782714568,4.143958599772304,242.28114642691799
UNSW_2018_IoT_Botnet_Final_10_Best,6q_5k,QWE,linear,3,L3,qiskit_heavy,0.0005,6,18,15360,0,0.9953333333333333,0.9953549727135846,0.9732609961997113,241.48105705389753,3.60220309603028,245.0832601499278
UNSW_2018_IoT_Botnet_Final_10_Best,6q_5k,QWE,linear,3,L3,qiskit_heavy,0.0005,6,19,16384,1,0.998,0.9979968595521955,0.9883761554482334,225.06633750209585,4.016884189099073,229.08322169119492
UNSW_2018_IoT_Botnet_Final_10_Best,6q_5k,QWE,linear,3,L3,qiskit_heavy,0.0005,6,20,17408,2,0.9953333333333333,0.9953260056217893,0.9728676747095873,248.37786261481233,4.236926468787715,252.61478908360004
UNSW_2018_IoT_Botnet_Final_10_Best,6q_5k,QWE,linear,3,L3,qiskit_heavy,0.0005,6,21,18432,0,0.9953333333333333,0.9953691183391495,0.9735381261938272,246.32459099125117,4.194067887729034,250.5186588789802
UNSW_2018_IoT_Botnet_Final_10_Best,6q_5k,QWE,linear,3,L3,qiskit_heavy,0.0005,6,22,19456,1,0.994,0.9940093471747208,0.9653309638218246,244.63585948501714,4.8373263131361455,249.47318579815328
UNSW_2018_IoT_Botnet_Final_10_Best,6q_5k,QWE,linear,3,L3,qiskit_heavy,0.0005,6,23,20480,2,0.9966666666666667,0.9966922273851068,0.9811503949509465,214.76115006487817,4.320906082866713,219.08205614774488
UNSW_2018_IoT_Botnet_Final_10_Best,6q_5k,QWE,linear,3,L3,qiskit_heavy,0.0005,6,24,21504,0,0.9966666666666667,0.9966614325869924,0.9806219150789104,225.31523636402562,5.123329664813355,230.43856602883898
UNSW_2018_IoT_Botnet_Final_10_Best,6q_5k,QWE,linear,3,L3,qiskit_heavy,0.0005,6,25,22528,1,0.9966666666666667,0.9966508390871419,0.9805592897585838,245.29230185505003,3.2803155130241066,248.57261736807413
UNSW_2018_IoT_Botnet_Final_10_Best,6q_5k,QWE,linear,3,L3,qiskit_heavy,0.0005,6,26,23552,2,0.9966666666666667,0.9966922273851068,0.9811503949509465,242.68487939005718,4.983173374086618,247.6680527641438
UNSW_2018_IoT_Botnet_Final_10_Best,6q_5k,QWE,linear,3,L3,qiskit_heavy,0.0005,6,27,24576,0,0.994,0.9940278220603231,0.9656024284882216,238.55951795191504,3.7598003819584846,242.31931833387353
UNSW_2018_IoT_Botnet_Final_10_Best,6q_5k,QWE,linear,3,L3,qiskit_heavy,0.0005,6,28,25600,1,0.994,0.9940278220603231,0.9656024284882216,231.7390752651263,2.7288732142187655,234.46794847934507
UNSW_2018_IoT_Botnet_Final_10_Best,6q_5k,QWE,linear,3,L3,qiskit_heavy,0.0005,6,29,26624,2,0.9953333333333333,0.9953549727135846,0.9732609961997113,249.59231832576916,2.8767375238239765,252.46905584959313
UNSW_2018_IoT_Botnet_Final_10_Best,6q_5k,QWE,linear,3,L3,qiskit_heavy,0.001,6,0,42,0,0.9973333333333333,0.9973249254980052,0.9844726035127892,245.76742121414281,3.138331345282495,248.9057525594253
UNSW_2018_IoT_Botnet_Final_10_Best,6q_5k,QWE,linear,3,L3,qiskit_heavy,0.001,6,1,123,1,0.9946666666666667,0.9946995122365017,0.9695754135797602,242.16987205599435,4.596924573881552,246.7667966298759
UNSW_2018_IoT_Botnet_Final_10_Best,6q_5k,QWE,linear,3,L3,qiskit_heavy,0.001,6,2,456,2,0.996,0.996,0.976810219993713,239.76100828684866,4.068125497084111,243.82913378393278
UNSW_2018_IoT_Botnet_Final_10_Best,6q_5k,QWE,linear,3,L3,qiskit_heavy,0.001,6,3,789,0,0.996,0.996,0.976810219993713,236.31669338885695,4.341072014300153,240.6577654031571
UNSW_2018_IoT_Botnet_Final_10_Best,6q_5k,QWE,linear,3,L3,qiskit_heavy,0.001,6,4,1024,1,0.992,0.9920970179646138,0.9551873937472581,233.63625564426184,4.106241961708292,237.74249760597013
UNSW_2018_IoT_Botnet_Final_10_Best,6q_5k,QWE,linear,3,L3,qiskit_heavy,0.001,6,5,2048,2,0.9913333333333333,0.9913197247261799,0.9496049536016182,245.49814679799601,3.341080815065652,248.83922761306167
UNSW_2018_IoT_Botnet_Final_10_Best,6q_5k,QWE,linear,3,L3,qiskit_heavy,0.001,6,6,3072,0,0.996,0.9959615546218488,0.9766394448969591,251.18830244033597,2.6149794179946184,253.8032818583306
UNSW_2018_IoT_Botnet_Final_10_Best,6q_5k,QWE,linear,3,L3,qiskit_heavy,0.001,6,7,4096,1,0.996,0.996,0.976810219993713,243.798181676073,4.067124735796824,247.86530641186982
UNSW_2018_IoT_Botnet_Final_10_Best,6q_5k,QWE,linear,3,L3,qiskit_heavy,0.001,6,8,5120,2,0.9946666666666667,0.9946327660618205,0.9688072542805272,250.15612333803438,3.0729827180039138,253.2291060560383
UNSW_2018_IoT_Botnet_Final_10_Best,6q_5k,QWE,linear,3,L3,qiskit_heavy,0.001,6,9,6144,0,0.9953333333333333,0.9953260056217893,0.9728676747095873,218.96945409523323,5.06242067576386,224.0318747709971
UNSW_2018_IoT_Botnet_Final_10_Best,6q_5k,QWE,linear,3,L3,qiskit_heavy,0.001,6,10,7168,1,0.9973333333333333,0.9973497561182509,0.9848460011024754,247.2394741626922,4.105786828091368,251.34526099078357
UNSW_2018_IoT_Botnet_Final_10_Best,6q_5k,QWE,linear,3,L3,qiskit_heavy,0.001,6,11,8192,2,0.9933333333333333,0.9933333333333333,0.9613503666561883,244.17463534418494,3.906836203299463,248.0814715474844
UNSW_2018_IoT_Botnet_Final_10_Best,6q_5k,QWE,linear,3,L3,qiskit_heavy,0.001,6,12,9216,0,0.994,0.9939521359511754,0.9648485951552902,243.24828219600022,3.330834907712415,246.57911710371263
UNSW_2018_IoT_Botnet_Final_10_Best,6q_5k,QWE,linear,3,L3,qiskit_heavy,0.001,6,13,10240,1,0.9973333333333333,0.9973249254980052,0.9844726035127892,246.75403810082935,2.7997305640019476,249.5537686648313
UNSW_2018_IoT_Botnet_Final_10_Best,6q_5k,QWE,linear,3,L3,qiskit_heavy,0.001,6,14,11264,2,0.9906666666666667,0.9908070659416813,0.9481978729325209,236.24945778097026,4.370139691978693,240.61959747294895
UNSW_2018_IoT_Botnet_Final_10_Best,6q_5k,QWE,linear,3,L3,qiskit_heavy,0.001,6,15,12288,0,0.994,0.9940093471747208,0.9653309638218246,237.48547619394958,4.4614202389493585,241.94689643289894
UNSW_2018_IoT_Botnet_Final_10_Best,6q_5k,QWE,linear,3,L3,qiskit_heavy,0.001,6,16,13312,1,0.9973333333333333,0.9973249254980052,0.9844726035127892,226.496738512069,3.0842492373194546,229.58098774938844
UNSW_2018_IoT_Botnet_Final_10_Best,6q_5k,QWE,linear,3,L3,qiskit_heavy,0.001,6,17,14336,2,0.9906666666666667,0.9906372392430184,0.9455784757803349,243.98875381285325,3.0138929791282862,247.00264679198153
UNSW_2018_IoT_Botnet_Final_10_Best,6q_5k,QWE,linear,3,L3,qiskit_heavy,0.001,6,18,15360,0,0.9953333333333333,0.9953549727135846,0.9732609961997113,232.5222926218994,4.539828428067267,237.06212104996666
UNSW_2018_IoT_Botnet_Final_10_Best,6q_5k,QWE,linear,3,L3,qiskit_heavy,0.001,6,19,16384,1,0.998,0.9979968595521955,0.9883761554482334,231.97425540396944,4.25140362395905,236.2256590279285
UNSW_2018_IoT_Botnet_Final_10_Best,6q_5k,QWE,linear,3,L3,qiskit_heavy,0.001,6,20,17408,2,0.9953333333333333,0.9953260056217893,0.9728676747095873,245.97113043256104,2.3795569750946015,248.35068740765564
UNSW_2018_IoT_Botnet_Final_10_Best,6q_5k,QWE,linear,3,L3,qiskit_heavy,0.001,6,21,18432,0,0.9953333333333333,0.9953691183391495,0.9735381261938272,233.61509888991714,3.87748580891639,237.49258469883353
UNSW_2018_IoT_Botnet_Final_10_Best,6q_5k,QWE,linear,3,L3,qiskit_heavy,0.001,6,22,19456,1,0.994,0.9940093471747208,0.9653309638218246,243.45585436816327,3.9913007540162653,247.44715512217954
UNSW_2018_IoT_Botnet_Final_10_Best,6q_5k,QWE,linear,3,L3,qiskit_heavy,0.001,6,23,20480,2,0.9966666666666667,0.9966922273851068,0.9811503949509465,239.70693665510044,4.150413400726393,243.85735005582683
UNSW_2018_IoT_Botnet_Final_10_Best,6q_5k,QWE,linear,3,L3,qiskit_heavy,0.001,6,24,21504,0,0.9966666666666667,0.9966614325869924,0.9806219150789104,224.430880978005,4.460333002032712,228.89121398003772
UNSW_2018_IoT_Botnet_Final_10_Best,6q_5k,QWE,linear,3,L3,qiskit_heavy,0.001,6,25,22528,1,0.996,0.9959873882470078,0.9766937779662983,243.01137691666372,4.240328983869404,247.25170590053312
UNSW_2018_IoT_Botnet_Final_10_Best,6q_5k,QWE,linear,3,L3,qiskit_heavy,0.001,6,26,23552,2,0.9966666666666667,0.9966922273851068,0.9811503949509465,245.27857574727386,5.090702127898112,250.36927787517197
UNSW_2018_IoT_Botnet_Final_10_Best,6q_5k,QWE,linear,3,L3,qiskit_heavy,0.001,6,27,24576,0,0.994,0.9940278220603231,0.9656024284882216,220.43310117116198,4.306487710913643,224.73958888207562
UNSW_2018_IoT_Botnet_Final_10_Best,6q_5k,QWE,linear,3,L3,qiskit_heavy,0.001,6,28,25600,1,0.994,0.9940278220603231,0.9656024284882216,246.91614099498838,2.911850563250482,249.82799155823886
UNSW_2018_IoT_Botnet_Final_10_Best,6q_5k,QWE,linear,3,L3,qiskit_heavy,0.001,6,29,26624,2,0.9953333333333333,0.9953549727135846,0.9732609961997113,236.265409844229,4.528152978979051,240.79356282320805
UNSW_2018_IoT_Botnet_Final_10_Best,6q_5k,QWE,linear,3,L3,qiskit_heavy,0.002,6,0,42,0,0.9973333333333333,0.9973249254980052,0.9844726035127892,234.1615743180737,3.542843190720305,237.704417508794
UNSW_2018_IoT_Botnet_Final_10_Best,6q_5k,QWE,linear,3,L3,qiskit_heavy,0.002,6,1,123,1,0.9946666666666667,0.9946995122365017,0.9695754135797602,245.94508239487186,2.1022345777601004,248.04731697263196
UNSW_2018_IoT_Botnet_Final_10_Best,6q_5k,QWE,linear,3,L3,qiskit_heavy,0.002,6,2,456,2,0.996,0.996,0.976810219993713,234.45824482897297,4.81146630900912,239.26971113798209
UNSW_2018_IoT_Botnet_Final_10_Best,6q_5k,QWE,linear,3,L3,qiskit_heavy,0.002,6,3,789,0,0.996,0.996,0.976810219993713,238.0913790250197,3.263225504895672,241.35460452991538
UNSW_2018_IoT_Botnet_Final_10_Best,6q_5k,QWE,linear,3,L3,qiskit_heavy,0.002,6,4,1024,1,0.992,0.9920970179646138,0.9551873937472581,239.1686222271528,3.485866713570431,242.65448894072324
UNSW_2018_IoT_Botnet_Final_10_Best,6q_5k,QWE,linear,3,L3,qiskit_heavy,0.002,6,5,2048,2,0.9913333333333333,0.9913197247261799,0.9496049536016182,243.90908767608926,2.8837453848682344,246.7928330609575
UNSW_2018_IoT_Botnet_Final_10_Best,6q_5k,QWE,linear,3,L3,qiskit_heavy,0.002,6,6,3072,0,0.996,0.9959615546218488,0.9766394448969591,238.55581986764446,3.3508061340544373,241.9066260016989
UNSW_2018_IoT_Botnet_Final_10_Best,6q_5k,QWE,linear,3,L3,qiskit_heavy,0.002,6,7,4096,1,0.996,0.996,0.976810219993713,227.96559444116428,3.7684670109301805,231.73406145209447
UNSW_2018_IoT_Botnet_Final_10_Best,6q_5k,QWE,linear,3,L3,qiskit_heavy,0.002,6,8,5120,2,0.9946666666666667,0.9946327660618205,0.9688072542805272,242.9180687244516,3.243152657756582,246.16122138220817
UNSW_2018_IoT_Botnet_Final_10_Best,6q_5k,QWE,linear,3,L3,qiskit_heavy,0.002,6,9,6144,0,0.9953333333333333,0.9953260056217893,0.9728676747095873,244.26971160597168,3.7107134161051363,247.98042502207682
UNSW_2018_IoT_Botnet_Final_10_Best,6q_5k,QWE,linear,3,L3,qiskit_heavy,0.002,6,10,7168,1,0.9973333333333333,0.9973497561182509,0.9848460011024754,236.16935676313005,3.6425825906917453,239.8119393538218
UNSW_2018_IoT_Botnet_Final_10_Best,6q_5k,QWE,linear,3,L3,qiskit_heavy,0.002,6,11,8192,2,0.9933333333333333,0.9933333333333333,0.9613503666561883,224.33925387798809,5.654222294921055,229.99347617290914
UNSW_2018_IoT_Botnet_Final_10_Best,6q_5k,QWE,linear,3,L3,qiskit_heavy,0.002,6,12,9216,0,0.994,0.9939521359511754,0.9648485951552902,237.10823670518585,4.409250947879627,241.51748765306547
UNSW_2018_IoT_Botnet_Final_10_Best,6q_5k,QWE,linear,3,L3,qiskit_heavy,0.002,6,13,10240,1,0.9973333333333333,0.9973249254980052,0.9844726035127892,217.64433062286116,6.493288663914427,224.1376192867756
UNSW_2018_IoT_Botnet_Final_10_Best,6q_5k,QWE,linear,3,L3,qiskit_heavy,0.002,6,14,11264,2,0.9906666666666667,0.9908070659416813,0.9481978729325209,245.58407317008823,3.0740244542248547,248.6580976243131
UNSW_2018_IoT_Botnet_Final_10_Best,6q_5k,QWE,linear,3,L3,qiskit_heavy,0.002,6,15,12288,0,0.994,0.9940093471747208,0.9653309638218246,239.7055702249054,3.657561919884756,243.36313214479014
UNSW_2018_IoT_Botnet_Final_10_Best,6q_5k,QWE,linear,3,L3,qiskit_heavy,0.002,6,16,13312,1,0.9973333333333333,0.9973249254980052,0.9844726035127892,213.38706628000364,5.347488624276593,218.73455490428023
UNSW_2018_IoT_Botnet_Final_10_Best,6q_5k,QWE,linear,3,L3,qiskit_heavy,0.002,6,17,14336,2,0.9906666666666667,0.9906372392430184,0.9455784757803349,246.3985789269209,3.163346449844539,249.56192537676543
UNSW_2018_IoT_Botnet_Final_10_Best,6q_5k,QWE,linear,3,L3,qiskit_heavy,0.002,6,18,15360,0,0.9953333333333333,0.9953549727135846,0.9732609961997113,244.6552244068589,4.213831154629588,248.8690555614885
UNSW_2018_IoT_Botnet_Final_10_Best,6q_5k,QWE,linear,3,L3,qiskit_heavy,0.002,6,19,16384,1,0.998,0.9979968595521955,0.9883761554482334,236.39928641007282,3.676088714040816,240.07537512411363
UNSW_2018_IoT_Botnet_Final_10_Best,6q_5k,QWE,linear,3,L3,qiskit_heavy,0.002,6,20,17408,2,0.9953333333333333,0.9953260056217893,0.9728676747095873,219.29102932522073,3.8314465465955436,223.12247587181628
UNSW_2018_IoT_Botnet_Final_10_Best,6q_5k,QWE,linear,3,L3,qiskit_heavy,0.002,6,21,18432,0,0.9953333333333333,0.9953691183391495,0.9735381261938272,234.05370540823787,4.613448037300259,238.66715344553813
UNSW_2018_IoT_Botnet_Final_10_Best,6q_5k,QWE,linear,3,L3,qiskit_heavy,0.002,6,22,19456,1,0.994,0.9940093471747208,0.9653309638218246,247.97392650227994,3.645223848056048,251.61915035033599
UNSW_2018_IoT_Botnet_Final_10_Best,6q_5k,QWE,linear,3,L3,qiskit_heavy,0.002,6,23,20480,2,0.9966666666666667,0.9966922273851068,0.9811503949509465,236.1664442110341,4.535833188332617,240.70227739936672
UNSW_2018_IoT_Botnet_Final_10_Best,6q_5k,QWE,linear,3,L3,qiskit_heavy,0.002,6,24,21504,0,0.9966666666666667,0.9966614325869924,0.9806219150789104,238.53919163602404,3.7326462536584586,242.2718378896825
UNSW_2018_IoT_Botnet_Final_10_Best,6q_5k,QWE,linear,3,L3,qiskit_heavy,0.002,6,25,22528,1,0.996,0.9959873882470078,0.9766937779662983,248.7113767429255,2.7106618511024863,251.42203859402798
UNSW_2018_IoT_Botnet_Final_10_Best,6q_5k,QWE,linear,3,L3,qiskit_heavy,0.002,6,26,23552,2,0.9966666666666667,0.9966922273851068,0.9811503949509465,243.3615955687128,3.5834625377319753,246.94505810644478
UNSW_2018_IoT_Botnet_Final_10_Best,6q_5k,QWE,linear,3,L3,qiskit_heavy,0.002,6,27,24576,0,0.994,0.9940278220603231,0.9656024284882216,234.5066077071242,4.29435994499363,238.80096765211783
UNSW_2018_IoT_Botnet_Final_10_Best,6q_5k,QWE,linear,3,L3,qiskit_heavy,0.002,6,28,25600,1,0.994,0.9940278220603231,0.9656024284882216,218.16089610313065,4.783391962992027,222.94428806612268
UNSW_2018_IoT_Botnet_Final_10_Best,6q_5k,QWE,linear,3,L3,qiskit_heavy,0.002,6,29,26624,2,0.9953333333333333,0.9953549727135846,0.9732609961997113,246.34818718512543,1.8748563397675753,248.223043524893
UNSW_2018_IoT_Botnet_Final_10_Best,6q_5k,QWE,linear,3,L3,qiskit_heavy,0.005,6,0,42,0,0.9966666666666667,0.9966614325869924,0.9806219150789104,237.6463793942239,2.5419981689192355,240.18837756314315
UNSW_2018_IoT_Botnet_Final_10_Best,6q_5k,QWE,linear,3,L3,qiskit_heavy,0.005,6,1,123,1,0.994,0.9940460092931921,0.9659258574367079,250.70438047405332,2.6593813609797508,253.36376183503307
UNSW_2018_IoT_Botnet_Final_10_Best,6q_5k,QWE,linear,3,L3,qiskit_heavy,0.005,6,2,456,2,0.996,0.996,0.976810219993713,248.79801146825776,3.461263154633343,252.2592746228911
UNSW_2018_IoT_Botnet_Final_10_Best,6q_5k,QWE,linear,3,L3,qiskit_heavy,0.005,6,3,789,0,0.9966666666666667,0.9966718595415115,0.9807427232544484,246.30954285897315,2.7078840360045433,249.0174268949777
UNSW_2018_IoT_Botnet_Final_10_Best,6q_5k,QWE,linear,3,L3,qiskit_heavy,0.005,6,4,1024,1,0.992,0.9920970179646138,0.9551873937472581,242.84362215921283,4.6532856549602,247.49690781417303
UNSW_2018_IoT_Botnet_Final_10_Best,6q_5k,QWE,linear,3,L3,qiskit_heavy,0.005,6,5,2048,2,0.9913333333333333,0.99134683480793,0.9499192043892009,245.30923947808333,4.1066128860693425,249.41585236415267
UNSW_2018_IoT_Botnet_Final_10_Best,6q_5k,QWE,linear,3,L3,qiskit_heavy,0.005,6,6,3072,0,0.996,0.9959615546218488,0.9766394448969591,239.91197856189683,4.024112858111039,243.93609142000787
UNSW_2018_IoT_Botnet_Final_10_Best,6q_5k,QWE,linear,3,L3,qiskit_heavy,0.005,6,7,4096,1,0.996,0.996,0.976810219993713,231.45429445873015,6.6490005671512336,238.10329502588138
UNSW_2018_IoT_Botnet_Final_10_Best,6q_5k,QWE,linear,3,L3,qiskit_heavy,0.005,6,8,5120,2,0.9946666666666667,0.9946327660618205,0.9688072542805272,248.85430391412228,3.639619576977566,252.49392349109985
UNSW_2018_IoT_Botnet_Final_10_Best,6q_5k,QWE,linear,3,L3,qiskit_heavy,0.005,6,9,6144,0,0.9953333333333333,0.9953260056217893,0.9728676747095873,247.83736454998143,2.3124667103402317,250.14983126032166
UNSW_2018_IoT_Botnet_Final_10_Best,6q_5k,QWE,linear,3,L3,qiskit_heavy,0.005,6,10,7168,1,0.9973333333333333,0.9973497561182509,0.9848460011024754,246.81951453513466,4.402600688161328,251.222115223296
UNSW_2018_IoT_Botnet_Final_10_Best,6q_5k,QWE,linear,3,L3,qiskit_heavy,0.005,6,11,8192,2,0.9933333333333333,0.9933333333333333,0.9613503666561883,216.65288149309345,5.2214153511449695,221.87429684423842
UNSW_2018_IoT_Botnet_Final_10_Best,6q_5k,QWE,linear,3,L3,qiskit_heavy,0.005,6,12,9216,0,0.994,0.9939521359511754,0.9648485951552902,241.99962196336128,5.665206175064668,247.66482813842595
UNSW_2018_IoT_Botnet_Final_10_Best,6q_5k,QWE,linear,3,L3,qiskit_heavy,0.005,6,13,10240,1,0.9973333333333333,0.9973249254980052,0.9844726035127892,247.90559299010783,4.59816810884513,252.50376109895296
UNSW_2018_IoT_Botnet_Final_10_Best,6q_5k,QWE,linear,3,L3,qiskit_heavy,0.005,6,14,11264,2,0.99,0.990164837423439,0.9447523025231931,242.14599296078086,4.429351286962628,246.5753442477435
UNSW_2018_IoT_Botnet_Final_10_Best,6q_5k,QWE,linear,3,L3,qiskit_heavy,0.005,6,15,12288,0,0.994,0.9940093471747208,0.9653309638218246,245.3588468360249,2.500735990004614,247.8595828260295
UNSW_2018_IoT_Botnet_Final_10_Best,6q_5k,QWE,linear,3,L3,qiskit_heavy,0.005,6,16,13312,1,0.998,0.9979968595521955,0.9883761554482334,233.76110270991921,3.802621098700911,237.56372380862013
UNSW_2018_IoT_Botnet_Final_10_Best,6q_5k,QWE,linear,3,L3,qiskit_heavy,0.005,6,17,14336,2,0.9906666666666667,0.9906372392430184,0.9455784757803349,238.8020457108505,2.8065706179477274,241.60861632879823
UNSW_2018_IoT_Botnet_Final_10_Best,6q_5k,QWE,linear,3,L3,qiskit_heavy,0.005,6,18,15360,0,0.9953333333333333,0.9953549727135846,0.9732609961997113,245.63532276405022,2.392716544913128,248.02803930896334
UNSW_2018_IoT_Botnet_Final_10_Best,6q_5k,QWE,linear,3,L3,qiskit_heavy,0.005,6,19,16384,1,0.9973333333333333,0.9973333333333333,0.9845401466624754,243.60001060087234,3.3811595051083714,246.9811701059807
UNSW_2018_IoT_Botnet_Final_10_Best,6q_5k,QWE,linear,3,L3,qiskit_heavy,0.005,6,20,17408,2,0.9953333333333333,0.9953260056217893,0.9728676747095873,226.48971641203389,5.015991752035916,231.5057081640698
UNSW_2018_IoT_Botnet_Final_10_Best,6q_5k,QWE,linear,3,L3,qiskit_heavy,0.005,6,21,18432,0,0.9953333333333333,0.9953691183391495,0.9735381261938272,248.22344622318633,2.4358204489108175,250.65926667209715
UNSW_2018_IoT_Botnet_Final_10_Best,6q_5k,QWE,linear,3,L3,qiskit_heavy,0.005,6,22,19456,1,0.994,0.9940093471747208,0.9653309638218246,238.42679684213363,4.585849716095254,243.01264655822888
UNSW_2018_IoT_Botnet_Final_10_Best,6q_5k,QWE,linear,3,L3,qiskit_heavy,0.005,6,23,20480,2,0.9966666666666667,0.9966922273851068,0.9811503949509465,246.01519136154093,3.954194401856512,249.96938576339744
UNSW_2018_IoT_Botnet_Final_10_Best,6q_5k,QWE,linear,3,L3,qiskit_heavy,0.005,6,24,21504,0,0.996,0.996,0.976810219993713,243.7188815237023,2.447202167008072,246.16608369071037
UNSW_2018_IoT_Botnet_Final_10_Best,6q_5k,QWE,linear,3,L3,qiskit_heavy,0.005,6,25,22528,1,0.996,0.9959873882470078,0.9766937779662983,228.9189544338733,3.718614673241973,232.63756910711527
UNSW_2018_IoT_Botnet_Final_10_Best,6q_5k,QWE,linear,3,L3,qiskit_heavy,0.005,6,26,23552,2,0.9966666666666667,0.9966922273851068,0.9811503949509465,222.45179321686737,5.65050518582575,228.10229840269312
UNSW_2018_IoT_Botnet_Final_10_Best,6q_5k,QWE,linear,3,L3,qiskit_heavy,0.005,6,27,24576,0,0.994,0.9940278220603231,0.9656024284882216,216.07615079637617,4.988783172797412,221.06493396917358
UNSW_2018_IoT_Botnet_Final_10_Best,6q_5k,QWE,linear,3,L3,qiskit_heavy,0.005,6,28,25600,1,0.994,0.9940278220603231,0.9656024284882216,240.91575960000046,4.400471963919699,245.31623156392016
UNSW_2018_IoT_Botnet_Final_10_Best,6q_5k,QWE,linear,3,L3,qiskit_heavy,0.005,6,29,26624,2,0.9953333333333333,0.9953549727135846,0.9732609961997113,245.32080696895719,2.2825157567858696,247.60332272574306
UNSW_2018_IoT_Botnet_Final_10_Best,6q_5k,QWE,linear,3,L3,qiskit_heavy,0.008,6,0,42,0,0.9966666666666667,0.9966614325869924,0.9806219150789104,243.7106940858066,3.8295670337975025,247.5402611196041
UNSW_2018_IoT_Botnet_Final_10_Best,6q_5k,QWE,linear,3,L3,qiskit_heavy,0.008,6,1,123,1,0.994,0.9940460092931921,0.9659258574367079,244.0517669171095,3.6405249680392444,247.69229188514873
UNSW_2018_IoT_Botnet_Final_10_Best,6q_5k,QWE,linear,3,L3,qiskit_heavy,0.008,6,2,456,2,0.996,0.996,0.976810219993713,228.5365524040535,3.4856103509664536,232.02216275501996
UNSW_2018_IoT_Botnet_Final_10_Best,6q_5k,QWE,linear,3,L3,qiskit_heavy,0.008,6,3,789,0,0.9966666666666667,0.9966718595415115,0.9807427232544484,215.53484065295197,4.38491876097396,219.91975941392593
UNSW_2018_IoT_Botnet_Final_10_Best,6q_5k,QWE,linear,3,L3,qiskit_heavy,0.008,6,4,1024,1,0.9926666666666667,0.992766331443132,0.9591986337991384,235.22406066651456,3.8460265938192606,239.07008726033382
UNSW_2018_IoT_Botnet_Final_10_Best,6q_5k,QWE,linear,3,L3,qiskit_heavy,0.008,6,5,2048,2,0.9913333333333333,0.99134683480793,0.9499192043892009,248.83565550670028,3.2634224731009454,252.09907797980122
UNSW_2018_IoT_Botnet_Final_10_Best,6q_5k,QWE,linear,3,L3,qiskit_heavy,0.008,6,6,3072,0,0.996,0.9959615546218488,0.9766394448969591,235.7222529319115,5.699649238260463,241.42190217017196
UNSW_2018_IoT_Botnet_Final_10_Best,6q_5k,QWE,linear,3,L3,qiskit_heavy,0.008,6,7,4096,1,0.996,0.996,0.976810219993713,247.50002107117325,3.631247280864045,251.1312683520373
UNSW_2018_IoT_Botnet_Final_10_Best,6q_5k,QWE,linear,3,L3,qiskit_heavy,0.008,6,8,5120,2,0.9946666666666667,0.9946327660618205,0.9688072542805272,244.1378472559154,4.293491276213899,248.4313385321293
UNSW_2018_IoT_Botnet_Final_10_Best,6q_5k,QWE,linear,3,L3,qiskit_heavy,0.008,6,9,6144,0,0.9953333333333333,0.9953260056217893,0.9728676747095873,233.36427484382875,5.0661578450817615,238.4304326889105
UNSW_2018_IoT_Botnet_Final_10_Best,6q_5k,QWE,linear,3,L3,qiskit_heavy,0.008,6,10,7168,1,0.9973333333333333,0.9973497561182509,0.9848460011024754,234.31442839326337,4.170615239301696,238.48504363256507
UNSW_2018_IoT_Botnet_Final_10_Best,6q_5k,QWE,linear,3,L3,qiskit_heavy,0.008,6,11,8192,2,0.9933333333333333,0.9933333333333333,0.9613503666561883,245.79827685304917,3.8571576431859285,249.6554344962351
UNSW_2018_IoT_Botnet_Final_10_Best,6q_5k,QWE,linear,3,L3,qiskit_heavy,0.008,6,12,9216,0,0.9946666666666667,0.9946327660618205,0.9688072542805272,247.5353347172495,3.3590529451612383,250.89438766241074
UNSW_2018_IoT_Botnet_Final_10_Best,6q_5k,QWE,linear,3,L3,qiskit_heavy,0.008,6,13,10240,1,0.9973333333333333,0.9973249254980052,0.9844726035127892,239.38949880888686,4.366343552945182,243.75584236183204
UNSW_2018_IoT_Botnet_Final_10_Best,6q_5k,QWE,linear,3,L3,qiskit_heavy,0.008,6,14,11264,2,0.99,0.990164837423439,0.9447523025231931,242.10900904377922,3.65379814687185,245.76280719065107
UNSW_2018_IoT_Botnet_Final_10_Best,6q_5k,QWE,linear,3,L3,qiskit_heavy,0.008,6,15,12288,0,0.9933333333333333,0.9933540232710586,0.9616190323650302,237.06848131190054,3.4114658758044243,240.47994718770497
UNSW_2018_IoT_Botnet_Final_10_Best,6q_5k,QWE,linear,3,L3,qiskit_heavy,0.008,6,16,13312,1,0.998,0.9979968595521955,0.9883761554482334,229.28029466071166,4.381131355185062,233.66142601589672
UNSW_2018_IoT_Botnet_Final_10_Best,6q_5k,QWE,linear,3,L3,qiskit_heavy,0.008,6,17,14336,2,0.9906666666666667,0.9906372392430184,0.9455784757803349,246.304781595245,4.692251154221594,250.9970327494666
UNSW_2018_IoT_Botnet_Final_10_Best,6q_5k,QWE,linear,3,L3,qiskit_heavy,0.008,6,18,15360,0,0.9953333333333333,0.9953549727135846,0.9732609961997113,233.40864591184072,4.344688304001465,237.7533342158422
UNSW_2018_IoT_Botnet_Final_10_Best,6q_5k,QWE,linear,3,L3,qiskit_heavy,0.008,6,19,16384,1,0.9966666666666667,0.9966718595415115,0.9807427232544484,248.6785363580566,3.0314106321893632,251.70994699024595
UNSW_2018_IoT_Botnet_Final_10_Best,6q_5k,QWE,linear,3,L3,qiskit_heavy,0.008,6,20,17408,2,0.9953333333333333,0.9953260056217893,0.9728676747095873,248.38897770061158,3.3112042399588972,251.70018194057047
UNSW_2018_IoT_Botnet_Final_10_Best,6q_5k,QWE,linear,3,L3,qiskit_heavy,0.008,6,21,18432,0,0.9953333333333333,0.9953691183391495,0.9735381261938272,247.00814473885112,3.2298490069806576,250.23799374583177
UNSW_2018_IoT_Botnet_Final_10_Best,6q_5k,QWE,linear,3,L3,qiskit_heavy,0.008,6,22,19456,1,0.9933333333333333,0.9933540232710586,0.9616190323650302,246.26268708286807,3.8707686397247016,250.13345572259277
UNSW_2018_IoT_Botnet_Final_10_Best,6q_5k,QWE,linear,3,L3,qiskit_heavy,0.008,6,23,20480,2,0.9966666666666667,0.9966922273851068,0.9811503949509465,242.57298649917357,4.813384032109752,247.38637053128332
UNSW_2018_IoT_Botnet_Final_10_Best,6q_5k,QWE,linear,3,L3,qiskit_heavy,0.008,6,24,21504,0,0.9966666666666667,0.9966718595415115,0.9807427232544484,244.4468258100096,3.634988062083721,248.08181387209333
UNSW_2018_IoT_Botnet_Final_10_Best,6q_5k,QWE,linear,3,L3,qiskit_heavy,0.008,6,25,22528,1,0.996,0.9959873882470078,0.9766937779662983,242.45386390318163,4.222314010839909,246.67617791402154
UNSW_2018_IoT_Botnet_Final_10_Best,6q_5k,QWE,linear,3,L3,qiskit_heavy,0.008,6,26,23552,2,0.996,0.9960366645757877,0.9774907023990167,232.20910924789496,4.996590638998896,237.20569988689385
UNSW_2018_IoT_Botnet_Final_10_Best,6q_5k,QWE,linear,3,L3,qiskit_heavy,0.008,6,27,24576,0,0.994,0.9940278220603231,0.9656024284882216,214.00520499120466,4.364545233082026,218.3697502242867
UNSW_2018_IoT_Botnet_Final_10_Best,6q_5k,QWE,linear,3,L3,qiskit_heavy,0.008,6,28,25600,1,0.994,0.9940278220603231,0.9656024284882216,236.6921446842607,4.547437024302781,241.2395817085635
UNSW_2018_IoT_Botnet_Final_10_Best,6q_5k,QWE,linear,3,L3,qiskit_heavy,0.008,6,29,26624,2,0.9953333333333333,0.9953549727135846,0.9732609961997113,246.50971206533723,3.2026377571746707,249.7123498225119
UNSW_2018_IoT_Botnet_Final_10_Best,6q_5k,QWE,linear,3,L3,qiskit_heavy,0.01,6,0,42,0,0.9966666666666667,0.9966614325869924,0.9806219150789104,243.7275764560327,3.194418109720573,246.92199456575327
UNSW_2018_IoT_Botnet_Final_10_Best,6q_5k,QWE,linear,3,L3,qiskit_heavy,0.01,6,1,123,1,0.994,0.9940460092931921,0.9659258574367079,238.75348824006505,3.8323071501217782,242.58579539018683
UNSW_2018_IoT_Botnet_Final_10_Best,6q_5k,QWE,linear,3,L3,qiskit_heavy,0.01,6,2,456,2,0.996,0.996,0.976810219993713,246.30192675977014,3.6763971119653434,249.97832387173548
UNSW_2018_IoT_Botnet_Final_10_Best,6q_5k,QWE,linear,3,L3,qiskit_heavy,0.01,6,3,789,0,0.9966666666666667,0.9966718595415115,0.9807427232544484,221.11707822885364,5.748802877264097,226.86588110611774
UNSW_2018_IoT_Botnet_Final_10_Best,6q_5k,QWE,linear,3,L3,qiskit_heavy,0.01,6,4,1024,1,0.992,0.992120342235727,0.9556986076053618,244.67034788196906,3.39145461586304,248.0618024978321
UNSW_2018_IoT_Botnet_Final_10_Best,6q_5k,QWE,linear,3,L3,qiskit_heavy,0.01,6,5,2048,2,0.9913333333333333,0.99134683480793,0.9499192043892009,230.46512609627098,3.3731526078190655,233.83827870409004
UNSW_2018_IoT_Botnet_Final_10_Best,6q_5k,QWE,linear,3,L3,qiskit_heavy,0.01,6,6,3072,0,0.996,0.9959615546218488,0.9766394448969591,236.02116538002156,4.537748838076368,240.55891421809793
UNSW_2018_IoT_Botnet_Final_10_Best,6q_5k,QWE,linear,3,L3,qiskit_heavy,0.01,6,7,4096,1,0.996,0.996,0.976810219993713,245.19952890486456,2.644012287957594,247.84354119282216
UNSW_2018_IoT_Botnet_Final_10_Best,6q_5k,QWE,linear,3,L3,qiskit_heavy,0.01,6,8,5120,2,0.9946666666666667,0.9946327660618205,0.9688072542805272,239.38322800281458,4.083219010615721,243.4664470134303
UNSW_2018_IoT_Botnet_Final_10_Best,6q_5k,QWE,linear,3,L3,qiskit_heavy,0.01,6,9,6144,0,0.9946666666666667,0.9946666666666667,0.9690802933249506,250.59644297813065,1.7337893671356142,252.33023234526627
UNSW_2018_IoT_Botnet_Final_10_Best,6q_5k,QWE,linear,3,L3,qiskit_heavy,0.01,6,10,7168,1,0.9973333333333333,0.9973497561182509,0.9848460011024754,250.31462947349064,2.3116226787678897,252.62625215225853
UNSW_2018_IoT_Botnet_Final_10_Best,6q_5k,QWE,linear,3,L3,qiskit_heavy,0.01,6,11,8192,2,0.9933333333333333,0.9933333333333333,0.9613503666561883,241.31153416004963,2.501747854752466,243.8132820148021
UNSW_2018_IoT_Botnet_Final_10_Best,6q_5k,QWE,linear,3,L3,qiskit_heavy,0.01,6,12,9216,0,0.9946666666666667,0.9946327660618205,0.9688072542805272,234.25171965896152,4.113762114429846,238.36548177339137
UNSW_2018_IoT_Botnet_Final_10_Best,6q_5k,QWE,linear,3,L3,qiskit_heavy,0.01,6,13,10240,1,0.9966666666666667,0.9966614325869924,0.9806219150789104,246.610562707996,3.273221557959914,249.8837842659559
UNSW_2018_IoT_Botnet_Final_10_Best,6q_5k,QWE,linear,3,L3,qiskit_heavy,0.01,6,14,11264,2,0.99,0.990164837423439,0.9447523025231931,231.59458615118638,4.401551350252703,235.99613750143908
UNSW_2018_IoT_Botnet_Final_10_Best,6q_5k,QWE,linear,3,L3,qiskit_heavy,0.01,6,15,12288,0,0.9933333333333333,0.9933540232710586,0.9616190323650302,249.9053176541347,1.5116154018323869,251.4169330559671
UNSW_2018_IoT_Botnet_Final_10_Best,6q_5k,QWE,linear,3,L3,qiskit_heavy,0.01,6,16,13312,1,0.998,0.9979968595521955,0.9883761554482334,181.28591800993308,2.888217600993812,184.1741356109269
UNSW_2018_IoT_Botnet_Final_10_Best,6q_5k,QWE,linear,3,L3,qiskit_heavy,0.01,6,17,14336,2,0.9906666666666667,0.9906372392430184,0.9455784757803349,250.14288835879415,1.1735993691254407,251.3164877279196
UNSW_2018_IoT_Botnet_Final_10_Best,6q_5k,QWE,linear,3,L3,qiskit_heavy,0.01,6,18,15360,0,0.9946666666666667,0.9946995122365017,0.9695754135797602,224.85756532591768,2.8703087270259857,227.72787405294366
UNSW_2018_IoT_Botnet_Final_10_Best,6q_5k,QWE,linear,3,L3,qiskit_heavy,0.01,6,19,16384,1,0.9966666666666667,0.9966718595415115,0.9807427232544484,244.74792158370838,3.483998500276357,248.23192008398473
UNSW_2018_IoT_Botnet_Final_10_Best,6q_5k,QWE,linear,3,L3,qiskit_heavy,0.01,6,20,17408,2,0.9953333333333333,0.9953260056217893,0.9728676747095873,246.02012116997503,2.3574792279396206,248.37760039791465
UNSW_2018_IoT_Botnet_Final_10_Best,6q_5k,QWE,linear,3,L3,qiskit_heavy,0.01,6,21,18432,0,0.9946666666666667,0.9946995122365017,0.9695754135797602,248.1649338209536,2.90821826714091,251.0731520880945
UNSW_2018_IoT_Botnet_Final_10_Best,6q_5k,QWE,linear,3,L3,qiskit_heavy,0.01,6,22,19456,1,0.9933333333333333,0.9933540232710586,0.9616190323650302,238.56050321715884,3.906151618808508,242.46665483596735
UNSW_2018_IoT_Botnet_Final_10_Best,6q_5k,QWE,linear,3,L3,qiskit_heavy,0.01,6,23,20480,2,0.996,0.9960366645757877,0.9774907023990167,228.97261340077966,4.187198274070397,233.15981167485006
UNSW_2018_IoT_Botnet_Final_10_Best,6q_5k,QWE,linear,3,L3,qiskit_heavy,0.01,6,24,21504,0,0.9966666666666667,0.9966718595415115,0.9807427232544484,243.93887507217005,4.933630637358874,248.87250570952892
UNSW_2018_IoT_Botnet_Final_10_Best,6q_5k,QWE,linear,3,L3,qiskit_heavy,0.01,6,25,22528,1,0.9946666666666667,0.9946666666666667,0.9690802933249506,237.08957115723751,4.817354908213019,241.90692606545053
UNSW_2018_IoT_Botnet_Final_10_Best,6q_5k,QWE,linear,3,L3,qiskit_heavy,0.01,6,26,23552,2,0.9953333333333333,0.9953830447586062,0.9738663269140823,247.01853887783363,3.3475163262337446,250.36605520406738
UNSW_2018_IoT_Botnet_Final_10_Best,6q_5k,QWE,linear,3,L3,qiskit_heavy,0.01,6,27,24576,0,0.994,0.9940278220603231,0.9656024284882216,234.6838332710322,4.762337937019765,239.44617120805196
UNSW_2018_IoT_Botnet_Final_10_Best,6q_5k,QWE,linear,3,L3,qiskit_heavy,0.01,6,28,25600,1,0.994,0.9940278220603231,0.9656024284882216,241.85035970271565,5.069209052016959,246.9195687547326
UNSW_2018_IoT_Botnet_Final_10_Best,6q_5k,QWE,linear,3,L3,qiskit_heavy,0.01,6,29,26624,2,0.9953333333333333,0.9953549727135846,0.9732609961997113,245.7918517999351,3.6354697374626994,249.4273215373978
UNSW_2018_IoT_Botnet_Final_10_Best,6q_5k,QWE,linear,3,L3,qiskit_heavy,0.02,6,0,42,0,0.996,0.996,0.976810219993713,221.5893997522071,5.376437276834622,226.96583702904172
UNSW_2018_IoT_Botnet_Final_10_Best,6q_5k,QWE,linear,3,L3,qiskit_heavy,0.02,6,1,123,1,0.9933333333333333,0.9934141816371781,0.9627320397614697,240.06770527083427,5.068481572903693,245.13618684373796
UNSW_2018_IoT_Botnet_Final_10_Best,6q_5k,QWE,linear,3,L3,qiskit_heavy,0.02,6,2,456,2,0.9953333333333333,0.995340603358116,0.9730368435381365,247.24943259172142,3.2021007591392845,250.4515333508607
UNSW_2018_IoT_Botnet_Final_10_Best,6q_5k,QWE,linear,3,L3,qiskit_heavy,0.02,6,3,789,0,0.9953333333333333,0.9953549727135846,0.9732609961997113,243.34068871475756,3.413469559280202,246.75415827403776
UNSW_2018_IoT_Botnet_Final_10_Best,6q_5k,QWE,linear,3,L3,qiskit_heavy,0.02,6,4,1024,1,0.9913333333333333,0.991476192433647,0.9522314212271312,228.65015419595875,3.4243155231233686,232.07446971908212
UNSW_2018_IoT_Botnet_Final_10_Best,6q_5k,QWE,linear,3,L3,qiskit_heavy,0.02,6,5,2048,2,0.9893333333333333,0.9894311055354338,0.9395432598519646,237.68888695398346,3.948525327956304,241.63741228193976
UNSW_2018_IoT_Botnet_Final_10_Best,6q_5k,QWE,linear,3,L3,qiskit_heavy,0.02,6,6,3072,0,0.9966666666666667,0.9966400755284308,0.9805571131969575,245.11877108784392,2.2644652978051454,247.38323638564907
UNSW_2018_IoT_Botnet_Final_10_Best,6q_5k,QWE,linear,3,L3,qiskit_heavy,0.02,6,7,4096,1,0.996,0.996,0.976810219993713,190.77017061808147,5.2844948982819915,196.05466551636346
UNSW_2018_IoT_Botnet_Final_10_Best,6q_5k,QWE,linear,3,L3,qiskit_heavy,0.02,6,8,5120,2,0.9946666666666667,0.9946327660618205,0.9688072542805272,243.33253752207384,3.422313102055341,246.75485062412918
UNSW_2018_IoT_Botnet_Final_10_Best,6q_5k,QWE,linear,3,L3,qiskit_heavy,0.02,6,9,6144,0,0.9946666666666667,0.9946666666666667,0.9690802933249506,235.09254111116752,5.204093296080828,240.29663440724835
UNSW_2018_IoT_Botnet_Final_10_Best,6q_5k,QWE,linear,3,L3,qiskit_heavy,0.02,6,10,7168,1,0.994,0.9940815439080173,0.9667212096665191,243.74465009989217,3.481232965597883,247.22588306549005
UNSW_2018_IoT_Botnet_Final_10_Best,6q_5k,QWE,linear,3,L3,qiskit_heavy,0.02,6,11,8192,2,0.9946666666666667,0.9946832186168468,0.9693011272631611,238.29812794015743,3.9915688659530133,242.28969680611044
UNSW_2018_IoT_Botnet_Final_10_Best,6q_5k,QWE,linear,3,L3,qiskit_heavy,0.02,6,12,9216,0,0.9953333333333333,0.9953111747219987,0.9727556027114813,245.65841711801477,3.729179744143039,249.3875968621578
UNSW_2018_IoT_Botnet_Final_10_Best,6q_5k,QWE,linear,3,L3,qiskit_heavy,0.02,6,13,10240,1,0.996,0.996,0.976810219993713,236.4283984999638,4.67336948402226,241.10176798398606
UNSW_2018_IoT_Botnet_Final_10_Best,6q_5k,QWE,linear,3,L3,qiskit_heavy,0.02,6,14,11264,2,0.9886666666666667,0.9888857696290692,0.9379569206847955,238.1786443500314,4.054281946737319,242.2329262967687
UNSW_2018_IoT_Botnet_Final_10_Best,6q_5k,QWE,linear,3,L3,qiskit_heavy,0.02,6,15,12288,0,0.9933333333333333,0.9933540232710586,0.9616190323650302,246.62703085900284,1.9913310301490128,248.61836188915186
UNSW_2018_IoT_Botnet_Final_10_Best,6q_5k,QWE,linear,3,L3,qiskit_heavy,0.02,6,16,13312,1,0.9973333333333333,0.9973333333333333,0.9845401466624754,239.66992921801284,4.819341306807473,244.4892705248203
UNSW_2018_IoT_Botnet_Final_10_Best,6q_5k,QWE,linear,3,L3,qiskit_heavy,0.02,6,17,14336,2,0.992,0.992,0.953620439987426,214.86403174791485,4.445863027358428,219.30989477527328
UNSW_2018_IoT_Botnet_Final_10_Best,6q_5k,QWE,linear,3,L3,qiskit_heavy,0.02,6,18,15360,0,0.9966666666666667,0.9966718595415115,0.9807427232544484,246.19169571623206,2.8364729448221624,249.02816866105422
UNSW_2018_IoT_Botnet_Final_10_Best,6q_5k,QWE,linear,3,L3,qiskit_heavy,0.02,6,19,16384,1,0.996,0.9960124139626352,0.976983222161292,203.50465847272426,4.305775438202545,207.8104339109268
UNSW_2018_IoT_Botnet_Final_10_Best,6q_5k,QWE,linear,3,L3,qiskit_heavy,0.02,6,20,17408,2,0.996,0.9960124139626352,0.976983222161292,243.62645532516763,3.4414180058520287,247.06787333101965
UNSW_2018_IoT_Botnet_Final_10_Best,6q_5k,QWE,linear,3,L3,qiskit_heavy,0.02,6,21,18432,0,0.9946666666666667,0.9946995122365017,0.9695754135797602,244.11289723101072,3.3975308078806847,247.5104280388914
UNSW_2018_IoT_Botnet_Final_10_Best,6q_5k,QWE,linear,3,L3,qiskit_heavy,0.02,6,22,19456,1,0.9893333333333333,0.9894937896476357,0.9406971382596799,228.46139876544476,4.448908239137381,232.91030700458214
UNSW_2018_IoT_Botnet_Final_10_Best,6q_5k,QWE,linear,3,L3,qiskit_heavy,0.02,6,23,20480,2,0.9953333333333333,0.9953830447586062,0.9738663269140823,208.19742900808342,4.892088086111471,213.0895170941949
UNSW_2018_IoT_Botnet_Final_10_Best,6q_5k,QWE,linear,3,L3,qiskit_heavy,0.02,6,24,21504,0,0.9966666666666667,0.9966718595415115,0.9807427232544484,232.43249931605533,4.156586721073836,236.58908603712916
UNSW_2018_IoT_Botnet_Final_10_Best,6q_5k,QWE,linear,3,L3,qiskit_heavy,0.02,6,25,22528,1,0.9926666666666667,0.9927006714070616,0.9579438607767321,248.11691823089495,1.5960145858116448,249.7129328167066
UNSW_2018_IoT_Botnet_Final_10_Best,6q_5k,QWE,linear,3,L3,qiskit_heavy,0.02,6,26,23552,2,0.9913333333333333,0.9915008826575236,0.9528300165982294,216.907819269225,5.779546140693128,222.68736540991813
UNSW_2018_IoT_Botnet_Final_10_Best,6q_5k,QWE,linear,3,L3,qiskit_heavy,0.02,6,27,24576,0,0.992,0.9920733291515753,0.9547222368707855,245.32780229812488,3.47908995160833,248.8068922497332
UNSW_2018_IoT_Botnet_Final_10_Best,6q_5k,QWE,linear,3,L3,qiskit_heavy,0.02,6,28,25600,1,0.9933333333333333,0.9933743902956271,0.9619401198184026,227.22791132470593,3.4071074901148677,230.6350188148208
UNSW_2018_IoT_Botnet_Final_10_Best,6q_5k,QWE,linear,3,L3,qiskit_heavy,0.02,6,29,26624,2,0.9953333333333333,0.9953549727135846,0.9732609961997113,241.18362111481838,3.6074258969165385,244.79104701173492
UNSW_2018_IoT_Botnet_Final_10_Best,6q_5k,QWE,linear,3,L3,qiskit_heavy,0.05,6,0,42,0,0.988,0.988248888888889,0.934606095884654,204.64061182108708,3.580285110976547,208.22089693206362
UNSW_2018_IoT_Botnet_Final_10_Best,6q_5k,QWE,linear,3,L3,qiskit_heavy,0.05,6,1,123,1,0.9873333333333333,0.9876487479671214,0.9320891928349727,236.54099397105165,4.109561202581972,240.65055517363362
UNSW_2018_IoT_Botnet_Final_10_Best,6q_5k,QWE,linear,3,L3,qiskit_heavy,0.05,6,2,456,2,0.9933333333333333,0.9933743902956271,0.9619401198184026,245.7541456851177,1.844879737123847,247.59902542224154
UNSW_2018_IoT_Botnet_Final_10_Best,6q_5k,QWE,linear,3,L3,qiskit_heavy,0.05,6,3,789,0,0.9913333333333333,0.991476192433647,0.9522314212271312,250.30830085696653,3.732156507205218,254.04045736417174
UNSW_2018_IoT_Botnet_Final_10_Best,6q_5k,QWE,linear,3,L3,qiskit_heavy,0.05,6,4,1024,1,0.9886666666666667,0.9889175655476351,0.9386806937307621,247.43799705035053,4.3320142982993275,251.77001134864986
UNSW_2018_IoT_Botnet_Final_10_Best,6q_5k,QWE,linear,3,L3,qiskit_heavy,0.05,6,5,2048,2,0.986,0.9862307723928145,0.9223149464113788,250.1843810051214,4.0345373747404665,254.21891837986186
UNSW_2018_IoT_Botnet_Final_10_Best,6q_5k,QWE,linear,3,L3,qiskit_heavy,0.05,6,6,3072,0,0.9906666666666667,0.9907798542920494,0.9476427477330465,245.27687131683342,2.7866120680700988,248.06348338490352
UNSW_2018_IoT_Botnet_Final_10_Best,6q_5k,QWE,linear,3,L3,qiskit_heavy,0.05,6,7,4096,1,0.992,0.9920970179646138,0.9551873937472581,232.46166989789344,4.397308093262836,236.85897799115628
UNSW_2018_IoT_Botnet_Final_10_Best,6q_5k,QWE,linear,3,L3,qiskit_heavy,0.05,6,8,5120,2,0.986,0.9862307723928145,0.9223149464113788,234.3526272359304,3.9694002128671855,238.3220274487976
UNSW_2018_IoT_Botnet_Final_10_Best,6q_5k,QWE,linear,3,L3,qiskit_heavy,0.05,6,9,6144,0,0.986,0.9863099339117848,0.9238910228107686,247.18891534907743,3.0153863141313195,250.20430166320875
UNSW_2018_IoT_Botnet_Final_10_Best,6q_5k,QWE,linear,3,L3,qiskit_heavy,0.05,6,10,7168,1,0.9846666666666667,0.9850061180938595,0.9164961873507719,247.19403223809786,3.8521814660634845,251.04621370416135
UNSW_2018_IoT_Botnet_Final_10_Best,6q_5k,QWE,linear,3,L3,qiskit_heavy,0.05,6,11,8192,2,0.9906666666666667,0.9908070659416813,0.9481978729325209,237.3538916890975,3.504926604917273,240.85881829401478
UNSW_2018_IoT_Botnet_Final_10_Best,6q_5k,QWE,linear,3,L3,qiskit_heavy,0.05,6,12,9216,0,0.9886666666666667,0.9888857696290692,0.9379569206847955,223.96009321324527,5.403400368988514,229.3634935822338
UNSW_2018_IoT_Botnet_Final_10_Best,6q_5k,QWE,linear,3,L3,qiskit_heavy,0.05,6,13,10240,1,0.992,0.9920970179646138,0.9551873937472581,231.72517064563,5.092897783964872,236.81806842959486
UNSW_2018_IoT_Botnet_Final_10_Best,6q_5k,QWE,linear,3,L3,qiskit_heavy,0.05,6,14,11264,2,0.984,0.9845060496709829,0.9161168940355825,244.03446156159043,3.032010186696425,247.06647174828686
UNSW_2018_IoT_Botnet_Final_10_Best,6q_5k,QWE,linear,3,L3,qiskit_heavy,0.05,6,15,12288,0,0.99,0.990135906513362,0.9441534820643769,246.23775916197337,2.129132399801165,248.36689156177454
UNSW_2018_IoT_Botnet_Final_10_Best,6q_5k,QWE,linear,3,L3,qiskit_heavy,0.05,6,16,13312,1,0.9893333333333333,0.9894311055354338,0.9395432598519646,239.82612955919467,3.519533574115485,243.34566313331015
UNSW_2018_IoT_Botnet_Final_10_Best,6q_5k,QWE,linear,3,L3,qiskit_heavy,0.05,6,17,14336,2,0.992,0.992120342235727,0.9556986076053618,247.2607546430081,3.2176390308886766,250.4783936738968
UNSW_2018_IoT_Botnet_Final_10_Best,6q_5k,QWE,linear,3,L3,qiskit_heavy,0.05,6,18,15360,0,0.992,0.9920970179646138,0.9551873937472581,245.95441952580586,3.17682422301732,249.13124374882318
UNSW_2018_IoT_Botnet_Final_10_Best,6q_5k,QWE,linear,3,L3,qiskit_heavy,0.05,6,19,16384,1,0.9926666666666667,0.9927875474438553,0.9597105399310694,242.28703545313329,4.105497435200959,246.39253288833424
UNSW_2018_IoT_Botnet_Final_10_Best,6q_5k,QWE,linear,3,L3,qiskit_heavy,0.05,6,20,17408,2,0.9913333333333333,0.991451118978247,0.9516760579317576,216.65385235473514,5.152871542144567,221.8067238968797
UNSW_2018_IoT_Botnet_Final_10_Best,6q_5k,QWE,linear,3,L3,qiskit_heavy,0.05,6,21,18432,0,0.99,0.9901933261432965,0.9453934686415124,217.01612363592722,6.508036628831178,223.5241602647584
UNSW_2018_IoT_Botnet_Final_10_Best,6q_5k,QWE,linear,3,L3,qiskit_heavy,0.05,6,22,19456,1,0.9833333333333333,0.9837023022759341,0.9091013518907751,246.72533851210028,3.3595704999752343,250.0849090120755
UNSW_2018_IoT_Botnet_Final_10_Best,6q_5k,QWE,linear,3,L3,qiskit_heavy,0.05,6,23,20480,2,0.9873333333333333,0.9876487479671214,0.9320891928349727,248.40980677609332,2.280230426695198,250.69003720278852
UNSW_2018_IoT_Botnet_Final_10_Best,6q_5k,QWE,linear,3,L3,qiskit_heavy,0.05,6,24,21504,0,0.9906666666666667,0.9908338607411529,0.9487965468889443,243.0036920341663,4.118488264735788,247.1221802989021
UNSW_2018_IoT_Botnet_Final_10_Best,6q_5k,QWE,linear,3,L3,qiskit_heavy,0.05,6,25,22528,1,0.9906666666666667,0.9907798542920494,0.9476427477330465,246.6977898669429,5.017549969255924,251.71533983619884
UNSW_2018_IoT_Botnet_Final_10_Best,6q_5k,QWE,linear,3,L3,qiskit_heavy,0.05,6,26,23552,2,0.9866666666666667,0.9870529038143345,0.9297153391356787,243.43735073925927,3.971740116830915,247.4090908560902
UNSW_2018_IoT_Botnet_Final_10_Best,6q_5k,QWE,linear,3,L3,qiskit_heavy,0.05,6,27,24576,0,0.99,0.9901933261432965,0.9453934686415124,241.74391276878305,3.6307385831605643,245.3746513519436
UNSW_2018_IoT_Botnet_Final_10_Best,6q_5k,QWE,linear,3,L3,qiskit_heavy,0.05,6,28,25600,1,0.988,0.988248888888889,0.934606095884654,244.127282547066,2.5956873260438442,246.72296987310983
UNSW_2018_IoT_Botnet_Final_10_Best,6q_5k,QWE,linear,3,L3,qiskit_heavy,0.05,6,29,26624,2,0.99,0.990164837423439,0.9447523025231931,233.36615061806515,3.800769140943885,237.16691975900903
