dataset,config,model,entanglement,optimization_level,optimization_name,optimization_description,noise_level,num_qubits,run_idx,seed,gpu_id,accuracy,f1_score,mcc,kernel_time,classifier_time,total_time
UNSW_NB15,6q_5k,QSVC,full,0,L0,baseline_unoptimized,0.0,6,0,42,0,0.84,0.8422234156820623,0.6711940496068474,279.28767086425796,0.06691242381930351,279.35458328807727
UNSW_NB15,6q_5k,QSVC,full,0,L0,baseline_unoptimized,0.0,6,1,123,1,0.866,0.8669346881284481,0.7152366980897982,278.71414703922346,0.3261514729820192,279.0402985122055
UNSW_NB15,6q_5k,QSVC,full,0,L0,baseline_unoptimized,0.0,6,2,456,2,0.87,0.8706987871894653,0.7219850140760168,266.022048226092,1.201346934773028,267.22339516086504
UNSW_NB15,6q_5k,QSVC,full,0,L0,baseline_unoptimized,0.0,6,3,789,0,0.842,0.8437057143838474,0.6689472224372437,278.6090695359744,1.2064855638891459,279.81555509986356
UNSW_NB15,6q_5k,QSVC,full,0,L0,baseline_unoptimized,0.0,6,4,1024,1,0.882,0.8779883524351422,0.7439252184215775,284.7764954790473,0.09389371564611793,284.8703891946934
UNSW_NB15,6q_5k,QSVC,full,0,L0,baseline_unoptimized,0.0,6,5,2048,2,0.838,0.8408098481706526,0.677378793342906,284.796747662127,0.09518023999407887,284.8919279021211
UNSW_NB15,6q_5k,QSVC,full,0,L0,baseline_unoptimized,0.0,6,6,3072,0,0.852,0.8540706098359677,0.6962968318254461,270.9885415593162,1.233775727916509,272.2223172872327
UNSW_NB15,6q_5k,QSVC,full,0,L0,baseline_unoptimized,0.0,6,7,4096,1,0.8506666666666667,0.8522984424660661,0.6875497649158131,281.1462813480757,0.353870561812073,281.5001519098878
UNSW_NB15,6q_5k,QSVC,full,0,L0,baseline_unoptimized,0.0,6,8,5120,2,0.8446666666666667,0.8466870118074479,0.6786644351442488,281.3300257087685,0.08901449292898178,281.4190402016975
UNSW_NB15,6q_5k,QSVC,full,0,L0,baseline_unoptimized,0.0,6,9,6144,0,0.8913333333333333,0.8869336170810926,0.7685826740333161,267.0087267672643,1.2161636729724705,268.2248904402368
UNSW_NB15,6q_5k,QSVC,full,0,L0,baseline_unoptimized,0.0,6,10,7168,1,0.8713333333333333,0.8725385519851513,0.7294417212110382,279.48851764621213,0.09234073013067245,279.5808583763428
UNSW_NB15,6q_5k,QSVC,full,0,L0,baseline_unoptimized,0.0,6,11,8192,2,0.8626666666666667,0.8634740622419885,0.706735634561237,279.23631676798686,0.3454992757178843,279.58181604370475
UNSW_NB15,6q_5k,QSVC,full,0,L0,baseline_unoptimized,0.0,6,12,9216,0,0.854,0.850231060401642,0.6778379791922532,276.59790112497285,1.0307589108124375,277.6286600357853
UNSW_NB15,6q_5k,QSVC,full,0,L0,baseline_unoptimized,0.0,6,13,10240,1,0.8633333333333333,0.8645351852070563,0.7116771416608624,282.90580662805587,0.33496659621596336,283.24077322427183
UNSW_NB15,6q_5k,QSVC,full,0,L0,baseline_unoptimized,0.0,6,14,11264,2,0.85,0.8516480836613493,0.6865539831553475,282.7652971469797,0.09079863876104355,282.85609578574076
UNSW_NB15,6q_5k,QSVC,full,0,L0,baseline_unoptimized,0.0,6,15,12288,0,0.8786666666666667,0.879214378962658,0.7398586855893711,272.9514571521431,1.2573752012103796,274.2088323533535
UNSW_NB15,6q_5k,QSVC,full,0,L0,baseline_unoptimized,0.0,6,16,13312,1,0.838,0.840129408967039,0.6652674375602456,284.0809112121351,0.3476852378807962,284.4285964500159
UNSW_NB15,6q_5k,QSVC,full,0,L0,baseline_unoptimized,0.0,6,17,14336,2,0.8686666666666667,0.8691869259820836,0.7181460662023482,284.1562387277372,0.0878413231112063,284.2440800508484
UNSW_NB15,6q_5k,QSVC,full,0,L0,baseline_unoptimized,0.0,6,18,15360,0,0.894,0.8941465403283585,0.7708366202758756,271.18069525342435,1.2533649750985205,272.43406022852287
UNSW_NB15,6q_5k,QSVC,full,0,L0,baseline_unoptimized,0.0,6,19,16384,1,0.8693333333333333,0.8700969948785852,0.721226371519524,274.55773666966707,0.38068930385634303,274.9384259735234
UNSW_NB15,6q_5k,QSVC,full,0,L0,baseline_unoptimized,0.0,6,20,17408,2,0.882,0.8776448494533765,0.7449140326745637,274.9738262570463,0.31555316923186183,275.2893794262782
UNSW_NB15,6q_5k,QSVC,full,0,L0,baseline_unoptimized,0.0,6,21,18432,0,0.8693333333333333,0.8702709561315087,0.7223278602841077,280.86980853788555,0.08320830389857292,280.9530168417841
UNSW_NB15,6q_5k,QSVC,full,0,L0,baseline_unoptimized,0.0,6,22,19456,1,0.8573333333333333,0.8594023517410964,0.7091777236102729,270.88262059306726,1.2230899892747402,272.105710582342
UNSW_NB15,6q_5k,QSVC,full,0,L0,baseline_unoptimized,0.0,6,23,20480,2,0.872,0.8726223124537287,0.725825733468318,280.7488984228112,0.36105817509815097,281.10995659790933
UNSW_NB15,6q_5k,QSVC,full,0,L0,baseline_unoptimized,0.0,6,24,21504,0,0.8533333333333334,0.8548972741358245,0.6927868215411191,276.07907956605777,1.2297433479689062,277.3088229140267
UNSW_NB15,6q_5k,QSVC,full,0,L0,baseline_unoptimized,0.0,6,25,22528,1,0.856,0.856894185329772,0.6927861005948214,279.14438765402883,0.08886171691119671,279.23324937094003
UNSW_NB15,6q_5k,QSVC,full,0,L0,baseline_unoptimized,0.0,6,26,23552,2,0.8833333333333333,0.8838365661346347,0.7499389002358935,279.5838859002106,0.3667493900284171,279.950635290239
UNSW_NB15,6q_5k,QSVC,full,0,L0,baseline_unoptimized,0.0,6,27,24576,0,0.8606666666666667,0.8620962021642825,0.7077438249977396,272.83951086131856,1.5125232278369367,274.3520340891555
UNSW_NB15,6q_5k,QSVC,full,0,L0,baseline_unoptimized,0.0,6,28,25600,1,0.838,0.8400698604354645,0.6641047317144095,274.3493266571313,0.37201841874048114,274.7213450758718
UNSW_NB15,6q_5k,QSVC,full,0,L0,baseline_unoptimized,0.0,6,29,26624,2,0.8686666666666667,0.8695882749964906,0.720734626130475,273.8424575589597,0.3841793751344085,274.22663693409413
UNSW_NB15,6q_5k,QSVC,full,0,L0,baseline_unoptimized,0.0003,6,0,42,0,0.8393333333333334,0.841582637164163,0.670038000962013,222.4380680322647,0.8987940857186913,223.3368621179834
UNSW_NB15,6q_5k,QSVC,full,0,L0,baseline_unoptimized,0.0003,6,1,123,1,0.8686666666666667,0.8698216170038541,0.7230308533658223,228.37077925959602,0.09284728020429611,228.46362653980032
UNSW_NB15,6q_5k,QSVC,full,0,L0,baseline_unoptimized,0.0003,6,2,456,2,0.8653333333333333,0.8662134992588988,0.7131037360818568,228.0681750709191,0.08751707710325718,228.15569214802235
UNSW_NB15,6q_5k,QSVC,full,0,L0,baseline_unoptimized,0.0003,6,3,789,0,0.8386666666666667,0.8405127314814814,0.6629798267471976,222.0993417771533,1.1931525846011937,223.2924943617545
UNSW_NB15,6q_5k,QSVC,full,0,L0,baseline_unoptimized,0.0003,6,4,1024,1,0.884,0.8795892121301848,0.7500059519531984,228.63408332271501,0.09189611114561558,228.72597943386063
UNSW_NB15,6q_5k,QSVC,full,0,L0,baseline_unoptimized,0.0003,6,5,2048,2,0.8513333333333334,0.8535477256610148,0.6971314281036547,228.49040652485564,0.0903692003339529,228.5807757251896
UNSW_NB15,6q_5k,QSVC,full,0,L0,baseline_unoptimized,0.0003,6,6,3072,0,0.8493333333333334,0.8515334202520644,0.6921626177857496,228.73580093169585,0.3931432478129864,229.12894417950884
UNSW_NB15,6q_5k,QSVC,full,0,L0,baseline_unoptimized,0.0003,6,7,4096,1,0.8586666666666667,0.8600974275737302,0.7032938784707442,215.5823573623784,1.368090971838683,216.95044833421707
UNSW_NB15,6q_5k,QSVC,full,0,L0,baseline_unoptimized,0.0003,6,8,5120,2,0.8433333333333334,0.8454063674115088,0.6763234154321751,228.4580468069762,0.07559027709066868,228.53363708406687
UNSW_NB15,6q_5k,QSVC,full,0,L0,baseline_unoptimized,0.0003,6,9,6144,0,0.8926666666666667,0.8884841143008412,0.7710330906909637,213.6463564792648,1.0275011309422553,214.67385761020705
UNSW_NB15,6q_5k,QSVC,full,0,L0,baseline_unoptimized,0.0003,6,10,7168,1,0.87,0.8711807352455894,0.7262353149271447,228.8194543197751,0.06605756701901555,228.88551188679412
UNSW_NB15,6q_5k,QSVC,full,0,L0,baseline_unoptimized,0.0003,6,11,8192,2,0.8613333333333333,0.862371841858324,0.705578465990511,227.78937936061993,0.9177298997528851,228.70710926037282
UNSW_NB15,6q_5k,QSVC,full,0,L0,baseline_unoptimized,0.0003,6,12,9216,0,0.8526666666666667,0.8489584193002565,0.67475594153461,228.15432730317116,0.09423683304339647,228.24856413621455
UNSW_NB15,6q_5k,QSVC,full,0,L0,baseline_unoptimized,0.0003,6,13,10240,1,0.8613333333333333,0.8625325522531667,0.7072330352492825,228.22143634501845,0.6868676976300776,228.90830404264852
UNSW_NB15,6q_5k,QSVC,full,0,L0,baseline_unoptimized,0.0003,6,14,11264,2,0.8446666666666667,0.8466023431913628,0.6779316449272137,227.92646876489744,0.4009972857311368,228.32746605062857
UNSW_NB15,6q_5k,QSVC,full,0,L0,baseline_unoptimized,0.0003,6,15,12288,0,0.8706666666666667,0.8713837286103321,0.7235686990346054,226.5400930698961,0.07718187011778355,226.61727494001389
UNSW_NB15,6q_5k,QSVC,full,0,L0,baseline_unoptimized,0.0003,6,16,13312,1,0.8373333333333334,0.839627308063367,0.6660755150256489,226.20635790098459,0.37603337597101927,226.5823912769556
UNSW_NB15,6q_5k,QSVC,full,0,L0,baseline_unoptimized,0.0003,6,17,14336,2,0.8666666666666667,0.8673566231760355,0.7148903740578689,214.65561949415132,1.01868479186669,215.674304286018
UNSW_NB15,6q_5k,QSVC,full,0,L0,baseline_unoptimized,0.0003,6,18,15360,0,0.8973333333333333,0.8968963596539815,0.7759004812192195,227.77050603879616,1.109855969902128,228.88036200869828
UNSW_NB15,6q_5k,QSVC,full,0,L0,baseline_unoptimized,0.0003,6,19,16384,1,0.8706666666666667,0.8716691822755653,0.7260515413937646,227.4325977070257,1.0401422609575093,228.47273996798322
UNSW_NB15,6q_5k,QSVC,full,0,L0,baseline_unoptimized,0.0003,6,20,17408,2,0.882,0.8776448494533765,0.7449140326745637,230.71204972080886,0.05212390096858144,230.76417362177745
UNSW_NB15,6q_5k,QSVC,full,0,L0,baseline_unoptimized,0.0003,6,21,18432,0,0.86,0.861601957070707,0.7081895470246603,220.43010759586468,0.7413743636570871,221.17148195952177
UNSW_NB15,6q_5k,QSVC,full,0,L0,baseline_unoptimized,0.0003,6,22,19456,1,0.854,0.8562663090496073,0.7049721356777204,228.83442267915234,0.052101085893809795,228.88652376504615
UNSW_NB15,6q_5k,QSVC,full,0,L0,baseline_unoptimized,0.0003,6,23,20480,2,0.868,0.8687760404073481,0.7181651057231488,226.68854250572622,0.7517735501751304,227.44031605590135
UNSW_NB15,6q_5k,QSVC,full,0,L0,baseline_unoptimized,0.0003,6,24,21504,0,0.848,0.8498521881487231,0.6840943654972539,214.20405184989795,1.4002669071778655,215.60431875707582
UNSW_NB15,6q_5k,QSVC,full,0,L0,baseline_unoptimized,0.0003,6,25,22528,1,0.8473333333333334,0.8488153605648151,0.6785953446150682,227.96102562593296,1.0582995722070336,229.01932519814
UNSW_NB15,6q_5k,QSVC,full,0,L0,baseline_unoptimized,0.0003,6,26,23552,2,0.8846666666666667,0.884643501238614,0.750014269782468,228.65499621117488,0.36721710907295346,229.02221332024783
UNSW_NB15,6q_5k,QSVC,full,0,L0,baseline_unoptimized,0.0003,6,27,24576,0,0.862,0.8633006938336752,0.7093982287057555,227.80782470898703,0.4040100169368088,228.21183472592384
UNSW_NB15,6q_5k,QSVC,full,0,L0,baseline_unoptimized,0.0003,6,28,25600,1,0.836,0.8380763420540549,0.6596403219268341,226.71171102207154,0.09260164387524128,226.80431266594678
UNSW_NB15,6q_5k,QSVC,full,0,L0,baseline_unoptimized,0.0003,6,29,26624,2,0.872,0.8727525240313678,0.7267372090945827,227.53703806363046,0.7048748135566711,228.24191287718713
UNSW_NB15,6q_5k,QSVC,full,0,L0,baseline_unoptimized,0.0005,6,0,42,0,0.8393333333333334,0.841582637164163,0.670038000962013,229.72823590599,0.049035144969820976,229.77727105095983
UNSW_NB15,6q_5k,QSVC,full,0,L0,baseline_unoptimized,0.0005,6,1,123,1,0.8666666666666667,0.8676592149718848,0.7171715790594275,205.03456682199612,1.7337063429877162,206.76827316498384
UNSW_NB15,6q_5k,QSVC,full,0,L0,baseline_unoptimized,0.0005,6,2,456,2,0.866,0.8668974548647188,0.714696690735021,227.32215086882934,0.747183714993298,228.06933458382264
UNSW_NB15,6q_5k,QSVC,full,0,L0,baseline_unoptimized,0.0005,6,3,789,0,0.848,0.8494109593181406,0.6794081362600056,226.35860843211412,0.048728353809565306,226.4073367859237
UNSW_NB15,6q_5k,QSVC,full,0,L0,baseline_unoptimized,0.0005,6,4,1024,1,0.8833333333333333,0.8789407687392633,0.74830392569315,220.3264077580534,0.7200420666486025,221.046449824702
UNSW_NB15,6q_5k,QSVC,full,0,L0,baseline_unoptimized,0.0005,6,5,2048,2,0.852,0.8540706098359677,0.6962968318254461,213.71605675807223,0.8894518259912729,214.6055085840635
UNSW_NB15,6q_5k,QSVC,full,0,L0,baseline_unoptimized,0.0005,6,6,3072,0,0.8493333333333334,0.8515334202520644,0.6921626177857496,218.88096257392317,1.2124561700038612,220.09341874392703
UNSW_NB15,6q_5k,QSVC,full,0,L0,baseline_unoptimized,0.0005,6,7,4096,1,0.8466666666666667,0.8486434726620697,0.6826550093072158,224.71457038028166,0.7374047776684165,225.45197515795007
UNSW_NB15,6q_5k,QSVC,full,0,L0,baseline_unoptimized,0.0005,6,8,5120,2,0.8413333333333334,0.8434853486525618,0.6728253690933096,227.5160430809483,0.05322713777422905,227.56927021872252
UNSW_NB15,6q_5k,QSVC,full,0,L0,baseline_unoptimized,0.0005,6,9,6144,0,0.892,0.8876685682252852,0.7699767077356282,219.83406029827893,0.7254460160620511,220.55950631434098
UNSW_NB15,6q_5k,QSVC,full,0,L0,baseline_unoptimized,0.0005,6,10,7168,1,0.872,0.873144169739467,0.7303080496648356,214.08170960703865,0.7318920167163014,214.81360162375495
UNSW_NB15,6q_5k,QSVC,full,0,L0,baseline_unoptimized,0.0005,6,11,8192,2,0.8613333333333333,0.862371841858324,0.705578465990511,228.41430840222165,0.05244294507429004,228.46675134729594
UNSW_NB15,6q_5k,QSVC,full,0,L0,baseline_unoptimized,0.0005,6,12,9216,0,0.8526666666666667,0.8489584193002565,0.67475594153461,220.8128913892433,1.4292474673129618,222.24213885655627
UNSW_NB15,6q_5k,QSVC,full,0,L0,baseline_unoptimized,0.0005,6,13,10240,1,0.8553333333333333,0.8569228184645014,0.6978577021924312,228.53922159597278,0.09026304306462407,228.6294846390374
UNSW_NB15,6q_5k,QSVC,full,0,L0,baseline_unoptimized,0.0005,6,14,11264,2,0.8453333333333334,0.8471684190984118,0.6782043280152537,228.48436148511246,0.08970594918355346,228.574067434296
UNSW_NB15,6q_5k,QSVC,full,0,L0,baseline_unoptimized,0.0005,6,15,12288,0,0.8733333333333333,0.8742422533927889,0.7308777154083478,203.15502914367244,0.9894848233088851,204.14451396698132
UNSW_NB15,6q_5k,QSVC,full,0,L0,baseline_unoptimized,0.0005,6,16,13312,1,0.8366666666666667,0.8389866224739271,0.6649235038061702,227.88882221281528,0.08395666582509875,227.97277887864038
UNSW_NB15,6q_5k,QSVC,full,0,L0,baseline_unoptimized,0.0005,6,17,14336,2,0.8673333333333333,0.8679972738406715,0.7161673614517585,227.90200468013063,0.3716480880975723,228.2736527682282
UNSW_NB15,6q_5k,QSVC,full,0,L0,baseline_unoptimized,0.0005,6,18,15360,0,0.896,0.8955104454386306,0.772869344677164,228.1429220829159,0.09805147862061858,228.24097356153652
UNSW_NB15,6q_5k,QSVC,full,0,L0,baseline_unoptimized,0.0005,6,19,16384,1,0.87,0.8710274531933256,0.7248025521233543,227.92184570105746,0.42905850103124976,228.3509042020887
UNSW_NB15,6q_5k,QSVC,full,0,L0,baseline_unoptimized,0.0005,6,20,17408,2,0.882,0.8776448494533765,0.7449140326745637,227.91403740877286,0.4280715459026396,228.3421089546755
UNSW_NB15,6q_5k,QSVC,full,0,L0,baseline_unoptimized,0.0005,6,21,18432,0,0.8606666666666667,0.8622073397627138,0.7089716134234676,225.2057363553904,1.3535390011966228,226.55927535658702
UNSW_NB15,6q_5k,QSVC,full,0,L0,baseline_unoptimized,0.0005,6,22,19456,1,0.8506666666666667,0.8530482015592643,0.6993031758556508,226.48732720082626,0.11273994809016585,226.60006714891642
UNSW_NB15,6q_5k,QSVC,full,0,L0,baseline_unoptimized,0.0005,6,23,20480,2,0.8693333333333333,0.8701447237251635,0.7213408619025697,226.51900215772912,0.11264746636152267,226.63164962409064
UNSW_NB15,6q_5k,QSVC,full,0,L0,baseline_unoptimized,0.0005,6,24,21504,0,0.848,0.8498521881487231,0.6840943654972539,225.2173383431509,0.7117218198254704,225.92906016297638
UNSW_NB15,6q_5k,QSVC,full,0,L0,baseline_unoptimized,0.0005,6,25,22528,1,0.8466666666666667,0.8481765704584041,0.6773824452256568,228.1670985110104,0.05205481173470616,228.21915332274511
UNSW_NB15,6q_5k,QSVC,full,0,L0,baseline_unoptimized,0.0005,6,26,23552,2,0.886,0.8858842267721427,0.7525264782928202,222.86745063215494,1.4987313761375844,224.36618200829253
UNSW_NB15,6q_5k,QSVC,full,0,L0,baseline_unoptimized,0.0005,6,27,24576,0,0.8613333333333333,0.8626599539269967,0.7081732477605379,219.63503851089627,0.7343777013011277,220.3694162121974
UNSW_NB15,6q_5k,QSVC,full,0,L0,baseline_unoptimized,0.0005,6,28,25600,1,0.8366666666666667,0.8390024783234088,0.6647249839027991,225.2571992110461,0.05284728668630123,225.3100464977324
UNSW_NB15,6q_5k,QSVC,full,0,L0,baseline_unoptimized,0.0005,6,29,26624,2,0.8726666666666667,0.8734363827399857,0.7283220494847554,206.72946656309068,1.2939508520066738,208.02341741509736
UNSW_NB15,6q_5k,QSVC,full,0,L0,baseline_unoptimized,0.001,6,0,42,0,0.8386666666666667,0.8409418383251426,0.6688836852633704,223.31974557088688,0.7257410911843181,224.0454866620712
UNSW_NB15,6q_5k,QSVC,full,0,L0,baseline_unoptimized,0.001,6,1,123,1,0.868,0.8690631962519523,0.7207130954059983,229.32020868360996,0.08505138987675309,229.40526007348672
UNSW_NB15,6q_5k,QSVC,full,0,L0,baseline_unoptimized,0.001,6,2,456,2,0.87,0.8706987871894653,0.7219850140760168,229.0568477776833,0.38333476427942514,229.4401825419627
UNSW_NB15,6q_5k,QSVC,full,0,L0,baseline_unoptimized,0.001,6,3,789,0,0.846,0.8474949707007524,0.6757598458521146,227.4694889280945,0.0992626347579062,227.5687515628524
UNSW_NB15,6q_5k,QSVC,full,0,L0,baseline_unoptimized,0.001,6,4,1024,1,0.8826666666666667,0.8782051800857041,0.7468836418285851,227.30443529924378,0.39997955365106463,227.70441485289484
UNSW_NB15,6q_5k,QSVC,full,0,L0,baseline_unoptimized,0.001,6,5,2048,2,0.8553333333333333,0.8572475818225422,0.7016620349028172,227.33589966828004,0.39822075283154845,227.73412042111158
UNSW_NB15,6q_5k,QSVC,full,0,L0,baseline_unoptimized,0.001,6,6,3072,0,0.8506666666666667,0.8528174180005802,0.6944706194972268,217.86088281683624,1.1903740968555212,219.05125691369176
UNSW_NB15,6q_5k,QSVC,full,0,L0,baseline_unoptimized,0.001,6,7,4096,1,0.846,0.8480030031224054,0.6814811246453123,228.8081903187558,0.055502552073448896,228.86369287082925
UNSW_NB15,6q_5k,QSVC,full,0,L0,baseline_unoptimized,0.001,6,8,5120,2,0.842,0.8441600927088436,0.6744758090340527,225.74482870008796,0.737376132979989,226.48220483306795
UNSW_NB15,6q_5k,QSVC,full,0,L0,baseline_unoptimized,0.001,6,9,6144,0,0.8926666666666667,0.8884028476164729,0.7713707663041929,228.14808803191409,0.36127516301348805,228.50936319492757
UNSW_NB15,6q_5k,QSVC,full,0,L0,baseline_unoptimized,0.001,6,10,7168,1,0.8706666666666667,0.8718227548409195,0.7274704472835574,227.84130930202082,0.07269736984744668,227.91400667186826
UNSW_NB15,6q_5k,QSVC,full,0,L0,baseline_unoptimized,0.001,6,11,8192,2,0.8606666666666667,0.8617746026798101,0.7046907652618185,215.77048421325162,1.0360585520975292,216.80654276534915
UNSW_NB15,6q_5k,QSVC,full,0,L0,baseline_unoptimized,0.001,6,12,9216,0,0.8526666666666667,0.8489584193002565,0.67475594153461,223.23382519371808,0.7541273357346654,223.98795252945274
UNSW_NB15,6q_5k,QSVC,full,0,L0,baseline_unoptimized,0.001,6,13,10240,1,0.8573333333333333,0.8588823815119467,0.7018877913302308,229.2171147200279,0.09175745910033584,229.30887217912823
UNSW_NB15,6q_5k,QSVC,full,0,L0,baseline_unoptimized,0.001,6,14,11264,2,0.8426666666666667,0.8446088061245447,0.6734744461816491,229.24988576490432,0.08970149280503392,229.33958725770935
UNSW_NB15,6q_5k,QSVC,full,0,L0,baseline_unoptimized,0.001,6,15,12288,0,0.8733333333333333,0.8742422533927889,0.7308777154083478,225.95166835281998,1.3372282050549984,227.28889655787498
UNSW_NB15,6q_5k,QSVC,full,0,L0,baseline_unoptimized,0.001,6,16,13312,1,0.838,0.8403652105060174,0.668748462378594,228.89083866635337,0.04769225791096687,228.93853092426434
UNSW_NB15,6q_5k,QSVC,full,0,L0,baseline_unoptimized,0.001,6,17,14336,2,0.8486666666666667,0.8504062037330329,0.6845943849535812,225.15228425012901,0.9796187561005354,226.13190300622955
UNSW_NB15,6q_5k,QSVC,full,0,L0,baseline_unoptimized,0.001,6,18,15360,0,0.8866666666666667,0.8837041911324892,0.7525199951726003,227.06302876770496,0.40067801577970386,227.46370678348467
UNSW_NB15,6q_5k,QSVC,full,0,L0,baseline_unoptimized,0.001,6,19,16384,1,0.8686666666666667,0.8696239407407408,0.7212706390661923,226.78834727965295,0.0755957318469882,226.86394301149994
UNSW_NB15,6q_5k,QSVC,full,0,L0,baseline_unoptimized,0.001,6,20,17408,2,0.882,0.8776448494533765,0.7449140326745637,191.3124461933039,1.6415570103563368,192.95400320366025
UNSW_NB15,6q_5k,QSVC,full,0,L0,baseline_unoptimized,0.001,6,21,18432,0,0.86,0.8615661574618096,0.7077670809771981,227.079875332769,1.111032800283283,228.1909081330523
UNSW_NB15,6q_5k,QSVC,full,0,L0,baseline_unoptimized,0.001,6,22,19456,1,0.8586666666666667,0.8608228546667286,0.7139970599014656,228.74786876421422,1.301353813149035,230.04922257736325
UNSW_NB15,6q_5k,QSVC,full,0,L0,baseline_unoptimized,0.001,6,23,20480,2,0.864,0.86510210947445,0.7119837281365431,229.99603160191327,0.06070831324905157,230.05673991516232
UNSW_NB15,6q_5k,QSVC,full,0,L0,baseline_unoptimized,0.001,6,24,21504,0,0.8466666666666667,0.8485718390804599,0.6817289490882175,226.93733291467652,0.08426747610792518,227.02160039078444
UNSW_NB15,6q_5k,QSVC,full,0,L0,baseline_unoptimized,0.001,6,25,22528,1,0.85,0.8511927540811353,0.6819266170760995,224.15377153083682,1.1682667839340866,225.3220383147709
UNSW_NB15,6q_5k,QSVC,full,0,L0,baseline_unoptimized,0.001,6,26,23552,2,0.8833333333333333,0.8830183948471388,0.7460344299457419,227.44804518995807,0.058006585109978914,227.50605177506804
UNSW_NB15,6q_5k,QSVC,full,0,L0,baseline_unoptimized,0.001,6,27,24576,0,0.86,0.8614928525841961,0.7069370718483358,223.86502173217013,1.0882186070084572,224.9532403391786
UNSW_NB15,6q_5k,QSVC,full,0,L0,baseline_unoptimized,0.001,6,28,25600,1,0.8353333333333334,0.8377214674337051,0.6624261565994544,223.53453011764213,1.0139328041113913,224.54846292175353
UNSW_NB15,6q_5k,QSVC,full,0,L0,baseline_unoptimized,0.001,6,29,26624,2,0.872,0.8727525240313678,0.7267372090945827,226.84812634810805,0.05139011610299349,226.89951646421105
UNSW_NB15,6q_5k,QSVC,full,0,L0,baseline_unoptimized,0.002,6,0,42,0,0.84,0.8423514704131444,0.6732128116590912,222.16606667730957,0.708190537057817,222.8742572143674
UNSW_NB15,6q_5k,QSVC,full,0,L0,baseline_unoptimized,0.002,6,1,123,1,0.8693333333333333,0.8700969948785852,0.721226371519524,226.89923126017675,0.05165867321193218,226.95088993338868
UNSW_NB15,6q_5k,QSVC,full,0,L0,baseline_unoptimized,0.002,6,2,456,2,0.8746666666666667,0.8747168737658149,0.7284507427134352,218.0337453377433,1.0813759481534362,219.11512128589675
UNSW_NB15,6q_5k,QSVC,full,0,L0,baseline_unoptimized,0.002,6,3,789,0,0.838,0.8399146024707,0.6622453965651195,204.73608653619885,1.0192524096928537,205.7553389458917
UNSW_NB15,6q_5k,QSVC,full,0,L0,baseline_unoptimized,0.002,6,4,1024,1,0.884,0.8795892121301848,0.7500059519531984,226.84578592097387,0.05098815308883786,226.8967740740627
UNSW_NB15,6q_5k,QSVC,full,0,L0,baseline_unoptimized,0.002,6,5,2048,2,0.8546666666666667,0.8566059151362885,0.7004885127042881,223.92093303101137,0.7379775317385793,224.65891056274995
UNSW_NB15,6q_5k,QSVC,full,0,L0,baseline_unoptimized,0.002,6,6,3072,0,0.8493333333333334,0.8515334202520644,0.6921626177857496,228.73835372831672,0.048991742078214884,228.78734547039494
UNSW_NB15,6q_5k,QSVC,full,0,L0,baseline_unoptimized,0.002,6,7,4096,1,0.8513333333333334,0.8530532413657521,0.6900408750018253,219.3539886563085,1.0547264739871025,220.4087151302956
UNSW_NB15,6q_5k,QSVC,full,0,L0,baseline_unoptimized,0.002,6,8,5120,2,0.8413333333333334,0.8435531763106319,0.6738082584231435,225.50391909712926,0.7536069178022444,226.2575260149315
UNSW_NB15,6q_5k,QSVC,full,0,L0,baseline_unoptimized,0.002,6,9,6144,0,0.8946666666666667,0.8904421838246609,0.7762432021992621,225.08808770217001,1.2975833313539624,226.38567103352398
UNSW_NB15,6q_5k,QSVC,full,0,L0,baseline_unoptimized,0.002,6,10,7168,1,0.8666666666666667,0.8679343520090549,0.7197082331021165,224.38990500802174,0.9630473619326949,225.35295236995444
UNSW_NB15,6q_5k,QSVC,full,0,L0,baseline_unoptimized,0.002,6,11,8192,2,0.856,0.8573776444626504,0.6968280446980738,227.43647904414684,0.047327933833003044,227.48380697797984
UNSW_NB15,6q_5k,QSVC,full,0,L0,baseline_unoptimized,0.002,6,12,9216,0,0.8613333333333333,0.8571531224078682,0.6951757204741037,228.04099662881345,0.05679975636303425,228.09779638517648
UNSW_NB15,6q_5k,QSVC,full,0,L0,baseline_unoptimized,0.002,6,13,10240,1,0.858,0.8594091279785504,0.7018767288678,212.85418737493455,1.5268155913800001,214.38100296631455
UNSW_NB15,6q_5k,QSVC,full,0,L0,baseline_unoptimized,0.002,6,14,11264,2,0.8406666666666667,0.842725378907406,0.6704182135768103,226.8989841467701,0.08488926105201244,226.9838734078221
UNSW_NB15,6q_5k,QSVC,full,0,L0,baseline_unoptimized,0.002,6,15,12288,0,0.8833333333333333,0.8834032398439036,0.747333970731547,225.44212432811037,1.0086868572980165,226.45081118540838
UNSW_NB15,6q_5k,QSVC,full,0,L0,baseline_unoptimized,0.002,6,16,13312,1,0.8386666666666667,0.8408747494235888,0.6678902902747259,225.1764167090878,1.0533856288529932,226.22980233794078
UNSW_NB15,6q_5k,QSVC,full,0,L0,baseline_unoptimized,0.002,6,17,14336,2,0.864,0.864927098460645,0.7107941317358403,228.3568631936796,0.05164308799430728,228.4085062816739
UNSW_NB15,6q_5k,QSVC,full,0,L0,baseline_unoptimized,0.002,6,18,15360,0,0.8866666666666667,0.8830937010775409,0.7539597715519412,226.4291357039474,1.0275556668639183,227.4566913708113
UNSW_NB15,6q_5k,QSVC,full,0,L0,baseline_unoptimized,0.002,6,19,16384,1,0.868,0.8690631962519523,0.7207130954059983,224.7938732090406,0.9746464639902115,225.76851967303082
UNSW_NB15,6q_5k,QSVC,full,0,L0,baseline_unoptimized,0.002,6,20,17408,2,0.8806666666666667,0.8762623053794033,0.741798888541714,227.51384335896,0.058648484759032726,227.57249184371904
UNSW_NB15,6q_5k,QSVC,full,0,L0,baseline_unoptimized,0.002,6,21,18432,0,0.8513333333333334,0.8532328348852205,0.6922847241774961,223.52176311379299,1.6857276712544262,225.2074907850474
UNSW_NB15,6q_5k,QSVC,full,0,L0,baseline_unoptimized,0.002,6,22,19456,1,0.8446666666666667,0.8473610588944278,0.6920807423179428,228.51983186975121,0.05105313705280423,228.57088500680402
UNSW_NB15,6q_5k,QSVC,full,0,L0,baseline_unoptimized,0.002,6,23,20480,2,0.858,0.8593784794773172,0.7012793347186969,227.3062442233786,0.8053965419530869,228.11164076533169
UNSW_NB15,6q_5k,QSVC,full,0,L0,baseline_unoptimized,0.002,6,24,21504,0,0.8466666666666667,0.8486079620830594,0.6821896223268523,223.72493443312123,1.1675907457247376,224.89252517884597
UNSW_NB15,6q_5k,QSVC,full,0,L0,baseline_unoptimized,0.002,6,25,22528,1,0.8446666666666667,0.8461307326726877,0.6725158154115918,230.16259222710505,0.08824016293510795,230.25083239004016
UNSW_NB15,6q_5k,QSVC,full,0,L0,baseline_unoptimized,0.002,6,26,23552,2,0.8833333333333333,0.8797133593389156,0.746421131389209,230.5401830500923,0.0856377319432795,230.6258207820356
UNSW_NB15,6q_5k,QSVC,full,0,L0,baseline_unoptimized,0.002,6,27,24576,0,0.8566666666666667,0.8583248739624965,0.7013404242747969,227.42548296414316,1.8949205800890923,229.32040354423225
UNSW_NB15,6q_5k,QSVC,full,0,L0,baseline_unoptimized,0.002,6,28,25600,1,0.8326666666666667,0.835159099286613,0.6578488302841516,229.68063210789114,0.3635069001466036,230.04413900803775
UNSW_NB15,6q_5k,QSVC,full,0,L0,baseline_unoptimized,0.002,6,29,26624,2,0.876,0.8766028651895498,0.7344153193508948,229.62878935784101,0.074937229976058,229.70372658781707
UNSW_NB15,6q_5k,QSVC,full,0,L0,baseline_unoptimized,0.005,6,0,42,0,0.8333333333333334,0.8360185185185186,0.6634873784218411,227.7153657139279,0.7432014239020646,228.45856713782996
UNSW_NB15,6q_5k,QSVC,full,0,L0,baseline_unoptimized,0.005,6,1,123,1,0.842,0.8445066187376372,0.6808470554248436,224.61436021188274,1.9421067256480455,226.5564669375308
UNSW_NB15,6q_5k,QSVC,full,0,L0,baseline_unoptimized,0.005,6,2,456,2,0.8346666666666667,0.8371762489363536,0.6628461886380802,230.46970503404737,0.050117491744458675,230.51982252579182
UNSW_NB15,6q_5k,QSVC,full,0,L0,baseline_unoptimized,0.005,6,3,789,0,0.8293333333333334,0.8321028375693365,0.6549085367894739,225.1190429618582,1.3761446559801698,226.49518761783838
UNSW_NB15,6q_5k,QSVC,full,0,L0,baseline_unoptimized,0.005,6,4,1024,1,0.846,0.8482334371545986,0.684891307370684,210.82173929782584,1.3825359093025327,212.20427520712838
UNSW_NB15,6q_5k,QSVC,full,0,L0,baseline_unoptimized,0.005,6,5,2048,2,0.8393333333333334,0.8421621452062628,0.6813543897575662,229.86114006396383,0.047405920922756195,229.9085459848866
UNSW_NB15,6q_5k,QSVC,full,0,L0,baseline_unoptimized,0.005,6,6,3072,0,0.8406666666666667,0.8433861190891504,0.6817986444023509,226.87743001803756,0.7525567496195436,227.6299867676571
UNSW_NB15,6q_5k,QSVC,full,0,L0,baseline_unoptimized,0.005,6,7,4096,1,0.8386666666666667,0.8411155332362805,0.6712590099179137,229.57352466275916,0.04984003398567438,229.62336469674483
UNSW_NB15,6q_5k,QSVC,full,0,L0,baseline_unoptimized,0.005,6,8,5120,2,0.8346666666666667,0.837567048225946,0.6712894524861107,224.68265675287694,1.3183547179214656,226.0010114707984
UNSW_NB15,6q_5k,QSVC,full,0,L0,baseline_unoptimized,0.005,6,9,6144,0,0.8713333333333333,0.8721484883166836,0.7259824008084004,227.35453413799405,1.2235129587352276,228.57804709672928
UNSW_NB15,6q_5k,QSVC,full,0,L0,baseline_unoptimized,0.005,6,10,7168,1,0.8493333333333334,0.8517847734927018,0.6975938002073401,227.57858770387247,0.9572607628069818,228.53584846667945
UNSW_NB15,6q_5k,QSVC,full,0,L0,baseline_unoptimized,0.005,6,11,8192,2,0.8466666666666667,0.8484211910774411,0.6799334718512461,230.67117378022522,0.04673634888604283,230.71791012911126
UNSW_NB15,6q_5k,QSVC,full,0,L0,baseline_unoptimized,0.005,6,12,9216,0,0.8706666666666667,0.8648459612487662,0.7212997720427182,227.51654487103224,0.07410477194935083,227.5906496429816
UNSW_NB15,6q_5k,QSVC,full,0,L0,baseline_unoptimized,0.005,6,13,10240,1,0.8546666666666667,0.8561287175468212,0.6949984629312104,214.97802095394582,1.595502634998411,216.57352358894423
UNSW_NB15,6q_5k,QSVC,full,0,L0,baseline_unoptimized,0.005,6,14,11264,2,0.838,0.8403334303119905,0.6682374999673381,227.47778855776414,0.07627934729680419,227.55406790506095
UNSW_NB15,6q_5k,QSVC,full,0,L0,baseline_unoptimized,0.005,6,15,12288,0,0.8773333333333333,0.8772836419753086,0.7337998816513107,228.90837118774652,0.7376622501760721,229.6460334379226
UNSW_NB15,6q_5k,QSVC,full,0,L0,baseline_unoptimized,0.005,6,16,13312,1,0.826,0.8289719089642104,0.6518407838888762,202.89092116709799,1.3577585271559656,204.24867969425395
UNSW_NB15,6q_5k,QSVC,full,0,L0,baseline_unoptimized,0.005,6,17,14336,2,0.8373333333333334,0.8397549556785552,0.6681216077656166,231.50086418865249,0.0504290028475225,231.5512931915
UNSW_NB15,6q_5k,QSVC,full,0,L0,baseline_unoptimized,0.005,6,18,15360,0,0.88,0.8763000260298042,0.738367073113567,229.11466737557203,0.08158971974626184,229.1962570953183
UNSW_NB15,6q_5k,QSVC,full,0,L0,baseline_unoptimized,0.005,6,19,16384,1,0.858,0.8595232892247927,0.7030939241111278,228.8675003168173,0.39990103198215365,229.26740134879947
UNSW_NB15,6q_5k,QSVC,full,0,L0,baseline_unoptimized,0.005,6,20,17408,2,0.8433333333333334,0.8454410925360015,0.6768037354474175,228.82967803860083,0.39780905190855265,229.22748709050938
UNSW_NB15,6q_5k,QSVC,full,0,L0,baseline_unoptimized,0.005,6,21,18432,0,0.8346666666666667,0.8376660321617367,0.6743306386445153,228.38965092226863,0.3748913132585585,228.7645422355272
UNSW_NB15,6q_5k,QSVC,full,0,L0,baseline_unoptimized,0.005,6,22,19456,1,0.8306666666666667,0.8338548519839694,0.6718947913324923,228.1628448497504,0.07442483399063349,228.23726968374103
UNSW_NB15,6q_5k,QSVC,full,0,L0,baseline_unoptimized,0.005,6,23,20480,2,0.8433333333333334,0.845106048196934,0.6726485244791528,215.56050018500537,1.292382548097521,216.8528827331029
UNSW_NB15,6q_5k,QSVC,full,0,L0,baseline_unoptimized,0.005,6,24,21504,0,0.8353333333333334,0.8379919534461964,0.6672234306098355,228.53593160118908,0.0887696510180831,228.62470125220716
UNSW_NB15,6q_5k,QSVC,full,0,L0,baseline_unoptimized,0.005,6,25,22528,1,0.8366666666666667,0.8387154105304768,0.6608137100959051,228.5639455630444,0.4237024546600878,228.9876480177045
UNSW_NB15,6q_5k,QSVC,full,0,L0,baseline_unoptimized,0.005,6,26,23552,2,0.868,0.8676719824115935,0.7127295450480755,228.25735575333238,0.7060173200443387,228.96337307337672
UNSW_NB15,6q_5k,QSVC,full,0,L0,baseline_unoptimized,0.005,6,27,24576,0,0.8333333333333334,0.8362988886842266,0.6697030574393354,219.88333342783153,1.3244216227903962,221.20775505062193
UNSW_NB15,6q_5k,QSVC,full,0,L0,baseline_unoptimized,0.005,6,28,25600,1,0.8133333333333334,0.8168309009013965,0.6335934460697482,228.9106597439386,0.05704351607710123,228.9677032600157
UNSW_NB15,6q_5k,QSVC,full,0,L0,baseline_unoptimized,0.005,6,29,26624,2,0.848,0.8503071966027766,0.6908889262375251,227.43698016181588,1.019576194230467,228.45655635604635
UNSW_NB15,6q_5k,QSVC,full,0,L0,baseline_unoptimized,0.008,6,0,42,0,0.8066666666666666,0.8103708194549952,0.625239549879514,226.20084674376994,1.1320979641750455,227.332944707945
UNSW_NB15,6q_5k,QSVC,full,0,L0,baseline_unoptimized,0.008,6,1,123,1,0.8386666666666667,0.8410377326665872,0.6704080387544687,226.14224438508973,1.0108190872706473,227.15306347236037
UNSW_NB15,6q_5k,QSVC,full,0,L0,baseline_unoptimized,0.008,6,2,456,2,0.762,0.7665438321567194,0.5601862930248833,229.0933395861648,0.0501370569691062,229.1434766431339
UNSW_NB15,6q_5k,QSVC,full,0,L0,baseline_unoptimized,0.008,6,3,789,0,0.8206666666666667,0.8236478530995828,0.6381481880735812,227.5058154221624,0.4161667851731181,227.92198220733553
UNSW_NB15,6q_5k,QSVC,full,0,L0,baseline_unoptimized,0.008,6,4,1024,1,0.8553333333333333,0.8497782772714546,0.6829688132746926,227.1199604808353,0.09417094197124243,227.21413142280653
UNSW_NB15,6q_5k,QSVC,full,0,L0,baseline_unoptimized,0.008,6,5,2048,2,0.75,0.7534231751804461,0.5713663747425656,227.25760336918756,0.41158248111605644,227.66918585030362
UNSW_NB15,6q_5k,QSVC,full,0,L0,baseline_unoptimized,0.008,6,6,3072,0,0.8293333333333334,0.8325311093955624,0.6669968255411238,223.18680115696043,1.3153495639562607,224.5021507209167
UNSW_NB15,6q_5k,QSVC,full,0,L0,baseline_unoptimized,0.008,6,7,4096,1,0.768,0.7723471614463382,0.5765562010741307,215.27963196020573,1.1937938290648162,216.47342578927055
UNSW_NB15,6q_5k,QSVC,full,0,L0,baseline_unoptimized,0.008,6,8,5120,2,0.754,0.7570493497646795,0.5860291508332718,227.42678855499253,0.05012788297608495,227.4769164379686
UNSW_NB15,6q_5k,QSVC,full,0,L0,baseline_unoptimized,0.008,6,9,6144,0,0.8353333333333334,0.8377691390312795,0.6636555300149116,226.06772988988087,0.3549643578007817,226.42269424768165
UNSW_NB15,6q_5k,QSVC,full,0,L0,baseline_unoptimized,0.008,6,10,7168,1,0.826,0.8288172937227131,0.6483864718091263,223.02454933105037,2.031836105044931,225.0563854360953
UNSW_NB15,6q_5k,QSVC,full,0,L0,baseline_unoptimized,0.008,6,11,8192,2,0.858,0.8508487454394013,0.6931737273625552,225.75085627939552,0.07193432003259659,225.82279059942812
UNSW_NB15,6q_5k,QSVC,full,0,L0,baseline_unoptimized,0.008,6,12,9216,0,0.85,0.8381836932380315,0.6878256403371574,228.3598277051933,0.04647922609001398,228.40630693128332
UNSW_NB15,6q_5k,QSVC,full,0,L0,baseline_unoptimized,0.008,6,13,10240,1,0.7873333333333333,0.7914697954416621,0.6040229590233387,225.63355265790597,0.7441495377570391,226.377702195663
UNSW_NB15,6q_5k,QSVC,full,0,L0,baseline_unoptimized,0.008,6,14,11264,2,0.7546666666666667,0.7577170575814643,0.5859162975606559,219.06549784680828,0.7633645790629089,219.8288624258712
UNSW_NB15,6q_5k,QSVC,full,0,L0,baseline_unoptimized,0.008,6,15,12288,0,0.8173333333333334,0.8208633851628968,0.6473177063686631,225.44114469131455,0.9633074221201241,226.40445211343467
UNSW_NB15,6q_5k,QSVC,full,0,L0,baseline_unoptimized,0.008,6,16,13312,1,0.778,0.7822037655552456,0.5928167204197161,225.27619098871946,1.1437796829268336,226.4199706716463
UNSW_NB15,6q_5k,QSVC,full,0,L0,baseline_unoptimized,0.008,6,17,14336,2,0.742,0.7451205796101432,0.5607374569704657,231.4303234857507,0.05000673187896609,231.48033021762967
UNSW_NB15,6q_5k,QSVC,full,0,L0,baseline_unoptimized,0.008,6,18,15360,0,0.742,0.7450187574279068,0.5638326305821165,226.4134016209282,1.1840144130401313,227.59741603396833
UNSW_NB15,6q_5k,QSVC,full,0,L0,baseline_unoptimized,0.008,6,19,16384,1,0.7926666666666666,0.7966441013651062,0.6200247110638863,229.4423521310091,0.050638956017792225,229.4929910870269
UNSW_NB15,6q_5k,QSVC,full,0,L0,baseline_unoptimized,0.008,6,20,17408,2,0.7766666666666666,0.7808215835258849,0.5959481236998628,225.9871246991679,0.9006451177410781,226.88776981690899
UNSW_NB15,6q_5k,QSVC,full,0,L0,baseline_unoptimized,0.008,6,21,18432,0,0.7693333333333333,0.7729463696369636,0.6015066921800007,226.47365096770227,1.7979758097790182,228.2716267774813
UNSW_NB15,6q_5k,QSVC,full,0,L0,baseline_unoptimized,0.008,6,22,19456,1,0.766,0.7694561383680782,0.5980403141046816,228.5197950429283,0.3567942241206765,228.87658926704898
UNSW_NB15,6q_5k,QSVC,full,0,L0,baseline_unoptimized,0.008,6,23,20480,2,0.8033333333333333,0.8070889983841043,0.6157269720094188,228.1113085509278,0.07594492100179195,228.18725347192958
UNSW_NB15,6q_5k,QSVC,full,0,L0,baseline_unoptimized,0.008,6,24,21504,0,0.7593333333333333,0.7632407579676859,0.5771380993380729,227.82430779421702,0.3883465169928968,228.21265431120992
UNSW_NB15,6q_5k,QSVC,full,0,L0,baseline_unoptimized,0.008,6,25,22528,1,0.8193333333333334,0.8224168965404174,0.637104213556991,209.37138569774106,1.2569804661907256,210.6283661639318
UNSW_NB15,6q_5k,QSVC,full,0,L0,baseline_unoptimized,0.008,6,26,23552,2,0.8113333333333334,0.8150328373488452,0.6477044508241312,227.84851072868332,0.06926804687827826,227.9177787755616
UNSW_NB15,6q_5k,QSVC,full,0,L0,baseline_unoptimized,0.008,6,27,24576,0,0.7713333333333333,0.7751836694599715,0.5984715007555972,208.14197477092966,1.293338046874851,209.43531281780452
UNSW_NB15,6q_5k,QSVC,full,0,L0,baseline_unoptimized,0.008,6,28,25600,1,0.7773333333333333,0.7817427183408492,0.5748612969120693,221.0012952447869,0.70325449667871,221.7045497414656
UNSW_NB15,6q_5k,QSVC,full,0,L0,baseline_unoptimized,0.008,6,29,26624,2,0.7833333333333333,0.7872066885928009,0.6161348524520173,226.8293576799333,0.04978311527520418,226.8791407952085
UNSW_NB15,6q_5k,QSVC,full,0,L0,baseline_unoptimized,0.01,6,0,42,0,0.726,0.7282695168948639,0.5429080017372023,228.50207157386467,0.10687839332967997,228.60894996719435
UNSW_NB15,6q_5k,QSVC,full,0,L0,baseline_unoptimized,0.01,6,1,123,1,0.73,0.7323858075857542,0.5492161676051269,229.3897095732391,0.10202969517558813,229.49173926841468
UNSW_NB15,6q_5k,QSVC,full,0,L0,baseline_unoptimized,0.01,6,2,456,2,0.7513333333333333,0.7560240804052243,0.5404967879975212,228.98336725495756,0.3890101579017937,229.37237741285935
UNSW_NB15,6q_5k,QSVC,full,0,L0,baseline_unoptimized,0.01,6,3,789,0,0.816,0.8180105808956887,0.6140075685823946,226.8780456772074,0.3719795970246196,227.25002527423203
UNSW_NB15,6q_5k,QSVC,full,0,L0,baseline_unoptimized,0.01,6,4,1024,1,0.746,0.749868096362347,0.5549653952430348,227.15777361905202,0.07008122093975544,227.22785483999178
UNSW_NB15,6q_5k,QSVC,full,0,L0,baseline_unoptimized,0.01,6,5,2048,2,0.7206666666666667,0.7233003231518036,0.5282412975187866,207.65777377970517,1.5588749987073243,209.2166487784125
UNSW_NB15,6q_5k,QSVC,full,0,L0,baseline_unoptimized,0.01,6,6,3072,0,0.73,0.7329630786130169,0.5416099957520714,225.28468406014144,1.0957712102681398,226.38045527040958
UNSW_NB15,6q_5k,QSVC,full,0,L0,baseline_unoptimized,0.01,6,7,4096,1,0.7266666666666667,0.7294239706297925,0.5382849551867237,224.91904604109004,0.9579036189243197,225.87694966001436
UNSW_NB15,6q_5k,QSVC,full,0,L0,baseline_unoptimized,0.01,6,8,5120,2,0.7393333333333333,0.7421939845375053,0.5613842069797715,228.16321407584473,0.05038432916626334,228.213598405011
UNSW_NB15,6q_5k,QSVC,full,0,L0,baseline_unoptimized,0.01,6,9,6144,0,0.7333333333333333,0.7360764217302476,0.5503256771900513,228.56300935382023,0.04771378682926297,228.6107231406495
UNSW_NB15,6q_5k,QSVC,full,0,L0,baseline_unoptimized,0.01,6,10,7168,1,0.8026666666666666,0.8048092753623188,0.5859944454852385,225.36967854434624,0.73839130718261,226.10806985152885
UNSW_NB15,6q_5k,QSVC,full,0,L0,baseline_unoptimized,0.01,6,11,8192,2,0.776,0.7799857063916006,0.5497682305012797,220.42118752701208,1.6461386270821095,222.0673261540942
UNSW_NB15,6q_5k,QSVC,full,0,L0,baseline_unoptimized,0.01,6,12,9216,0,0.7246666666666667,0.7276882752275952,0.5303104464790999,229.75486949179322,0.04765411699190736,229.80252360878512
UNSW_NB15,6q_5k,QSVC,full,0,L0,baseline_unoptimized,0.01,6,13,10240,1,0.8633333333333333,0.8572659632224031,0.7040626848944772,224.87848776299506,0.5850065709091723,225.46349433390424
UNSW_NB15,6q_5k,QSVC,full,0,L0,baseline_unoptimized,0.01,6,14,11264,2,0.7213333333333334,0.7228559178340127,0.5436589358364605,227.6350942789577,1.2879279144108295,228.92302219336852
UNSW_NB15,6q_5k,QSVC,full,0,L0,baseline_unoptimized,0.01,6,15,12288,0,0.7746666666666666,0.7790927400132468,0.5779099155711821,221.52689718594775,1.559430920984596,223.08632810693234
UNSW_NB15,6q_5k,QSVC,full,0,L0,baseline_unoptimized,0.01,6,16,13312,1,0.7193333333333334,0.7212526561696391,0.534263440578995,227.19850123301148,0.0506585449911654,227.24915977800265
UNSW_NB15,6q_5k,QSVC,full,0,L0,baseline_unoptimized,0.01,6,17,14336,2,0.7273333333333334,0.7315987051890367,0.5120363269246546,223.7030838439241,0.7072313162498176,224.41031516017392
UNSW_NB15,6q_5k,QSVC,full,0,L0,baseline_unoptimized,0.01,6,18,15360,0,0.8373333333333334,0.8307784566055721,0.641113765862381,222.16956777637824,1.0106567619368434,223.1802245383151
UNSW_NB15,6q_5k,QSVC,full,0,L0,baseline_unoptimized,0.01,6,19,16384,1,0.7926666666666666,0.7966848112752635,0.5992279817612114,228.58288703672588,0.047827943693846464,228.63071498041973
UNSW_NB15,6q_5k,QSVC,full,0,L0,baseline_unoptimized,0.01,6,20,17408,2,0.7533333333333333,0.7570228598387374,0.5718485628905153,222.58497828943655,1.2747983797453344,223.85977666918188
UNSW_NB15,6q_5k,QSVC,full,0,L0,baseline_unoptimized,0.01,6,21,18432,0,0.7393333333333333,0.7434382623883709,0.5380662720673761,220.74380000215024,1.776169623248279,222.51996962539852
UNSW_NB15,6q_5k,QSVC,full,0,L0,baseline_unoptimized,0.01,6,22,19456,1,0.7293333333333333,0.7314604252532372,0.5516727928364427,229.03525289986283,0.08192352578043938,229.11717642564327
UNSW_NB15,6q_5k,QSVC,full,0,L0,baseline_unoptimized,0.01,6,23,20480,2,0.7906666666666666,0.7948078853735007,0.6064764757853441,229.0752348829992,0.08062751777470112,229.1558624007739
UNSW_NB15,6q_5k,QSVC,full,0,L0,baseline_unoptimized,0.01,6,24,21504,0,0.728,0.7308830806065444,0.5389686720403065,230.29757327819243,0.10825325502082705,230.40582653321326
UNSW_NB15,6q_5k,QSVC,full,0,L0,baseline_unoptimized,0.01,6,25,22528,1,0.746,0.7496308249088423,0.5599117021204422,229.56054259464145,0.13187186792492867,229.69241446256638
UNSW_NB15,6q_5k,QSVC,full,0,L0,baseline_unoptimized,0.01,6,26,23552,2,0.8073333333333333,0.8062999446855028,0.5787220493331531,230.24767653737217,0.10548246884718537,230.35315900621936
UNSW_NB15,6q_5k,QSVC,full,0,L0,baseline_unoptimized,0.01,6,27,24576,0,0.7233333333333334,0.72547954562205,0.5405245019004271,219.89403568580747,0.9467201535589993,220.84075583936647
UNSW_NB15,6q_5k,QSVC,full,0,L0,baseline_unoptimized,0.01,6,28,25600,1,0.7466666666666667,0.7506772638020055,0.5529729477182712,228.0532464957796,0.7345590912736952,228.7878055870533
UNSW_NB15,6q_5k,QSVC,full,0,L0,baseline_unoptimized,0.01,6,29,26624,2,0.75,0.7535243520776503,0.569336678881489,230.23210794990882,0.05020092008635402,230.28230886999518
UNSW_NB15,6q_5k,QSVC,full,0,L0,baseline_unoptimized,0.02,6,0,42,0,0.6386666666666667,0.49783780851640896,0.0,225.9322881512344,1.4374700617045164,227.3697582129389
UNSW_NB15,6q_5k,QSVC,full,0,L0,baseline_unoptimized,0.02,6,1,123,1,0.6386666666666667,0.49783780851640896,0.0,198.84378015995026,1.2770675737410784,200.12084773369133
UNSW_NB15,6q_5k,QSVC,full,0,L0,baseline_unoptimized,0.02,6,2,456,2,0.6393333333333333,0.49867480005422266,0.0,227.83466351917014,0.05382155999541283,227.88848507916555
UNSW_NB15,6q_5k,QSVC,full,0,L0,baseline_unoptimized,0.02,6,3,789,0,0.6393333333333333,0.49867480005422266,0.0,231.05034801596776,0.05049321800470352,231.10084123397246
UNSW_NB15,6q_5k,QSVC,full,0,L0,baseline_unoptimized,0.02,6,4,1024,1,0.6393333333333333,0.49867480005422266,0.0,225.99495388986543,1.0973266628570855,227.0922805527225
UNSW_NB15,6q_5k,QSVC,full,0,L0,baseline_unoptimized,0.02,6,5,2048,2,0.6393333333333333,0.49867480005422266,0.0,228.3470591912046,0.7546045817434788,229.1016637729481
UNSW_NB15,6q_5k,QSVC,full,0,L0,baseline_unoptimized,0.02,6,6,3072,0,0.6393333333333333,0.49867480005422266,0.0,224.72789292084053,0.7841266901232302,225.51201961096376
UNSW_NB15,6q_5k,QSVC,full,0,L0,baseline_unoptimized,0.02,6,7,4096,1,0.6393333333333333,0.49867480005422266,0.0,227.64431091304868,0.0540204350836575,227.69833134813234
UNSW_NB15,6q_5k,QSVC,full,0,L0,baseline_unoptimized,0.02,6,8,5120,2,0.6393333333333333,0.49867480005422266,0.0,212.89645969728008,0.72699657920748,213.62345627648756
UNSW_NB15,6q_5k,QSVC,full,0,L0,baseline_unoptimized,0.02,6,9,6144,0,0.6386666666666667,0.49783780851640896,0.0,228.36098854010925,0.05038160365074873,228.41137014376
UNSW_NB15,6q_5k,QSVC,full,0,L0,baseline_unoptimized,0.02,6,10,7168,1,0.6386666666666667,0.49783780851640896,0.0,225.26466567628086,0.742983162868768,226.00764883914962
UNSW_NB15,6q_5k,QSVC,full,0,L0,baseline_unoptimized,0.02,6,11,8192,2,0.6393333333333333,0.49867480005422266,0.0,201.09699632413685,1.3494291421957314,202.44642546633258
UNSW_NB15,6q_5k,QSVC,full,0,L0,baseline_unoptimized,0.02,6,12,9216,0,0.6393333333333333,0.49867480005422266,0.0,224.4135385910049,0.05090055475011468,224.46443914575502
UNSW_NB15,6q_5k,QSVC,full,0,L0,baseline_unoptimized,0.02,6,13,10240,1,0.6386666666666667,0.49783780851640896,0.0,210.4258554019034,1.3719538068398833,211.79780920874327
UNSW_NB15,6q_5k,QSVC,full,0,L0,baseline_unoptimized,0.02,6,14,11264,2,0.6386666666666667,0.49783780851640896,0.0,215.25080051086843,0.7216605790890753,215.9724610899575
UNSW_NB15,6q_5k,QSVC,full,0,L0,baseline_unoptimized,0.02,6,15,12288,0,0.6393333333333333,0.49867480005422266,0.0,227.30377305531874,0.05059202900156379,227.3543650843203
UNSW_NB15,6q_5k,QSVC,full,0,L0,baseline_unoptimized,0.02,6,16,13312,1,0.6386666666666667,0.49783780851640896,0.0,221.85254722600803,0.7483713938854635,222.6009186198935
UNSW_NB15,6q_5k,QSVC,full,0,L0,baseline_unoptimized,0.02,6,17,14336,2,0.6386666666666667,0.49783780851640896,0.0,212.3160877423361,2.209005210082978,214.52509295241907
UNSW_NB15,6q_5k,QSVC,full,0,L0,baseline_unoptimized,0.02,6,18,15360,0,0.6393333333333333,0.49867480005422266,0.0,227.30404614983127,0.07563651585951447,227.37968266569078
UNSW_NB15,6q_5k,QSVC,full,0,L0,baseline_unoptimized,0.02,6,19,16384,1,0.6386666666666667,0.49783780851640896,0.0,209.4941908470355,0.7082811268046498,210.20247197384015
UNSW_NB15,6q_5k,QSVC,full,0,L0,baseline_unoptimized,0.02,6,20,17408,2,0.6393333333333333,0.49867480005422266,0.0,227.23966321302578,0.3924096547998488,227.63207286782563
UNSW_NB15,6q_5k,QSVC,full,0,L0,baseline_unoptimized,0.02,6,21,18432,0,0.6393333333333333,0.49867480005422266,0.0,220.8123588631861,1.3994786129333079,222.2118374761194
UNSW_NB15,6q_5k,QSVC,full,0,L0,baseline_unoptimized,0.02,6,22,19456,1,0.6386666666666667,0.49783780851640896,0.0,227.1574693438597,0.07691576611250639,227.2343851099722
UNSW_NB15,6q_5k,QSVC,full,0,L0,baseline_unoptimized,0.02,6,23,20480,2,0.6393333333333333,0.49867480005422266,0.0,227.12417730223387,0.3757835989817977,227.49996090121567
UNSW_NB15,6q_5k,QSVC,full,0,L0,baseline_unoptimized,0.02,6,24,21504,0,0.6393333333333333,0.49867480005422266,0.0,230.14734638808295,0.050684632267802954,230.19803102035075
UNSW_NB15,6q_5k,QSVC,full,0,L0,baseline_unoptimized,0.02,6,25,22528,1,0.6393333333333333,0.49867480005422266,0.0,226.8074362948537,1.0607957313768566,227.86823202623054
UNSW_NB15,6q_5k,QSVC,full,0,L0,baseline_unoptimized,0.02,6,26,23552,2,0.6386666666666667,0.49783780851640896,0.0,226.46032967185602,1.086691356729716,227.54702102858573
UNSW_NB15,6q_5k,QSVC,full,0,L0,baseline_unoptimized,0.02,6,27,24576,0,0.6393333333333333,0.49867480005422266,0.0,227.21323601109907,1.0066846772097051,228.21992068830878
UNSW_NB15,6q_5k,QSVC,full,0,L0,baseline_unoptimized,0.02,6,28,25600,1,0.786,0.7875017069739775,0.543981500688425,227.35174262197688,1.3407297781668603,228.69247240014374
UNSW_NB15,6q_5k,QSVC,full,0,L0,baseline_unoptimized,0.02,6,29,26624,2,0.6393333333333333,0.49867480005422266,0.0,230.5850400943309,0.053844123147428036,230.63888421747833
UNSW_NB15,6q_5k,QSVC,full,0,L0,baseline_unoptimized,0.05,6,0,42,0,0.6386666666666667,0.49783780851640896,0.0,229.39491680590436,0.08658667420968413,229.48150348011404
UNSW_NB15,6q_5k,QSVC,full,0,L0,baseline_unoptimized,0.05,6,1,123,1,0.6386666666666667,0.49783780851640896,0.0,223.77391397906467,2.0833645458333194,225.857278524898
UNSW_NB15,6q_5k,QSVC,full,0,L0,baseline_unoptimized,0.05,6,2,456,2,0.6393333333333333,0.49867480005422266,0.0,229.15423188218847,0.0842138291336596,229.23844571132213
UNSW_NB15,6q_5k,QSVC,full,0,L0,baseline_unoptimized,0.05,6,3,789,0,0.6393333333333333,0.49867480005422266,0.0,230.15540576633066,0.05045349709689617,230.20585926342756
UNSW_NB15,6q_5k,QSVC,full,0,L0,baseline_unoptimized,0.05,6,4,1024,1,0.6393333333333333,0.49867480005422266,0.0,214.38814789708704,1.2798349456861615,215.6679828427732
UNSW_NB15,6q_5k,QSVC,full,0,L0,baseline_unoptimized,0.05,6,5,2048,2,0.6393333333333333,0.49867480005422266,0.0,226.85239817667753,0.7206087773665786,227.5730069540441
UNSW_NB15,6q_5k,QSVC,full,0,L0,baseline_unoptimized,0.05,6,6,3072,0,0.6393333333333333,0.49867480005422266,0.0,228.01650231983513,0.10362176084890962,228.12012408068404
UNSW_NB15,6q_5k,QSVC,full,0,L0,baseline_unoptimized,0.05,6,7,4096,1,0.6393333333333333,0.49867480005422266,0.0,227.83199318591505,0.4408350349403918,228.27282822085544
UNSW_NB15,6q_5k,QSVC,full,0,L0,baseline_unoptimized,0.05,6,8,5120,2,0.6393333333333333,0.49867480005422266,0.0,227.79589515691623,0.4440264431759715,228.2399216000922
UNSW_NB15,6q_5k,QSVC,full,0,L0,baseline_unoptimized,0.05,6,9,6144,0,0.6386666666666667,0.49783780851640896,0.0,229.33540915278718,0.3702805722132325,229.7056897250004
UNSW_NB15,6q_5k,QSVC,full,0,L0,baseline_unoptimized,0.05,6,10,7168,1,0.6386666666666667,0.49783780851640896,0.0,228.16978961089626,0.118009511847049,228.2877991227433
UNSW_NB15,6q_5k,QSVC,full,0,L0,baseline_unoptimized,0.05,6,11,8192,2,0.6393333333333333,0.49867480005422266,0.0,229.11710900068283,0.40017650183290243,229.51728550251573
UNSW_NB15,6q_5k,QSVC,full,0,L0,baseline_unoptimized,0.05,6,12,9216,0,0.6393333333333333,0.49867480005422266,0.0,225.99315315391868,0.9270702819339931,226.92022343585268
UNSW_NB15,6q_5k,QSVC,full,0,L0,baseline_unoptimized,0.05,6,13,10240,1,0.6386666666666667,0.49783780851640896,0.0,225.9631180446595,1.154755278956145,227.11787332361564
UNSW_NB15,6q_5k,QSVC,full,0,L0,baseline_unoptimized,0.05,6,14,11264,2,0.6386666666666667,0.49783780851640896,0.0,228.98521206201985,0.054010420106351376,229.0392224821262
UNSW_NB15,6q_5k,QSVC,full,0,L0,baseline_unoptimized,0.05,6,15,12288,0,0.6393333333333333,0.49867480005422266,0.0,228.22244741627946,0.7477476480416954,228.97019506432116
UNSW_NB15,6q_5k,QSVC,full,0,L0,baseline_unoptimized,0.05,6,16,13312,1,0.6386666666666667,0.49783780851640896,0.0,220.23970373906195,1.2697344259358943,221.50943816499785
UNSW_NB15,6q_5k,QSVC,full,0,L0,baseline_unoptimized,0.05,6,17,14336,2,0.6386666666666667,0.49783780851640896,0.0,230.1586852450855,0.053439517971128225,230.21212476305664
UNSW_NB15,6q_5k,QSVC,full,0,L0,baseline_unoptimized,0.05,6,18,15360,0,0.6393333333333333,0.49867480005422266,0.0,216.31539654592052,1.2136196363717318,217.52901618229225
UNSW_NB15,6q_5k,QSVC,full,0,L0,baseline_unoptimized,0.05,6,19,16384,1,0.6386666666666667,0.49783780851640896,0.0,222.16403921693563,0.742541030049324,222.90658024698496
UNSW_NB15,6q_5k,QSVC,full,0,L0,baseline_unoptimized,0.05,6,20,17408,2,0.6393333333333333,0.49867480005422266,0.0,228.14059197204188,0.053703890182077885,228.19429586222395
UNSW_NB15,6q_5k,QSVC,full,0,L0,baseline_unoptimized,0.05,6,21,18432,0,0.6393333333333333,0.49867480005422266,0.0,227.42351448675618,0.3752735876478255,227.798788074404
UNSW_NB15,6q_5k,QSVC,full,0,L0,baseline_unoptimized,0.05,6,22,19456,1,0.6386666666666667,0.49783780851640896,0.0,227.35847661923617,0.0757613480091095,227.43423796724528
UNSW_NB15,6q_5k,QSVC,full,0,L0,baseline_unoptimized,0.05,6,23,20480,2,0.6393333333333333,0.49867480005422266,0.0,218.59297611797228,1.9330552499741316,220.52603136794642
UNSW_NB15,6q_5k,QSVC,full,0,L0,baseline_unoptimized,0.05,6,24,21504,0,0.6393333333333333,0.49867480005422266,0.0,217.34919531224295,2.0864444128237665,219.43563972506672
UNSW_NB15,6q_5k,QSVC,full,0,L0,baseline_unoptimized,0.05,6,25,22528,1,0.6393333333333333,0.49867480005422266,0.0,229.31133299786597,0.05405676597729325,229.36538976384327
UNSW_NB15,6q_5k,QSVC,full,0,L0,baseline_unoptimized,0.05,6,26,23552,2,0.6386666666666667,0.49783780851640896,0.0,226.363342625089,0.7314014271833003,227.0947440522723
UNSW_NB15,6q_5k,QSVC,full,0,L0,baseline_unoptimized,0.05,6,27,24576,0,0.6393333333333333,0.49867480005422266,0.0,226.51814184803516,0.4313235143199563,226.9494653623551
UNSW_NB15,6q_5k,QSVC,full,0,L0,baseline_unoptimized,0.05,6,28,25600,1,0.6393333333333333,0.49867480005422266,0.0,226.2409191527404,0.4347168290987611,226.67563598183915
UNSW_NB15,6q_5k,QSVC,full,0,L0,baseline_unoptimized,0.05,6,29,26624,2,0.6393333333333333,0.49867480005422266,0.0,226.18102563684806,0.05471612187102437,226.2357417587191
UNSW_NB15,6q_5k,QSVC,full,3,L3,qiskit_heavy,0.0,6,0,42,0,0.8513333333333334,0.8531508988660372,0.69156738358268,272.81737169390544,1.042235310189426,273.85960700409487
UNSW_NB15,6q_5k,QSVC,full,3,L3,qiskit_heavy,0.0,6,1,123,1,0.8633333333333333,0.8647267191625765,0.7135992612577958,278.44107138272375,0.07692555570974946,278.5179969384335
UNSW_NB15,6q_5k,QSVC,full,3,L3,qiskit_heavy,0.0,6,2,456,2,0.87,0.8706987871894653,0.7219850140760168,278.37898381380364,0.35651116678491235,278.73549498058856
UNSW_NB15,6q_5k,QSVC,full,3,L3,qiskit_heavy,0.0,6,3,789,0,0.842,0.8437057143838474,0.6689472224372437,278.4776938483119,0.09212310891598463,278.5698169572279
UNSW_NB15,6q_5k,QSVC,full,3,L3,qiskit_heavy,0.0,6,4,1024,1,0.882,0.8779883524351422,0.7439252184215775,272.2292160089128,1.0731851528398693,273.30240116175264
UNSW_NB15,6q_5k,QSVC,full,3,L3,qiskit_heavy,0.0,6,5,2048,2,0.84,0.8429026117694226,0.6854792101608954,278.73706039367244,0.08965900586917996,278.8267193995416
UNSW_NB15,6q_5k,QSVC,full,3,L3,qiskit_heavy,0.0,6,6,3072,0,0.852,0.8540706098359677,0.6962968318254461,273.6136238188483,0.3575762249529362,273.9712000438012
UNSW_NB15,6q_5k,QSVC,full,3,L3,qiskit_heavy,0.0,6,7,4096,1,0.8506666666666667,0.8522984424660661,0.6875497649158131,270.3256839714013,1.265883794054389,271.5915677654557
UNSW_NB15,6q_5k,QSVC,full,3,L3,qiskit_heavy,0.0,6,8,5120,2,0.8533333333333334,0.8550848038590196,0.6949355645169694,273.0227911430411,0.08474550722166896,273.1075366502628
UNSW_NB15,6q_5k,QSVC,full,3,L3,qiskit_heavy,0.0,6,9,6144,0,0.8913333333333333,0.8870165475868639,0.768239982890164,277.2191199748777,0.09414584329351783,277.3132658181712
UNSW_NB15,6q_5k,QSVC,full,3,L3,qiskit_heavy,0.0,6,10,7168,1,0.87,0.8712541446283778,0.7269830053436579,268.5096501992084,1.2791092810221016,269.7887594802305
UNSW_NB15,6q_5k,QSVC,full,3,L3,qiskit_heavy,0.0,6,11,8192,2,0.8626666666666667,0.8634740622419885,0.706735634561237,277.03695949632674,0.09162333607673645,277.1285828324035
UNSW_NB15,6q_5k,QSVC,full,3,L3,qiskit_heavy,0.0,6,12,9216,0,0.854,0.850231060401642,0.6778379791922532,266.45436827884987,1.2317858156748116,267.6861540945247
UNSW_NB15,6q_5k,QSVC,full,3,L3,qiskit_heavy,0.0,6,13,10240,1,0.8633333333333333,0.8645351852070563,0.7116771416608624,276.77210343722254,0.08957621222361922,276.86167964944616
UNSW_NB15,6q_5k,QSVC,full,3,L3,qiskit_heavy,0.0,6,14,11264,2,0.85,0.8516480836613493,0.6865539831553475,276.5166908572428,0.09471506997942924,276.6114059272222
UNSW_NB15,6q_5k,QSVC,full,3,L3,qiskit_heavy,0.0,6,15,12288,0,0.8786666666666667,0.879214378962658,0.7398586855893711,274.3159788949415,0.09161125589162111,274.40759015083313
UNSW_NB15,6q_5k,QSVC,full,3,L3,qiskit_heavy,0.0,6,16,13312,1,0.8406666666666667,0.8428304204573717,0.6718615251869926,265.7367154471576,1.1923046628944576,266.9290201100521
UNSW_NB15,6q_5k,QSVC,full,3,L3,qiskit_heavy,0.0,6,17,14336,2,0.8686666666666667,0.8691869259820836,0.7181460662023482,274.22684665210545,0.08683427982032299,274.3136809319258
UNSW_NB15,6q_5k,QSVC,full,3,L3,qiskit_heavy,0.0,6,18,15360,0,0.894,0.8941465403283585,0.7708366202758756,277.3977462220937,0.09459649305790663,277.4923427151516
UNSW_NB15,6q_5k,QSVC,full,3,L3,qiskit_heavy,0.0,6,19,16384,1,0.8693333333333333,0.8700969948785852,0.721226371519524,265.1629694928415,1.189206272829324,266.35217576567084
UNSW_NB15,6q_5k,QSVC,full,3,L3,qiskit_heavy,0.0,6,20,17408,2,0.8813333333333333,0.8770844250990325,0.7429722336704787,276.73670861218125,0.3654439141973853,277.10215252637863
UNSW_NB15,6q_5k,QSVC,full,3,L3,qiskit_heavy,0.0,6,21,18432,0,0.86,0.8615661574618096,0.7077670809771981,282.4526111809537,0.09304908709600568,282.5456602680497
UNSW_NB15,6q_5k,QSVC,full,3,L3,qiskit_heavy,0.0,6,22,19456,1,0.8573333333333333,0.8594023517410964,0.7091777236102729,274.28055079001933,1.0412720879539847,275.3218228779733
UNSW_NB15,6q_5k,QSVC,full,3,L3,qiskit_heavy,0.0,6,23,20480,2,0.8693333333333333,0.8701873557165553,0.7216645650485666,282.26240873197094,0.3642477011308074,282.62665643310174
UNSW_NB15,6q_5k,QSVC,full,3,L3,qiskit_heavy,0.0,6,24,21504,0,0.8533333333333334,0.8548972741358245,0.6927868215411191,275.90531219914556,0.08256304683163762,275.9878752459772
UNSW_NB15,6q_5k,QSVC,full,3,L3,qiskit_heavy,0.0,6,25,22528,1,0.856,0.856894185329772,0.6927861005948214,276.1480774912052,0.3303457200527191,276.4784232112579
UNSW_NB15,6q_5k,QSVC,full,3,L3,qiskit_heavy,0.0,6,26,23552,2,0.8833333333333333,0.8838365661346347,0.7499389002358935,268.1721723070368,1.2168183149769902,269.3889906220138
UNSW_NB15,6q_5k,QSVC,full,3,L3,qiskit_heavy,0.0,6,27,24576,0,0.8606666666666667,0.8620962021642825,0.7077438249977396,278.95541567588225,0.35267015313729644,279.30808582901955
UNSW_NB15,6q_5k,QSVC,full,3,L3,qiskit_heavy,0.0,6,28,25600,1,0.838,0.8400698604354645,0.6641047317144095,278.66017324524,0.0872403341345489,278.74741357937455
UNSW_NB15,6q_5k,QSVC,full,3,L3,qiskit_heavy,0.0,6,29,26624,2,0.8686666666666667,0.8695882749964906,0.720734626130475,271.6498743360862,1.2307053450495005,272.8805796811357
UNSW_NB15,6q_5k,QSVC,full,3,L3,qiskit_heavy,0.0003,6,0,42,0,0.8393333333333334,0.841582637164163,0.670038000962013,216.81250463426113,0.7308232476934791,217.5433278819546
UNSW_NB15,6q_5k,QSVC,full,3,L3,qiskit_heavy,0.0003,6,1,123,1,0.868,0.8691799250438252,0.7217952425210007,205.00105755589902,0.7520566741004586,205.75311422999948
UNSW_NB15,6q_5k,QSVC,full,3,L3,qiskit_heavy,0.0003,6,2,456,2,0.8633333333333333,0.8642923673821351,0.7093311986826007,225.8488372969441,0.05163484299555421,225.90047213993967
UNSW_NB15,6q_5k,QSVC,full,3,L3,qiskit_heavy,0.0003,6,3,789,0,0.8386666666666667,0.8405127314814814,0.6629798267471976,227.31002383073792,0.07531394017860293,227.38533777091652
UNSW_NB15,6q_5k,QSVC,full,3,L3,qiskit_heavy,0.0003,6,4,1024,1,0.882,0.8776448494533765,0.7449140326745637,220.57560081407428,1.1668032007291913,221.74240401480347
UNSW_NB15,6q_5k,QSVC,full,3,L3,qiskit_heavy,0.0003,6,5,2048,2,0.85,0.8523711226389319,0.6969331133645674,226.97365774167702,0.3670856929384172,227.34074343461543
UNSW_NB15,6q_5k,QSVC,full,3,L3,qiskit_heavy,0.0003,6,6,3072,0,0.8506666666666667,0.8527869674185464,0.6939758082878048,226.16539047798142,0.05008069006726146,226.21547116804868
UNSW_NB15,6q_5k,QSVC,full,3,L3,qiskit_heavy,0.0003,6,7,4096,1,0.8466666666666667,0.8486434726620697,0.6826550093072158,195.3224618411623,1.27772233216092,196.6001841733232
UNSW_NB15,6q_5k,QSVC,full,3,L3,qiskit_heavy,0.0003,6,8,5120,2,0.842,0.8441256975788611,0.6739895983028663,219.9844651548192,0.753463655244559,220.73792881006375
UNSW_NB15,6q_5k,QSVC,full,3,L3,qiskit_heavy,0.0003,6,9,6144,0,0.8926666666666667,0.8884841143008412,0.7710330906909637,221.52525085164234,0.7245473000220954,222.24979815166444
UNSW_NB15,6q_5k,QSVC,full,3,L3,qiskit_heavy,0.0003,6,10,7168,1,0.8706666666666667,0.8718598051744978,0.7278382711337372,208.8043495719321,1.3663911609910429,210.17074073292315
UNSW_NB15,6q_5k,QSVC,full,3,L3,qiskit_heavy,0.0003,6,11,8192,2,0.862,0.8630119528187447,0.7068271944420743,224.43479938805103,0.04971706587821245,224.48451645392925
UNSW_NB15,6q_5k,QSVC,full,3,L3,qiskit_heavy,0.0003,6,12,9216,0,0.858,0.8542418704266653,0.6870337855344296,222.4952802490443,1.2350522689521313,223.73033251799643
UNSW_NB15,6q_5k,QSVC,full,3,L3,qiskit_heavy,0.0003,6,13,10240,1,0.856,0.8575635252643948,0.6990611243584017,228.45377477398142,0.0872905203141272,228.54106529429555
UNSW_NB15,6q_5k,QSVC,full,3,L3,qiskit_heavy,0.0003,6,14,11264,2,0.8446666666666667,0.8466023431913628,0.6779316449272137,228.20694038597867,0.08660329319536686,228.29354367917404
UNSW_NB15,6q_5k,QSVC,full,3,L3,qiskit_heavy,0.0003,6,15,12288,0,0.8753333333333333,0.8760869296983106,0.7340348870924233,198.9306627898477,1.1145902751013637,200.04525306494907
UNSW_NB15,6q_5k,QSVC,full,3,L3,qiskit_heavy,0.0003,6,16,13312,1,0.8366666666666667,0.83884949395956,0.6629386659140265,216.97202670387924,0.7526373500004411,217.72466405387968
UNSW_NB15,6q_5k,QSVC,full,3,L3,qiskit_heavy,0.0003,6,17,14336,2,0.8653333333333333,0.8659842318508985,0.7117245408168874,225.64257929800078,0.05534402700141072,225.6979233250022
UNSW_NB15,6q_5k,QSVC,full,3,L3,qiskit_heavy,0.0003,6,18,15360,0,0.886,0.882982910060844,0.7510696603253354,227.3668889356777,0.04935227474197745,227.41624121041968
UNSW_NB15,6q_5k,QSVC,full,3,L3,qiskit_heavy,0.0003,6,19,16384,1,0.868,0.8689415049814476,0.7196778638025323,213.75449979584664,1.6137820621952415,215.36828185804188
UNSW_NB15,6q_5k,QSVC,full,3,L3,qiskit_heavy,0.0003,6,20,17408,2,0.882,0.8776448494533765,0.7449140326745637,225.4979249080643,1.3466743458993733,226.84459925396368
UNSW_NB15,6q_5k,QSVC,full,3,L3,qiskit_heavy,0.0003,6,21,18432,0,0.8613333333333333,0.8628845750097924,0.7105941461767843,213.7465149112977,0.8966235290281475,214.64313844032586
UNSW_NB15,6q_5k,QSVC,full,3,L3,qiskit_heavy,0.0003,6,22,19456,1,0.8613333333333333,0.8633712743580585,0.7180891781330498,227.58295994997025,0.051801104098558426,227.6347610540688
UNSW_NB15,6q_5k,QSVC,full,3,L3,qiskit_heavy,0.0003,6,23,20480,2,0.8686666666666667,0.8694168727154299,0.7194361152746691,224.33361330395564,0.7860057661309838,225.11961907008663
UNSW_NB15,6q_5k,QSVC,full,3,L3,qiskit_heavy,0.0003,6,24,21504,0,0.848,0.8498521881487231,0.6840943654972539,223.7027183426544,0.7449133810587227,224.44763172371313
UNSW_NB15,6q_5k,QSVC,full,3,L3,qiskit_heavy,0.0003,6,25,22528,1,0.8533333333333334,0.8543857670863872,0.6881284397871471,205.18899329192936,1.3628836702555418,206.5518769621849
UNSW_NB15,6q_5k,QSVC,full,3,L3,qiskit_heavy,0.0003,6,26,23552,2,0.884,0.884,0.7486691985917772,226.40762434713542,0.054043041076511145,226.46166738821194
UNSW_NB15,6q_5k,QSVC,full,3,L3,qiskit_heavy,0.0003,6,27,24576,0,0.8613333333333333,0.8626205242902335,0.7077873625138871,222.30153638822958,1.5303370947949588,223.83187348302454
UNSW_NB15,6q_5k,QSVC,full,3,L3,qiskit_heavy,0.0003,6,28,25600,1,0.8346666666666667,0.8369797803572973,0.6597529000467043,223.9717602757737,0.742010829038918,224.71377110481262
UNSW_NB15,6q_5k,QSVC,full,3,L3,qiskit_heavy,0.0003,6,29,26624,2,0.8706666666666667,0.8714697775647025,0.7241963380333446,227.4026200012304,0.05215624300763011,227.45477624423802
UNSW_NB15,6q_5k,QSVC,full,3,L3,qiskit_heavy,0.0005,6,0,42,0,0.8393333333333334,0.841582637164163,0.670038000962013,220.8784637786448,1.0171306170523167,221.89559439569712
UNSW_NB15,6q_5k,QSVC,full,3,L3,qiskit_heavy,0.0005,6,1,123,1,0.868,0.8691415641640721,0.7214293326199043,226.7181297489442,0.05648977681994438,226.77461952576414
UNSW_NB15,6q_5k,QSVC,full,3,L3,qiskit_heavy,0.0005,6,2,456,2,0.874,0.8741741894469167,0.7275886401740205,220.56307418411598,0.9592385389842093,221.52231272310019
UNSW_NB15,6q_5k,QSVC,full,3,L3,qiskit_heavy,0.0005,6,3,789,0,0.838,0.8398741598738912,0.6617920018193966,225.77325750002638,0.04888834385201335,225.8221458438784
UNSW_NB15,6q_5k,QSVC,full,3,L3,qiskit_heavy,0.0005,6,4,1024,1,0.8833333333333333,0.8789407687392633,0.74830392569315,214.47479670587927,1.3239646521396935,215.79876135801896
UNSW_NB15,6q_5k,QSVC,full,3,L3,qiskit_heavy,0.0005,6,5,2048,2,0.8413333333333334,0.8438819024736309,0.6795437312928903,223.80925267608836,0.7504924689419568,224.55974514503032
UNSW_NB15,6q_5k,QSVC,full,3,L3,qiskit_heavy,0.0005,6,6,3072,0,0.85,0.8521754257999337,0.6933157389098952,225.4057179680094,0.36017539259046316,225.76589336059988
UNSW_NB15,6q_5k,QSVC,full,3,L3,qiskit_heavy,0.0005,6,7,4096,1,0.858,0.8594568950286705,0.7020791251300885,225.16740548517555,0.07934496598318219,225.24675045115873
UNSW_NB15,6q_5k,QSVC,full,3,L3,qiskit_heavy,0.0005,6,8,5120,2,0.842,0.8441256975788611,0.6739895983028663,220.61256634397432,1.7989290752448142,222.41149541921914
UNSW_NB15,6q_5k,QSVC,full,3,L3,qiskit_heavy,0.0005,6,9,6144,0,0.8926666666666667,0.8884028476164729,0.7713707663041929,226.3856970416382,0.08494925871491432,226.4706463003531
UNSW_NB15,6q_5k,QSVC,full,3,L3,qiskit_heavy,0.0005,6,10,7168,1,0.87,0.8711051755510183,0.7255084690417258,226.49218012113124,0.08246130309998989,226.57464142423123
UNSW_NB15,6q_5k,QSVC,full,3,L3,qiskit_heavy,0.0005,6,11,8192,2,0.862,0.8630119528187447,0.7068271944420743,223.7145321359858,1.8664461853913963,225.5809783213772
UNSW_NB15,6q_5k,QSVC,full,3,L3,qiskit_heavy,0.0005,6,12,9216,0,0.858,0.8542418704266653,0.6870337855344296,224.58490933477879,1.0050194319337606,225.58992876671255
UNSW_NB15,6q_5k,QSVC,full,3,L3,qiskit_heavy,0.0005,6,13,10240,1,0.856,0.8575635252643948,0.6990611243584017,227.6050375760533,0.05643317801877856,227.66147075407207
UNSW_NB15,6q_5k,QSVC,full,3,L3,qiskit_heavy,0.0005,6,14,11264,2,0.8453333333333334,0.8471684190984118,0.6782043280152537,224.2636952153407,1.005501916166395,225.2691971315071
UNSW_NB15,6q_5k,QSVC,full,3,L3,qiskit_heavy,0.0005,6,15,12288,0,0.8746666666666667,0.87544493908332,0.7327627664256691,225.95145950093865,0.06952535314485431,226.0209848540835
UNSW_NB15,6q_5k,QSVC,full,3,L3,qiskit_heavy,0.0005,6,16,13312,1,0.8373333333333334,0.8396601725957659,0.6665802194850422,223.7698718169704,1.6744475490413606,225.44431936601177
UNSW_NB15,6q_5k,QSVC,full,3,L3,qiskit_heavy,0.0005,6,17,14336,2,0.8673333333333333,0.8679517134379753,0.715866229339729,225.70903746737167,0.34991293912753463,226.0589504064992
UNSW_NB15,6q_5k,QSVC,full,3,L3,qiskit_heavy,0.0005,6,18,15360,0,0.8973333333333333,0.8968963596539815,0.7759004812192195,201.39305275585502,0.9822032107040286,202.37525596655905
UNSW_NB15,6q_5k,QSVC,full,3,L3,qiskit_heavy,0.0005,6,19,16384,1,0.868,0.8689826228221659,0.7200177088483779,222.05929727107286,0.05265139089897275,222.11194866197184
UNSW_NB15,6q_5k,QSVC,full,3,L3,qiskit_heavy,0.0005,6,20,17408,2,0.88,0.8757906803461913,0.7396239572860399,219.9372579031624,0.794481260702014,220.7317391638644
UNSW_NB15,6q_5k,QSVC,full,3,L3,qiskit_heavy,0.0005,6,21,18432,0,0.8606666666666667,0.8622073397627138,0.7089716134234676,224.43045728001744,0.08269961411133409,224.51315689412877
UNSW_NB15,6q_5k,QSVC,full,3,L3,qiskit_heavy,0.0005,6,22,19456,1,0.8533333333333334,0.8556227427280367,0.7038349634990797,224.23825119202957,0.08072530990466475,224.31897650193423
UNSW_NB15,6q_5k,QSVC,full,3,L3,qiskit_heavy,0.0005,6,23,20480,2,0.8673333333333333,0.868264298092902,0.7178837692685064,218.20651997998357,1.3934419732540846,219.59996195323765
UNSW_NB15,6q_5k,QSVC,full,3,L3,qiskit_heavy,0.0005,6,24,21504,0,0.8473333333333334,0.849212010266269,0.68291072441606,225.81726511800662,0.06281078793108463,225.8800759059377
UNSW_NB15,6q_5k,QSVC,full,3,L3,qiskit_heavy,0.0005,6,25,22528,1,0.8533333333333334,0.8543857670863872,0.6881284397871471,225.5930426637642,0.3971623880788684,225.99020505184308
UNSW_NB15,6q_5k,QSVC,full,3,L3,qiskit_heavy,0.0005,6,26,23552,2,0.8853333333333333,0.8852871412445059,0.7513619930675368,225.52910810196772,0.6819263212382793,226.211034423206
UNSW_NB15,6q_5k,QSVC,full,3,L3,qiskit_heavy,0.0005,6,27,24576,0,0.8606666666666667,0.8619799275905224,0.7065611199908198,221.9304299009964,1.2591124926693738,223.18954239366576
UNSW_NB15,6q_5k,QSVC,full,3,L3,qiskit_heavy,0.0005,6,28,25600,1,0.836,0.8383285445757251,0.663067083207841,227.4821528568864,0.0890332292765379,227.57118608616292
UNSW_NB15,6q_5k,QSVC,full,3,L3,qiskit_heavy,0.0005,6,29,26624,2,0.8706666666666667,0.8714697775647025,0.7241963380333446,227.51796118775383,0.08734166575595737,227.60530285350978
UNSW_NB15,6q_5k,QSVC,full,3,L3,qiskit_heavy,0.001,6,0,42,0,0.8393333333333334,0.841582637164163,0.670038000962013,225.69425210915506,0.04741523275151849,225.74166734190658
UNSW_NB15,6q_5k,QSVC,full,3,L3,qiskit_heavy,0.001,6,1,123,1,0.8686666666666667,0.869744191492351,0.7223110986455544,223.4192952271551,0.7300002910196781,224.14929551817477
UNSW_NB15,6q_5k,QSVC,full,3,L3,qiskit_heavy,0.001,6,2,456,2,0.8666666666666667,0.8674505458660081,0.7153077379326709,207.96277461992577,1.6986372810788453,209.6614119010046
UNSW_NB15,6q_5k,QSVC,full,3,L3,qiskit_heavy,0.001,6,3,789,0,0.838,0.8398741598738912,0.6617920018193966,224.01247918093577,0.7269400339573622,224.73941921489313
UNSW_NB15,6q_5k,QSVC,full,3,L3,qiskit_heavy,0.001,6,4,1024,1,0.8826666666666667,0.8782051800857041,0.7468836418285851,227.17022911505774,0.052760775201022625,227.22298989025876
UNSW_NB15,6q_5k,QSVC,full,3,L3,qiskit_heavy,0.001,6,5,2048,2,0.8533333333333334,0.8553225911914436,0.6981469858900058,218.75011087674648,0.7320284121669829,219.48213928891346
UNSW_NB15,6q_5k,QSVC,full,3,L3,qiskit_heavy,0.001,6,6,3072,0,0.8486666666666667,0.8508913995758075,0.6910112478430798,224.9286891198717,0.0821051518432796,225.01079427171499
UNSW_NB15,6q_5k,QSVC,full,3,L3,qiskit_heavy,0.001,6,7,4096,1,0.8466666666666667,0.8486434726620697,0.6826550093072158,224.64730994403362,0.3934932346455753,225.0408031786792
UNSW_NB15,6q_5k,QSVC,full,3,L3,qiskit_heavy,0.001,6,8,5120,2,0.8486666666666667,0.8506002399952693,0.6866487256848788,204.712449810002,1.2595662279054523,205.97201603790745
UNSW_NB15,6q_5k,QSVC,full,3,L3,qiskit_heavy,0.001,6,9,6144,0,0.8926666666666667,0.8884841143008412,0.7710330906909637,206.6642541438341,1.188053707126528,207.85230785096064
UNSW_NB15,6q_5k,QSVC,full,3,L3,qiskit_heavy,0.001,6,10,7168,1,0.8713333333333333,0.8725385519851513,0.7294417212110382,212.7457690332085,0.7398096099495888,213.48557864315808
UNSW_NB15,6q_5k,QSVC,full,3,L3,qiskit_heavy,0.001,6,11,8192,2,0.8606666666666667,0.8617317925925926,0.7043319056602995,224.17158163990825,0.05206461390480399,224.22364625381306
UNSW_NB15,6q_5k,QSVC,full,3,L3,qiskit_heavy,0.001,6,12,9216,0,0.858,0.8541486384788121,0.6871009825451689,221.57779338303953,1.5049617877230048,223.08275517076254
UNSW_NB15,6q_5k,QSVC,full,3,L3,qiskit_heavy,0.001,6,13,10240,1,0.856,0.8575635252643948,0.6990611243584017,226.4410463408567,0.05291765322908759,226.4939639940858
UNSW_NB15,6q_5k,QSVC,full,3,L3,qiskit_heavy,0.001,6,14,11264,2,0.844,0.8458886056971514,0.6758356825939024,223.44084820523858,0.7674354729242623,224.20828367816284
UNSW_NB15,6q_5k,QSVC,full,3,L3,qiskit_heavy,0.001,6,15,12288,0,0.8733333333333333,0.8742819709282766,0.7312119056869345,219.05697917705402,1.4630162566900253,220.51999543374404
UNSW_NB15,6q_5k,QSVC,full,3,L3,qiskit_heavy,0.001,6,16,13312,1,0.838,0.8403652105060174,0.668748462378594,225.83183069666848,0.7455957788042724,226.57742647547275
UNSW_NB15,6q_5k,QSVC,full,3,L3,qiskit_heavy,0.001,6,17,14336,2,0.868,0.8686380094380095,0.7174466578077827,227.80618046037853,0.05232032109051943,227.85850078146905
UNSW_NB15,6q_5k,QSVC,full,3,L3,qiskit_heavy,0.001,6,18,15360,0,0.894,0.8932291611595629,0.7679524072199481,224.78311557509005,0.10023647081106901,224.88335204590112
UNSW_NB15,6q_5k,QSVC,full,3,L3,qiskit_heavy,0.001,6,19,16384,1,0.868,0.8689826228221659,0.7200177088483779,224.47802959289402,0.6522827092558146,225.13031230214983
UNSW_NB15,6q_5k,QSVC,full,3,L3,qiskit_heavy,0.001,6,20,17408,2,0.882,0.8776448494533765,0.7449140326745637,224.4894212349318,0.3717086031101644,224.86112983804196
UNSW_NB15,6q_5k,QSVC,full,3,L3,qiskit_heavy,0.001,6,21,18432,0,0.8593333333333333,0.8609250049768216,0.7065645261616222,224.6879778848961,0.07388861197978258,224.76186649687588
UNSW_NB15,6q_5k,QSVC,full,3,L3,qiskit_heavy,0.001,6,22,19456,1,0.8493333333333334,0.8517607407407407,0.6970473137105839,186.06712563615292,1.3493941249325871,187.4165197610855
UNSW_NB15,6q_5k,QSVC,full,3,L3,qiskit_heavy,0.001,6,23,20480,2,0.864,0.86510210947445,0.7119837281365431,224.62871722178534,0.39162026811391115,225.02033748989925
UNSW_NB15,6q_5k,QSVC,full,3,L3,qiskit_heavy,0.001,6,24,21504,0,0.8466666666666667,0.8485718390804599,0.6817289490882175,225.04491514107212,0.9291017185896635,225.9740168596618
UNSW_NB15,6q_5k,QSVC,full,3,L3,qiskit_heavy,0.001,6,25,22528,1,0.852,0.8531084081372496,0.685641346226626,227.07280701305717,0.08006381383165717,227.15287082688883
UNSW_NB15,6q_5k,QSVC,full,3,L3,qiskit_heavy,0.001,6,26,23552,2,0.8833333333333333,0.8831176885130373,0.7463736686408734,227.5143431383185,0.3658470748923719,227.88019021321088
UNSW_NB15,6q_5k,QSVC,full,3,L3,qiskit_heavy,0.001,6,27,24576,0,0.8593333333333333,0.8607379978838213,0.7045106575277379,220.9298347728327,0.70313780894503,221.63297258177772
UNSW_NB15,6q_5k,QSVC,full,3,L3,qiskit_heavy,0.001,6,28,25600,1,0.8366666666666667,0.8390024783234088,0.6647249839027991,226.28203683299944,0.08604360278695822,226.3680804357864
UNSW_NB15,6q_5k,QSVC,full,3,L3,qiskit_heavy,0.001,6,29,26624,2,0.872,0.8727525240313678,0.7267372090945827,226.64389881771058,0.08460231171920896,226.7285011294298
UNSW_NB15,6q_5k,QSVC,full,3,L3,qiskit_heavy,0.002,6,0,42,0,0.8426666666666667,0.8449172161172162,0.6778082835070921,214.85879595018923,1.5180890611372888,216.37688501132652
UNSW_NB15,6q_5k,QSVC,full,3,L3,qiskit_heavy,0.002,6,1,123,1,0.8693333333333333,0.8701822695035462,0.7218654723741998,225.719941791147,0.0531040895730257,225.77304588072002
UNSW_NB15,6q_5k,QSVC,full,3,L3,qiskit_heavy,0.002,6,2,456,2,0.8746666666666667,0.874864127319596,0.7291503923205241,222.79426311701536,0.7480620630085468,223.5423251800239
UNSW_NB15,6q_5k,QSVC,full,3,L3,qiskit_heavy,0.002,6,3,789,0,0.8386666666666667,0.8405932842449216,0.6638851920010805,223.31723680812865,1.0337802972644567,224.3510171053931
UNSW_NB15,6q_5k,QSVC,full,3,L3,qiskit_heavy,0.002,6,4,1024,1,0.884,0.8795892121301848,0.7500059519531984,226.17954678321257,0.05362952034920454,226.23317630356178
UNSW_NB15,6q_5k,QSVC,full,3,L3,qiskit_heavy,0.002,6,5,2048,2,0.8546666666666667,0.8566059151362885,0.7004885127042881,222.94615292409435,1.0698839607648551,224.0160368848592
UNSW_NB15,6q_5k,QSVC,full,3,L3,qiskit_heavy,0.002,6,6,3072,0,0.85,0.8521754257999337,0.6933157389098952,220.8379685310647,0.9504954419098794,221.78846397297457
UNSW_NB15,6q_5k,QSVC,full,3,L3,qiskit_heavy,0.002,6,7,4096,1,0.8446666666666667,0.8467220579016236,0.6791388175955797,220.49879794334993,1.024914269335568,221.5237122126855
UNSW_NB15,6q_5k,QSVC,full,3,L3,qiskit_heavy,0.002,6,8,5120,2,0.8426666666666667,0.8448345369588974,0.6761267890694748,226.67079476406798,0.05586039321497083,226.72665515728295
UNSW_NB15,6q_5k,QSVC,full,3,L3,qiskit_heavy,0.002,6,9,6144,0,0.8946666666666667,0.8904421838246609,0.7762432021992621,209.15451135486364,1.303036981727928,210.45754833659157
UNSW_NB15,6q_5k,QSVC,full,3,L3,qiskit_heavy,0.002,6,10,7168,1,0.8673333333333333,0.8686132040053702,0.7213158769740128,225.56298946216702,0.7461994849145412,226.30918894708157
UNSW_NB15,6q_5k,QSVC,full,3,L3,qiskit_heavy,0.002,6,11,8192,2,0.8573333333333333,0.858616497577555,0.6988878230322721,227.53212392237037,0.05017583165317774,227.58229975402355
UNSW_NB15,6q_5k,QSVC,full,3,L3,qiskit_heavy,0.002,6,12,9216,0,0.8506666666666667,0.8467631694922211,0.6702427367045133,226.9496967769228,0.36835772171616554,227.31805449863896
UNSW_NB15,6q_5k,QSVC,full,3,L3,qiskit_heavy,0.002,6,13,10240,1,0.858,0.8594477618616038,0.7022775004610547,226.63351872330531,0.0739879491738975,226.7075066724792
UNSW_NB15,6q_5k,QSVC,full,3,L3,qiskit_heavy,0.002,6,14,11264,2,0.84,0.8420491909070333,0.6687739147714771,212.38706280803308,1.80283556971699,214.18989837775007
UNSW_NB15,6q_5k,QSVC,full,3,L3,qiskit_heavy,0.002,6,15,12288,0,0.8726666666666667,0.8736400592592594,0.7299573657698626,220.50863063707948,1.3543825899250805,221.86301322700456
UNSW_NB15,6q_5k,QSVC,full,3,L3,qiskit_heavy,0.002,6,16,13312,1,0.836,0.8384414717087074,0.6653179238817708,222.93805628782138,0.7339717778377235,223.6720280656591
UNSW_NB15,6q_5k,QSVC,full,3,L3,qiskit_heavy,0.002,6,17,14336,2,0.8646666666666667,0.865479897805571,0.7113940008144944,227.7783847041428,0.05146950902417302,227.82985421316698
UNSW_NB15,6q_5k,QSVC,full,3,L3,qiskit_heavy,0.002,6,18,15360,0,0.884,0.8808919781774096,0.7465679802226964,209.8091679639183,1.2988399039022624,211.10800786782056
UNSW_NB15,6q_5k,QSVC,full,3,L3,qiskit_heavy,0.002,6,19,16384,1,0.8673333333333333,0.8684217974973496,0.7194693083596924,227.3795256591402,0.05306247994303703,227.43258813908324
UNSW_NB15,6q_5k,QSVC,full,3,L3,qiskit_heavy,0.002,6,20,17408,2,0.8813333333333333,0.8770844250990325,0.7429722336704787,218.6294772629626,0.7351811570115387,219.36465841997415
UNSW_NB15,6q_5k,QSVC,full,3,L3,qiskit_heavy,0.002,6,21,18432,0,0.8546666666666667,0.8564724387806096,0.6986489855499611,213.65806412883103,1.6082110949791968,215.26627522381023
UNSW_NB15,6q_5k,QSVC,full,3,L3,qiskit_heavy,0.002,6,22,19456,1,0.8526666666666667,0.855075411082755,0.7048570541728901,227.16480886703357,0.05055220006033778,227.2153610670939
UNSW_NB15,6q_5k,QSVC,full,3,L3,qiskit_heavy,0.002,6,23,20480,2,0.8573333333333333,0.8587382003395586,0.7000600667664624,224.8861547037959,0.7312645111232996,225.6174192149192
UNSW_NB15,6q_5k,QSVC,full,3,L3,qiskit_heavy,0.002,6,24,21504,0,0.846,0.8479316727858783,0.6805490305237082,216.6433492549695,2.0325164599344134,218.67586571490392
UNSW_NB15,6q_5k,QSVC,full,3,L3,qiskit_heavy,0.002,6,25,22528,1,0.8446666666666667,0.8461307326726877,0.6725158154115918,219.7811803482473,0.7774756872095168,220.5586560354568
UNSW_NB15,6q_5k,QSVC,full,3,L3,qiskit_heavy,0.002,6,26,23552,2,0.8853333333333333,0.882785369020994,0.7490095912114438,225.3521821317263,0.052011602092534304,225.40419373381883
UNSW_NB15,6q_5k,QSVC,full,3,L3,qiskit_heavy,0.002,6,27,24576,0,0.852,0.8536934974747475,0.6912359019206118,224.62209412129596,0.3748532352037728,224.99694735649973
UNSW_NB15,6q_5k,QSVC,full,3,L3,qiskit_heavy,0.002,6,28,25600,1,0.8333333333333334,0.835799739026356,0.6589906411940127,224.39459792431444,0.07438280619680882,224.46898073051125
UNSW_NB15,6q_5k,QSVC,full,3,L3,qiskit_heavy,0.002,6,29,26624,2,0.8733333333333333,0.8739926593259926,0.7289853806434756,213.50419238954782,0.7769508641213179,214.28114325366914
UNSW_NB15,6q_5k,QSVC,full,3,L3,qiskit_heavy,0.005,6,0,42,0,0.832,0.8346511431304645,0.6595872874007639,224.723883099854,0.7378848744556308,225.46176797430962
UNSW_NB15,6q_5k,QSVC,full,3,L3,qiskit_heavy,0.005,6,1,123,1,0.85,0.8520687846109006,0.6920214381613825,226.9214900280349,0.05027376487851143,226.9717637929134
UNSW_NB15,6q_5k,QSVC,full,3,L3,qiskit_heavy,0.005,6,2,456,2,0.84,0.842304376429193,0.6720008718032998,217.72991437790915,1.110710287000984,218.84062466491014
UNSW_NB15,6q_5k,QSVC,full,3,L3,qiskit_heavy,0.005,6,3,789,0,0.8313333333333334,0.83402835606965,0.6582732826185489,224.2130045760423,0.7386923390440643,224.95169691508636
UNSW_NB15,6q_5k,QSVC,full,3,L3,qiskit_heavy,0.005,6,4,1024,1,0.868,0.8680528776895284,0.7140064113276883,227.0149496407248,0.05002916418015957,227.06497880490497
UNSW_NB15,6q_5k,QSVC,full,3,L3,qiskit_heavy,0.005,6,5,2048,2,0.8406666666666667,0.8434084915354976,0.6823781988280416,221.51286046998575,1.8950141686946154,223.40787463868037
UNSW_NB15,6q_5k,QSVC,full,3,L3,qiskit_heavy,0.005,6,6,3072,0,0.8413333333333334,0.8439586944759598,0.6812048136245876,221.29601005092263,0.749349107965827,222.04535915888846
UNSW_NB15,6q_5k,QSVC,full,3,L3,qiskit_heavy,0.005,6,7,4096,1,0.842,0.84438347107438,0.6780086844601034,213.86122058983892,1.3864783803001046,215.24769897013903
UNSW_NB15,6q_5k,QSVC,full,3,L3,qiskit_heavy,0.005,6,8,5120,2,0.8366666666666667,0.8392485557623925,0.6689264353196547,226.03159907087684,0.04937574593350291,226.08097481681034
UNSW_NB15,6q_5k,QSVC,full,3,L3,qiskit_heavy,0.005,6,9,6144,0,0.8686666666666667,0.8699336743168739,0.7241494411588354,220.62620475888252,0.9759386950172484,221.60214345389977
UNSW_NB15,6q_5k,QSVC,full,3,L3,qiskit_heavy,0.005,6,10,7168,1,0.8506666666666667,0.8530232383381907,0.6987671439212939,220.64008697820827,1.0382914822548628,221.67837846046314
UNSW_NB15,6q_5k,QSVC,full,3,L3,qiskit_heavy,0.005,6,11,8192,2,0.8526666666666667,0.8538828668169882,0.6879919803851515,226.52155110798776,0.04922169214114547,226.5707728001289
UNSW_NB15,6q_5k,QSVC,full,3,L3,qiskit_heavy,0.005,6,12,9216,0,0.8646666666666667,0.8591612558810177,0.7055446095398086,220.5554633839056,0.8024688432924449,221.35793222719803
UNSW_NB15,6q_5k,QSVC,full,3,L3,qiskit_heavy,0.005,6,13,10240,1,0.8586666666666667,0.8600104131295981,0.7027020734894286,226.3065197011456,0.07906155800446868,226.38558125915006
UNSW_NB15,6q_5k,QSVC,full,3,L3,qiskit_heavy,0.005,6,14,11264,2,0.8366666666666667,0.8391436564111449,0.6675065998402991,226.18439468787983,0.08384195016697049,226.2682366380468
UNSW_NB15,6q_5k,QSVC,full,3,L3,qiskit_heavy,0.005,6,15,12288,0,0.8506666666666667,0.8528472837896567,0.6949701924723476,222.78601730708033,0.7326818481087685,223.5186991551891
UNSW_NB15,6q_5k,QSVC,full,3,L3,qiskit_heavy,0.005,6,16,13312,1,0.83,0.8328309623496698,0.6584744835256194,216.73099292814732,1.286559160798788,218.0175520889461
UNSW_NB15,6q_5k,QSVC,full,3,L3,qiskit_heavy,0.005,6,17,14336,2,0.844,0.8461678302900107,0.6796220886925762,225.37214699340984,0.050290483981370926,225.4224374773912
UNSW_NB15,6q_5k,QSVC,full,3,L3,qiskit_heavy,0.005,6,18,15360,0,0.8786666666666667,0.8750089821068847,0.7351152820948085,225.40720605989918,0.04635884799063206,225.4535649078898
UNSW_NB15,6q_5k,QSVC,full,3,L3,qiskit_heavy,0.005,6,19,16384,1,0.858,0.8595232892247927,0.7030939241111278,202.8500268990174,1.0684485430829227,203.91847544210032
UNSW_NB15,6q_5k,QSVC,full,3,L3,qiskit_heavy,0.005,6,20,17408,2,0.862,0.8629683904785461,0.7064803418206322,222.7582235969603,0.7394367293454707,223.49766032630578
UNSW_NB15,6q_5k,QSVC,full,3,L3,qiskit_heavy,0.005,6,21,18432,0,0.836,0.8389181064652791,0.675281421482966,220.52506867982447,0.7471719491295516,221.27224062895402
UNSW_NB15,6q_5k,QSVC,full,3,L3,qiskit_heavy,0.005,6,22,19456,1,0.8306666666666667,0.8338548519839694,0.6718947913324923,226.32653063582256,0.3601454612798989,226.68667609710246
UNSW_NB15,6q_5k,QSVC,full,3,L3,qiskit_heavy,0.005,6,23,20480,2,0.8453333333333334,0.8470635644339991,0.6766693637817501,225.95796345639974,0.07374953525140882,226.03171299165115
UNSW_NB15,6q_5k,QSVC,full,3,L3,qiskit_heavy,0.005,6,24,21504,0,0.8373333333333334,0.8398618072643421,0.669517649931543,221.63085114816204,0.9883155561983585,222.6191667043604
UNSW_NB15,6q_5k,QSVC,full,3,L3,qiskit_heavy,0.005,6,25,22528,1,0.84,0.8419880059970016,0.6676289187034311,222.00563614396378,1.3203218909911811,223.32595803495497
UNSW_NB15,6q_5k,QSVC,full,3,L3,qiskit_heavy,0.005,6,26,23552,2,0.8753333333333333,0.8728277274669065,0.7261619095447539,227.87893260875717,0.050167355220764875,227.92909996397793
UNSW_NB15,6q_5k,QSVC,full,3,L3,qiskit_heavy,0.005,6,27,24576,0,0.838,0.840667835169784,0.6739329130270186,225.79436626192182,0.07529815332964063,225.86966441525146
UNSW_NB15,6q_5k,QSVC,full,3,L3,qiskit_heavy,0.005,6,28,25600,1,0.8246666666666667,0.8273762864295183,0.6426246032096975,207.90080455271527,1.0873595280572772,208.98816408077255
UNSW_NB15,6q_5k,QSVC,full,3,L3,qiskit_heavy,0.005,6,29,26624,2,0.848,0.8501265722639668,0.6878636167995826,225.49355035601184,0.3792313770391047,225.87278173305094
UNSW_NB15,6q_5k,QSVC,full,3,L3,qiskit_heavy,0.008,6,0,42,0,0.8066666666666666,0.8103708194549952,0.625239549879514,212.45563536789268,2.1416018130257726,214.59723718091846
UNSW_NB15,6q_5k,QSVC,full,3,L3,qiskit_heavy,0.008,6,1,123,1,0.8306666666666667,0.8334218250758685,0.6584533978231514,227.23304478498176,0.048644345719367266,227.28168913070112
UNSW_NB15,6q_5k,QSVC,full,3,L3,qiskit_heavy,0.008,6,2,456,2,0.7866666666666666,0.7908809189583652,0.5912960744113622,224.91692915000021,0.775770160369575,225.6926993103698
UNSW_NB15,6q_5k,QSVC,full,3,L3,qiskit_heavy,0.008,6,3,789,0,0.8193333333333334,0.8223641080764534,0.6359319329134978,220.16713212011382,2.1526675168424845,222.3197996369563
UNSW_NB15,6q_5k,QSVC,full,3,L3,qiskit_heavy,0.008,6,4,1024,1,0.8173333333333334,0.8199641630899955,0.624252657953705,228.61652573291212,0.08165111113339663,228.69817684404552
UNSW_NB15,6q_5k,QSVC,full,3,L3,qiskit_heavy,0.008,6,5,2048,2,0.752,0.7553701630045816,0.5760918040888884,228.43132647825405,0.08084621513262391,228.51217269338667
UNSW_NB15,6q_5k,QSVC,full,3,L3,qiskit_heavy,0.008,6,6,3072,0,0.776,0.7796543704891741,0.6115931093295424,223.24240521667525,0.7278080531395972,223.97021326981485
UNSW_NB15,6q_5k,QSVC,full,3,L3,qiskit_heavy,0.008,6,7,4096,1,0.7686666666666667,0.7729912308199955,0.5783815693441097,225.93555567413568,0.050024354830384254,225.98558002896607
UNSW_NB15,6q_5k,QSVC,full,3,L3,qiskit_heavy,0.008,6,8,5120,2,0.806,0.8098394933059768,0.6334300246152905,199.58465280430391,1.5417047222144902,201.1263575265184
UNSW_NB15,6q_5k,QSVC,full,3,L3,qiskit_heavy,0.008,6,9,6144,0,0.8353333333333334,0.8378602890018607,0.6652357710885598,220.45842888904735,1.708168189972639,222.16659707902
UNSW_NB15,6q_5k,QSVC,full,3,L3,qiskit_heavy,0.008,6,10,7168,1,0.8246666666666667,0.8276849926801997,0.6496416093232008,225.62714818585664,0.7392894783988595,226.3664376642555
UNSW_NB15,6q_5k,QSVC,full,3,L3,qiskit_heavy,0.008,6,11,8192,2,0.852,0.8508165120916844,0.6752985135487285,227.74567098589614,0.048793133813887835,227.79446411971003
UNSW_NB15,6q_5k,QSVC,full,3,L3,qiskit_heavy,0.008,6,12,9216,0,0.85,0.8381836932380315,0.6878256403371574,212.420819750987,1.8557122270576656,214.27653197804466
UNSW_NB15,6q_5k,QSVC,full,3,L3,qiskit_heavy,0.008,6,13,10240,1,0.798,0.8019611257955099,0.6176661217583603,222.44003613106906,0.7230507270433009,223.16308685811237
UNSW_NB15,6q_5k,QSVC,full,3,L3,qiskit_heavy,0.008,6,14,11264,2,0.7573333333333333,0.7604571205666674,0.5894583325511563,227.29241629131138,0.049765925854444504,227.34218221716583
UNSW_NB15,6q_5k,QSVC,full,3,L3,qiskit_heavy,0.008,6,15,12288,0,0.798,0.8019783969395133,0.6130629914681736,227.26941325189546,0.6673444099724293,227.9367576618679
UNSW_NB15,6q_5k,QSVC,full,3,L3,qiskit_heavy,0.008,6,16,13312,1,0.776,0.7802175858808699,0.5899198524277819,226.5393416811712,0.11781010217964649,226.65715178335086
UNSW_NB15,6q_5k,QSVC,full,3,L3,qiskit_heavy,0.008,6,17,14336,2,0.7593333333333333,0.7628879371819837,0.5840350359983264,227.0998914926313,0.3894576970487833,227.48934918968007
UNSW_NB15,6q_5k,QSVC,full,3,L3,qiskit_heavy,0.008,6,18,15360,0,0.7473333333333333,0.7505780449877832,0.569859019588754,223.11827863799408,1.2531890091486275,224.3714676471427
UNSW_NB15,6q_5k,QSVC,full,3,L3,qiskit_heavy,0.008,6,19,16384,1,0.7973333333333333,0.8012786370898579,0.6244426237749586,184.18501721322536,0.9556538760662079,185.14067108929157
UNSW_NB15,6q_5k,QSVC,full,3,L3,qiskit_heavy,0.008,6,20,17408,2,0.8666666666666667,0.860558403230817,0.7121077079014371,224.25345756672323,0.05607953481376171,224.309537101537
UNSW_NB15,6q_5k,QSVC,full,3,L3,qiskit_heavy,0.008,6,21,18432,0,0.7726666666666666,0.7763214165301114,0.6060579223112075,205.64047943614423,0.7737420448102057,206.41422148095444
UNSW_NB15,6q_5k,QSVC,full,3,L3,qiskit_heavy,0.008,6,22,19456,1,0.8213333333333334,0.824420836283534,0.64296444759191,225.92365594627336,0.0492327269166708,225.97288867319003
UNSW_NB15,6q_5k,QSVC,full,3,L3,qiskit_heavy,0.008,6,23,20480,2,0.7926666666666666,0.7966107895971349,0.592795485528544,222.82253194786608,0.7332552527077496,223.55578720057383
UNSW_NB15,6q_5k,QSVC,full,3,L3,qiskit_heavy,0.008,6,24,21504,0,0.76,0.7639153969526865,0.5780571674291516,225.76778370700777,0.04646913707256317,225.81425284408033
UNSW_NB15,6q_5k,QSVC,full,3,L3,qiskit_heavy,0.008,6,25,22528,1,0.802,0.8058936784788032,0.6206682636956263,222.4911300302483,0.7442741594277322,223.23540418967605
UNSW_NB15,6q_5k,QSVC,full,3,L3,qiskit_heavy,0.008,6,26,23552,2,0.814,0.8176473732572517,0.6509740607616092,207.2166277319193,0.9687086157500744,208.18533634766936
UNSW_NB15,6q_5k,QSVC,full,3,L3,qiskit_heavy,0.008,6,27,24576,0,0.7866666666666666,0.7905167227833895,0.6217337445116244,226.92974150832742,0.04629209218546748,226.9760336005129
UNSW_NB15,6q_5k,QSVC,full,3,L3,qiskit_heavy,0.008,6,28,25600,1,0.7866666666666666,0.7908425207567714,0.5869156794014542,217.62244845880195,1.2972051296383142,218.91965358844027
UNSW_NB15,6q_5k,QSVC,full,3,L3,qiskit_heavy,0.008,6,29,26624,2,0.792,0.7960982885802218,0.6124091971419895,224.33108264394104,0.7444114680401981,225.07549411198124
UNSW_NB15,6q_5k,QSVC,full,3,L3,qiskit_heavy,0.01,6,0,42,0,0.722,0.7245319735030717,0.5311194927175624,223.77614092594013,1.0974241108633578,224.87356503680348
UNSW_NB15,6q_5k,QSVC,full,3,L3,qiskit_heavy,0.01,6,1,123,1,0.7253333333333334,0.7276467315980332,0.5409378171478465,223.4848060188815,0.9675633716396987,224.4523693905212
UNSW_NB15,6q_5k,QSVC,full,3,L3,qiskit_heavy,0.01,6,2,456,2,0.7166666666666667,0.7198456403336316,0.512315686062755,226.56685280567035,0.04988152114674449,226.6167343268171
UNSW_NB15,6q_5k,QSVC,full,3,L3,qiskit_heavy,0.01,6,3,789,0,0.814,0.8130821792452417,0.5932424981643318,222.5921770981513,0.7444509752094746,223.33662807336077
UNSW_NB15,6q_5k,QSVC,full,3,L3,qiskit_heavy,0.01,6,4,1024,1,0.7306666666666667,0.7335214817770684,0.5446228024394789,210.4617677149363,1.4050577352754772,211.86682545021176
UNSW_NB15,6q_5k,QSVC,full,3,L3,qiskit_heavy,0.01,6,5,2048,2,0.7106666666666667,0.7140176476739102,0.4980606035709806,225.5906938170083,0.05158618511632085,225.6422800021246
UNSW_NB15,6q_5k,QSVC,full,3,L3,qiskit_heavy,0.01,6,6,3072,0,0.7233333333333334,0.7259418475131229,0.5339091225994602,222.25487970374525,0.047039228957146406,222.3019189327024
UNSW_NB15,6q_5k,QSVC,full,3,L3,qiskit_heavy,0.01,6,7,4096,1,0.7253333333333334,0.7280323634392862,0.5365329587155562,216.35852531017736,0.7035542721860111,217.06207958236337
UNSW_NB15,6q_5k,QSVC,full,3,L3,qiskit_heavy,0.01,6,8,5120,2,0.7266666666666667,0.7286674875211144,0.5493253599516292,205.51457604998723,1.2392448969185352,206.75382094690576
UNSW_NB15,6q_5k,QSVC,full,3,L3,qiskit_heavy,0.01,6,9,6144,0,0.7433333333333333,0.74649590977293,0.5625132526792131,227.3015790968202,0.08525808807462454,227.38683718489483
UNSW_NB15,6q_5k,QSVC,full,3,L3,qiskit_heavy,0.01,6,10,7168,1,0.8166666666666667,0.8197725741475762,0.6317109843460152,221.1071788277477,1.145418622996658,222.25259745074436
UNSW_NB15,6q_5k,QSVC,full,3,L3,qiskit_heavy,0.01,6,11,8192,2,0.7366666666666667,0.7396849902534114,0.5536061452525823,227.0531587698497,0.0866847182624042,227.1398434881121
UNSW_NB15,6q_5k,QSVC,full,3,L3,qiskit_heavy,0.01,6,12,9216,0,0.85,0.8381836932380315,0.6878256403371574,207.12072565732524,0.9526371196843684,208.0733627770096
UNSW_NB15,6q_5k,QSVC,full,3,L3,qiskit_heavy,0.01,6,13,10240,1,0.8626666666666667,0.856840624368803,0.7017948550639995,229.01136756082997,0.050719818100333214,229.0620873789303
UNSW_NB15,6q_5k,QSVC,full,3,L3,qiskit_heavy,0.01,6,14,11264,2,0.7206666666666667,0.7221490079392427,0.5428075078247329,226.04638425214216,0.7242798828519881,226.77066413499415
UNSW_NB15,6q_5k,QSVC,full,3,L3,qiskit_heavy,0.01,6,15,12288,0,0.7793333333333333,0.7836972459682138,0.583265225081719,227.89812162797898,0.048655922058969736,227.94677755003795
UNSW_NB15,6q_5k,QSVC,full,3,L3,qiskit_heavy,0.01,6,16,13312,1,0.7273333333333334,0.729816731805171,0.5424537494568528,225.05306709837168,0.7443725159391761,225.79743961431086
UNSW_NB15,6q_5k,QSVC,full,3,L3,qiskit_heavy,0.01,6,17,14336,2,0.724,0.7269774709367066,0.528425795117067,212.26711786864325,1.273943604901433,213.5410614735447
UNSW_NB15,6q_5k,QSVC,full,3,L3,qiskit_heavy,0.01,6,18,15360,0,0.738,0.7413645690770417,0.5501600595768957,224.0869455006905,0.4049401059746742,224.49188560666516
UNSW_NB15,6q_5k,QSVC,full,3,L3,qiskit_heavy,0.01,6,19,16384,1,0.7606666666666667,0.7644105994202057,0.5819413148001836,223.38432923844084,0.09731178032234311,223.48164101876318
UNSW_NB15,6q_5k,QSVC,full,3,L3,qiskit_heavy,0.01,6,20,17408,2,0.7633333333333333,0.7672126806526807,0.5845654818784582,224.02356961881742,0.3939531510695815,224.417522769887
UNSW_NB15,6q_5k,QSVC,full,3,L3,qiskit_heavy,0.01,6,21,18432,0,0.744,0.7480949006977993,0.5464213423632255,226.68584409821779,0.361840242985636,227.04768434120342
UNSW_NB15,6q_5k,QSVC,full,3,L3,qiskit_heavy,0.01,6,22,19456,1,0.8586666666666667,0.8493580020927959,0.7026598052381313,217.2999309510924,0.8763079470954835,218.17623889818788
UNSW_NB15,6q_5k,QSVC,full,3,L3,qiskit_heavy,0.01,6,23,20480,2,0.7346666666666667,0.7380447919769458,0.5436384436622739,226.34792332025245,0.07268281932920218,226.42060613958165
UNSW_NB15,6q_5k,QSVC,full,3,L3,qiskit_heavy,0.01,6,24,21504,0,0.728,0.7308830806065444,0.5389686720403065,224.27345825731754,1.381150689907372,225.65460894722492
UNSW_NB15,6q_5k,QSVC,full,3,L3,qiskit_heavy,0.01,6,25,22528,1,0.7513333333333333,0.755164094066877,0.5651893349972873,226.3592355628498,0.05102928588166833,226.41026484873146
UNSW_NB15,6q_5k,QSVC,full,3,L3,qiskit_heavy,0.01,6,26,23552,2,0.806,0.8098005276327856,0.6381463174358086,210.5858298507519,1.3508590077981353,211.93668885855004
UNSW_NB15,6q_5k,QSVC,full,3,L3,qiskit_heavy,0.01,6,27,24576,0,0.7266666666666667,0.7295638800212821,0.5361416068407204,217.99903028318658,1.179778812918812,219.1788090961054
UNSW_NB15,6q_5k,QSVC,full,3,L3,qiskit_heavy,0.01,6,28,25600,1,0.7506666666666667,0.754734329056402,0.5584945346539237,228.2789283078164,0.05011481512337923,228.32904312293977
UNSW_NB15,6q_5k,QSVC,full,3,L3,qiskit_heavy,0.01,6,29,26624,2,0.7506666666666667,0.7541062628080172,0.5722614067479069,225.97471600212157,0.7397916009649634,226.71450760308653
UNSW_NB15,6q_5k,QSVC,full,3,L3,qiskit_heavy,0.02,6,0,42,0,0.758,0.7374624112534005,0.4544315035413787,222.90593757480383,0.7414709641598165,223.64740853896365
UNSW_NB15,6q_5k,QSVC,full,3,L3,qiskit_heavy,0.02,6,1,123,1,0.6386666666666667,0.49783780851640896,0.0,225.59555409708992,0.05402870289981365,225.64958279998973
UNSW_NB15,6q_5k,QSVC,full,3,L3,qiskit_heavy,0.02,6,2,456,2,0.7266666666666667,0.730265756724207,0.5247173149792805,210.81488358182833,0.7238138280808926,211.53869740990922
UNSW_NB15,6q_5k,QSVC,full,3,L3,qiskit_heavy,0.02,6,3,789,0,0.8293333333333334,0.823592156862745,0.6215865455813551,228.40064716199413,0.05050744628533721,228.45115460827947
UNSW_NB15,6q_5k,QSVC,full,3,L3,qiskit_heavy,0.02,6,4,1024,1,0.664,0.5524681880912854,0.2117333992984082,225.48618632694706,0.7381317419931293,226.2243180689402
UNSW_NB15,6q_5k,QSVC,full,3,L3,qiskit_heavy,0.02,6,5,2048,2,0.6393333333333333,0.49867480005422266,0.0,212.41590875200927,1.2224927609786391,213.6384015129879
UNSW_NB15,6q_5k,QSVC,full,3,L3,qiskit_heavy,0.02,6,6,3072,0,0.6393333333333333,0.49867480005422266,0.0,202.6067053070292,1.3373004193417728,203.94400572637096
UNSW_NB15,6q_5k,QSVC,full,3,L3,qiskit_heavy,0.02,6,7,4096,1,0.7453333333333333,0.7015299220272905,0.44727542183015273,225.5428904411383,0.09310617111623287,225.63599661225453
UNSW_NB15,6q_5k,QSVC,full,3,L3,qiskit_heavy,0.02,6,8,5120,2,0.6886666666666666,0.6106708330054271,0.28347933454112306,225.60772245517,0.09442619141191244,225.70214864658192
UNSW_NB15,6q_5k,QSVC,full,3,L3,qiskit_heavy,0.02,6,9,6144,0,0.64,0.500900076643035,0.048578287678214156,226.5920212981291,0.05040172301232815,226.64242302114144
UNSW_NB15,6q_5k,QSVC,full,3,L3,qiskit_heavy,0.02,6,10,7168,1,0.7146666666666667,0.6476354227364799,0.3812886887913834,204.56033703591675,1.1493320693261921,205.70966910524294
UNSW_NB15,6q_5k,QSVC,full,3,L3,qiskit_heavy,0.02,6,11,8192,2,0.6393333333333333,0.49867480005422266,0.0,224.1842525023967,1.5632550111040473,225.74750751350075
UNSW_NB15,6q_5k,QSVC,full,3,L3,qiskit_heavy,0.02,6,12,9216,0,0.6393333333333333,0.49867480005422266,0.0,222.50101322866976,1.555733285844326,224.0567465145141
UNSW_NB15,6q_5k,QSVC,full,3,L3,qiskit_heavy,0.02,6,13,10240,1,0.6386666666666667,0.49783780851640896,0.0,225.40649882983416,0.1320270369760692,225.53852586681023
UNSW_NB15,6q_5k,QSVC,full,3,L3,qiskit_heavy,0.02,6,14,11264,2,0.6686666666666666,0.5625223188892835,0.23380719490640714,226.37833814974874,0.06111602205783129,226.43945417180657
UNSW_NB15,6q_5k,QSVC,full,3,L3,qiskit_heavy,0.02,6,15,12288,0,0.6393333333333333,0.49867480005422266,0.0,226.2263831626624,0.05062466720119119,226.27700782986358
UNSW_NB15,6q_5k,QSVC,full,3,L3,qiskit_heavy,0.02,6,16,13312,1,0.7493333333333333,0.7315989733013871,0.43135394810808825,222.78720449702814,1.3208066136576235,224.10801111068577
UNSW_NB15,6q_5k,QSVC,full,3,L3,qiskit_heavy,0.02,6,17,14336,2,0.6386666666666667,0.49783780851640896,0.0,222.3327172663994,0.9885010267607868,223.3212182931602
UNSW_NB15,6q_5k,QSVC,full,3,L3,qiskit_heavy,0.02,6,18,15360,0,0.6393333333333333,0.49867480005422266,0.0,226.31516234204173,0.08978299796581268,226.40494534000754
UNSW_NB15,6q_5k,QSVC,full,3,L3,qiskit_heavy,0.02,6,19,16384,1,0.6386666666666667,0.49783780851640896,0.0,226.0968202892691,0.08679346600547433,226.18361375527456
UNSW_NB15,6q_5k,QSVC,full,3,L3,qiskit_heavy,0.02,6,20,17408,2,0.6393333333333333,0.49867480005422266,0.0,218.76504299789667,1.0321040558628738,219.79714705375955
UNSW_NB15,6q_5k,QSVC,full,3,L3,qiskit_heavy,0.02,6,21,18432,0,0.6393333333333333,0.49867480005422266,0.0,227.44623012794182,0.050631421618163586,227.49686154955998
UNSW_NB15,6q_5k,QSVC,full,3,L3,qiskit_heavy,0.02,6,22,19456,1,0.6386666666666667,0.49783780851640896,0.0,223.7431520796381,1.0136456349864602,224.75679771462455
UNSW_NB15,6q_5k,QSVC,full,3,L3,qiskit_heavy,0.02,6,23,20480,2,0.784,0.7537671052631578,0.546569307817877,223.6776443058625,1.296989274211228,224.97463358007371
UNSW_NB15,6q_5k,QSVC,full,3,L3,qiskit_heavy,0.02,6,24,21504,0,0.7786666666666666,0.7800410626365013,0.5271684850098809,227.45876491907984,0.39721727510914207,227.85598219418898
UNSW_NB15,6q_5k,QSVC,full,3,L3,qiskit_heavy,0.02,6,25,22528,1,0.6393333333333333,0.49867480005422266,0.0,227.20597689924762,0.10233402298763394,227.30831092223525
UNSW_NB15,6q_5k,QSVC,full,3,L3,qiskit_heavy,0.02,6,26,23552,2,0.6386666666666667,0.49783780851640896,0.0,227.15126055013388,0.40257182717323303,227.55383237730712
UNSW_NB15,6q_5k,QSVC,full,3,L3,qiskit_heavy,0.02,6,27,24576,0,0.6393333333333333,0.49867480005422266,0.0,227.69750303216279,0.06104726390913129,227.75855029607192
UNSW_NB15,6q_5k,QSVC,full,3,L3,qiskit_heavy,0.02,6,28,25600,1,0.7213333333333334,0.724216240864536,0.5258964745855917,223.67675983859226,0.6449054656550288,224.3216653042473
UNSW_NB15,6q_5k,QSVC,full,3,L3,qiskit_heavy,0.02,6,29,26624,2,0.7506666666666667,0.7546549293254606,0.5604034170327906,226.40356433112174,1.2236859127879143,227.62725024390966
UNSW_NB15,6q_5k,QSVC,full,3,L3,qiskit_heavy,0.05,6,0,42,0,0.6386666666666667,0.49783780851640896,0.0,222.4186502592638,0.8555709808133543,223.27422124007717
UNSW_NB15,6q_5k,QSVC,full,3,L3,qiskit_heavy,0.05,6,1,123,1,0.6386666666666667,0.49783780851640896,0.0,227.8493430390954,0.053671139758080244,227.90301417885348
UNSW_NB15,6q_5k,QSVC,full,3,L3,qiskit_heavy,0.05,6,2,456,2,0.6393333333333333,0.49867480005422266,0.0,224.9175434052013,0.7326929001137614,225.65023630531505
UNSW_NB15,6q_5k,QSVC,full,3,L3,qiskit_heavy,0.05,6,3,789,0,0.6393333333333333,0.49867480005422266,0.0,224.50194398174062,1.0079323067329824,225.5098762884736
UNSW_NB15,6q_5k,QSVC,full,3,L3,qiskit_heavy,0.05,6,4,1024,1,0.6393333333333333,0.49867480005422266,0.0,227.60396486287937,0.05709324777126312,227.66105811065063
UNSW_NB15,6q_5k,QSVC,full,3,L3,qiskit_heavy,0.05,6,5,2048,2,0.6393333333333333,0.49867480005422266,0.0,224.0875767939724,1.1313022319227457,225.21887902589515
UNSW_NB15,6q_5k,QSVC,full,3,L3,qiskit_heavy,0.05,6,6,3072,0,0.6393333333333333,0.49867480005422266,0.0,226.51072891196236,0.3497057557106018,226.86043466767296
UNSW_NB15,6q_5k,QSVC,full,3,L3,qiskit_heavy,0.05,6,7,4096,1,0.6393333333333333,0.49867480005422266,0.0,215.1548612290062,0.7082392498850822,215.86310047889128
UNSW_NB15,6q_5k,QSVC,full,3,L3,qiskit_heavy,0.05,6,8,5120,2,0.6393333333333333,0.49867480005422266,0.0,226.18331915233284,0.05662687588483095,226.23994602821767
UNSW_NB15,6q_5k,QSVC,full,3,L3,qiskit_heavy,0.05,6,9,6144,0,0.6386666666666667,0.49783780851640896,0.0,222.01422706898302,1.7375426879152656,223.75176975689828
UNSW_NB15,6q_5k,QSVC,full,3,L3,qiskit_heavy,0.05,6,10,7168,1,0.6386666666666667,0.49783780851640896,0.0,226.2383483769372,0.08805022900924087,226.32639860594645
UNSW_NB15,6q_5k,QSVC,full,3,L3,qiskit_heavy,0.05,6,11,8192,2,0.6393333333333333,0.49867480005422266,0.0,226.25039862794802,0.08623386640101671,226.33663249434903
UNSW_NB15,6q_5k,QSVC,full,3,L3,qiskit_heavy,0.05,6,12,9216,0,0.6393333333333333,0.49867480005422266,0.0,227.09024049993604,0.34435950592160225,227.43460000585765
UNSW_NB15,6q_5k,QSVC,full,3,L3,qiskit_heavy,0.05,6,13,10240,1,0.6386666666666667,0.49783780851640896,0.0,226.83199928002432,0.07935731299221516,226.91135659301654
UNSW_NB15,6q_5k,QSVC,full,3,L3,qiskit_heavy,0.05,6,14,11264,2,0.6386666666666667,0.49783780851640896,0.0,220.08784505771473,1.1482199230231345,221.23606498073786
UNSW_NB15,6q_5k,QSVC,full,3,L3,qiskit_heavy,0.05,6,15,12288,0,0.6393333333333333,0.49867480005422266,0.0,225.58835210604593,0.35589066706597805,225.9442427731119
UNSW_NB15,6q_5k,QSVC,full,3,L3,qiskit_heavy,0.05,6,16,13312,1,0.6386666666666667,0.49783780851640896,0.0,217.66295728320256,1.7980543249286711,219.46101160813123
UNSW_NB15,6q_5k,QSVC,full,3,L3,qiskit_heavy,0.05,6,17,14336,2,0.6386666666666667,0.49783780851640896,0.0,225.18295522686094,0.07711958605796099,225.2600748129189
UNSW_NB15,6q_5k,QSVC,full,3,L3,qiskit_heavy,0.05,6,18,15360,0,0.6393333333333333,0.49867480005422266,0.0,226.60530427889898,0.08867621375247836,226.69398049265146
UNSW_NB15,6q_5k,QSVC,full,3,L3,qiskit_heavy,0.05,6,19,16384,1,0.6386666666666667,0.49783780851640896,0.0,214.77541915979236,0.7028456628322601,215.47826482262462
UNSW_NB15,6q_5k,QSVC,full,3,L3,qiskit_heavy,0.05,6,20,17408,2,0.6393333333333333,0.49867480005422266,0.0,226.2257170858793,0.08660153392702341,226.31231861980632
UNSW_NB15,6q_5k,QSVC,full,3,L3,qiskit_heavy,0.05,6,21,18432,0,0.6393333333333333,0.49867480005422266,0.0,225.42526289308444,1.1677866913378239,226.59304958442226
UNSW_NB15,6q_5k,QSVC,full,3,L3,qiskit_heavy,0.05,6,22,19456,1,0.6386666666666667,0.49783780851640896,0.0,221.05765774659812,2.308664086740464,223.3663218333386
UNSW_NB15,6q_5k,QSVC,full,3,L3,qiskit_heavy,0.05,6,23,20480,2,0.6393333333333333,0.49867480005422266,0.0,226.64963273564354,0.059821297880262136,226.7094540335238
UNSW_NB15,6q_5k,QSVC,full,3,L3,qiskit_heavy,0.05,6,24,21504,0,0.6393333333333333,0.49867480005422266,0.0,228.307971958071,0.3604570929892361,228.66842905106023
UNSW_NB15,6q_5k,QSVC,full,3,L3,qiskit_heavy,0.05,6,25,22528,1,0.6393333333333333,0.49867480005422266,0.0,228.05400766292587,0.07642070995643735,228.1304283728823
UNSW_NB15,6q_5k,QSVC,full,3,L3,qiskit_heavy,0.05,6,26,23552,2,0.6386666666666667,0.49783780851640896,0.0,222.10497208870947,0.7270462280139327,222.8320183167234
UNSW_NB15,6q_5k,QSVC,full,3,L3,qiskit_heavy,0.05,6,27,24576,0,0.6393333333333333,0.49867480005422266,0.0,225.10887658642605,0.7316223229281604,225.8404989093542
UNSW_NB15,6q_5k,QSVC,full,3,L3,qiskit_heavy,0.05,6,28,25600,1,0.6393333333333333,0.49867480005422266,0.0,222.0022157728672,1.2426314298063517,223.24484720267355
UNSW_NB15,6q_5k,QSVC,full,3,L3,qiskit_heavy,0.05,6,29,26624,2,0.6393333333333333,0.49867480005422266,0.0,227.74167341878638,0.05373530415818095,227.79540872294456
UNSW_NB15,6q_5k,QVE,full,0,L0,baseline_unoptimized,0.0,6,0,42,0,0.89,0.8859594492695528,0.7638557540933594,391.31960112508386,4.845017293002456,396.1646184180863
UNSW_NB15,6q_5k,QVE,full,0,L0,baseline_unoptimized,0.0,6,1,123,1,0.884,0.8801165220478272,0.7487178654543052,375.21146065881476,4.755209533963352,379.9666701927781
UNSW_NB15,6q_5k,QVE,full,0,L0,baseline_unoptimized,0.0,6,2,456,2,0.8833333333333333,0.878497157257429,0.7498196471162395,391.3081788159907,4.1896193362772465,395.49779815226793
UNSW_NB15,6q_5k,QVE,full,0,L0,baseline_unoptimized,0.0,6,3,789,0,0.8833333333333333,0.8787654320987656,0.7488815358919463,373.6745748077519,4.903011509217322,378.57758631696925
UNSW_NB15,6q_5k,QVE,full,0,L0,baseline_unoptimized,0.0,6,4,1024,1,0.888,0.883400619706672,0.7606541546675857,389.7441527941264,3.7491384972818196,393.49329129140824
UNSW_NB15,6q_5k,QVE,full,0,L0,baseline_unoptimized,0.0,6,5,2048,2,0.8873333333333333,0.8846412349201066,0.7535730083739647,390.7957999953069,3.8862155857495964,394.6820155810565
UNSW_NB15,6q_5k,QVE,full,0,L0,baseline_unoptimized,0.0,6,6,3072,0,0.89,0.8857761094460369,0.7642116339134922,377.0187198696658,4.597269085701555,381.61598895536736
UNSW_NB15,6q_5k,QVE,full,0,L0,baseline_unoptimized,0.0,6,7,4096,1,0.8946666666666667,0.8910478585746642,0.7734800703161994,382.0544268270023,3.4907914609648287,385.54521828796715
UNSW_NB15,6q_5k,QVE,full,0,L0,baseline_unoptimized,0.0,6,8,5120,2,0.896,0.8925014705882354,0.776301918617425,381.77971334801987,4.093000863213092,385.87271421123296
UNSW_NB15,6q_5k,QVE,full,0,L0,baseline_unoptimized,0.0,6,9,6144,0,0.8933333333333333,0.8885552447126733,0.7753948996470835,383.6878792322241,4.378752056974918,388.066631289199
UNSW_NB15,6q_5k,QVE,full,0,L0,baseline_unoptimized,0.0,6,10,7168,1,0.892,0.8895333957884896,0.7642321211013322,382.3938129306771,4.557651794049889,386.951464724727
UNSW_NB15,6q_5k,QVE,full,0,L0,baseline_unoptimized,0.0,6,11,8192,2,0.8813333333333333,0.8767319772759867,0.7440428649043754,367.91603363119066,4.561611203942448,372.4776448351331
UNSW_NB15,6q_5k,QVE,full,0,L0,baseline_unoptimized,0.0,6,12,9216,0,0.86,0.8554885097294346,0.6924711391543936,382.3851931798272,4.7258259686641395,387.1110191484913
UNSW_NB15,6q_5k,QVE,full,0,L0,baseline_unoptimized,0.0,6,13,10240,1,0.8893333333333333,0.8856284060916053,0.7610811062973419,364.24130224389955,4.2606885470449924,368.50199079094455
UNSW_NB15,6q_5k,QVE,full,0,L0,baseline_unoptimized,0.0,6,14,11264,2,0.8866666666666667,0.8824618675595238,0.7562192924515242,382.0850067161955,4.0332934353500605,386.11830015154555
UNSW_NB15,6q_5k,QVE,full,0,L0,baseline_unoptimized,0.0,6,15,12288,0,0.8893333333333333,0.8847028733290729,0.7641461361378994,390.57924625091255,4.957071938551962,395.5363181894645
UNSW_NB15,6q_5k,QVE,full,0,L0,baseline_unoptimized,0.0,6,16,13312,1,0.8933333333333333,0.8910933333333333,0.7669127819645588,375.71409071888775,4.7833241783082485,380.497414897196
UNSW_NB15,6q_5k,QVE,full,0,L0,baseline_unoptimized,0.0,6,17,14336,2,0.8813333333333333,0.8764831850847709,0.7452211620727063,390.38100946880877,4.659595740027726,395.0406052088365
UNSW_NB15,6q_5k,QVE,full,0,L0,baseline_unoptimized,0.0,6,18,15360,0,0.888,0.8839076286764705,0.7587900075661965,384.0960143855773,4.70981027232483,388.8058246579021
UNSW_NB15,6q_5k,QVE,full,0,L0,baseline_unoptimized,0.0,6,19,16384,1,0.8866666666666667,0.8826280954291501,0.755663814097594,385.1014835680835,4.7090772171504796,389.810560785234
UNSW_NB15,6q_5k,QVE,full,0,L0,baseline_unoptimized,0.0,6,20,17408,2,0.8773333333333333,0.8717137309723516,0.7374923032762732,370.2587908282876,4.3068569037131965,374.5656477320008
UNSW_NB15,6q_5k,QVE,full,0,L0,baseline_unoptimized,0.0,6,21,18432,0,0.8913333333333333,0.8876389912255829,0.7656012408474342,376.1111988001503,4.153982506599277,380.2651813067496
UNSW_NB15,6q_5k,QVE,full,0,L0,baseline_unoptimized,0.0,6,22,19456,1,0.8926666666666667,0.8908228632541265,0.764912280421435,365.45381893217564,7.285122659988701,372.73894159216434
UNSW_NB15,6q_5k,QVE,full,0,L0,baseline_unoptimized,0.0,6,23,20480,2,0.8953333333333333,0.8919971008219714,0.7741083755193611,376.73353697825223,4.186357277445495,380.9198942556977
UNSW_NB15,6q_5k,QVE,full,0,L0,baseline_unoptimized,0.0,6,24,21504,0,0.8933333333333333,0.8888702393533234,0.7735872137541415,371.87105691432953,4.60455347597599,376.4756103903055
UNSW_NB15,6q_5k,QVE,full,0,L0,baseline_unoptimized,0.0,6,25,22528,1,0.8846666666666667,0.8794296184759308,0.7547514015392964,385.7291891593486,4.568232463207096,390.2974216225557
UNSW_NB15,6q_5k,QVE,full,0,L0,baseline_unoptimized,0.0,6,26,23552,2,0.89,0.8862782607009312,0.7627538759789526,383.2489472879097,5.941988190636039,389.1909354785457
UNSW_NB15,6q_5k,QVE,full,0,L0,baseline_unoptimized,0.0,6,27,24576,0,0.8866666666666667,0.8830145078762088,0.7541782599765711,387.08178137103096,4.956074055284262,392.0378554263152
UNSW_NB15,6q_5k,QVE,full,0,L0,baseline_unoptimized,0.0,6,28,25600,1,0.8886666666666667,0.8853484664604903,0.7580568016123805,373.9971531718038,4.611976719927043,378.60912989173084
UNSW_NB15,6q_5k,QVE,full,0,L0,baseline_unoptimized,0.0,6,29,26624,2,0.8833333333333333,0.8775560597401189,0.7536012509885661,388.9818293885328,4.30077140731737,393.28260079585016
UNSW_NB15,6q_5k,QVE,full,0,L0,baseline_unoptimized,0.0003,6,0,42,0,0.89,0.8859594492695528,0.7638557540933594,267.6073626661673,1.389540912117809,268.9969035782851
UNSW_NB15,6q_5k,QVE,full,0,L0,baseline_unoptimized,0.0003,6,1,123,1,0.8866666666666667,0.883032098222556,0.7544348623684867,267.38980491971597,1.1955121331848204,268.5853170529008
UNSW_NB15,6q_5k,QVE,full,0,L0,baseline_unoptimized,0.0003,6,2,456,2,0.8786666666666667,0.8731081469400436,0.7406653776981278,261.8855321826413,1.9305894472636282,263.81612162990496
UNSW_NB15,6q_5k,QVE,full,0,L0,baseline_unoptimized,0.0003,6,3,789,0,0.8833333333333333,0.8787654320987656,0.7488815358919463,257.9526150333695,1.7487926678732038,259.7014077012427
UNSW_NB15,6q_5k,QVE,full,0,L0,baseline_unoptimized,0.0003,6,4,1024,1,0.8886666666666667,0.8841375848873396,0.7620551537628131,265.8060607709922,1.7714829896576703,267.57754376064986
UNSW_NB15,6q_5k,QVE,full,0,L0,baseline_unoptimized,0.0003,6,5,2048,2,0.8993333333333333,0.8975952645584345,0.7796528663689603,267.3440879974514,1.0400926820002496,268.3841806794517
UNSW_NB15,6q_5k,QVE,full,0,L0,baseline_unoptimized,0.0003,6,6,3072,0,0.8973333333333333,0.894582555398397,0.7770815747451649,258.13880726508796,2.9261274095624685,261.06493467465043
UNSW_NB15,6q_5k,QVE,full,0,L0,baseline_unoptimized,0.0003,6,7,4096,1,0.8953333333333333,0.8917749792786289,0.7748909647442299,264.282859493047,1.2063801595941186,265.4892396526411
UNSW_NB15,6q_5k,QVE,full,0,L0,baseline_unoptimized,0.0003,6,8,5120,2,0.8973333333333333,0.8938796568627451,0.7793962260781465,265.2948908149265,0.7620239220559597,266.05691473698243
UNSW_NB15,6q_5k,QVE,full,0,L0,baseline_unoptimized,0.0003,6,9,6144,0,0.8933333333333333,0.8885552447126733,0.7753948996470835,265.1890761726536,0.6973712244071066,265.8864473970607
UNSW_NB15,6q_5k,QVE,full,0,L0,baseline_unoptimized,0.0003,6,10,7168,1,0.894,0.8905635116039261,0.7715103379515724,258.8219031719491,1.6673153103329241,260.489218482282
UNSW_NB15,6q_5k,QVE,full,0,L0,baseline_unoptimized,0.0003,6,11,8192,2,0.8766666666666667,0.8725616588218942,0.7313321575661698,263.8182983007282,1.3783646416850388,265.19666294241324
UNSW_NB15,6q_5k,QVE,full,0,L0,baseline_unoptimized,0.0003,6,12,9216,0,0.8593333333333333,0.8548496068371716,0.6908634013054824,262.88464668858796,1.09646359924227,263.98111028783023
UNSW_NB15,6q_5k,QVE,full,0,L0,baseline_unoptimized,0.0003,6,13,10240,1,0.89,0.8862782607009312,0.7627538759789526,261.6677574208006,1.3461412996985018,263.0138987204991
UNSW_NB15,6q_5k,QVE,full,0,L0,baseline_unoptimized,0.0003,6,14,11264,2,0.8866666666666667,0.8824618675595238,0.7562192924515242,251.33998258877546,2.01536433538422,253.35534692415968
UNSW_NB15,6q_5k,QVE,full,0,L0,baseline_unoptimized,0.0003,6,15,12288,0,0.8886666666666667,0.8840515729256608,0.7623976294656377,262.1820649821311,1.4227421302348375,263.60480711236596
UNSW_NB15,6q_5k,QVE,full,0,L0,baseline_unoptimized,0.0003,6,16,13312,1,0.8966666666666666,0.8938096126187459,0.7760712906544258,255.58127173269168,2.5144471409730613,258.09571887366474
UNSW_NB15,6q_5k,QVE,full,0,L0,baseline_unoptimized,0.0003,6,17,14336,2,0.8746666666666667,0.8683312635119157,0.7337196746604785,262.26344556640834,1.1852110577747226,263.44865662418306
UNSW_NB15,6q_5k,QVE,full,0,L0,baseline_unoptimized,0.0003,6,18,15360,0,0.89,0.8857761094460369,0.7642116339134922,262.261716093868,1.3143121632747352,263.57602825714275
UNSW_NB15,6q_5k,QVE,full,0,L0,baseline_unoptimized,0.0003,6,19,16384,1,0.886,0.8818961225822144,0.754245780184243,251.85174345364794,2.927985785063356,254.7797292387113
UNSW_NB15,6q_5k,QVE,full,0,L0,baseline_unoptimized,0.0003,6,20,17408,2,0.8853333333333333,0.8808870791655603,0.7534243157290429,262.4585384428501,1.1298417602665722,263.5883802031167
UNSW_NB15,6q_5k,QVE,full,0,L0,baseline_unoptimized,0.0003,6,21,18432,0,0.8893333333333333,0.8856105392156861,0.7608303813138181,263.2732453108765,1.381251983344555,264.6544972942211
UNSW_NB15,6q_5k,QVE,full,0,L0,baseline_unoptimized,0.0003,6,22,19456,1,0.8886666666666667,0.8870649299792185,0.7558271694693176,253.366573585663,2.9913151250220835,256.3578887106851
UNSW_NB15,6q_5k,QVE,full,0,L0,baseline_unoptimized,0.0003,6,23,20480,2,0.8853333333333333,0.8808870791655603,0.7534243157290429,260.1620666887611,2.3030610559508204,262.46512774471194
UNSW_NB15,6q_5k,QVE,full,0,L0,baseline_unoptimized,0.0003,6,24,21504,0,0.8826666666666667,0.8770030641566052,0.7513724553904041,263.83674378180876,1.9077782849781215,265.7445220667869
UNSW_NB15,6q_5k,QVE,full,0,L0,baseline_unoptimized,0.0003,6,25,22528,1,0.8826666666666667,0.8770999174236168,0.7509659335600456,263.9971421980299,1.3176210401579738,265.3147632381879
UNSW_NB15,6q_5k,QVE,full,0,L0,baseline_unoptimized,0.0003,6,26,23552,2,0.89,0.8862782607009312,0.7627538759789526,263.3955602827482,1.881559598725289,265.2771198814735
UNSW_NB15,6q_5k,QVE,full,0,L0,baseline_unoptimized,0.0003,6,27,24576,0,0.888,0.8843119033580269,0.7574953729427734,264.74386003240943,1.681163977831602,266.42502401024103
UNSW_NB15,6q_5k,QVE,full,0,L0,baseline_unoptimized,0.0003,6,28,25600,1,0.888,0.8843908077835476,0.7572636160176799,263.84023354714736,1.1606465694494545,265.0008801165968
UNSW_NB15,6q_5k,QVE,full,0,L0,baseline_unoptimized,0.0003,6,29,26624,2,0.8913333333333333,0.88631102202198,0.7710184178360687,264.7321460451931,1.1838591005653143,265.9160051457584
UNSW_NB15,6q_5k,QVE,full,0,L0,baseline_unoptimized,0.0005,6,0,42,0,0.8906666666666667,0.8866102722338935,0.7655609714238308,256.5348876020871,2.3660489534959197,258.90093655558303
UNSW_NB15,6q_5k,QVE,full,0,L0,baseline_unoptimized,0.0005,6,1,123,1,0.8866666666666667,0.883032098222556,0.7544348623684867,262.6325378958136,1.2720917034894228,263.904629599303
UNSW_NB15,6q_5k,QVE,full,0,L0,baseline_unoptimized,0.0005,6,2,456,2,0.8793333333333333,0.8737564109569224,0.7424366172660474,262.9762878390029,0.9284578212536871,263.9047456602566
UNSW_NB15,6q_5k,QVE,full,0,L0,baseline_unoptimized,0.0005,6,3,789,0,0.8833333333333333,0.8787654320987656,0.7488815358919463,266.10045107267797,1.146700742188841,267.2471518148668
UNSW_NB15,6q_5k,QVE,full,0,L0,baseline_unoptimized,0.0005,6,4,1024,1,0.8886666666666667,0.8841375848873396,0.7620551537628131,263.3160074399784,1.8675706810317934,265.1835781210102
UNSW_NB15,6q_5k,QVE,full,0,L0,baseline_unoptimized,0.0005,6,5,2048,2,0.8993333333333333,0.8975952645584345,0.7796528663689603,263.44204298919067,1.8523592241108418,265.2944022133015
UNSW_NB15,6q_5k,QVE,full,0,L0,baseline_unoptimized,0.0005,6,6,3072,0,0.8993333333333333,0.8967346580851505,0.7813780056055086,265.4039995209314,1.9119100305251777,267.31590955145657
UNSW_NB15,6q_5k,QVE,full,0,L0,baseline_unoptimized,0.0005,6,7,4096,1,0.8953333333333333,0.8917749792786289,0.7748909647442299,266.3030280373059,1.1752953035756946,267.4783233408816
UNSW_NB15,6q_5k,QVE,full,0,L0,baseline_unoptimized,0.0005,6,8,5120,2,0.8833333333333333,0.8789407687392633,0.74830392569315,261.525145563297,2.6512186056934297,264.1763641689904
UNSW_NB15,6q_5k,QVE,full,0,L0,baseline_unoptimized,0.0005,6,9,6144,0,0.8933333333333333,0.8885552447126733,0.7753948996470835,258.11722321249545,1.9099569553509355,260.0271801678464
UNSW_NB15,6q_5k,QVE,full,0,L0,baseline_unoptimized,0.0005,6,10,7168,1,0.894,0.8905635116039261,0.7715103379515724,264.73663686029613,0.7361632836982608,265.4728001439944
UNSW_NB15,6q_5k,QVE,full,0,L0,baseline_unoptimized,0.0005,6,11,8192,2,0.8766666666666667,0.8725616588218942,0.7313321575661698,263.2312287641689,1.8700050162151456,265.10123378038406
UNSW_NB15,6q_5k,QVE,full,0,L0,baseline_unoptimized,0.0005,6,12,9216,0,0.8606666666666667,0.8561276794667295,0.6940830648005295,265.2617163308896,1.2358763040974736,266.4975926349871
UNSW_NB15,6q_5k,QVE,full,0,L0,baseline_unoptimized,0.0005,6,13,10240,1,0.89,0.8862782607009312,0.7627538759789526,248.27127187419683,0.38154371501877904,248.6528155892156
UNSW_NB15,6q_5k,QVE,full,0,L0,baseline_unoptimized,0.0005,6,14,11264,2,0.8866666666666667,0.8824618675595238,0.7562192924515242,265.2756659737788,1.4049943946301937,266.680660368409
UNSW_NB15,6q_5k,QVE,full,0,L0,baseline_unoptimized,0.0005,6,15,12288,0,0.8913333333333333,0.8874820995319107,0.7661419128354436,257.45547770289704,1.7033323156647384,259.1588100185618
UNSW_NB15,6q_5k,QVE,full,0,L0,baseline_unoptimized,0.0005,6,16,13312,1,0.892,0.8898615398126931,0.7637167716874442,238.6766427620314,1.7139632841572165,240.39060604618862
UNSW_NB15,6q_5k,QVE,full,0,L0,baseline_unoptimized,0.0005,6,17,14336,2,0.8733333333333333,0.8668231790281258,0.7309278321953625,260.6298643318005,0.7806098069995642,261.41047413880005
UNSW_NB15,6q_5k,QVE,full,0,L0,baseline_unoptimized,0.0005,6,18,15360,0,0.89,0.8857761094460369,0.7642116339134922,257.8055060352199,2.2176796081475914,260.02318564336747
UNSW_NB15,6q_5k,QVE,full,0,L0,baseline_unoptimized,0.0005,6,19,16384,1,0.8866666666666667,0.8825453151929111,0.7559369019838377,251.39674327336252,1.3623985978774726,252.75914187124
UNSW_NB15,6q_5k,QVE,full,0,L0,baseline_unoptimized,0.0005,6,20,17408,2,0.8773333333333333,0.8717137309723516,0.7374923032762732,262.67913262266666,1.0913550783880055,263.77048770105466
UNSW_NB15,6q_5k,QVE,full,0,L0,baseline_unoptimized,0.0005,6,21,18432,0,0.89,0.8862603285412343,0.762504666215169,266.81480136094615,0.8950059046037495,267.7098072655499
UNSW_NB15,6q_5k,QVE,full,0,L0,baseline_unoptimized,0.0005,6,22,19456,1,0.896,0.8922940169820436,0.7773954198734236,268.23702661227435,0.7643568548373878,269.00138346711174
UNSW_NB15,6q_5k,QVE,full,0,L0,baseline_unoptimized,0.0005,6,23,20480,2,0.894,0.8904719121766551,0.7715288345844354,264.3461088677868,1.6205611717887223,265.96667003957555
UNSW_NB15,6q_5k,QVE,full,0,L0,baseline_unoptimized,0.0005,6,24,21504,0,0.8946666666666667,0.8903410590098465,0.7763640474089916,264.6062015481293,1.9879575269296765,266.594159075059
UNSW_NB15,6q_5k,QVE,full,0,L0,baseline_unoptimized,0.0005,6,25,22528,1,0.8853333333333333,0.8799870257631076,0.7569269227267481,266.8787555200979,1.3299669134430587,268.20872243354097
UNSW_NB15,6q_5k,QVE,full,0,L0,baseline_unoptimized,0.0005,6,26,23552,2,0.89,0.8862782607009312,0.7627538759789526,264.7121789800003,1.8494791886769235,266.56165816867724
UNSW_NB15,6q_5k,QVE,full,0,L0,baseline_unoptimized,0.0005,6,27,24576,0,0.8846666666666667,0.8801509700176366,0.7520111253001915,259.6857378575951,2.5324577391147614,262.21819559670985
UNSW_NB15,6q_5k,QVE,full,0,L0,baseline_unoptimized,0.0005,6,28,25600,1,0.888,0.8843119033580269,0.7574953729427734,261.0611690361984,2.4104884047992527,263.47165744099766
UNSW_NB15,6q_5k,QVE,full,0,L0,baseline_unoptimized,0.0005,6,29,26624,2,0.8913333333333333,0.88631102202198,0.7710184178360687,264.59065121086314,1.3644389268010855,265.95509013766423
UNSW_NB15,6q_5k,QVE,full,0,L0,baseline_unoptimized,0.001,6,0,42,0,0.8926666666666667,0.8896276741053456,0.7670993105168176,255.33682751236483,1.7300448790192604,257.0668723913841
UNSW_NB15,6q_5k,QVE,full,0,L0,baseline_unoptimized,0.001,6,1,123,1,0.8853333333333333,0.8815755787254047,0.7515764002695903,256.90389403281733,2.230806956999004,259.13470098981634
UNSW_NB15,6q_5k,QVE,full,0,L0,baseline_unoptimized,0.001,6,2,456,2,0.884,0.8792363561247676,0.7512282190227422,261.3834813092835,1.5225235424004495,262.906004851684
UNSW_NB15,6q_5k,QVE,full,0,L0,baseline_unoptimized,0.001,6,3,789,0,0.8833333333333333,0.8787654320987656,0.7488815358919463,262.53563890978694,1.20484548388049,263.74048439366743
UNSW_NB15,6q_5k,QVE,full,0,L0,baseline_unoptimized,0.001,6,4,1024,1,0.8773333333333333,0.8715135500337812,0.7382303942497623,255.07693660538644,0.9465932929888368,256.0235298983753
UNSW_NB15,6q_5k,QVE,full,0,L0,baseline_unoptimized,0.001,6,5,2048,2,0.8973333333333333,0.8956484980663462,0.7750778314216186,261.72942018462345,1.4038192997686565,263.1332394843921
UNSW_NB15,6q_5k,QVE,full,0,L0,baseline_unoptimized,0.001,6,6,3072,0,0.898,0.8954327518232545,0.7781602883965469,259.27324381191283,2.1483258069492877,261.4215696188621
UNSW_NB15,6q_5k,QVE,full,0,L0,baseline_unoptimized,0.001,6,7,4096,1,0.8953333333333333,0.8917749792786289,0.7748909647442299,262.35096559487283,2.5993465408682823,264.9503121357411
UNSW_NB15,6q_5k,QVE,full,0,L0,baseline_unoptimized,0.001,6,8,5120,2,0.898,0.8946050475662153,0.7808049908194198,263.67399351578206,1.0717844646424055,264.74577798042446
UNSW_NB15,6q_5k,QVE,full,0,L0,baseline_unoptimized,0.001,6,9,6144,0,0.894,0.8892940885481079,0.7767707429792942,263.8809304223396,0.9227688079699874,264.8036992303096
UNSW_NB15,6q_5k,QVE,full,0,L0,baseline_unoptimized,0.001,6,10,7168,1,0.894,0.8906375558201771,0.7712626463759282,259.2872174619697,2.866296264808625,262.1535137267783
UNSW_NB15,6q_5k,QVE,full,0,L0,baseline_unoptimized,0.001,6,11,8192,2,0.876,0.8718286764705883,0.7298873067066041,260.4529681629501,1.841390993911773,262.2943591568619
UNSW_NB15,6q_5k,QVE,full,0,L0,baseline_unoptimized,0.001,6,12,9216,0,0.86,0.8554885097294346,0.6924711391543936,264.71802904317155,1.6232937755994499,266.341322818771
UNSW_NB15,6q_5k,QVE,full,0,L0,baseline_unoptimized,0.001,6,13,10240,1,0.896,0.8930900220276347,0.7746436203280437,252.90856332471594,2.23573986440897,255.1443031891249
UNSW_NB15,6q_5k,QVE,full,0,L0,baseline_unoptimized,0.001,6,14,11264,2,0.8866666666666667,0.8822929569587353,0.7568123452681219,264.4072938291356,1.2238247911445796,265.6311186202802
UNSW_NB15,6q_5k,QVE,full,0,L0,baseline_unoptimized,0.001,6,15,12288,0,0.8913333333333333,0.8874820995319107,0.7661419128354436,263.2263356889598,2.1067911563441157,265.3331268453039
UNSW_NB15,6q_5k,QVE,full,0,L0,baseline_unoptimized,0.001,6,16,13312,1,0.898,0.8952470429997593,0.7789269351888201,265.1249159714207,1.1390710407868028,266.2639870122075
UNSW_NB15,6q_5k,QVE,full,0,L0,baseline_unoptimized,0.001,6,17,14336,2,0.8833333333333333,0.8786987474092096,0.7494552824059911,264.4607790322043,0.6038124971091747,265.0645915293135
UNSW_NB15,6q_5k,QVE,full,0,L0,baseline_unoptimized,0.001,6,18,15360,0,0.89,0.8857761094460369,0.7642116339134922,264.19275543512776,1.0750304232351482,265.2677858583629
UNSW_NB15,6q_5k,QVE,full,0,L0,baseline_unoptimized,0.001,6,19,16384,1,0.886,0.8818125201520819,0.7545211637104545,255.0228425222449,1.6636846419423819,256.6865271641873
UNSW_NB15,6q_5k,QVE,full,0,L0,baseline_unoptimized,0.001,6,20,17408,2,0.8853333333333333,0.8808870791655603,0.7534243157290429,258.9777534613386,2.116988779976964,261.09474224131554
UNSW_NB15,6q_5k,QVE,full,0,L0,baseline_unoptimized,0.001,6,21,18432,0,0.89,0.8862603285412343,0.762504666215169,265.0692199598998,1.152968743816018,266.2221887037158
UNSW_NB15,6q_5k,QVE,full,0,L0,baseline_unoptimized,0.001,6,22,19456,1,0.9006666666666666,0.8984287756321091,0.783818903646035,264.34934438951313,0.8574793729931116,265.20682376250625
UNSW_NB15,6q_5k,QVE,full,0,L0,baseline_unoptimized,0.001,6,23,20480,2,0.8946666666666667,0.8911232843137256,0.7732076111567037,264.460108758416,1.4690868486650288,265.92919560708106
UNSW_NB15,6q_5k,QVE,full,0,L0,baseline_unoptimized,0.001,6,24,21504,0,0.896,0.8917291468704813,0.7795060259572728,261.42388779483736,2.957017543260008,264.38090533809736
UNSW_NB15,6q_5k,QVE,full,0,L0,baseline_unoptimized,0.001,6,25,22528,1,0.8853333333333333,0.8799870257631076,0.7569269227267481,266.09071672707796,0.6030767099000514,266.693793436978
UNSW_NB15,6q_5k,QVE,full,0,L0,baseline_unoptimized,0.001,6,26,23552,2,0.89,0.8861995208752379,0.7630154533525714,262.2856480497867,2.416493797674775,264.70214184746146
UNSW_NB15,6q_5k,QVE,full,0,L0,baseline_unoptimized,0.001,6,27,24576,0,0.8853333333333333,0.8808002264283673,0.7537299251452021,267.7002330222167,0.4087220588698983,268.1089550810866
UNSW_NB15,6q_5k,QVE,full,0,L0,baseline_unoptimized,0.001,6,28,25600,1,0.8846666666666667,0.8810706968253735,0.7492356626110216,267.1795180453919,0.31358949607238173,267.49310754146427
UNSW_NB15,6q_5k,QVE,full,0,L0,baseline_unoptimized,0.001,6,29,26624,2,0.8913333333333333,0.88631102202198,0.7710184178360687,265.2003139532171,1.5345477513037622,266.7348617045209
UNSW_NB15,6q_5k,QVE,full,0,L0,baseline_unoptimized,0.002,6,0,42,0,0.8953333333333333,0.8912546953120003,0.7772848793124748,260.3592769331299,2.5380156207829714,262.89729255391285
UNSW_NB15,6q_5k,QVE,full,0,L0,baseline_unoptimized,0.002,6,1,123,1,0.884,0.8800338235294117,0.7489545304648767,263.12030251324177,1.3239128701388836,264.44421538338065
UNSW_NB15,6q_5k,QVE,full,0,L0,baseline_unoptimized,0.002,6,2,456,2,0.8846666666666667,0.879885761174487,0.7529641427035891,266.4849294121377,0.5905754850246012,267.0755048971623
UNSW_NB15,6q_5k,QVE,full,0,L0,baseline_unoptimized,0.002,6,3,789,0,0.884,0.8791463852967392,0.7515580326495767,263.61882619187236,0.8031231281347573,264.4219493200071
UNSW_NB15,6q_5k,QVE,full,0,L0,baseline_unoptimized,0.002,6,4,1024,1,0.8886666666666667,0.8841375848873396,0.7620551537628131,258.8198253600858,2.4729783488437533,261.29280370892957
UNSW_NB15,6q_5k,QVE,full,0,L0,baseline_unoptimized,0.002,6,5,2048,2,0.9,0.8964194593531173,0.7864854875590966,261.6995324860327,1.5024094367399812,263.2019419227727
UNSW_NB15,6q_5k,QVE,full,0,L0,baseline_unoptimized,0.002,6,6,3072,0,0.8986666666666666,0.8962773204683654,0.7792816034030193,250.34021880384535,1.6545134452171624,251.9947322490625
UNSW_NB15,6q_5k,QVE,full,0,L0,baseline_unoptimized,0.002,6,7,4096,1,0.8966666666666666,0.8930793478355381,0.7782715176995159,265.5893310508691,1.23843639716506,266.82776744803414
UNSW_NB15,6q_5k,QVE,full,0,L0,baseline_unoptimized,0.002,6,8,5120,2,0.8826666666666667,0.8782051800857041,0.7468836418285851,265.62316388683394,0.94035620149225,266.5635200883262
UNSW_NB15,6q_5k,QVE,full,0,L0,baseline_unoptimized,0.002,6,9,6144,0,0.894,0.8892940885481079,0.7767707429792942,258.7283605928533,1.4593609720468521,260.18772156490013
UNSW_NB15,6q_5k,QVE,full,0,L0,baseline_unoptimized,0.002,6,10,7168,1,0.8933333333333333,0.8896862745098039,0.7706218471029289,262.92191174346954,1.102358456235379,264.0242701997049
UNSW_NB15,6q_5k,QVE,full,0,L0,baseline_unoptimized,0.002,6,11,8192,2,0.8786666666666667,0.8738700070346677,0.7380697184323395,263.2734588198364,1.1125116781331599,264.38597049796954
UNSW_NB15,6q_5k,QVE,full,0,L0,baseline_unoptimized,0.002,6,12,9216,0,0.87,0.8640969688023497,0.719876920662104,264.70684497151524,1.0822590682655573,265.7891040397808
UNSW_NB15,6q_5k,QVE,full,0,L0,baseline_unoptimized,0.002,6,13,10240,1,0.8893333333333333,0.8853897873014054,0.7618728443192596,262.7197592477314,1.4901265129446983,264.2098857606761
UNSW_NB15,6q_5k,QVE,full,0,L0,baseline_unoptimized,0.002,6,14,11264,2,0.8853333333333333,0.8808216930748577,0.7539948616982586,259.61968579282984,1.2564843646250665,260.8761701574549
UNSW_NB15,6q_5k,QVE,full,0,L0,baseline_unoptimized,0.002,6,15,12288,0,0.8866666666666667,0.8818360332604519,0.7582019976899198,260.4153783759102,2.2007925882935524,262.6161709642038
UNSW_NB15,6q_5k,QVE,full,0,L0,baseline_unoptimized,0.002,6,16,13312,1,0.8966666666666666,0.8940122348041131,0.7755134149960095,253.95181913347915,1.8830670421011746,255.83488617558032
UNSW_NB15,6q_5k,QVE,full,0,L0,baseline_unoptimized,0.002,6,17,14336,2,0.872,0.8653120039609694,0.7281352910608105,265.3089296282269,1.3271201667375863,266.6360497949645
UNSW_NB15,6q_5k,QVE,full,0,L0,baseline_unoptimized,0.002,6,18,15360,0,0.888,0.883572314185847,0.7599940078303471,244.27448569284752,1.7740307110361755,246.0485164038837
UNSW_NB15,6q_5k,QVE,full,0,L0,baseline_unoptimized,0.002,6,19,16384,1,0.8866666666666667,0.8825453151929111,0.7559369019838377,262.7435518587008,1.12156254472211,263.8651144034229
UNSW_NB15,6q_5k,QVE,full,0,L0,baseline_unoptimized,0.002,6,20,17408,2,0.8853333333333333,0.8808870791655603,0.7534243157290429,262.6391360531561,0.9887936669401824,263.6279297200963
UNSW_NB15,6q_5k,QVE,full,0,L0,baseline_unoptimized,0.002,6,21,18432,0,0.8906666666666667,0.8870663818495026,0.7636749897874059,256.8217922868207,2.4021782339550555,259.22397052077577
UNSW_NB15,6q_5k,QVE,full,0,L0,baseline_unoptimized,0.002,6,22,19456,1,0.898,0.8957648261809894,0.7776418714068616,262.76038590213284,1.7407291075214744,264.5011150096543
UNSW_NB15,6q_5k,QVE,full,0,L0,baseline_unoptimized,0.002,6,23,20480,2,0.8966666666666666,0.8931536419629775,0.7779875393764951,265.5651616519317,1.0095679545775056,266.5747296065092
UNSW_NB15,6q_5k,QVE,full,0,L0,baseline_unoptimized,0.002,6,24,21504,0,0.8973333333333333,0.893117234731116,0.7826480045055539,262.9854191648774,1.6876243650913239,264.6730435299687
UNSW_NB15,6q_5k,QVE,full,0,L0,baseline_unoptimized,0.002,6,25,22528,1,0.8853333333333333,0.8799870257631076,0.7569269227267481,257.7333492464386,1.2632895917631686,258.99663883820176
UNSW_NB15,6q_5k,QVE,full,0,L0,baseline_unoptimized,0.002,6,26,23552,2,0.89,0.8861995208752379,0.7630154533525714,265.28643248882145,1.0381141700781882,266.32454665889964
UNSW_NB15,6q_5k,QVE,full,0,L0,baseline_unoptimized,0.002,6,27,24576,0,0.8906666666666667,0.8869104354825628,0.7641835093473426,260.08993614371866,2.324599139392376,262.41453528311104
UNSW_NB15,6q_5k,QVE,full,0,L0,baseline_unoptimized,0.002,6,28,25600,1,0.882,0.8783208863473474,0.7430781348524208,264.6219337009825,1.3175841690972447,265.9395178700797
UNSW_NB15,6q_5k,QVE,full,0,L0,baseline_unoptimized,0.002,6,29,26624,2,0.892,0.8870523066169619,0.7723961219166731,264.8462563548237,0.7222358342260122,265.5684921890497
UNSW_NB15,6q_5k,QVE,full,0,L0,baseline_unoptimized,0.005,6,0,42,0,0.884,0.8790789739814162,0.7521677272333938,260.6287671746686,1.7708651931025088,262.3996323677711
UNSW_NB15,6q_5k,QVE,full,0,L0,baseline_unoptimized,0.005,6,1,123,1,0.8833333333333333,0.8793860340767452,0.7472885525423609,254.96446856716648,0.7317576562054455,255.69622622337192
UNSW_NB15,6q_5k,QVE,full,0,L0,baseline_unoptimized,0.005,6,2,456,2,0.876,0.8695972273214575,0.7370473483555403,263.09846385894343,0.8825680557638407,263.9810319147073
UNSW_NB15,6q_5k,QVE,full,0,L0,baseline_unoptimized,0.005,6,3,789,0,0.8766666666666667,0.8706622504450952,0.7372150821907002,267.2089444459416,0.5710423425771296,267.7799867885187
UNSW_NB15,6q_5k,QVE,full,0,L0,baseline_unoptimized,0.005,6,4,1024,1,0.876,0.8692757304941839,0.7383778888746144,265.7436163709499,1.5667291665449739,267.31034553749487
UNSW_NB15,6q_5k,QVE,full,0,L0,baseline_unoptimized,0.005,6,5,2048,2,0.8666666666666667,0.8656650189796855,0.7077462510505311,259.7214982518926,2.490355832967907,262.21185408486053
UNSW_NB15,6q_5k,QVE,full,0,L0,baseline_unoptimized,0.005,6,6,3072,0,0.8913333333333333,0.8869960244038194,0.7679916208989529,263.0594158866443,1.0925786178559065,264.1519945045002
UNSW_NB15,6q_5k,QVE,full,0,L0,baseline_unoptimized,0.005,6,7,4096,1,0.8886666666666667,0.8839648814047301,0.7627501381449011,260.2548960885033,1.5960366991348565,261.85093278763816
UNSW_NB15,6q_5k,QVE,full,0,L0,baseline_unoptimized,0.005,6,8,5120,2,0.8886666666666667,0.8843915774393224,0.7610869100427691,249.3167827320285,2.0162453232333064,251.33302805526182
UNSW_NB15,6q_5k,QVE,full,0,L0,baseline_unoptimized,0.005,6,9,6144,0,0.878,0.8713615384493972,0.7437479053857835,264.2779245823622,0.412683944683522,264.6906085270457
UNSW_NB15,6q_5k,QVE,full,0,L0,baseline_unoptimized,0.005,6,10,7168,1,0.8873333333333333,0.8831115401372988,0.757922138508379,253.11164443008602,2.108371210284531,255.22001564037055
UNSW_NB15,6q_5k,QVE,full,0,L0,baseline_unoptimized,0.005,6,11,8192,2,0.882,0.8768307300295409,0.7476862809886577,259.77995321992785,2.6320353001356125,262.41198852006346
UNSW_NB15,6q_5k,QVE,full,0,L0,baseline_unoptimized,0.005,6,12,9216,0,0.8673333333333333,0.8607637479330496,0.7152285613919183,257.9283949807286,2.4289003340527415,260.35729531478137
UNSW_NB15,6q_5k,QVE,full,0,L0,baseline_unoptimized,0.005,6,13,10240,1,0.892,0.887832111925383,0.7693062207925676,261.53988142032176,1.0010521463118494,262.5409335666336
UNSW_NB15,6q_5k,QVE,full,0,L0,baseline_unoptimized,0.005,6,14,11264,2,0.8833333333333333,0.8786987474092096,0.7494552824059911,263.346366323065,0.5899890596047044,263.9363553826697
UNSW_NB15,6q_5k,QVE,full,0,L0,baseline_unoptimized,0.005,6,15,12288,0,0.8933333333333333,0.8887868548333665,0.7739626301165059,262.15716214012355,1.167181775905192,263.32434391602874
UNSW_NB15,6q_5k,QVE,full,0,L0,baseline_unoptimized,0.005,6,16,13312,1,0.8853333333333333,0.8837148490215925,0.7483961852847801,260.7611627629958,2.3330335109494627,263.0941962739453
UNSW_NB15,6q_5k,QVE,full,0,L0,baseline_unoptimized,0.005,6,17,14336,2,0.866,0.8583533445184309,0.7160074249553082,260.6851877635345,1.630074081942439,262.3152618454769
UNSW_NB15,6q_5k,QVE,full,0,L0,baseline_unoptimized,0.005,6,18,15360,0,0.8813333333333333,0.8771707838979004,0.7427274048039192,249.57959682075307,2.2757430812343955,251.85533990198746
UNSW_NB15,6q_5k,QVE,full,0,L0,baseline_unoptimized,0.005,6,19,16384,1,0.886,0.8811191915701299,0.7570677527847816,257.7175798169337,1.1043286379426718,258.8219084548764
UNSW_NB15,6q_5k,QVE,full,0,L0,baseline_unoptimized,0.005,6,20,17408,2,0.8813333333333333,0.8768211480412235,0.7437613317039717,262.63285422930494,1.0232805954292417,263.6561348247342
UNSW_NB15,6q_5k,QVE,full,0,L0,baseline_unoptimized,0.005,6,21,18432,0,0.8846666666666667,0.8806627559712781,0.7503612163294755,243.11162174819037,0.9741242225281894,244.08574597071856
UNSW_NB15,6q_5k,QVE,full,0,L0,baseline_unoptimized,0.005,6,22,19456,1,0.8833333333333333,0.8825996093194767,0.7449230380887174,261.77194059686735,2.052027363330126,263.8239679601975
UNSW_NB15,6q_5k,QVE,full,0,L0,baseline_unoptimized,0.005,6,23,20480,2,0.88,0.8745993454885459,0.7434740523301381,262.9288227437064,0.3562786132097244,263.28510135691613
UNSW_NB15,6q_5k,QVE,full,0,L0,baseline_unoptimized,0.005,6,24,21504,0,0.8873333333333333,0.882034221209161,0.7619007208620475,262.8034958471544,0.6306412033736706,263.4341370505281
UNSW_NB15,6q_5k,QVE,full,0,L0,baseline_unoptimized,0.005,6,25,22528,1,0.882,0.8765463245269353,0.7487881285038299,243.5670581930317,2.2802924583666027,245.8473506513983
UNSW_NB15,6q_5k,QVE,full,0,L0,baseline_unoptimized,0.005,6,26,23552,2,0.8933333333333333,0.8893758753501401,0.7717887574053687,262.77240627631545,0.8592927772551775,263.6316990535706
UNSW_NB15,6q_5k,QVE,full,0,L0,baseline_unoptimized,0.005,6,27,24576,0,0.884,0.879761472557773,0.7494516666051987,265.3217793353833,2.0992801780812442,267.42105951346457
UNSW_NB15,6q_5k,QVE,full,0,L0,baseline_unoptimized,0.005,6,28,25600,1,0.8806666666666667,0.8771910465989038,0.7394668711285018,266.2701145289466,1.07852525357157,267.34863978251815
UNSW_NB15,6q_5k,QVE,full,0,L0,baseline_unoptimized,0.005,6,29,26624,2,0.8833333333333333,0.8773589652867869,0.7544850861145361,264.65637901285663,1.5317622064612806,266.1881412193179
UNSW_NB15,6q_5k,QVE,full,0,L0,baseline_unoptimized,0.008,6,0,42,0,0.8706666666666667,0.8634587120565224,0.7266685074992609,256.55920086987317,2.567127173766494,259.12632804363966
UNSW_NB15,6q_5k,QVE,full,0,L0,baseline_unoptimized,0.008,6,1,123,1,0.8726666666666667,0.8661763105215701,0.7291189186707473,265.5245070448145,0.9457185468636453,266.4702255916782
UNSW_NB15,6q_5k,QVE,full,0,L0,baseline_unoptimized,0.008,6,2,456,2,0.8653333333333333,0.8589442234066511,0.7095754308016251,260.85871233185753,2.277315339073539,263.13602767093107
UNSW_NB15,6q_5k,QVE,full,0,L0,baseline_unoptimized,0.008,6,3,789,0,0.8633333333333333,0.854616985135059,0.7125523993046061,263.15557192917913,1.8060096008703113,264.96158153004944
UNSW_NB15,6q_5k,QVE,full,0,L0,baseline_unoptimized,0.008,6,4,1024,1,0.86,0.8513989840113682,0.703083142131422,254.9936526226811,1.8516511302441359,256.84530375292525
UNSW_NB15,6q_5k,QVE,full,0,L0,baseline_unoptimized,0.008,6,5,2048,2,0.8753333333333333,0.8693673080791826,0.7336414323815552,264.33045892138034,1.5205071442760527,265.8509660656564
UNSW_NB15,6q_5k,QVE,full,0,L0,baseline_unoptimized,0.008,6,6,3072,0,0.8733333333333333,0.866684227330779,0.7310443185180588,261.34157966822386,1.507234413176775,262.84881408140063
UNSW_NB15,6q_5k,QVE,full,0,L0,baseline_unoptimized,0.008,6,7,4096,1,0.8873333333333333,0.8825752392658645,0.759600568665907,254.89758086390793,1.7403619694523513,256.6379428333603
UNSW_NB15,6q_5k,QVE,full,0,L0,baseline_unoptimized,0.008,6,8,5120,2,0.8693333333333333,0.8675504913124157,0.7125163552612467,264.25902250548825,1.4081697058863938,265.66719221137464
UNSW_NB15,6q_5k,QVE,full,0,L0,baseline_unoptimized,0.008,6,9,6144,0,0.8653333333333333,0.8579466929467688,0.713290497269804,254.08986039366573,1.715403123293072,255.8052635169588
UNSW_NB15,6q_5k,QVE,full,0,L0,baseline_unoptimized,0.008,6,10,7168,1,0.8686666666666667,0.8620833089752579,0.7191190979198209,263.12230167910457,1.402494524139911,264.5247962032445
UNSW_NB15,6q_5k,QVE,full,0,L0,baseline_unoptimized,0.008,6,11,8192,2,0.8706666666666667,0.8664989089881443,0.7171539874832645,263.8525843238458,0.7565971598960459,264.60918148374185
UNSW_NB15,6q_5k,QVE,full,0,L0,baseline_unoptimized,0.008,6,12,9216,0,0.8586666666666667,0.849983736240048,0.6998039282002287,266.2229207116179,1.4024787289090455,267.62539944052696
UNSW_NB15,6q_5k,QVE,full,0,L0,baseline_unoptimized,0.008,6,13,10240,1,0.884,0.8785221866532259,0.7544209007994812,265.8170400848612,1.4826736231334507,267.29971370799467
UNSW_NB15,6q_5k,QVE,full,0,L0,baseline_unoptimized,0.008,6,14,11264,2,0.8586666666666667,0.8555261525142486,0.6885945483102057,265.49175007874146,1.3608359536156058,266.85258603235707
UNSW_NB15,6q_5k,QVE,full,0,L0,baseline_unoptimized,0.008,6,15,12288,0,0.8833333333333333,0.8771588392634603,0.75541368535916,259.50906648812816,0.9306277078576386,260.4396941959858
UNSW_NB15,6q_5k,QVE,full,0,L0,baseline_unoptimized,0.008,6,16,13312,1,0.872,0.8650908670277092,0.7289983453560661,255.87629706272855,2.91010034782812,258.7863974105567
UNSW_NB15,6q_5k,QVE,full,0,L0,baseline_unoptimized,0.008,6,17,14336,2,0.8513333333333334,0.8424466274489223,0.6815063063133664,263.69519224297255,1.339524872135371,265.0347171151079
UNSW_NB15,6q_5k,QVE,full,0,L0,baseline_unoptimized,0.008,6,18,15360,0,0.874,0.8693495850095376,0.7262231678774657,265.0364508680068,1.1264591850340366,266.16291005304083
UNSW_NB15,6q_5k,QVE,full,0,L0,baseline_unoptimized,0.008,6,19,16384,1,0.868,0.862192296610152,0.7149744404115346,263.37884344439954,1.5775768822059035,264.95642032660544
UNSW_NB15,6q_5k,QVE,full,0,L0,baseline_unoptimized,0.008,6,20,17408,2,0.862,0.8531986142583279,0.7092567395459867,264.69100174261257,1.5175353828817606,266.20853712549433
UNSW_NB15,6q_5k,QVE,full,0,L0,baseline_unoptimized,0.008,6,21,18432,0,0.8593333333333333,0.8533927543496889,0.6934596096070286,264.25197320152074,0.8780642403289676,265.1300374418497
UNSW_NB15,6q_5k,QVE,full,0,L0,baseline_unoptimized,0.008,6,22,19456,1,0.8826666666666667,0.8789038193362934,0.7451891356624086,262.69030121481046,1.7238581208512187,264.4141593356617
UNSW_NB15,6q_5k,QVE,full,0,L0,baseline_unoptimized,0.008,6,23,20480,2,0.8593333333333333,0.8521299524314976,0.6967219410279883,256.4560148441233,1.5558007722720504,258.0118156163953
UNSW_NB15,6q_5k,QVE,full,0,L0,baseline_unoptimized,0.008,6,24,21504,0,0.8806666666666667,0.8752479867467723,0.7452401794818803,264.51726188650355,1.0920094512403011,265.60927133774385
UNSW_NB15,6q_5k,QVE,full,0,L0,baseline_unoptimized,0.008,6,25,22528,1,0.8773333333333333,0.8711038172588265,0.7398320435682066,259.2653627679683,1.2192355575971305,260.48459832556546
UNSW_NB15,6q_5k,QVE,full,0,L0,baseline_unoptimized,0.008,6,26,23552,2,0.872,0.8657442935911595,0.7265380544875956,261.9576944038272,2.300895929336548,264.25859033316374
UNSW_NB15,6q_5k,QVE,full,0,L0,baseline_unoptimized,0.008,6,27,24576,0,0.8586666666666667,0.8505007407407408,0.6980112372574865,259.9602943328209,1.662663625087589,261.6229579579085
UNSW_NB15,6q_5k,QVE,full,0,L0,baseline_unoptimized,0.008,6,28,25600,1,0.8853333333333333,0.8802644728722714,0.7557697696689215,263.5085651902482,0.8734696907922626,264.38203488104045
UNSW_NB15,6q_5k,QVE,full,0,L0,baseline_unoptimized,0.008,6,29,26624,2,0.8666666666666667,0.8587209170740541,0.718483328659572,265.914504931774,0.29484590562060475,266.2093508373946
UNSW_NB15,6q_5k,QVE,full,0,L0,baseline_unoptimized,0.01,6,0,42,0,0.83,0.8271763348264695,0.6244892215039763,265.2404782194644,0.35264617297798395,265.5931243924424
UNSW_NB15,6q_5k,QVE,full,0,L0,baseline_unoptimized,0.01,6,1,123,1,0.868,0.8611030040847496,0.7184946903423908,265.51385650830343,0.40735935792326927,265.9212158662267
UNSW_NB15,6q_5k,QVE,full,0,L0,baseline_unoptimized,0.01,6,2,456,2,0.8386666666666667,0.8340222068617892,0.6428764328780656,251.84978296188638,0.5378067772835493,252.38758973916993
UNSW_NB15,6q_5k,QVE,full,0,L0,baseline_unoptimized,0.01,6,3,789,0,0.8626666666666667,0.854607665340818,0.7082227805218934,267.5303855696693,1.1402830788865685,268.6706686485559
UNSW_NB15,6q_5k,QVE,full,0,L0,baseline_unoptimized,0.01,6,4,1024,1,0.8573333333333333,0.8488313812692376,0.6956186847009561,255.81696959212422,2.026560007594526,257.84352959971875
UNSW_NB15,6q_5k,QVE,full,0,L0,baseline_unoptimized,0.01,6,5,2048,2,0.8346666666666667,0.8320465879265092,0.6347577962574749,267.56177179235965,0.8460531560704112,268.40782494843006
UNSW_NB15,6q_5k,QVE,full,0,L0,baseline_unoptimized,0.01,6,6,3072,0,0.8413333333333334,0.8380806666666667,0.6490918807914335,263.89851678721607,1.8683507908135653,265.76686757802963
UNSW_NB15,6q_5k,QVE,full,0,L0,baseline_unoptimized,0.01,6,7,4096,1,0.8726666666666667,0.8663611852020726,0.7280194579241343,265.88411152968183,1.3520369078032672,267.2361484374851
UNSW_NB15,6q_5k,QVE,full,0,L0,baseline_unoptimized,0.01,6,8,5120,2,0.8366666666666667,0.8342147720980984,0.6394054632111262,266.78264829469845,0.852033507078886,267.63468180177733
UNSW_NB15,6q_5k,QVE,full,0,L0,baseline_unoptimized,0.01,6,9,6144,0,0.8266666666666667,0.823438834703895,0.6166208025593012,265.8614876810461,1.2476889975368977,267.109176678583
UNSW_NB15,6q_5k,QVE,full,0,L0,baseline_unoptimized,0.01,6,10,7168,1,0.8633333333333333,0.8560157583228722,0.7078335958138041,263.50920435320586,2.0200981996022165,265.5293025528081
UNSW_NB15,6q_5k,QVE,full,0,L0,baseline_unoptimized,0.01,6,11,8192,2,0.8593333333333333,0.8507565251575252,0.7012079169539336,262.1958245630376,1.7101232740096748,263.9059478370473
UNSW_NB15,6q_5k,QVE,full,0,L0,baseline_unoptimized,0.01,6,12,9216,0,0.8553333333333333,0.8467782193617336,0.6905043966080179,258.33027616748586,2.796151300892234,261.1264274683781
UNSW_NB15,6q_5k,QVE,full,0,L0,baseline_unoptimized,0.01,6,13,10240,1,0.8846666666666667,0.8790778696598439,0.7566370948884636,262.4499816214666,1.7817107648588717,264.23169238632545
UNSW_NB15,6q_5k,QVE,full,0,L0,baseline_unoptimized,0.01,6,14,11264,2,0.83,0.8269821704836542,0.6242684252479567,263.79931619996205,1.3934174422174692,265.1927336421795
UNSW_NB15,6q_5k,QVE,full,0,L0,baseline_unoptimized,0.01,6,15,12288,0,0.8666666666666667,0.8624631777382835,0.7077455241640267,261.01878520753235,2.7270490587688982,263.74583426630124
UNSW_NB15,6q_5k,QVE,full,0,L0,baseline_unoptimized,0.01,6,16,13312,1,0.8586666666666667,0.8522222014440808,0.6934149734851962,265.85673393076286,0.834379157051444,266.6911130878143
UNSW_NB15,6q_5k,QVE,full,0,L0,baseline_unoptimized,0.01,6,17,14336,2,0.8286666666666667,0.8213311826521837,0.6215807517176124,263.6301470817998,2.1387561871670187,265.7689032689668
UNSW_NB15,6q_5k,QVE,full,0,L0,baseline_unoptimized,0.01,6,18,15360,0,0.828,0.8262831721789138,0.62161215449698,260.5676265116781,2.0864902972243726,262.6541168089025
UNSW_NB15,6q_5k,QVE,full,0,L0,baseline_unoptimized,0.01,6,19,16384,1,0.872,0.8657442935911595,0.7265380544875956,265.49954714393243,0.12123307259753346,265.62078021652997
UNSW_NB15,6q_5k,QVE,full,0,L0,baseline_unoptimized,0.01,6,20,17408,2,0.854,0.8456300854643006,0.6864221673506465,262.53944631898776,1.726918509695679,264.26636482868344
UNSW_NB15,6q_5k,QVE,full,0,L0,baseline_unoptimized,0.01,6,21,18432,0,0.8626666666666667,0.8549774426355019,0.7069059443347958,261.4383803685196,1.49269099207595,262.9310713605955
UNSW_NB15,6q_5k,QVE,full,0,L0,baseline_unoptimized,0.01,6,22,19456,1,0.8546666666666667,0.8507917486679626,0.6797675352274859,260.2609066669829,1.4864637590944767,261.7473704260774
UNSW_NB15,6q_5k,QVE,full,0,L0,baseline_unoptimized,0.01,6,23,20480,2,0.834,0.8279955341192367,0.6326778108749049,243.43545838585123,1.3300679852254689,244.7655263710767
UNSW_NB15,6q_5k,QVE,full,0,L0,baseline_unoptimized,0.01,6,24,21504,0,0.8426666666666667,0.8389568923061461,0.6519582451960326,262.62943286588416,1.6426049075089395,264.2720377733931
UNSW_NB15,6q_5k,QVE,full,0,L0,baseline_unoptimized,0.01,6,25,22528,1,0.8553333333333333,0.8517848030355878,0.6808009022422447,257.0925968522206,2.6238342239521444,259.71643107617274
UNSW_NB15,6q_5k,QVE,full,0,L0,baseline_unoptimized,0.01,6,26,23552,2,0.872,0.8653120039609694,0.7281352910608105,265.8998053376563,0.8308836622163653,266.73068899987265
UNSW_NB15,6q_5k,QVE,full,0,L0,baseline_unoptimized,0.01,6,27,24576,0,0.8206666666666667,0.816936190563377,0.6023433046406342,264.64390568900853,1.1338105285540223,265.77771621756256
UNSW_NB15,6q_5k,QVE,full,0,L0,baseline_unoptimized,0.01,6,28,25600,1,0.8533333333333334,0.8476462640489724,0.6783727091317032,259.20424330886453,2.306219823192805,261.51046313205734
UNSW_NB15,6q_5k,QVE,full,0,L0,baseline_unoptimized,0.01,6,29,26624,2,0.8393333333333334,0.8321668709507664,0.646759652550342,264.4309189710766,1.3015791168436408,265.73249808792025
UNSW_NB15,6q_5k,QVE,full,0,L0,baseline_unoptimized,0.02,6,0,42,0,0.848,0.8360000261176732,0.6834292276986256,262.2287146821618,1.3073373991064727,263.5360520812683
UNSW_NB15,6q_5k,QVE,full,0,L0,baseline_unoptimized,0.02,6,1,123,1,0.8533333333333334,0.8425141289342705,0.6938505014992022,264.14948478806764,1.2039681267924607,265.3534529148601
UNSW_NB15,6q_5k,QVE,full,0,L0,baseline_unoptimized,0.02,6,2,456,2,0.842,0.8292175007958432,0.6686246169794366,263.18515574000776,1.7463861582800746,264.93154189828783
UNSW_NB15,6q_5k,QVE,full,0,L0,baseline_unoptimized,0.02,6,3,789,0,0.8633333333333333,0.8544872647620575,0.7130820596085086,267.15840441081673,0.3414722220040858,267.4998766328208
UNSW_NB15,6q_5k,QVE,full,0,L0,baseline_unoptimized,0.02,6,4,1024,1,0.8486666666666667,0.8367453260668141,0.6844210573046415,265.98415648844093,1.1802347782067955,267.1643912666477
UNSW_NB15,6q_5k,QVE,full,0,L0,baseline_unoptimized,0.02,6,5,2048,2,0.8646666666666667,0.8555157863909257,0.7180686347376058,264.9179920987226,1.1185677228495479,266.03655982157215
UNSW_NB15,6q_5k,QVE,full,0,L0,baseline_unoptimized,0.02,6,6,3072,0,0.8513333333333334,0.8399336496751063,0.689948479372833,261.3568608360365,2.080321147106588,263.4371819831431
UNSW_NB15,6q_5k,QVE,full,0,L0,baseline_unoptimized,0.02,6,7,4096,1,0.8586666666666667,0.8484802331228752,0.7057163389631972,264.125181239564,1.3243484534323215,265.4495296929963
UNSW_NB15,6q_5k,QVE,full,0,L0,baseline_unoptimized,0.02,6,8,5120,2,0.8546666666666667,0.8438971568498009,0.6968482937012642,261.81965288706124,2.6628573294728994,264.48251021653414
UNSW_NB15,6q_5k,QVE,full,0,L0,baseline_unoptimized,0.02,6,9,6144,0,0.8546666666666667,0.8437974391663113,0.6978337269976509,264.39210731815547,0.5524335545487702,264.94454087270424
UNSW_NB15,6q_5k,QVE,full,0,L0,baseline_unoptimized,0.02,6,10,7168,1,0.8706666666666667,0.8629946266750582,0.728595728545268,253.97351919021457,2.5598339941352606,256.53335318434983
UNSW_NB15,6q_5k,QVE,full,0,L0,baseline_unoptimized,0.02,6,11,8192,2,0.8606666666666667,0.8512453170231699,0.7080998282999358,261.30355997988954,1.5207275259308517,262.8242875058204
UNSW_NB15,6q_5k,QVE,full,0,L0,baseline_unoptimized,0.02,6,12,9216,0,0.8393333333333334,0.8254590252377018,0.6650136731146372,258.6428645248525,1.0757074723951519,259.71857199724764
UNSW_NB15,6q_5k,QVE,full,0,L0,baseline_unoptimized,0.02,6,13,10240,1,0.8613333333333333,0.8517968163728576,0.7109641705112725,257.9494968391955,1.3536943001672626,259.30319113936275
UNSW_NB15,6q_5k,QVE,full,0,L0,baseline_unoptimized,0.02,6,14,11264,2,0.856,0.8456683451748638,0.6993687916407431,251.8969568889588,1.8409517044201493,253.73790859337896
UNSW_NB15,6q_5k,QVE,full,0,L0,baseline_unoptimized,0.02,6,15,12288,0,0.8406666666666667,0.8270837728872352,0.6677925800075324,255.5128128179349,1.3360928241163492,256.84890564205125
UNSW_NB15,6q_5k,QVE,full,0,L0,baseline_unoptimized,0.02,6,16,13312,1,0.8533333333333334,0.8425141289342705,0.6938505014992022,264.90314404899254,0.8363395021297038,265.73948355112225
UNSW_NB15,6q_5k,QVE,full,0,L0,baseline_unoptimized,0.02,6,17,14336,2,0.8433333333333334,0.8308821553734873,0.6718267181103025,261.55598574411124,2.4987337649799883,264.0547195090912
UNSW_NB15,6q_5k,QVE,full,0,L0,baseline_unoptimized,0.02,6,18,15360,0,0.858,0.8479787836634854,0.7031480322454395,261.20740286959335,2.4025720581412315,263.6099749277346
UNSW_NB15,6q_5k,QVE,full,0,L0,baseline_unoptimized,0.02,6,19,16384,1,0.848,0.8360000261176732,0.6834292276986256,260.861996834632,2.104176700580865,262.9661735352129
UNSW_NB15,6q_5k,QVE,full,0,L0,baseline_unoptimized,0.02,6,20,17408,2,0.8453333333333334,0.832737535080127,0.6775014143197293,262.0501837618649,1.2097577070817351,263.25994146894664
UNSW_NB15,6q_5k,QVE,full,0,L0,baseline_unoptimized,0.02,6,21,18432,0,0.8493333333333334,0.8373848456316548,0.6864466228700843,265.09830582048744,1.313584656920284,266.4118904774077
UNSW_NB15,6q_5k,QVE,full,0,L0,baseline_unoptimized,0.02,6,22,19456,1,0.866,0.8574927219838875,0.7194722746002462,265.5274942377582,1.1464296844787896,266.673923922237
UNSW_NB15,6q_5k,QVE,full,0,L0,baseline_unoptimized,0.02,6,23,20480,2,0.858,0.8481196638655462,0.7025705352121427,256.32646262831986,2.4829447041265666,258.8094073324464
UNSW_NB15,6q_5k,QVE,full,0,L0,baseline_unoptimized,0.02,6,24,21504,0,0.8506666666666667,0.8392934018319844,0.6879441364723057,266.7660661698319,1.001983451191336,267.76804962102324
UNSW_NB15,6q_5k,QVE,full,0,L0,baseline_unoptimized,0.02,6,25,22528,1,0.858,0.8476939064357107,0.7043423257385504,256.23019024869427,2.243132882285863,258.47332313098013
UNSW_NB15,6q_5k,QVE,full,0,L0,baseline_unoptimized,0.02,6,26,23552,2,0.85,0.8382368949480703,0.6882090353227404,264.1581872869283,1.4781634351238608,265.63635072205216
UNSW_NB15,6q_5k,QVE,full,0,L0,baseline_unoptimized,0.02,6,27,24576,0,0.8413333333333334,0.8284117816770268,0.6672275587568166,263.3857573578134,1.6640700153075159,265.04982737312093
UNSW_NB15,6q_5k,QVE,full,0,L0,baseline_unoptimized,0.02,6,28,25600,1,0.8513333333333334,0.8397784207184709,0.6905823791872095,260.4847587607801,2.1673849090002477,262.65214366978034
UNSW_NB15,6q_5k,QVE,full,0,L0,baseline_unoptimized,0.02,6,29,26624,2,0.8546666666666667,0.8437481446802608,0.6974670587500761,262.95078994939104,1.2984956498257816,264.2492855992168
UNSW_NB15,6q_5k,QVE,full,0,L0,baseline_unoptimized,0.05,6,0,42,0,0.83,0.8140362475512347,0.645952549360302,263.01150144124404,2.419055491220206,265.43055693246424
UNSW_NB15,6q_5k,QVE,full,0,L0,baseline_unoptimized,0.05,6,1,123,1,0.8393333333333334,0.8256981848817343,0.6647632480607583,265.8337431885302,0.6163140116259456,266.45005720015615
UNSW_NB15,6q_5k,QVE,full,0,L0,baseline_unoptimized,0.05,6,2,456,2,0.8326666666666667,0.817270814555633,0.6510825138949256,262.1122427661903,1.4373864410445094,263.54962920723483
UNSW_NB15,6q_5k,QVE,full,0,L0,baseline_unoptimized,0.05,6,3,789,0,0.84,0.8260942766131217,0.6670898415758265,261.6170822819695,2.1386162689886987,263.7556985509582
UNSW_NB15,6q_5k,QVE,full,0,L0,baseline_unoptimized,0.05,6,4,1024,1,0.8326666666666667,0.817270814555633,0.6510825138949256,264.36242412077263,1.277921314816922,265.64034543558955
UNSW_NB15,6q_5k,QVE,full,0,L0,baseline_unoptimized,0.05,6,5,2048,2,0.8433333333333334,0.8301498490249916,0.6740144709948099,264.549942442216,1.3208628366701305,265.8708052788861
UNSW_NB15,6q_5k,QVE,full,0,L0,baseline_unoptimized,0.05,6,6,3072,0,0.8493333333333334,0.8375438853085913,0.6858035777728984,258.0068552144803,1.1606794488616288,259.16753466334194
UNSW_NB15,6q_5k,QVE,full,0,L0,baseline_unoptimized,0.05,6,7,4096,1,0.8406666666666667,0.8269074980573058,0.6684758674574827,256.456090349704,1.5749529832974076,258.03104333300143
UNSW_NB15,6q_5k,QVE,full,0,L0,baseline_unoptimized,0.05,6,8,5120,2,0.8366666666666667,0.8221967566406833,0.6594487663537824,262.6498563447967,1.7130231764167547,264.3628795212135
UNSW_NB15,6q_5k,QVE,full,0,L0,baseline_unoptimized,0.05,6,9,6144,0,0.844,0.8310163611491108,0.6758033524099721,263.3601085222326,1.030126580502838,264.39023510273546
UNSW_NB15,6q_5k,QVE,full,0,L0,baseline_unoptimized,0.05,6,10,7168,1,0.846,0.8335971210076474,0.6792848656616527,259.68824583338574,1.95707290712744,261.6453187405132
UNSW_NB15,6q_5k,QVE,full,0,L0,baseline_unoptimized,0.05,6,11,8192,2,0.8406666666666667,0.8279463242410611,0.6645919972613995,261.039473855868,1.115109444130212,262.1545832999982
UNSW_NB15,6q_5k,QVE,full,0,L0,baseline_unoptimized,0.05,6,12,9216,0,0.83,0.8137654995267298,0.6462258764406592,259.09232487296686,1.7160742026753724,260.8083990756422
UNSW_NB15,6q_5k,QVE,full,0,L0,baseline_unoptimized,0.05,6,13,10240,1,0.8533333333333334,0.8422135525038146,0.6950857768756802,264.05098199192435,1.5611405614763498,265.6121225534007
UNSW_NB15,6q_5k,QVE,full,0,L0,baseline_unoptimized,0.05,6,14,11264,2,0.8433333333333334,0.8303791140159925,0.6737522409616201,258.0887416000478,1.8579191067256033,259.9466607067734
UNSW_NB15,6q_5k,QVE,full,0,L0,baseline_unoptimized,0.05,6,15,12288,0,0.8426666666666667,0.8293408316157086,0.6726306267414729,262.63275056518614,1.7477404465898871,264.38049101177603
UNSW_NB15,6q_5k,QVE,full,0,L0,baseline_unoptimized,0.05,6,16,13312,1,0.8366666666666667,0.8222615136666706,0.6598830493138206,253.78186745522544,2.3302136776037514,256.1120811328292
UNSW_NB15,6q_5k,QVE,full,0,L0,baseline_unoptimized,0.05,6,17,14336,2,0.8346666666666667,0.8205445737327443,0.6530155753355954,261.584662638139,2.106533661019057,263.69119629915804
UNSW_NB15,6q_5k,QVE,full,0,L0,baseline_unoptimized,0.05,6,18,15360,0,0.8506666666666667,0.8389815500403737,0.6892042229455392,256.7652951409109,2.2419499256648123,259.0072450665757
UNSW_NB15,6q_5k,QVE,full,0,L0,baseline_unoptimized,0.05,6,19,16384,1,0.8366666666666667,0.8222615136666706,0.6598830493138206,264.11163101298735,1.2662200178019702,265.3778510307893
UNSW_NB15,6q_5k,QVE,full,0,L0,baseline_unoptimized,0.05,6,20,17408,2,0.8306666666666667,0.8147929006347973,0.6468903062985045,258.1205571917817,1.821276689413935,259.94183388119563
UNSW_NB15,6q_5k,QVE,full,0,L0,baseline_unoptimized,0.05,6,21,18432,0,0.8453333333333334,0.8325706885544916,0.6781629042072185,253.56257817102596,2.0101032317616045,255.57268140278757
UNSW_NB15,6q_5k,QVE,full,0,L0,baseline_unoptimized,0.05,6,22,19456,1,0.8386666666666667,0.8248862372714681,0.6633724264803734,263.0389082049951,0.7792098480276763,263.8181180530228
UNSW_NB15,6q_5k,QVE,full,0,L0,baseline_unoptimized,0.05,6,23,20480,2,0.8433333333333334,0.8308258836679889,0.6714170521753209,261.88074139505625,1.3554867659695446,263.2362281610258
UNSW_NB15,6q_5k,QVE,full,0,L0,baseline_unoptimized,0.05,6,24,21504,0,0.8386666666666667,0.8244646384479717,0.664316074915773,262.02134410338476,1.880394397303462,263.9017385006882
UNSW_NB15,6q_5k,QVE,full,0,L0,baseline_unoptimized,0.05,6,25,22528,1,0.844,0.8309578277337447,0.6753977926571318,265.1323463348672,0.6374649191275239,265.7698112539947
UNSW_NB15,6q_5k,QVE,full,0,L0,baseline_unoptimized,0.05,6,26,23552,2,0.8366666666666667,0.8220776627310044,0.6605847176615398,255.87856211792678,1.321365118958056,257.19992723688483
UNSW_NB15,6q_5k,QVE,full,0,L0,baseline_unoptimized,0.05,6,27,24576,0,0.836,0.8219287253031329,0.6560296543842852,245.546304050833,1.7031060080043972,247.24941005883738
UNSW_NB15,6q_5k,QVE,full,0,L0,baseline_unoptimized,0.05,6,28,25600,1,0.8466666666666667,0.8341794528811604,0.6809260328407002,263.4872528510168,0.9066543001681566,264.393907151185
UNSW_NB15,6q_5k,QVE,full,0,L0,baseline_unoptimized,0.05,6,29,26624,2,0.84,0.8260942766131217,0.6670898415758265,263.1323516392149,1.5400996506214142,264.6724512898363
UNSW_NB15,6q_5k,QVE,full,3,L3,qiskit_heavy,0.0,6,0,42,0,0.89,0.8859594492695528,0.7638557540933594,378.0688125649467,3.4886109731160104,381.5574235380627
UNSW_NB15,6q_5k,QVE,full,3,L3,qiskit_heavy,0.0,6,1,123,1,0.884,0.8801165220478272,0.7487178654543052,378.0928193880245,3.8799372212961316,381.97275660932064
UNSW_NB15,6q_5k,QVE,full,3,L3,qiskit_heavy,0.0,6,2,456,2,0.8833333333333333,0.878497157257429,0.7498196471162395,363.5439799865708,4.5978909861296415,368.1418709727004
UNSW_NB15,6q_5k,QVE,full,3,L3,qiskit_heavy,0.0,6,3,789,0,0.8833333333333333,0.8787654320987656,0.7488815358919463,382.7814594823867,4.225725636817515,387.0071851192042
UNSW_NB15,6q_5k,QVE,full,3,L3,qiskit_heavy,0.0,6,4,1024,1,0.888,0.883400619706672,0.7606541546675857,368.13215626077726,4.40334392990917,372.53550019068643
UNSW_NB15,6q_5k,QVE,full,3,L3,qiskit_heavy,0.0,6,5,2048,2,0.8873333333333333,0.886459733048512,0.7531938353623014,383.60815503494814,4.169921081978828,387.77807611692697
UNSW_NB15,6q_5k,QVE,full,3,L3,qiskit_heavy,0.0,6,6,3072,0,0.89,0.8857761094460369,0.7642116339134922,367.267414432019,5.148850697092712,372.4162651291117
UNSW_NB15,6q_5k,QVE,full,3,L3,qiskit_heavy,0.0,6,7,4096,1,0.8946666666666667,0.8910478585746642,0.7734800703161994,380.5485539622605,6.519423290155828,387.0679772524163
UNSW_NB15,6q_5k,QVE,full,3,L3,qiskit_heavy,0.0,6,8,5120,2,0.896,0.8925014705882354,0.776301918617425,382.35288052493706,5.059458856470883,387.41233938140795
UNSW_NB15,6q_5k,QVE,full,3,L3,qiskit_heavy,0.0,6,9,6144,0,0.8913333333333333,0.8863345036631931,0.7712675783869998,366.0315322326496,4.50836757896468,370.5398998116143
UNSW_NB15,6q_5k,QVE,full,3,L3,qiskit_heavy,0.0,6,10,7168,1,0.898,0.8948351084505947,0.7802500213924556,380.769029582385,4.949247572105378,385.71827715449035
UNSW_NB15,6q_5k,QVE,full,3,L3,qiskit_heavy,0.0,6,11,8192,2,0.8813333333333333,0.8767319772759867,0.7440428649043754,381.5189240430482,4.523883966729045,386.0428080097772
UNSW_NB15,6q_5k,QVE,full,3,L3,qiskit_heavy,0.0,6,12,9216,0,0.8593333333333333,0.8548496068371716,0.6908634013054824,383.4152240920812,3.6339364079758525,387.04916050005704
UNSW_NB15,6q_5k,QVE,full,3,L3,qiskit_heavy,0.0,6,13,10240,1,0.8946666666666667,0.8915781790859822,0.7719984444292582,372.8059112485498,4.431893598753959,377.2378048473038
UNSW_NB15,6q_5k,QVE,full,3,L3,qiskit_heavy,0.0,6,14,11264,2,0.8866666666666667,0.8824618675595238,0.7562192924515242,383.61094642803073,3.797015117947012,387.40796154597774
UNSW_NB15,6q_5k,QVE,full,3,L3,qiskit_heavy,0.0,6,15,12288,0,0.8893333333333333,0.8847028733290729,0.7641461361378994,380.18275358434767,3.6913472237065434,383.8741008080542
UNSW_NB15,6q_5k,QVE,full,3,L3,qiskit_heavy,0.0,6,16,13312,1,0.894,0.8917418648033341,0.7684727321001884,362.23681196803227,4.415812312159687,366.65262428019196
UNSW_NB15,6q_5k,QVE,full,3,L3,qiskit_heavy,0.0,6,17,14336,2,0.8813333333333333,0.8764831850847709,0.7452211620727063,379.15840677311644,3.7568378136493266,382.91524458676577
UNSW_NB15,6q_5k,QVE,full,3,L3,qiskit_heavy,0.0,6,18,15360,0,0.8906666666666667,0.8865093723525879,0.765617502576265,368.61648740200326,4.312911034096032,372.9293984360993
UNSW_NB15,6q_5k,QVE,full,3,L3,qiskit_heavy,0.0,6,19,16384,1,0.8886666666666667,0.8842439475276459,0.7619784160621064,386.3929724418558,3.5839909338392317,389.97696337569505
UNSW_NB15,6q_5k,QVE,full,3,L3,qiskit_heavy,0.0,6,20,17408,2,0.886,0.8815365079365081,0.7551407147084368,385.3632270176895,4.217623019125313,389.5808500368148
UNSW_NB15,6q_5k,QVE,full,3,L3,qiskit_heavy,0.0,6,21,18432,0,0.8906666666666667,0.8869887254901961,0.7639246887745395,359.8279953515157,4.438281625043601,364.2662769765593
UNSW_NB15,6q_5k,QVE,full,3,L3,qiskit_heavy,0.0,6,22,19456,1,0.8926666666666667,0.8908228632541265,0.764912280421435,375.1557002137415,4.73984288610518,379.8955430998467
UNSW_NB15,6q_5k,QVE,full,3,L3,qiskit_heavy,0.0,6,23,20480,2,0.8853333333333333,0.8809732441746654,0.7531282620778117,375.37996077304706,4.200164528563619,379.5801253016107
UNSW_NB15,6q_5k,QVE,full,3,L3,qiskit_heavy,0.0,6,24,21504,0,0.8933333333333333,0.8888702393533234,0.7735872137541415,366.0673359199427,4.557068982627243,370.62440490256995
UNSW_NB15,6q_5k,QVE,full,3,L3,qiskit_heavy,0.0,6,25,22528,1,0.8846666666666667,0.8794296184759308,0.7547514015392964,381.546103597153,3.7672818205319345,385.3133854176849
UNSW_NB15,6q_5k,QVE,full,3,L3,qiskit_heavy,0.0,6,26,23552,2,0.89,0.8862782607009312,0.7627538759789526,379.4225548817776,5.5454548806883395,384.96800976246595
UNSW_NB15,6q_5k,QVE,full,3,L3,qiskit_heavy,0.0,6,27,24576,0,0.8846666666666667,0.8802379814191782,0.7517127384305999,364.1521256179549,4.010636082850397,368.1627617008053
UNSW_NB15,6q_5k,QVE,full,3,L3,qiskit_heavy,0.0,6,28,25600,1,0.888,0.8846236757909703,0.7566211998905726,380.35360963316634,3.6506759952753782,384.0042856284417
UNSW_NB15,6q_5k,QVE,full,3,L3,qiskit_heavy,0.0,6,29,26624,2,0.8906666666666667,0.8855690245648237,0.7696407268401266,379.994295577053,3.486979835201055,383.48127541225404
UNSW_NB15,6q_5k,QVE,full,3,L3,qiskit_heavy,0.0003,6,0,42,0,0.89,0.8859594492695528,0.7638557540933594,260.08137807948515,1.5830972623080015,261.66447534179315
UNSW_NB15,6q_5k,QVE,full,3,L3,qiskit_heavy,0.0003,6,1,123,1,0.8866666666666667,0.883032098222556,0.7544348623684867,263.7058373671025,0.15023054368793964,263.85606791079044
UNSW_NB15,6q_5k,QVE,full,3,L3,qiskit_heavy,0.0003,6,2,456,2,0.8833333333333333,0.878497157257429,0.7498196471162395,261.7195063410327,1.657277095131576,263.37678343616426
UNSW_NB15,6q_5k,QVE,full,3,L3,qiskit_heavy,0.0003,6,3,789,0,0.88,0.8745025629077352,0.7438384521199823,260.2420473783277,1.3221926898695529,261.56424006819725
UNSW_NB15,6q_5k,QVE,full,3,L3,qiskit_heavy,0.0003,6,4,1024,1,0.8886666666666667,0.8841375848873396,0.7620551537628131,241.13783052377403,0.9608821207657456,242.09871264453977
UNSW_NB15,6q_5k,QVE,full,3,L3,qiskit_heavy,0.0003,6,5,2048,2,0.8993333333333333,0.8975952645584345,0.7796528663689603,256.3845919817686,2.5971680590882897,258.9817600408569
UNSW_NB15,6q_5k,QVE,full,3,L3,qiskit_heavy,0.0003,6,6,3072,0,0.8966666666666666,0.8938640326958492,0.7756496453507304,261.04215310234576,1.1156103387475014,262.15776344109327
UNSW_NB15,6q_5k,QVE,full,3,L3,qiskit_heavy,0.0003,6,7,4096,1,0.8953333333333333,0.8917749792786289,0.7748909647442299,248.62206015828997,2.0337740825489163,250.65583424083889
UNSW_NB15,6q_5k,QVE,full,3,L3,qiskit_heavy,0.0003,6,8,5120,2,0.8973333333333333,0.8938796568627451,0.7793962260781465,257.07747096568346,1.7577080274932086,258.83517899317667
UNSW_NB15,6q_5k,QVE,full,3,L3,qiskit_heavy,0.0003,6,9,6144,0,0.8826666666666667,0.876834336677815,0.7524930776512708,254.0041914479807,1.8869850728660822,255.89117652084678
UNSW_NB15,6q_5k,QVE,full,3,L3,qiskit_heavy,0.0003,6,10,7168,1,0.896,0.8927370989783302,0.7757584738413966,255.36107253096998,2.52728425944224,257.8883567904122
UNSW_NB15,6q_5k,QVE,full,3,L3,qiskit_heavy,0.0003,6,11,8192,2,0.882,0.8774689174057487,0.7454632906891538,260.5733903157525,1.4429781553335488,262.016368471086
UNSW_NB15,6q_5k,QVE,full,3,L3,qiskit_heavy,0.0003,6,12,9216,0,0.8593333333333333,0.8548496068371716,0.6908634013054824,260.0361722749658,1.5394103550352156,261.575582630001
UNSW_NB15,6q_5k,QVE,full,3,L3,qiskit_heavy,0.0003,6,13,10240,1,0.89,0.8862782607009312,0.7627538759789526,262.86231474624947,0.8364061303436756,263.69872087659314
UNSW_NB15,6q_5k,QVE,full,3,L3,qiskit_heavy,0.0003,6,14,11264,2,0.8873333333333333,0.8831948298579054,0.7576326938380895,253.78043491207063,2.216369470115751,255.99680438218638
UNSW_NB15,6q_5k,QVE,full,3,L3,qiskit_heavy,0.0003,6,15,12288,0,0.8913333333333333,0.8874820995319107,0.7661419128354436,258.1788846780546,2.7331140330061316,260.91199871106073
UNSW_NB15,6q_5k,QVE,full,3,L3,qiskit_heavy,0.0003,6,16,13312,1,0.8966666666666666,0.8938096126187459,0.7760712906544258,243.86857706401497,1.9347180975601077,245.80329516157508
UNSW_NB15,6q_5k,QVE,full,3,L3,qiskit_heavy,0.0003,6,17,14336,2,0.882,0.8771316265801781,0.7469503543552541,260.9464583848603,1.030031407251954,261.97648979211226
UNSW_NB15,6q_5k,QVE,full,3,L3,qiskit_heavy,0.0003,6,18,15360,0,0.89,0.8857761094460369,0.7642116339134922,258.24038730049506,1.0587728340178728,259.29916013451293
UNSW_NB15,6q_5k,QVE,full,3,L3,qiskit_heavy,0.0003,6,19,16384,1,0.8873333333333333,0.8832774544818376,0.757352621438977,252.17061515385285,1.9323298544622958,254.10294500831515
UNSW_NB15,6q_5k,QVE,full,3,L3,qiskit_heavy,0.0003,6,20,17408,2,0.886,0.8815365079365081,0.7551407147084368,255.70011501712725,1.893182328902185,257.59329734602943
UNSW_NB15,6q_5k,QVE,full,3,L3,qiskit_heavy,0.0003,6,21,18432,0,0.8893333333333333,0.8856105392156861,0.7608303813138181,255.29464534670115,2.6858644522726536,257.9805097989738
UNSW_NB15,6q_5k,QVE,full,3,L3,qiskit_heavy,0.0003,6,22,19456,1,0.8886666666666667,0.8870649299792185,0.7558271694693176,262.91895365621895,0.9598525874316692,263.8788062436506
UNSW_NB15,6q_5k,QVE,full,3,L3,qiskit_heavy,0.0003,6,23,20480,2,0.894,0.8904719121766551,0.7715288345844354,262.1324978149496,0.9691297826357186,263.1016275975853
UNSW_NB15,6q_5k,QVE,full,3,L3,qiskit_heavy,0.0003,6,24,21504,0,0.8953333333333333,0.8910754540557625,0.7777525271580921,261.5768842669204,0.4907446540892124,262.0676289210096
UNSW_NB15,6q_5k,QVE,full,3,L3,qiskit_heavy,0.0003,6,25,22528,1,0.8833333333333333,0.878035741232878,0.7515809941868243,253.84806878305972,1.9268432660028338,255.77491204906255
UNSW_NB15,6q_5k,QVE,full,3,L3,qiskit_heavy,0.0003,6,26,23552,2,0.89,0.8862782607009312,0.7627538759789526,258.7929076994769,1.6334092603065073,260.42631695978343
UNSW_NB15,6q_5k,QVE,full,3,L3,qiskit_heavy,0.0003,6,27,24576,0,0.884,0.8795020452023691,0.7502971654541537,241.4961351538077,2.2196958088316023,243.7158309626393
UNSW_NB15,6q_5k,QVE,full,3,L3,qiskit_heavy,0.0003,6,28,25600,1,0.8886666666666667,0.8851179352692307,0.758692639553828,260.27019143337384,1.0490146232768893,261.3192060566507
UNSW_NB15,6q_5k,QVE,full,3,L3,qiskit_heavy,0.0003,6,29,26624,2,0.8913333333333333,0.88631102202198,0.7710184178360687,260.38194897631183,0.9881571047008038,261.37010608101264
UNSW_NB15,6q_5k,QVE,full,3,L3,qiskit_heavy,0.0005,6,0,42,0,0.8906666666666667,0.8866102722338935,0.7655609714238308,262.8804361028597,2.1582831447012722,265.03871924756095
UNSW_NB15,6q_5k,QVE,full,3,L3,qiskit_heavy,0.0005,6,1,123,1,0.8866666666666667,0.883032098222556,0.7544348623684867,263.5290105356835,1.2821911298669875,264.81120166555047
UNSW_NB15,6q_5k,QVE,full,3,L3,qiskit_heavy,0.0005,6,2,456,2,0.8833333333333333,0.878497157257429,0.7498196471162395,263.4274175320752,0.9090400370769203,264.3364575691521
UNSW_NB15,6q_5k,QVE,full,3,L3,qiskit_heavy,0.0005,6,3,789,0,0.884,0.8795020452023691,0.7502971654541537,255.78651161724702,1.81532000657171,257.6018316238187
UNSW_NB15,6q_5k,QVE,full,3,L3,qiskit_heavy,0.0005,6,4,1024,1,0.8886666666666667,0.8841375848873396,0.7620551537628131,264.6435897150077,0.8354484462179244,265.4790381612256
UNSW_NB15,6q_5k,QVE,full,3,L3,qiskit_heavy,0.0005,6,5,2048,2,0.8986666666666666,0.8970037123771728,0.7780657415520774,260.3461870648898,1.7983477641828358,262.14453482907265
UNSW_NB15,6q_5k,QVE,full,3,L3,qiskit_heavy,0.0005,6,6,3072,0,0.892,0.8878934043970687,0.7687398127008783,263.2789635621011,0.9517910177819431,264.23075457988307
UNSW_NB15,6q_5k,QVE,full,3,L3,qiskit_heavy,0.0005,6,7,4096,1,0.8953333333333333,0.8917749792786289,0.7748909647442299,259.86731621949,1.8415313130244613,261.7088475325145
UNSW_NB15,6q_5k,QVE,full,3,L3,qiskit_heavy,0.0005,6,8,5120,2,0.8833333333333333,0.8789407687392633,0.74830392569315,253.34231127006933,3.408386559225619,256.75069782929495
UNSW_NB15,6q_5k,QVE,full,3,L3,qiskit_heavy,0.0005,6,9,6144,0,0.8826666666666667,0.876834336677815,0.7524930776512708,260.3555466909893,1.645421250257641,262.0009679412469
UNSW_NB15,6q_5k,QVE,full,3,L3,qiskit_heavy,0.0005,6,10,7168,1,0.896,0.8927370989783302,0.7757584738413966,261.9814340672456,0.9305557841435075,262.9119898513891
UNSW_NB15,6q_5k,QVE,full,3,L3,qiskit_heavy,0.0005,6,11,8192,2,0.882,0.8774689174057487,0.7454632906891538,263.7562700752169,1.309220613911748,265.06549068912864
UNSW_NB15,6q_5k,QVE,full,3,L3,qiskit_heavy,0.0005,6,12,9216,0,0.8606666666666667,0.8561276794667295,0.6940830648005295,259.3357119914144,2.4529856126755476,261.78869760409
UNSW_NB15,6q_5k,QVE,full,3,L3,qiskit_heavy,0.0005,6,13,10240,1,0.896,0.8930900220276347,0.7746436203280437,263.11558924708515,1.5655640684999526,264.6811533155851
UNSW_NB15,6q_5k,QVE,full,3,L3,qiskit_heavy,0.0005,6,14,11264,2,0.8866666666666667,0.8824618675595238,0.7562192924515242,261.39310105890036,1.857554025016725,263.2506550839171
UNSW_NB15,6q_5k,QVE,full,3,L3,qiskit_heavy,0.0005,6,15,12288,0,0.8913333333333333,0.8874820995319107,0.7661419128354436,255.6109106806107,1.9877052288502455,257.59861590946093
UNSW_NB15,6q_5k,QVE,full,3,L3,qiskit_heavy,0.0005,6,16,13312,1,0.8966666666666666,0.8938096126187459,0.7760712906544258,263.3534848871641,1.200262364000082,264.55374725116417
UNSW_NB15,6q_5k,QVE,full,3,L3,qiskit_heavy,0.0005,6,17,14336,2,0.882,0.8771316265801781,0.7469503543552541,261.2212850069627,2.644259701948613,263.86554470891133
UNSW_NB15,6q_5k,QVE,full,3,L3,qiskit_heavy,0.0005,6,18,15360,0,0.888,0.8836571470919425,0.7596786162788212,258.5125661189668,1.7652887557633221,260.2778548747301
UNSW_NB15,6q_5k,QVE,full,3,L3,qiskit_heavy,0.0005,6,19,16384,1,0.8873333333333333,0.8832774544818376,0.757352621438977,261.4152801842429,1.3111850540153682,262.72646523825824
UNSW_NB15,6q_5k,QVE,full,3,L3,qiskit_heavy,0.0005,6,20,17408,2,0.886,0.8815365079365081,0.7551407147084368,260.3960962090641,2.230752852745354,262.6268490618095
UNSW_NB15,6q_5k,QVE,full,3,L3,qiskit_heavy,0.0005,6,21,18432,0,0.8893333333333333,0.8856105392156861,0.7608303813138181,253.8689435031265,2.217815997079015,256.0867595002055
UNSW_NB15,6q_5k,QVE,full,3,L3,qiskit_heavy,0.0005,6,22,19456,1,0.888,0.8864191548582996,0.7543396740866901,256.36815307848155,2.4841600130312145,258.85231309151277
UNSW_NB15,6q_5k,QVE,full,3,L3,qiskit_heavy,0.0005,6,23,20480,2,0.884,0.8795020452023691,0.7502971654541537,260.19086902868,0.7281212592497468,260.9189902879298
UNSW_NB15,6q_5k,QVE,full,3,L3,qiskit_heavy,0.0005,6,24,21504,0,0.8953333333333333,0.8910754540557625,0.7777525271580921,258.6969549274072,2.8705405495129526,261.56749547692016
UNSW_NB15,6q_5k,QVE,full,3,L3,qiskit_heavy,0.0005,6,25,22528,1,0.8846666666666667,0.8793362380969479,0.7551396397416125,264.2040856149979,1.291361026931554,265.49544664192945
UNSW_NB15,6q_5k,QVE,full,3,L3,qiskit_heavy,0.0005,6,26,23552,2,0.89,0.8862782607009312,0.7627538759789526,261.29933599988,1.6351077943108976,262.9344437941909
UNSW_NB15,6q_5k,QVE,full,3,L3,qiskit_heavy,0.0005,6,27,24576,0,0.8846666666666667,0.8801509700176366,0.7520111253001915,262.23099619708955,0.6317995339632034,262.86279573105276
UNSW_NB15,6q_5k,QVE,full,3,L3,qiskit_heavy,0.0005,6,28,25600,1,0.8906666666666667,0.8873707311292807,0.7627657478322195,262.1771005606279,0.8342020083218813,263.01130256894976
UNSW_NB15,6q_5k,QVE,full,3,L3,qiskit_heavy,0.0005,6,29,26624,2,0.8833333333333333,0.8775560597401189,0.7536012509885661,249.82679868582636,1.6560206850990653,251.48281937092543
UNSW_NB15,6q_5k,QVE,full,3,L3,qiskit_heavy,0.001,6,0,42,0,0.8926666666666667,0.8896276741053456,0.7670993105168176,261.48641840554774,0.8664448694325984,262.35286327498034
UNSW_NB15,6q_5k,QVE,full,3,L3,qiskit_heavy,0.001,6,1,123,1,0.886,0.882304153989128,0.7530056367742693,261.2289048298262,1.9011364844627678,263.130041314289
UNSW_NB15,6q_5k,QVE,full,3,L3,qiskit_heavy,0.001,6,2,456,2,0.8833333333333333,0.878497157257429,0.7498196471162395,247.73855914222077,2.3809293513186276,250.1194884935394
UNSW_NB15,6q_5k,QVE,full,3,L3,qiskit_heavy,0.001,6,3,789,0,0.884,0.8795020452023691,0.7502971654541537,258.9431620910764,2.1953474669717252,261.1385095580481
UNSW_NB15,6q_5k,QVE,full,3,L3,qiskit_heavy,0.001,6,4,1024,1,0.878,0.8721615902593071,0.7400146791633883,261.15707427216694,1.5110735730268061,262.66814784519374
UNSW_NB15,6q_5k,QVE,full,3,L3,qiskit_heavy,0.001,6,5,2048,2,0.898,0.8963549081162909,0.7765462189448633,261.609635300003,1.535008978098631,263.1446442781016
UNSW_NB15,6q_5k,QVE,full,3,L3,qiskit_heavy,0.001,6,6,3072,0,0.8986666666666666,0.8960178650125785,0.7799457479952959,262.0294081652537,1.4095270307734609,263.43893519602716
UNSW_NB15,6q_5k,QVE,full,3,L3,qiskit_heavy,0.001,6,7,4096,1,0.8953333333333333,0.8917749792786289,0.7748909647442299,252.4168514222838,1.1327436966821551,253.54959511896595
UNSW_NB15,6q_5k,QVE,full,3,L3,qiskit_heavy,0.001,6,8,5120,2,0.898,0.8946050475662153,0.7808049908194198,263.5175263630226,0.5975423799827695,264.1150687430054
UNSW_NB15,6q_5k,QVE,full,3,L3,qiskit_heavy,0.001,6,9,6144,0,0.8826666666666667,0.876834336677815,0.7524930776512708,263.68296803720295,1.1026035086251795,264.78557154582813
UNSW_NB15,6q_5k,QVE,full,3,L3,qiskit_heavy,0.001,6,10,7168,1,0.8933333333333333,0.8898377476515391,0.7700944184323667,256.8088606139645,1.7193165738135576,258.52817718777806
UNSW_NB15,6q_5k,QVE,full,3,L3,qiskit_heavy,0.001,6,11,8192,2,0.882,0.8774689174057487,0.7454632906891538,263.6417267024517,0.586661275010556,264.22838797746226
UNSW_NB15,6q_5k,QVE,full,3,L3,qiskit_heavy,0.001,6,12,9216,0,0.8626666666666667,0.8580468137254902,0.69894423209939,258.5361683005467,1.746532579883933,260.28270088043064
UNSW_NB15,6q_5k,QVE,full,3,L3,qiskit_heavy,0.001,6,13,10240,1,0.896,0.8930900220276347,0.7746436203280437,255.7115766410716,1.9464577957987785,257.65803443687037
UNSW_NB15,6q_5k,QVE,full,3,L3,qiskit_heavy,0.001,6,14,11264,2,0.8866666666666667,0.8822929569587353,0.7568123452681219,260.6571433329955,1.1464136820286512,261.8035570150241
UNSW_NB15,6q_5k,QVE,full,3,L3,qiskit_heavy,0.001,6,15,12288,0,0.8913333333333333,0.8874820995319107,0.7661419128354436,256.50041755102575,2.0874990657903254,258.5879166168161
UNSW_NB15,6q_5k,QVE,full,3,L3,qiskit_heavy,0.001,6,16,13312,1,0.8913333333333333,0.8892139004226987,0.7621738070064369,262.9071406023577,0.5169188943691552,263.42405949672684
UNSW_NB15,6q_5k,QVE,full,3,L3,qiskit_heavy,0.001,6,17,14336,2,0.872,0.8653120039609694,0.7281352910608105,260.4136853776872,1.4135667402297258,261.82725211791694
UNSW_NB15,6q_5k,QVE,full,3,L3,qiskit_heavy,0.001,6,18,15360,0,0.8906666666666667,0.8865093723525879,0.765617502576265,259.98980405554175,1.505035306327045,261.4948393618688
UNSW_NB15,6q_5k,QVE,full,3,L3,qiskit_heavy,0.001,6,19,16384,1,0.886,0.8818125201520819,0.7545211637104545,264.71526777744293,1.2276266640983522,265.9428944415413
UNSW_NB15,6q_5k,QVE,full,3,L3,qiskit_heavy,0.001,6,20,17408,2,0.8853333333333333,0.8808870791655603,0.7534243157290429,264.71906062588096,1.1131632709875703,265.8322238968685
UNSW_NB15,6q_5k,QVE,full,3,L3,qiskit_heavy,0.001,6,21,18432,0,0.8906666666666667,0.8869887254901961,0.7639246887745395,261.8967304667458,0.5879500089213252,262.4846804756671
UNSW_NB15,6q_5k,QVE,full,3,L3,qiskit_heavy,0.001,6,22,19456,1,0.898,0.895827077452265,0.7775181755262682,261.3524218550883,1.0252650785259902,262.3776869336143
UNSW_NB15,6q_5k,QVE,full,3,L3,qiskit_heavy,0.001,6,23,20480,2,0.884,0.8795892121301848,0.7500059519531984,242.14062346564606,1.7030561189167202,243.84367958456278
UNSW_NB15,6q_5k,QVE,full,3,L3,qiskit_heavy,0.001,6,24,21504,0,0.8953333333333333,0.8910754540557625,0.7777525271580921,262.2692913878709,0.8961738371290267,263.16546522499993
UNSW_NB15,6q_5k,QVE,full,3,L3,qiskit_heavy,0.001,6,25,22528,1,0.8846666666666667,0.8793362380969479,0.7551396397416125,252.10181445581838,2.3287374982610345,254.43055195407942
UNSW_NB15,6q_5k,QVE,full,3,L3,qiskit_heavy,0.001,6,26,23552,2,0.8893333333333333,0.8855495098039216,0.7613358542580494,260.9408179675229,1.5783459208905697,262.51916388841346
UNSW_NB15,6q_5k,QVE,full,3,L3,qiskit_heavy,0.001,6,27,24576,0,0.8846666666666667,0.8801509700176366,0.7520111253001915,263.0873700142838,1.5071727214381099,264.5945427357219
UNSW_NB15,6q_5k,QVE,full,3,L3,qiskit_heavy,0.001,6,28,25600,1,0.8873333333333333,0.8835833531940548,0.7560685741927948,258.6774486703798,1.7189804166555405,260.39642908703536
UNSW_NB15,6q_5k,QVE,full,3,L3,qiskit_heavy,0.001,6,29,26624,2,0.892,0.8869645242652526,0.7728191778684712,255.7280979589559,1.981861816253513,257.7099597752094
UNSW_NB15,6q_5k,QVE,full,3,L3,qiskit_heavy,0.002,6,0,42,0,0.8946666666666667,0.890601689408707,0.7755531585547905,260.9512152187526,1.2144118980504572,262.1656271168031
UNSW_NB15,6q_5k,QVE,full,3,L3,qiskit_heavy,0.002,6,1,123,1,0.8853333333333333,0.8814127450980392,0.7520498614131699,254.7654049838893,1.5801131250336766,256.345518108923
UNSW_NB15,6q_5k,QVE,full,3,L3,qiskit_heavy,0.002,6,2,456,2,0.8793333333333333,0.8737564109569224,0.7424366172660474,257.1501392624341,1.5246581421233714,258.67479740455747
UNSW_NB15,6q_5k,QVE,full,3,L3,qiskit_heavy,0.002,6,3,789,0,0.884,0.8791463852967392,0.7515580326495767,264.7717167288065,1.6617634249851108,266.4334801537916
UNSW_NB15,6q_5k,QVE,full,3,L3,qiskit_heavy,0.002,6,4,1024,1,0.878,0.8721615902593071,0.7400146791633883,266.7429362181574,0.41461143642663956,267.15754765458405
UNSW_NB15,6q_5k,QVE,full,3,L3,qiskit_heavy,0.002,6,5,2048,2,0.8926666666666667,0.8907516324285183,0.7647418050888781,266.04414252378047,0.3173311036080122,266.3614736273885
UNSW_NB15,6q_5k,QVE,full,3,L3,qiskit_heavy,0.002,6,6,3072,0,0.8926666666666667,0.8885451734594663,0.7704610816549383,261.24285452021286,2.164439090061933,263.4072936102748
UNSW_NB15,6q_5k,QVE,full,3,L3,qiskit_heavy,0.002,6,7,4096,1,0.8966666666666666,0.8930793478355381,0.7782715176995159,261.29908176138997,2.345793570857495,263.64487533224747
UNSW_NB15,6q_5k,QVE,full,3,L3,qiskit_heavy,0.002,6,8,5120,2,0.8946666666666667,0.89066146848603,0.774984432950105,263.52837275573984,0.8489359808154404,264.3773087365553
UNSW_NB15,6q_5k,QVE,full,3,L3,qiskit_heavy,0.002,6,9,6144,0,0.8813333333333333,0.8753349197080903,0.7497300601038013,261.38867386383936,1.1837230268865824,262.57239689072594
UNSW_NB15,6q_5k,QVE,full,3,L3,qiskit_heavy,0.002,6,10,7168,1,0.8926666666666667,0.8890351513506055,0.7689400053535893,241.89581048069522,2.513297876343131,244.40910835703835
UNSW_NB15,6q_5k,QVE,full,3,L3,qiskit_heavy,0.002,6,11,8192,2,0.8813333333333333,0.8766420947921476,0.7443338011174845,257.9789348063059,2.346468181349337,260.32540298765525
UNSW_NB15,6q_5k,QVE,full,3,L3,qiskit_heavy,0.002,6,12,9216,0,0.866,0.8602358016858516,0.7094829358011644,262.98845132347196,2.2166085173375905,265.20505984080955
UNSW_NB15,6q_5k,QVE,full,3,L3,qiskit_heavy,0.002,6,13,10240,1,0.8893333333333333,0.8853897873014054,0.7618728443192596,264.9049140182324,1.0075828381814063,265.9124968564138
UNSW_NB15,6q_5k,QVE,full,3,L3,qiskit_heavy,0.002,6,14,11264,2,0.886,0.8816432930760857,0.7550999910918738,257.9606902236119,2.192503255791962,260.15319347940385
UNSW_NB15,6q_5k,QVE,full,3,L3,qiskit_heavy,0.002,6,15,12288,0,0.892,0.8879739152759949,0.7684292715767266,261.2282292745076,0.9405314698815346,262.16876074438915
UNSW_NB15,6q_5k,QVE,full,3,L3,qiskit_heavy,0.002,6,16,13312,1,0.8906666666666667,0.8885018057363067,0.7607107701615002,264.48612737329677,0.1494592591188848,264.63558663241565
UNSW_NB15,6q_5k,QVE,full,3,L3,qiskit_heavy,0.002,6,17,14336,2,0.8826666666666667,0.877871014465841,0.7483593758377514,263.8315769061446,0.6479068552143872,264.479483761359
UNSW_NB15,6q_5k,QVE,full,3,L3,qiskit_heavy,0.002,6,18,15360,0,0.886,0.881449817012596,0.7554535962977259,254.49061964266002,1.5046451878733933,255.99526483053342
UNSW_NB15,6q_5k,QVE,full,3,L3,qiskit_heavy,0.002,6,19,16384,1,0.886,0.8818125201520819,0.7545211637104545,260.32420574873686,1.2487274301238358,261.5729331788607
UNSW_NB15,6q_5k,QVE,full,3,L3,qiskit_heavy,0.002,6,20,17408,2,0.8773333333333333,0.8717137309723516,0.7374923032762732,254.14664034778252,1.5240059732459486,255.67064632102847
UNSW_NB15,6q_5k,QVE,full,3,L3,qiskit_heavy,0.002,6,21,18432,0,0.8913333333333333,0.8877933576702244,0.7650973227012831,264.62862198380753,1.1127622569911182,265.74138424079865
UNSW_NB15,6q_5k,QVE,full,3,L3,qiskit_heavy,0.002,6,22,19456,1,0.8986666666666666,0.896477091378895,0.779087523373801,246.83746976731345,2.153272361960262,248.9907421292737
UNSW_NB15,6q_5k,QVE,full,3,L3,qiskit_heavy,0.002,6,23,20480,2,0.8826666666666667,0.8778482682641328,0.7480862404744609,264.54718396579847,0.5913367648608983,265.13852073065937
UNSW_NB15,6q_5k,QVE,full,3,L3,qiskit_heavy,0.002,6,24,21504,0,0.896,0.8917291468704813,0.7795060259572728,251.12313679372892,1.4924509809352458,252.61558777466416
UNSW_NB15,6q_5k,QVE,full,3,L3,qiskit_heavy,0.002,6,25,22528,1,0.8853333333333333,0.8799870257631076,0.7569269227267481,261.323606910184,1.5922923334874213,262.91589924367145
UNSW_NB15,6q_5k,QVE,full,3,L3,qiskit_heavy,0.002,6,26,23552,2,0.89,0.8861995208752379,0.7630154533525714,263.20075760921463,0.5830326084978878,263.7837902177125
UNSW_NB15,6q_5k,QVE,full,3,L3,qiskit_heavy,0.002,6,27,24576,0,0.8853333333333333,0.8808002264283673,0.7537299251452021,259.09136969875544,1.9510041917674243,261.04237389052287
UNSW_NB15,6q_5k,QVE,full,3,L3,qiskit_heavy,0.002,6,28,25600,1,0.886,0.8821243404881881,0.7532149423183733,261.27703485591337,1.6529734353534877,262.93000829126686
UNSW_NB15,6q_5k,QVE,full,3,L3,qiskit_heavy,0.002,6,29,26624,2,0.892,0.8870523066169619,0.7723961219166731,248.33864866988733,1.8633041875436902,250.20195285743102
UNSW_NB15,6q_5k,QVE,full,3,L3,qiskit_heavy,0.005,6,0,42,0,0.8853333333333333,0.8804688708322045,0.7553160317439809,257.76745177200064,2.6246852297335863,260.3921370017342
UNSW_NB15,6q_5k,QVE,full,3,L3,qiskit_heavy,0.005,6,1,123,1,0.8866666666666667,0.8826280954291501,0.755663814097594,262.5921367742121,0.6376253790222108,263.22976215323433
UNSW_NB15,6q_5k,QVE,full,3,L3,qiskit_heavy,0.005,6,2,456,2,0.874,0.8676545206011588,0.7316140913131073,257.33979517314583,1.5346658108755946,258.8744609840214
UNSW_NB15,6q_5k,QVE,full,3,L3,qiskit_heavy,0.005,6,3,789,0,0.8773333333333333,0.8713102564102564,0.739009997092159,254.05781100364402,1.5118844569660723,255.5696954606101
UNSW_NB15,6q_5k,QVE,full,3,L3,qiskit_heavy,0.005,6,4,1024,1,0.884,0.8788721993010186,0.7526072795944566,263.99251492414623,1.0742337107658386,265.0667486349121
UNSW_NB15,6q_5k,QVE,full,3,L3,qiskit_heavy,0.005,6,5,2048,2,0.894,0.8909127173699761,0.7701257184836587,262.6467515840195,1.7851354079321027,264.4318869919516
UNSW_NB15,6q_5k,QVE,full,3,L3,qiskit_heavy,0.005,6,6,3072,0,0.8926666666666667,0.8885451734594663,0.7704610816549383,264.2795999040827,1.9281158046796918,266.2077157087624
UNSW_NB15,6q_5k,QVE,full,3,L3,qiskit_heavy,0.005,6,7,4096,1,0.8906666666666667,0.886260929849647,0.766593122044202,264.69078731397167,1.4863125351257622,266.17709984909743
UNSW_NB15,6q_5k,QVE,full,3,L3,qiskit_heavy,0.005,6,8,5120,2,0.8873333333333333,0.8831750257492692,0.7573746092059623,261.27713665226474,2.3516085958108306,263.6287452480756
UNSW_NB15,6q_5k,QVE,full,3,L3,qiskit_heavy,0.005,6,9,6144,0,0.878,0.8713615384493972,0.7437479053857835,262.57496221363544,1.8505422002635896,264.42550441389903
UNSW_NB15,6q_5k,QVE,full,3,L3,qiskit_heavy,0.005,6,10,7168,1,0.884,0.8799504517859807,0.7492001417859171,257.9894006382674,1.2387229478918016,259.2281235861592
UNSW_NB15,6q_5k,QVE,full,3,L3,qiskit_heavy,0.005,6,11,8192,2,0.882,0.8768307300295409,0.7476862809886577,263.4705671775155,0.5554641396738589,264.02603131718934
UNSW_NB15,6q_5k,QVE,full,3,L3,qiskit_heavy,0.005,6,12,9216,0,0.8673333333333333,0.8608745288571564,0.7148700721941574,261.136438397225,0.9069572309963405,262.04339562822133
UNSW_NB15,6q_5k,QVE,full,3,L3,qiskit_heavy,0.005,6,13,10240,1,0.89,0.8858781309032797,0.7641546749659532,256.4379318840802,2.1098339068703353,258.5477657909505
UNSW_NB15,6q_5k,QVE,full,3,L3,qiskit_heavy,0.005,6,14,11264,2,0.8833333333333333,0.8786987474092096,0.7494552824059911,256.379915910773,1.5854226192459464,257.9653385300189
UNSW_NB15,6q_5k,QVE,full,3,L3,qiskit_heavy,0.005,6,15,12288,0,0.8933333333333333,0.8887868548333665,0.7739626301165059,264.78078880440444,0.9361762390471995,265.71696504345164
UNSW_NB15,6q_5k,QVE,full,3,L3,qiskit_heavy,0.005,6,16,13312,1,0.882,0.8805551381032581,0.7410603616481329,262.15746708074585,1.8571653352119029,264.01463241595775
UNSW_NB15,6q_5k,QVE,full,3,L3,qiskit_heavy,0.005,6,17,14336,2,0.874,0.8682038109959723,0.7300341782166169,261.9814499835484,2.0570347774773836,264.03848476102576
UNSW_NB15,6q_5k,QVE,full,3,L3,qiskit_heavy,0.005,6,18,15360,0,0.882,0.8778179853812771,0.7444015754408494,263.69678182154894,0.5801922660320997,264.27697408758104
UNSW_NB15,6q_5k,QVE,full,3,L3,qiskit_heavy,0.005,6,19,16384,1,0.888,0.8835932816080004,0.7602515266272132,253.33401685440913,1.9271595748141408,255.26117642922327
UNSW_NB15,6q_5k,QVE,full,3,L3,qiskit_heavy,0.005,6,20,17408,2,0.8813333333333333,0.8768211480412235,0.7437613317039717,262.0213918904774,1.4065311308950186,263.4279230213724
UNSW_NB15,6q_5k,QVE,full,3,L3,qiskit_heavy,0.005,6,21,18432,0,0.8866666666666667,0.8828541666666667,0.7546417663923752,261.942725836765,1.3602614551782608,263.3029872919433
UNSW_NB15,6q_5k,QVE,full,3,L3,qiskit_heavy,0.005,6,22,19456,1,0.8933333333333333,0.8905587817782941,0.767990905349114,246.95612171571702,2.0894985776394606,249.04562029335648
UNSW_NB15,6q_5k,QVE,full,3,L3,qiskit_heavy,0.005,6,23,20480,2,0.8906666666666667,0.8861767954279418,0.7669381117641481,261.63544768234715,1.0478265024721622,262.6832741848193
UNSW_NB15,6q_5k,QVE,full,3,L3,qiskit_heavy,0.005,6,24,21504,0,0.8886666666666667,0.8833387189798049,0.7655076662907204,259.1241498477757,0.7687347326427698,259.89288458041847
UNSW_NB15,6q_5k,QVE,full,3,L3,qiskit_heavy,0.005,6,25,22528,1,0.8826666666666667,0.8771960263622498,0.7505700206700588,264.70295221032575,0.4081282648257911,265.11108047515154
UNSW_NB15,6q_5k,QVE,full,3,L3,qiskit_heavy,0.005,6,26,23552,2,0.894,0.8900280170522514,0.7735034796523145,264.32223566202447,0.5316325780004263,264.8538682400249
UNSW_NB15,6q_5k,QVE,full,3,L3,qiskit_heavy,0.005,6,27,24576,0,0.886,0.8818764511421263,0.7539845348420967,263.17382412031293,1.421837908681482,264.5956620289944
UNSW_NB15,6q_5k,QVE,full,3,L3,qiskit_heavy,0.005,6,28,25600,1,0.8766666666666667,0.8740261356544254,0.7290083824739135,263.5320431389846,1.2580227609723806,264.79006589995697
UNSW_NB15,6q_5k,QVE,full,3,L3,qiskit_heavy,0.005,6,29,26624,2,0.8846666666666667,0.8788583707089971,0.7572410006134754,263.5556278130971,1.0107350079342723,264.56636282103136
UNSW_NB15,6q_5k,QVE,full,3,L3,qiskit_heavy,0.008,6,0,42,0,0.8713333333333333,0.8641055780447175,0.7285194761768399,262.7527808137238,1.413509147707373,264.1662899614312
UNSW_NB15,6q_5k,QVE,full,3,L3,qiskit_heavy,0.008,6,1,123,1,0.872,0.8655298010334458,0.7273155204831494,251.20644453074783,2.0175174651667476,253.22396199591458
UNSW_NB15,6q_5k,QVE,full,3,L3,qiskit_heavy,0.008,6,2,456,2,0.864,0.8575476315591922,0.7063915459740543,259.87154629128054,1.7112545231357217,261.58280081441626
UNSW_NB15,6q_5k,QVE,full,3,L3,qiskit_heavy,0.008,6,3,789,0,0.8633333333333333,0.8552513132219142,0.7100836696148866,251.32563847117126,2.0444184239022434,253.3700568950735
UNSW_NB15,6q_5k,QVE,full,3,L3,qiskit_heavy,0.008,6,4,1024,1,0.86,0.8513989840113682,0.703083142131422,246.8823685850948,2.7584960386157036,249.6408646237105
UNSW_NB15,6q_5k,QVE,full,3,L3,qiskit_heavy,0.008,6,5,2048,2,0.8153333333333334,0.8174228738321307,0.6132955215348314,258.1551747727208,1.2182936719618738,259.37346844468266
UNSW_NB15,6q_5k,QVE,full,3,L3,qiskit_heavy,0.008,6,6,3072,0,0.8826666666666667,0.877291394843119,0.7501846009636913,263.28541566897184,0.8495282898657024,264.13494395883754
UNSW_NB15,6q_5k,QVE,full,3,L3,qiskit_heavy,0.008,6,7,4096,1,0.8886666666666667,0.8840515729256608,0.7623976294656377,261.3002369119786,1.2900568060576916,262.59029371803626
UNSW_NB15,6q_5k,QVE,full,3,L3,qiskit_heavy,0.008,6,8,5120,2,0.8693333333333333,0.8616655456640793,0.7245230995329938,257.72586626186967,1.585448492784053,259.3113147546537
UNSW_NB15,6q_5k,QVE,full,3,L3,qiskit_heavy,0.008,6,9,6144,0,0.864,0.8562998716476391,0.7109166919327919,264.8464298499748,0.15510623482987285,265.0015360848047
UNSW_NB15,6q_5k,QVE,full,3,L3,qiskit_heavy,0.008,6,10,7168,1,0.8693333333333333,0.8628382385730212,0.7205286794093811,263.5453380891122,0.9599362639710307,264.5052743530832
UNSW_NB15,6q_5k,QVE,full,3,L3,qiskit_heavy,0.008,6,11,8192,2,0.8706666666666667,0.8665892824061351,0.7169883736416096,261.0055519719608,2.1811008187942207,263.18665279075503
UNSW_NB15,6q_5k,QVE,full,3,L3,qiskit_heavy,0.008,6,12,9216,0,0.8553333333333333,0.8449793429068122,0.6970356584234645,262.6097513423301,2.3926965231075883,265.0024478654377
UNSW_NB15,6q_5k,QVE,full,3,L3,qiskit_heavy,0.008,6,13,10240,1,0.8833333333333333,0.8779664916629374,0.7522367783083616,265.40596041595563,0.14362881518900394,265.54958923114464
UNSW_NB15,6q_5k,QVE,full,3,L3,qiskit_heavy,0.008,6,14,11264,2,0.8673333333333333,0.8615488461023855,0.7132463010845617,265.00087321875617,0.8945890259929001,265.89546224474907
UNSW_NB15,6q_5k,QVE,full,3,L3,qiskit_heavy,0.008,6,15,12288,0,0.8846666666666667,0.8788583707089971,0.7572410006134754,260.9344606101513,1.427527123130858,262.36198773328215
UNSW_NB15,6q_5k,QVE,full,3,L3,qiskit_heavy,0.008,6,16,13312,1,0.872,0.8650908670277092,0.7289983453560661,264.0238620666787,0.925334348808974,264.9491964154877
UNSW_NB15,6q_5k,QVE,full,3,L3,qiskit_heavy,0.008,6,17,14336,2,0.8633333333333333,0.8563672442770778,0.7066844904039551,257.3838116112165,1.7689684871584177,259.15278009837493
UNSW_NB15,6q_5k,QVE,full,3,L3,qiskit_heavy,0.008,6,18,15360,0,0.8753333333333333,0.8706395643099557,0.7295844718967501,262.1480822619051,2.0216357936151326,264.1697180555202
UNSW_NB15,6q_5k,QVE,full,3,L3,qiskit_heavy,0.008,6,19,16384,1,0.8766666666666667,0.8721363522113167,0.7327404528170098,263.8660527318716,1.2901906352490187,265.1562433671206
UNSW_NB15,6q_5k,QVE,full,3,L3,qiskit_heavy,0.008,6,20,17408,2,0.8546666666666667,0.8461382089529045,0.6886623977085728,261.59486340219155,2.1901459032669663,263.7850093054585
UNSW_NB15,6q_5k,QVE,full,3,L3,qiskit_heavy,0.008,6,21,18432,0,0.8626666666666667,0.8571326313965076,0.700716460048746,262.57390039786696,1.1336601627990603,263.707560560666
UNSW_NB15,6q_5k,QVE,full,3,L3,qiskit_heavy,0.008,6,22,19456,1,0.8866666666666667,0.8825453151929111,0.7559369019838377,262.6507831220515,1.1372284512035549,263.78801157325506
UNSW_NB15,6q_5k,QVE,full,3,L3,qiskit_heavy,0.008,6,23,20480,2,0.8726666666666667,0.865705879822365,0.730528233766335,258.65868433983997,2.350262521766126,261.0089468616061
UNSW_NB15,6q_5k,QVE,full,3,L3,qiskit_heavy,0.008,6,24,21504,0,0.87,0.8619528938827185,0.7279417850195902,256.17966694384813,1.1211251076310873,257.3007920514792
UNSW_NB15,6q_5k,QVE,full,3,L3,qiskit_heavy,0.008,6,25,22528,1,0.8773333333333333,0.8711038172588265,0.7398320435682066,261.1173894600943,1.3280714433640242,262.4454609034583
UNSW_NB15,6q_5k,QVE,full,3,L3,qiskit_heavy,0.008,6,26,23552,2,0.8733333333333333,0.8672477041263169,0.7293502340230001,255.73409868963063,1.7266213172115386,257.46072000684217
UNSW_NB15,6q_5k,QVE,full,3,L3,qiskit_heavy,0.008,6,27,24576,0,0.8566666666666667,0.8487049846824632,0.6921228891828296,260.5535528748296,2.0882502417080104,262.64180311653763
UNSW_NB15,6q_5k,QVE,full,3,L3,qiskit_heavy,0.008,6,28,25600,1,0.8626666666666667,0.8617008058608059,0.6990874447809551,261.80604883655906,1.6376009713858366,263.4436498079449
UNSW_NB15,6q_5k,QVE,full,3,L3,qiskit_heavy,0.008,6,29,26624,2,0.8766666666666667,0.870245528002151,0.7388696019027773,262.16439895890653,1.0601371717639267,263.22453613067046
UNSW_NB15,6q_5k,QVE,full,3,L3,qiskit_heavy,0.01,6,0,42,0,0.8253333333333334,0.8228679676956814,0.6146676872418035,261.8280260679312,1.170092523097992,262.9981185910292
UNSW_NB15,6q_5k,QVE,full,3,L3,qiskit_heavy,0.01,6,1,123,1,0.8706666666666667,0.8640194564813496,0.7245122826898559,256.13151407428086,1.5271546132862568,257.6586686875671
UNSW_NB15,6q_5k,QVE,full,3,L3,qiskit_heavy,0.01,6,2,456,2,0.834,0.8296066935973694,0.6321458928565102,255.815525917802,1.5466377288103104,257.3621636466123
UNSW_NB15,6q_5k,QVE,full,3,L3,qiskit_heavy,0.01,6,3,789,0,0.862,0.8539643890112182,0.7063678627620256,259.0536790569313,2.4971005716361105,261.5507796285674
UNSW_NB15,6q_5k,QVE,full,3,L3,qiskit_heavy,0.01,6,4,1024,1,0.8373333333333334,0.8306532810025476,0.6412589698329005,259.7310610311106,2.217355160508305,261.9484161916189
UNSW_NB15,6q_5k,QVE,full,3,L3,qiskit_heavy,0.01,6,5,2048,2,0.8473333333333334,0.8440647841343968,0.6626075792212883,261.7827546959743,0.6087105572223663,262.39146525319666
UNSW_NB15,6q_5k,QVE,full,3,L3,qiskit_heavy,0.01,6,6,3072,0,0.8226666666666667,0.8203425269240872,0.6086893207350274,260.8036016449332,1.8332658004947007,262.6368674454279
UNSW_NB15,6q_5k,QVE,full,3,L3,qiskit_heavy,0.01,6,7,4096,1,0.8753333333333333,0.8693673080791826,0.7336414323815552,261.91697193076834,1.009466698858887,262.9264386296272
UNSW_NB15,6q_5k,QVE,full,3,L3,qiskit_heavy,0.01,6,8,5120,2,0.838,0.8354780769282262,0.6422729297528545,260.1317667933181,2.3411386744119227,262.47290546773
UNSW_NB15,6q_5k,QVE,full,3,L3,qiskit_heavy,0.01,6,9,6144,0,0.8353333333333334,0.8318254126190159,0.6358062285176853,261.9552246890962,1.6152442134916782,263.5704689025879
UNSW_NB15,6q_5k,QVE,full,3,L3,qiskit_heavy,0.01,6,10,7168,1,0.8686666666666667,0.8620833089752579,0.7191190979198209,263.85434044199064,0.7586674080230296,264.6130078500137
UNSW_NB15,6q_5k,QVE,full,3,L3,qiskit_heavy,0.01,6,11,8192,2,0.8526666666666667,0.845246820385482,0.6803602727123712,259.14464215468615,2.5502198291942477,261.6948619838804
UNSW_NB15,6q_5k,QVE,full,3,L3,qiskit_heavy,0.01,6,12,9216,0,0.8553333333333333,0.8449793429068122,0.6970356584234645,263.340849569533,1.0490849129855633,264.3899344825186
UNSW_NB15,6q_5k,QVE,full,3,L3,qiskit_heavy,0.01,6,13,10240,1,0.8853333333333333,0.8798242374196131,0.7580183258871996,261.399003745988,2.0880536339245737,263.4870573799126
UNSW_NB15,6q_5k,QVE,full,3,L3,qiskit_heavy,0.01,6,14,11264,2,0.83,0.8269821704836542,0.6242684252479567,256.85886099981144,2.492987513076514,259.35184851288795
UNSW_NB15,6q_5k,QVE,full,3,L3,qiskit_heavy,0.01,6,15,12288,0,0.8613333333333333,0.8571531224078682,0.6951757204741037,256.63529514474794,2.018275580368936,258.6535707251169
UNSW_NB15,6q_5k,QVE,full,3,L3,qiskit_heavy,0.01,6,16,13312,1,0.8293333333333334,0.8304967510094365,0.6367016232157735,256.95224373042583,1.8281960343010724,258.7804397647269
UNSW_NB15,6q_5k,QVE,full,3,L3,qiskit_heavy,0.01,6,17,14336,2,0.854,0.8454056445392019,0.68761022517871,260.35587830096483,1.191223617643118,261.54710191860795
UNSW_NB15,6q_5k,QVE,full,3,L3,qiskit_heavy,0.01,6,18,15360,0,0.868,0.860253969599427,0.7212630357307737,252.1564501337707,1.616001055110246,253.77245118888095
UNSW_NB15,6q_5k,QVE,full,3,L3,qiskit_heavy,0.01,6,19,16384,1,0.8693333333333333,0.8631629228967374,0.7194421869271017,259.795660791453,1.330685367807746,261.1263461592607
UNSW_NB15,6q_5k,QVE,full,3,L3,qiskit_heavy,0.01,6,20,17408,2,0.8493333333333334,0.8411629843639009,0.6737878818875391,255.14602333912626,1.2058711550198495,256.3518944941461
UNSW_NB15,6q_5k,QVE,full,3,L3,qiskit_heavy,0.01,6,21,18432,0,0.864,0.8562642829513484,0.7105814310929083,260.22134609660134,1.2922576139681041,261.51360371056944
UNSW_NB15,6q_5k,QVE,full,3,L3,qiskit_heavy,0.01,6,22,19456,1,0.8653333333333333,0.8569728871152106,0.7170403725735547,259.1841454929672,1.3025895589962602,260.4867350519635
UNSW_NB15,6q_5k,QVE,full,3,L3,qiskit_heavy,0.01,6,23,20480,2,0.8686666666666667,0.8610192494454589,0.7226525252524665,245.07807759894058,2.1882213191129267,247.2662989180535
UNSW_NB15,6q_5k,QVE,full,3,L3,qiskit_heavy,0.01,6,24,21504,0,0.8426666666666667,0.8390554663068157,0.6519745932512757,253.60078480420634,1.8424845882691443,255.4432693924755
UNSW_NB15,6q_5k,QVE,full,3,L3,qiskit_heavy,0.01,6,25,22528,1,0.856,0.8524218341790025,0.6823385075262784,260.7588287992403,1.546731814276427,262.3055606135167
UNSW_NB15,6q_5k,QVE,full,3,L3,qiskit_heavy,0.01,6,26,23552,2,0.872,0.8653120039609694,0.7281352910608105,261.2531726965681,1.3505721502006054,262.6037448467687
UNSW_NB15,6q_5k,QVE,full,3,L3,qiskit_heavy,0.01,6,27,24576,0,0.816,0.8125562213479404,0.5922318288832452,251.99651137599722,1.1974500119686127,253.19396138796583
UNSW_NB15,6q_5k,QVE,full,3,L3,qiskit_heavy,0.01,6,28,25600,1,0.858,0.8521136828333279,0.6900742309565983,256.17951627029106,1.4076627101749182,257.587178980466
UNSW_NB15,6q_5k,QVE,full,3,L3,qiskit_heavy,0.01,6,29,26624,2,0.852,0.8467007998426135,0.6745942632740791,260.515754412394,1.4663332547061145,261.98208766710013
UNSW_NB15,6q_5k,QVE,full,3,L3,qiskit_heavy,0.02,6,0,42,0,0.872,0.8644070532041814,0.7318576301021134,263.61270879907534,0.9629136058501899,264.5756224049255
UNSW_NB15,6q_5k,QVE,full,3,L3,qiskit_heavy,0.02,6,1,123,1,0.8533333333333334,0.8425141289342705,0.6938505014992022,258.6934602553956,2.279939218889922,260.97339947428554
UNSW_NB15,6q_5k,QVE,full,3,L3,qiskit_heavy,0.02,6,2,456,2,0.8386666666666667,0.8246450622515643,0.6636233473304929,259.7715186262503,2.64306946285069,262.414588089101
UNSW_NB15,6q_5k,QVE,full,3,L3,qiskit_heavy,0.02,6,3,789,0,0.8446666666666667,0.831764772623356,0.6767806007418673,250.03012997936457,2.031146210152656,252.06127618951723
UNSW_NB15,6q_5k,QVE,full,3,L3,qiskit_heavy,0.02,6,4,1024,1,0.848,0.8359457734691031,0.6830380791346948,263.59728390490636,1.1536909057758749,264.75097481068224
UNSW_NB15,6q_5k,QVE,full,3,L3,qiskit_heavy,0.02,6,5,2048,2,0.8646666666666667,0.8555157863909257,0.7180686347376058,261.818941836711,2.4653516900725663,264.2842935267836
UNSW_NB15,6q_5k,QVE,full,3,L3,qiskit_heavy,0.02,6,6,3072,0,0.8753333333333333,0.8682978890372842,0.7379419632496724,260.8691030102782,1.754365587607026,262.6234685978852
UNSW_NB15,6q_5k,QVE,full,3,L3,qiskit_heavy,0.02,6,7,4096,1,0.872,0.8644886977933839,0.7310432271374339,248.61411957629025,1.7757076462730765,250.38982722256333
UNSW_NB15,6q_5k,QVE,full,3,L3,qiskit_heavy,0.02,6,8,5120,2,0.87,0.8621933412067571,0.7269017771771107,262.34225544985384,0.8604480274952948,263.20270347734913
UNSW_NB15,6q_5k,QVE,full,3,L3,qiskit_heavy,0.02,6,9,6144,0,0.872,0.864053437258022,0.7334461163023578,261.87908264109865,1.6342932470142841,263.51337588811293
UNSW_NB15,6q_5k,QVE,full,3,L3,qiskit_heavy,0.02,6,10,7168,1,0.8646666666666667,0.8570644162853766,0.7123183456600001,260.5235673538409,0.7061379803344607,261.2297053341754
UNSW_NB15,6q_5k,QVE,full,3,L3,qiskit_heavy,0.02,6,11,8192,2,0.85,0.8383414558818653,0.6871856492051763,262.29005389334634,1.109380264300853,263.3994341576472
UNSW_NB15,6q_5k,QVE,full,3,L3,qiskit_heavy,0.02,6,12,9216,0,0.8386666666666667,0.8246450622515643,0.6636233473304929,263.8645953051746,1.1727727428078651,265.03736804798245
UNSW_NB15,6q_5k,QVE,full,3,L3,qiskit_heavy,0.02,6,13,10240,1,0.8613333333333333,0.8517968163728576,0.7109641705112725,263.32745266566053,1.1623690389096737,264.4898217045702
UNSW_NB15,6q_5k,QVE,full,3,L3,qiskit_heavy,0.02,6,14,11264,2,0.8673333333333333,0.8591587075414556,0.7217011148145975,262.2292100088671,1.265574963297695,263.4947849721648
UNSW_NB15,6q_5k,QVE,full,3,L3,qiskit_heavy,0.02,6,15,12288,0,0.85,0.8383414558818653,0.6871856492051763,248.061039657332,1.7753960439004004,249.8364357012324
UNSW_NB15,6q_5k,QVE,full,3,L3,qiskit_heavy,0.02,6,16,13312,1,0.8673333333333333,0.8602299312500077,0.717500460297668,261.11054425593466,2.0817332980223,263.19227755395696
UNSW_NB15,6q_5k,QVE,full,3,L3,qiskit_heavy,0.02,6,17,14336,2,0.8433333333333334,0.8308821553734873,0.6718267181103025,262.4426295449957,1.046333922073245,263.48896346706897
UNSW_NB15,6q_5k,QVE,full,3,L3,qiskit_heavy,0.02,6,18,15360,0,0.842,0.8288766142134564,0.6699067541950531,255.57484902301803,2.3676730771549046,257.94252210017294
UNSW_NB15,6q_5k,QVE,full,3,L3,qiskit_heavy,0.02,6,19,16384,1,0.8486666666666667,0.836799000680942,0.684809755958581,263.5931751374155,0.7356475768610835,264.3288227142766
UNSW_NB15,6q_5k,QVE,full,3,L3,qiskit_heavy,0.02,6,20,17408,2,0.838,0.8240105524180975,0.6615514787717917,261.45293230144307,2.1091120331548154,263.5620443345979
UNSW_NB15,6q_5k,QVE,full,3,L3,qiskit_heavy,0.02,6,21,18432,0,0.8493333333333334,0.8373848456316548,0.6864466228700843,258.2028756416403,1.8199415169656277,260.0228171586059
UNSW_NB15,6q_5k,QVE,full,3,L3,qiskit_heavy,0.02,6,22,19456,1,0.8486666666666667,0.8374261030189082,0.6823641928244425,262.1882925229147,1.2157098990865052,263.4040024220012
UNSW_NB15,6q_5k,QVE,full,3,L3,qiskit_heavy,0.02,6,23,20480,2,0.8706666666666667,0.8629592895618323,0.728282461784693,254.48436604905874,1.9647250683046877,256.4490911173634
UNSW_NB15,6q_5k,QVE,full,3,L3,qiskit_heavy,0.02,6,24,21504,0,0.868,0.8596435810810811,0.7238153149283839,261.78943229746073,1.3068469492718577,263.0962792467326
UNSW_NB15,6q_5k,QVE,full,3,L3,qiskit_heavy,0.02,6,25,22528,1,0.8573333333333333,0.846906643841341,0.7029679764866232,262.26320203300565,0.891774826683104,263.15497685968876
UNSW_NB15,6q_5k,QVE,full,3,L3,qiskit_heavy,0.02,6,26,23552,2,0.8506666666666667,0.8393447080038839,0.6883259079373283,256.83871189923957,1.3093300759792328,258.1480419752188
UNSW_NB15,6q_5k,QVE,full,3,L3,qiskit_heavy,0.02,6,27,24576,0,0.8433333333333334,0.8308258836679889,0.6714170521753209,259.8874263353646,1.5284995906986296,261.4159259260632
UNSW_NB15,6q_5k,QVE,full,3,L3,qiskit_heavy,0.02,6,28,25600,1,0.862,0.858257127535747,0.696261189042296,259.1221795389429,1.404945190064609,260.5271247290075
UNSW_NB15,6q_5k,QVE,full,3,L3,qiskit_heavy,0.02,6,29,26624,2,0.8673333333333333,0.8589970907828847,0.7219019959581665,259.41037560021505,1.1313574207015336,260.5417330209166
UNSW_NB15,6q_5k,QVE,full,3,L3,qiskit_heavy,0.05,6,0,42,0,0.8293333333333334,0.8132076027612755,0.6445557487620992,265.3040097048506,1.6096373340114951,266.9136470388621
UNSW_NB15,6q_5k,QVE,full,3,L3,qiskit_heavy,0.05,6,1,123,1,0.8393333333333334,0.8256981848817343,0.6647632480607583,265.27041122317314,1.6114555401727557,266.8818667633459
UNSW_NB15,6q_5k,QVE,full,3,L3,qiskit_heavy,0.05,6,2,456,2,0.832,0.816445962248084,0.649685807618908,256.2504929360002,1.743588542100042,257.99408147810027
UNSW_NB15,6q_5k,QVE,full,3,L3,qiskit_heavy,0.05,6,3,789,0,0.842,0.8285307706036601,0.6712462508277454,255.3223301321268,1.926039029378444,257.24836916150525
UNSW_NB15,6q_5k,QVE,full,3,L3,qiskit_heavy,0.05,6,4,1024,1,0.8333333333333334,0.8180945548270524,0.6524785374947787,258.9457088331692,1.6080655283294618,260.55377436149865
UNSW_NB15,6q_5k,QVE,full,3,L3,qiskit_heavy,0.05,6,5,2048,2,0.8433333333333334,0.8301498490249916,0.6740144709948099,262.88544337591156,0.8131238813512027,263.69856725726277
UNSW_NB15,6q_5k,QVE,full,3,L3,qiskit_heavy,0.05,6,6,3072,0,0.8493333333333334,0.8375438853085913,0.6858035777728984,263.3946932302788,0.9075345532037318,264.3022277834825
UNSW_NB15,6q_5k,QVE,full,3,L3,qiskit_heavy,0.05,6,7,4096,1,0.8406666666666667,0.8269074980573058,0.6684758674574827,263.1181430760771,1.1669055670499802,264.2850486431271
UNSW_NB15,6q_5k,QVE,full,3,L3,qiskit_heavy,0.05,6,8,5120,2,0.8413333333333334,0.8277196610656326,0.6698613341275733,252.86819952726364,2.0164537113159895,254.88465323857963
UNSW_NB15,6q_5k,QVE,full,3,L3,qiskit_heavy,0.05,6,9,6144,0,0.844,0.8310163611491108,0.6758033524099721,263.64730576518923,1.9087422834709287,265.55604804866016
UNSW_NB15,6q_5k,QVE,full,3,L3,qiskit_heavy,0.05,6,10,7168,1,0.846,0.8335971210076474,0.6792848656616527,259.80052963038906,3.0933383987285197,262.8938680291176
UNSW_NB15,6q_5k,QVE,full,3,L3,qiskit_heavy,0.05,6,11,8192,2,0.8393333333333334,0.8254590252377018,0.6650136731146372,264.0204480746761,0.8889230820350349,264.90937115671113
UNSW_NB15,6q_5k,QVE,full,3,L3,qiskit_heavy,0.05,6,12,9216,0,0.83,0.8137654995267298,0.6462258764406592,261.94255609996617,0.8287480622529984,262.77130416221917
UNSW_NB15,6q_5k,QVE,full,3,L3,qiskit_heavy,0.05,6,13,10240,1,0.8533333333333334,0.8422135525038146,0.6950857768756802,242.32792747952044,1.679411603603512,244.00733908312395
UNSW_NB15,6q_5k,QVE,full,3,L3,qiskit_heavy,0.05,6,14,11264,2,0.844,0.8311851443858683,0.6751361533016843,261.87056333897635,0.8812486683018506,262.7518120072782
UNSW_NB15,6q_5k,QVE,full,3,L3,qiskit_heavy,0.05,6,15,12288,0,0.8426666666666667,0.8293408316157086,0.6726306267414729,260.9051485862583,2.581925867125392,263.4870744533837
UNSW_NB15,6q_5k,QVE,full,3,L3,qiskit_heavy,0.05,6,16,13312,1,0.838,0.8237124400857182,0.6633568249382309,260.02734842384234,2.678114822600037,262.7054632464424
UNSW_NB15,6q_5k,QVE,full,3,L3,qiskit_heavy,0.05,6,17,14336,2,0.8386666666666667,0.8252391427268582,0.6620611808320778,262.9784915121272,1.0735638048499823,264.0520553169772
UNSW_NB15,6q_5k,QVE,full,3,L3,qiskit_heavy,0.05,6,18,15360,0,0.85,0.8381836932380315,0.6878256403371574,256.5445200637914,2.1942400471307337,258.73876011092216
UNSW_NB15,6q_5k,QVE,full,3,L3,qiskit_heavy,0.05,6,19,16384,1,0.8373333333333334,0.8230780355113126,0.6612725683177121,263.88167122751474,1.353261320386082,265.2349325479008
UNSW_NB15,6q_5k,QVE,full,3,L3,qiskit_heavy,0.05,6,20,17408,2,0.832,0.8166393112656689,0.6489767008932833,264.42454223288223,0.973951708059758,265.398493940942
UNSW_NB15,6q_5k,QVE,full,3,L3,qiskit_heavy,0.05,6,21,18432,0,0.8453333333333334,0.8325706885544916,0.6781629042072185,260.5862562819384,2.5125206829980016,263.0987769649364
UNSW_NB15,6q_5k,QVE,full,3,L3,qiskit_heavy,0.05,6,22,19456,1,0.8386666666666667,0.8248862372714681,0.6633724264803734,262.4078539288603,0.40194858610630035,262.8098025149666
UNSW_NB15,6q_5k,QVE,full,3,L3,qiskit_heavy,0.05,6,23,20480,2,0.8433333333333334,0.8306587033207727,0.6720451816484401,260.7435508952476,1.7866701907478273,262.53022108599544
UNSW_NB15,6q_5k,QVE,full,3,L3,qiskit_heavy,0.05,6,24,21504,0,0.8393333333333334,0.8252799917461531,0.6657032471820215,264.6818641438149,1.203274010680616,265.8851381544955
UNSW_NB15,6q_5k,QVE,full,3,L3,qiskit_heavy,0.05,6,25,22528,1,0.8446666666666667,0.8319329446994084,0.6761160158421852,260.5231401938945,2.229875036980957,262.75301523087546
UNSW_NB15,6q_5k,QVE,full,3,L3,qiskit_heavy,0.05,6,26,23552,2,0.8366666666666667,0.8220776627310044,0.6605847176615398,264.27542676310986,0.9834593404084444,265.2588861035183
UNSW_NB15,6q_5k,QVE,full,3,L3,qiskit_heavy,0.05,6,27,24576,0,0.8373333333333334,0.823555775060309,0.6588328395640892,262.4585916833021,1.8807406951673329,264.3393323784694
UNSW_NB15,6q_5k,QVE,full,3,L3,qiskit_heavy,0.05,6,28,25600,1,0.8446666666666667,0.831764772623356,0.6767806007418673,260.90040524164215,1.868492464069277,262.7688977057114
UNSW_NB15,6q_5k,QVE,full,3,L3,qiskit_heavy,0.05,6,29,26624,2,0.8406666666666667,0.8269074980573058,0.6684758674574827,261.6735747149214,1.629297467879951,263.30287218280137
UNSW_NB15,6q_5k,QWE,full,0,L0,baseline_unoptimized,0.0,6,0,42,0,0.836,0.8384102571734731,0.664798492945224,825.8411757256836,4.754248657729477,830.595424383413
UNSW_NB15,6q_5k,QWE,full,0,L0,baseline_unoptimized,0.0,6,1,123,1,0.8746666666666667,0.8750959503333021,0.7306346865085891,823.0114308809862,5.313000997528434,828.3244318785146
UNSW_NB15,6q_5k,QWE,full,0,L0,baseline_unoptimized,0.0,6,2,456,2,0.8713333333333333,0.8718915714530179,0.7239551854201108,819.4256765395403,5.156440143473446,824.5821166830137
UNSW_NB15,6q_5k,QWE,full,0,L0,baseline_unoptimized,0.0,6,3,789,0,0.8413333333333334,0.8430252329287555,0.6673163709881292,793.3041922231205,5.6110250181518495,798.9152172412723
UNSW_NB15,6q_5k,QWE,full,0,L0,baseline_unoptimized,0.0,6,4,1024,1,0.884,0.8795020452023691,0.7502971654541537,825.0523589933291,5.879389018751681,830.9317480120808
UNSW_NB15,6q_5k,QWE,full,0,L0,baseline_unoptimized,0.0,6,5,2048,2,0.8533333333333334,0.855445678393427,0.7000880564207085,825.6723675979301,5.795710280071944,831.4680778780021
UNSW_NB15,6q_5k,QWE,full,0,L0,baseline_unoptimized,0.0,6,6,3072,0,0.8486666666666667,0.8509207790361,0.6915196284151542,834.7856329311617,5.742357237730175,840.5279901688918
UNSW_NB15,6q_5k,QWE,full,0,L0,baseline_unoptimized,0.0,6,7,4096,1,0.8446666666666667,0.8467903021146015,0.6801015977489918,806.2324658310972,5.3502508024685085,811.5827166335657
UNSW_NB15,6q_5k,QWE,full,0,L0,baseline_unoptimized,0.0,6,8,5120,2,0.8446666666666667,0.8468560924900418,0.681083050614695,835.6392708262429,5.244994894135743,840.8842657203786
UNSW_NB15,6q_5k,QWE,full,0,L0,baseline_unoptimized,0.0,6,9,6144,0,0.8926666666666667,0.8884028476164729,0.7713707663041929,799.3530880087055,5.598786424379796,804.9518744330853
UNSW_NB15,6q_5k,QWE,full,0,L0,baseline_unoptimized,0.0,6,10,7168,1,0.868,0.869433231492362,0.7245011271048634,831.7223425675184,5.370611393358558,837.0929539608769
UNSW_NB15,6q_5k,QWE,full,0,L0,baseline_unoptimized,0.0,6,11,8192,2,0.8533333333333334,0.8544771270945847,0.6888555384314927,830.8250330621377,6.141684659291059,836.9667177214287
UNSW_NB15,6q_5k,QWE,full,0,L0,baseline_unoptimized,0.0,6,12,9216,0,0.8573333333333333,0.8535108237354347,0.6855407911777596,796.0393600547686,5.313354819547385,801.352714874316
UNSW_NB15,6q_5k,QWE,full,0,L0,baseline_unoptimized,0.0,6,13,10240,1,0.8553333333333333,0.8568852289285448,0.6974391041555953,826.717587034218,5.17805196531117,831.8956389995292
UNSW_NB15,6q_5k,QWE,full,0,L0,baseline_unoptimized,0.0,6,14,11264,2,0.8433333333333334,0.8453926383014574,0.6765219830350345,826.0786746945232,5.654057449195534,831.7327321437187
UNSW_NB15,6q_5k,QWE,full,0,L0,baseline_unoptimized,0.0,6,15,12288,0,0.868,0.8690696944899073,0.7205176790055782,799.3556883102283,5.258829684462398,804.6145179946907
UNSW_NB15,6q_5k,QWE,full,0,L0,baseline_unoptimized,0.0,6,16,13312,1,0.8373333333333334,0.8395596647080812,0.66507974581647,830.0407935823314,5.832251767162234,835.8730453494936
UNSW_NB15,6q_5k,QWE,full,0,L0,baseline_unoptimized,0.0,6,17,14336,2,0.8486666666666667,0.8504436889924157,0.685034706518863,831.222362854518,5.291399876587093,836.5137627311051
UNSW_NB15,6q_5k,QWE,full,0,L0,baseline_unoptimized,0.0,6,18,15360,0,0.886,0.8824456020643864,0.752314426490322,826.6351094809361,5.148327898234129,831.7834373791702
UNSW_NB15,6q_5k,QWE,full,0,L0,baseline_unoptimized,0.0,6,19,16384,1,0.868,0.8690231860338244,0.7203627900508619,820.9306917032227,5.536017689853907,826.4667093930766
UNSW_NB15,6q_5k,QWE,full,0,L0,baseline_unoptimized,0.0,6,20,17408,2,0.88,0.87754,0.7364593213724929,824.1235052961856,5.810357802081853,829.9338630982675
UNSW_NB15,6q_5k,QWE,full,0,L0,baseline_unoptimized,0.0,6,21,18432,0,0.8546666666666667,0.8564724387806096,0.6986489855499611,802.5834672842175,5.642562577966601,808.2260298621841
UNSW_NB15,6q_5k,QWE,full,0,L0,baseline_unoptimized,0.0,6,22,19456,1,0.8446666666666667,0.8472062026347599,0.6880853033505084,833.3856737376191,6.21530142147094,839.60097515909
UNSW_NB15,6q_5k,QWE,full,0,L0,baseline_unoptimized,0.0,6,23,20480,2,0.86,0.8612995677930242,0.7049494398884989,834.6786527717486,5.626354515552521,840.3050072873011
UNSW_NB15,6q_5k,QWE,full,0,L0,baseline_unoptimized,0.0,6,24,21504,0,0.8526666666666667,0.8542572273368367,0.6915815834461339,830.3153557521291,6.22680296888575,836.5421587210149
UNSW_NB15,6q_5k,QWE,full,0,L0,baseline_unoptimized,0.0,6,25,22528,1,0.848,0.849322629217394,0.6786183725626465,803.5078536663204,5.162792503833771,808.6706461701542
UNSW_NB15,6q_5k,QWE,full,0,L0,baseline_unoptimized,0.0,6,26,23552,2,0.886,0.883976279030215,0.7499994333317327,830.4031509840861,5.330464250408113,835.7336152344942
UNSW_NB15,6q_5k,QWE,full,0,L0,baseline_unoptimized,0.0,6,27,24576,0,0.8513333333333334,0.8531627872898603,0.6913727833866359,821.3791227890179,5.897410198580474,827.2765329875983
UNSW_NB15,6q_5k,QWE,full,0,L0,baseline_unoptimized,0.0,6,28,25600,1,0.832,0.834486136938567,0.656184188498982,792.3251452501863,5.208264690823853,797.5334099410102
UNSW_NB15,6q_5k,QWE,full,0,L0,baseline_unoptimized,0.0,6,29,26624,2,0.87,0.8709532888872233,0.7239215109321363,822.786285623908,5.465542979072779,828.2518286029808
UNSW_NB15,6q_5k,QWE,full,0,L0,baseline_unoptimized,0.0003,6,0,42,0,0.838,0.8404268786090906,0.6697840572952605,551.7264490411617,3.714360997546464,555.4408100387082
UNSW_NB15,6q_5k,QWE,full,0,L0,baseline_unoptimized,0.0003,6,1,123,1,0.868,0.8691026550949221,0.7210686133228866,607.1590334647335,5.164344315417111,612.3233777801506
UNSW_NB15,6q_5k,QWE,full,0,L0,baseline_unoptimized,0.0003,6,2,456,2,0.872,0.872440956937799,0.7246864853682319,609.9333762763999,2.782300035469234,612.7156763118692
UNSW_NB15,6q_5k,QWE,full,0,L0,baseline_unoptimized,0.0003,6,3,789,0,0.8393333333333334,0.8411098989608327,0.663726770089842,590.0252760937437,6.274015506729484,596.2992916004732
UNSW_NB15,6q_5k,QWE,full,0,L0,baseline_unoptimized,0.0003,6,4,1024,1,0.8826666666666667,0.878292648694908,0.7466066293001643,584.1113437246531,5.328122326172888,589.439466050826
UNSW_NB15,6q_5k,QWE,full,0,L0,baseline_unoptimized,0.0003,6,5,2048,2,0.8533333333333334,0.855445678393427,0.7000880564207085,610.2958231186494,4.061981596518308,614.3578047151677
UNSW_NB15,6q_5k,QWE,full,0,L0,baseline_unoptimized,0.0003,6,6,3072,0,0.8486666666666667,0.850949569341284,0.6920327363896636,589.1316171362996,3.9259982723742723,593.0576154086739
UNSW_NB15,6q_5k,QWE,full,0,L0,baseline_unoptimized,0.0003,6,7,4096,1,0.8506666666666667,0.8524130028359287,0.6888477687272765,603.2170436130837,3.9493395132012665,607.1663831262849
UNSW_NB15,6q_5k,QWE,full,0,L0,baseline_unoptimized,0.0003,6,8,5120,2,0.84,0.8423677494653017,0.6730229046691663,609.1153580206446,3.131231538951397,612.246589559596
UNSW_NB15,6q_5k,QWE,full,0,L0,baseline_unoptimized,0.0003,6,9,6144,0,0.8946666666666667,0.8904421838246609,0.7762432021992621,608.5416285409592,5.369593663141131,613.9112222041003
UNSW_NB15,6q_5k,QWE,full,0,L0,baseline_unoptimized,0.0003,6,10,7168,1,0.862,0.8635862738887129,0.7128247708030941,607.8335652062669,5.378222697880119,613.2117879041471
UNSW_NB15,6q_5k,QWE,full,0,L0,baseline_unoptimized,0.0003,6,11,8192,2,0.8526666666666667,0.8538828668169882,0.6879919803851515,617.0918684424832,5.030526245478541,622.1223946879618
UNSW_NB15,6q_5k,QWE,full,0,L0,baseline_unoptimized,0.0003,6,12,9216,0,0.8573333333333333,0.8535108237354347,0.6855407911777596,619.0130239189602,2.449633887503296,621.4626578064635
UNSW_NB15,6q_5k,QWE,full,0,L0,baseline_unoptimized,0.0003,6,13,10240,1,0.8566666666666667,0.8582415021652893,0.7006836319517021,597.7356842225417,5.941733235027641,603.6774174575694
UNSW_NB15,6q_5k,QWE,full,0,L0,baseline_unoptimized,0.0003,6,14,11264,2,0.84,0.8421207790388118,0.6697281832844024,617.5046549746767,4.505571395624429,622.0102263703011
UNSW_NB15,6q_5k,QWE,full,0,L0,baseline_unoptimized,0.0003,6,15,12288,0,0.868,0.869029414385126,0.7201658599998015,608.468149526976,5.337002084590495,613.8051516115665
UNSW_NB15,6q_5k,QWE,full,0,L0,baseline_unoptimized,0.0003,6,16,13312,1,0.838,0.8401999672432691,0.6662392216439854,616.3929729331285,4.084690869785845,620.4776638029143
UNSW_NB15,6q_5k,QWE,full,0,L0,baseline_unoptimized,0.0003,6,17,14336,2,0.8466666666666667,0.8485229885057471,0.681474789484246,607.7806018153206,5.5338933053426445,613.3144951206632
UNSW_NB15,6q_5k,QWE,full,0,L0,baseline_unoptimized,0.0003,6,18,15360,0,0.8873333333333333,0.8835030031725368,0.7563115169506385,585.1410531555302,5.081236397381872,590.2222895529121
UNSW_NB15,6q_5k,QWE,full,0,L0,baseline_unoptimized,0.0003,6,19,16384,1,0.868,0.8691799250438252,0.7217952425210007,617.4251149236225,4.418340100906789,621.8434550245292
UNSW_NB15,6q_5k,QWE,full,0,L0,baseline_unoptimized,0.0003,6,20,17408,2,0.8813333333333333,0.8785352831800594,0.7398719925294281,616.5718589015305,4.548020371701568,621.1198792732321
UNSW_NB15,6q_5k,QWE,full,0,L0,baseline_unoptimized,0.0003,6,21,18432,0,0.852,0.8538737720975618,0.6934642725268615,603.4065037434921,4.318724204786122,607.7252279482782
UNSW_NB15,6q_5k,QWE,full,0,L0,baseline_unoptimized,0.0003,6,22,19456,1,0.844,0.8467355314054155,0.6915726417253324,614.4753877609037,2.95074266474694,617.4261304256506
UNSW_NB15,6q_5k,QWE,full,0,L0,baseline_unoptimized,0.0003,6,23,20480,2,0.8566666666666667,0.8581372414608648,0.699246775196263,588.4509124956094,6.840667601674795,595.2915800972842
UNSW_NB15,6q_5k,QWE,full,0,L0,baseline_unoptimized,0.0003,6,24,21504,0,0.8473333333333334,0.8491751267341384,0.6824578175245457,614.7158683422022,4.023423744365573,618.7392920865677
UNSW_NB15,6q_5k,QWE,full,0,L0,baseline_unoptimized,0.0003,6,25,22528,1,0.8473333333333334,0.8487722651589935,0.6781900328414631,574.6865311013535,5.398984223138541,580.085515324492
UNSW_NB15,6q_5k,QWE,full,0,L0,baseline_unoptimized,0.0003,6,26,23552,2,0.886,0.8824627682683117,0.7525718386625265,603.6024503423832,4.673477876931429,608.2759282193147
UNSW_NB15,6q_5k,QWE,full,0,L0,baseline_unoptimized,0.0003,6,27,24576,0,0.8526666666666667,0.8545491323301961,0.6951027234238047,593.6445512324572,3.96960233990103,597.6141535723582
UNSW_NB15,6q_5k,QWE,full,0,L0,baseline_unoptimized,0.0003,6,28,25600,1,0.8306666666666667,0.8332050789776559,0.6539033339411147,609.9671616000123,5.056656666100025,615.0238182661124
UNSW_NB15,6q_5k,QWE,full,0,L0,baseline_unoptimized,0.0003,6,29,26624,2,0.8706666666666667,0.8715536220871327,0.7248453372380953,617.5876654647291,4.359195301309228,621.9468607660383
UNSW_NB15,6q_5k,QWE,full,0,L0,baseline_unoptimized,0.0005,6,0,42,0,0.838,0.8404268786090906,0.6697840572952605,602.3452879325487,4.576926425099373,606.922214357648
UNSW_NB15,6q_5k,QWE,full,0,L0,baseline_unoptimized,0.0005,6,1,123,1,0.8706666666666667,0.8712018397617424,0.7225871649676258,617.2284908541478,1.8749946542084217,619.1034855083562
UNSW_NB15,6q_5k,QWE,full,0,L0,baseline_unoptimized,0.0005,6,2,456,2,0.8753333333333333,0.8756479919462122,0.7312105898657129,611.8497829190455,3.312789793126285,615.1625727121718
UNSW_NB15,6q_5k,QWE,full,0,L0,baseline_unoptimized,0.0005,6,3,789,0,0.8393333333333334,0.8411098989608327,0.663726770089842,586.3538852198981,3.9499591616913676,590.3038443815894
UNSW_NB15,6q_5k,QWE,full,0,L0,baseline_unoptimized,0.0005,6,4,1024,1,0.8846666666666667,0.8802379814191782,0.7517127384305999,616.5363362682983,4.310920392163098,620.8472566604614
UNSW_NB15,6q_5k,QWE,full,0,L0,baseline_unoptimized,0.0005,6,5,2048,2,0.854,0.8560578723404255,0.7007563765885559,617.0440545622259,3.8429504954256117,620.8870050576515
UNSW_NB15,6q_5k,QWE,full,0,L0,baseline_unoptimized,0.0005,6,6,3072,0,0.8513333333333334,0.8534894220150454,0.6961238827562989,618.039706654381,3.80080624576658,621.8405129001476
UNSW_NB15,6q_5k,QWE,full,0,L0,baseline_unoptimized,0.0005,6,7,4096,1,0.8413333333333334,0.8435861528822055,0.674306619600555,609.0968708992004,5.156349588185549,614.253220487386
UNSW_NB15,6q_5k,QWE,full,0,L0,baseline_unoptimized,0.0005,6,8,5120,2,0.84,0.8423677494653017,0.6730229046691663,613.5781439696439,5.254364408086985,618.8325083777308
UNSW_NB15,6q_5k,QWE,full,0,L0,baseline_unoptimized,0.0005,6,9,6144,0,0.8946666666666667,0.8904421838246609,0.7762432021992621,603.8473870139569,3.6506485594436526,607.4980355734006
UNSW_NB15,6q_5k,QWE,full,0,L0,baseline_unoptimized,0.0005,6,10,7168,1,0.8626666666666667,0.86422806098467,0.7140254160422476,609.7622750001028,3.6937639005482197,613.456038900651
UNSW_NB15,6q_5k,QWE,full,0,L0,baseline_unoptimized,0.0005,6,11,8192,2,0.8613333333333333,0.862328361608948,0.7052281500356274,618.601166723296,3.649311893619597,622.2504786169156
UNSW_NB15,6q_5k,QWE,full,0,L0,baseline_unoptimized,0.0005,6,12,9216,0,0.8573333333333333,0.8535108237354347,0.6855407911777596,594.409564036876,4.610366516280919,599.0199305531569
UNSW_NB15,6q_5k,QWE,full,0,L0,baseline_unoptimized,0.0005,6,13,10240,1,0.8566666666666667,0.8582415021652893,0.7006836319517021,610.9972631661221,5.178612703923136,616.1758758700453
UNSW_NB15,6q_5k,QWE,full,0,L0,baseline_unoptimized,0.0005,6,14,11264,2,0.84,0.8421207790388118,0.6697281832844024,619.0894324164838,3.727426188532263,622.816858605016
UNSW_NB15,6q_5k,QWE,full,0,L0,baseline_unoptimized,0.0005,6,15,12288,0,0.8673333333333333,0.868428463785433,0.7192736500729788,611.2553838575259,5.181387765798718,616.4367716233246
UNSW_NB15,6q_5k,QWE,full,0,L0,baseline_unoptimized,0.0005,6,16,13312,1,0.836,0.8383459117154033,0.6637732034795297,588.3977852845564,5.994526031427085,594.3923113159835
UNSW_NB15,6q_5k,QWE,full,0,L0,baseline_unoptimized,0.0005,6,17,14336,2,0.8666666666666667,0.867532928064843,0.7161623921972224,606.0192606388591,5.268066363874823,611.287327002734
UNSW_NB15,6q_5k,QWE,full,0,L0,baseline_unoptimized,0.0005,6,18,15360,0,0.8893333333333333,0.8858444375227755,0.760121671203663,560.7761306255125,5.297831687144935,566.0739623126574
UNSW_NB15,6q_5k,QWE,full,0,L0,baseline_unoptimized,0.0005,6,19,16384,1,0.868,0.8691799250438252,0.7217952425210007,612.296114102006,4.537787611596286,616.8339017136022
UNSW_NB15,6q_5k,QWE,full,0,L0,baseline_unoptimized,0.0005,6,20,17408,2,0.8813333333333333,0.8784602935692188,0.7399749388058933,614.7005766686052,4.321175578981638,619.0217522475868
UNSW_NB15,6q_5k,QWE,full,0,L0,baseline_unoptimized,0.0005,6,21,18432,0,0.85,0.8519509770672778,0.6899311931485029,562.866975535173,4.398260546382517,567.2652360815555
UNSW_NB15,6q_5k,QWE,full,0,L0,baseline_unoptimized,0.0005,6,22,19456,1,0.8433333333333334,0.8460901619080372,0.6904765148837007,582.8700087685138,4.171724800486118,587.0417335689999
UNSW_NB15,6q_5k,QWE,full,0,L0,baseline_unoptimized,0.0005,6,23,20480,2,0.8566666666666667,0.8581372414608648,0.699246775196263,609.1255897171795,4.997417815029621,614.1230075322092
UNSW_NB15,6q_5k,QWE,full,0,L0,baseline_unoptimized,0.0005,6,24,21504,0,0.8473333333333334,0.8491751267341384,0.6824578175245457,565.7140149432234,4.354740071576089,570.0687550147995
UNSW_NB15,6q_5k,QWE,full,0,L0,baseline_unoptimized,0.0005,6,25,22528,1,0.8473333333333334,0.8487722651589935,0.6781900328414631,621.5380935370922,3.1875466969795525,624.7256402340718
UNSW_NB15,6q_5k,QWE,full,0,L0,baseline_unoptimized,0.0005,6,26,23552,2,0.8866666666666667,0.8831109411943342,0.7542157824004997,617.9331889715977,4.574262561742216,622.5074515333399
UNSW_NB15,6q_5k,QWE,full,0,L0,baseline_unoptimized,0.0005,6,27,24576,0,0.852,0.8539080475259978,0.6939243755756968,598.6432348061353,2.4593806508928537,601.1026154570282
UNSW_NB15,6q_5k,QWE,full,0,L0,baseline_unoptimized,0.0005,6,28,25600,1,0.8306666666666667,0.8332050789776559,0.6539033339411147,607.1637551658787,4.052555063273758,611.2163102291524
UNSW_NB15,6q_5k,QWE,full,0,L0,baseline_unoptimized,0.0005,6,29,26624,2,0.8713333333333333,0.8721950686014465,0.7261074340104962,616.7118667257018,3.1158898593857884,619.8277565850876
UNSW_NB15,6q_5k,QWE,full,0,L0,baseline_unoptimized,0.001,6,0,42,0,0.8366666666666667,0.8391135195852972,0.6669809098218561,617.5791882844642,3.1485564140602946,620.7277446985245
UNSW_NB15,6q_5k,QWE,full,0,L0,baseline_unoptimized,0.001,6,1,123,1,0.8713333333333333,0.871843029007828,0.7238781807963317,601.8675209311768,4.510279193986207,606.377800125163
UNSW_NB15,6q_5k,QWE,full,0,L0,baseline_unoptimized,0.001,6,2,456,2,0.8766666666666667,0.8766417555139807,0.7324586822922103,613.2535079149529,3.570748871192336,616.8242567861453
UNSW_NB15,6q_5k,QWE,full,0,L0,baseline_unoptimized,0.001,6,3,789,0,0.84,0.8417898942420681,0.6653611029834055,598.075753217563,4.312443886883557,602.3881971044466
UNSW_NB15,6q_5k,QWE,full,0,L0,baseline_unoptimized,0.001,6,4,1024,1,0.8853333333333333,0.8808870791655603,0.7534243157290429,618.7497423910536,3.8028304860927165,622.5525728771463
UNSW_NB15,6q_5k,QWE,full,0,L0,baseline_unoptimized,0.001,6,5,2048,2,0.854,0.8560578723404255,0.7007563765885559,600.8734501204453,5.269146358128637,606.142596478574
UNSW_NB15,6q_5k,QWE,full,0,L0,baseline_unoptimized,0.001,6,6,3072,0,0.8513333333333334,0.8534894220150454,0.6961238827562989,611.1150170802139,3.841463079676032,614.9564801598899
UNSW_NB15,6q_5k,QWE,full,0,L0,baseline_unoptimized,0.001,6,7,4096,1,0.8406666666666667,0.8429124725541631,0.672651625197326,612.5894190259278,3.7310977457091212,616.3205167716369
UNSW_NB15,6q_5k,QWE,full,0,L0,baseline_unoptimized,0.001,6,8,5120,2,0.8406666666666667,0.8430399391613566,0.674684229349653,594.9133063396439,3.7066056285984814,598.6199119682424
UNSW_NB15,6q_5k,QWE,full,0,L0,baseline_unoptimized,0.001,6,9,6144,0,0.894,0.889789147646082,0.7745015497182217,593.7286704243161,5.832361903972924,599.561032328289
UNSW_NB15,6q_5k,QWE,full,0,L0,baseline_unoptimized,0.001,6,10,7168,1,0.8613333333333333,0.8629785826399554,0.7120554929394265,615.9197190650739,3.952486004214734,619.8722050692886
UNSW_NB15,6q_5k,QWE,full,0,L0,baseline_unoptimized,0.001,6,11,8192,2,0.8626666666666667,0.8636951895327633,0.7084266259567802,616.3406916889362,3.6348325186409056,619.9755242075771
UNSW_NB15,6q_5k,QWE,full,0,L0,baseline_unoptimized,0.001,6,12,9216,0,0.8593333333333333,0.855424998730903,0.6902330345160643,619.5343285356648,3.363876995164901,622.8982055308297
UNSW_NB15,6q_5k,QWE,full,0,L0,baseline_unoptimized,0.001,6,13,10240,1,0.856,0.8576006493506493,0.6994814364810508,612.839703201782,5.972662058193237,618.8123652599752
UNSW_NB15,6q_5k,QWE,full,0,L0,baseline_unoptimized,0.001,6,14,11264,2,0.842,0.8440768309678529,0.6737083466663373,612.5515215606429,5.439879032317549,617.9914005929604
UNSW_NB15,6q_5k,QWE,full,0,L0,baseline_unoptimized,0.001,6,15,12288,0,0.8666666666666667,0.8678268677345561,0.7183957069784502,611.6760679688305,5.074828163255006,616.7508961320855
UNSW_NB15,6q_5k,QWE,full,0,L0,baseline_unoptimized,0.001,6,16,13312,1,0.838,0.8401999672432691,0.6662392216439854,614.779346968513,5.012792532797903,619.7921395013109
UNSW_NB15,6q_5k,QWE,full,0,L0,baseline_unoptimized,0.001,6,17,14336,2,0.866,0.866892099589861,0.7149020070161817,619.015722756274,4.411022906191647,623.4267456624657
UNSW_NB15,6q_5k,QWE,full,0,L0,baseline_unoptimized,0.001,6,18,15360,0,0.8866666666666667,0.8828541666666667,0.7546417663923752,614.3016449357383,5.223559878300875,619.5252048140392
UNSW_NB15,6q_5k,QWE,full,0,L0,baseline_unoptimized,0.001,6,19,16384,1,0.8673333333333333,0.8685382887890886,0.7205617492783818,618.7713909386657,4.4256673930212855,623.197058331687
UNSW_NB15,6q_5k,QWE,full,0,L0,baseline_unoptimized,0.001,6,20,17408,2,0.88,0.8770181951491688,0.7370463506264834,602.8237445983104,4.847402697429061,607.6711472957395
UNSW_NB15,6q_5k,QWE,full,0,L0,baseline_unoptimized,0.001,6,21,18432,0,0.8513333333333334,0.8532328348852205,0.6922847241774961,591.5640053097159,5.316984966862947,596.8809902765788
UNSW_NB15,6q_5k,QWE,full,0,L0,baseline_unoptimized,0.001,6,22,19456,1,0.8413333333333334,0.8441717785694274,0.6878050241644974,600.588100164663,4.558397683314979,605.146497847978
UNSW_NB15,6q_5k,QWE,full,0,L0,baseline_unoptimized,0.001,6,23,20480,2,0.8553333333333333,0.8568566422235038,0.6968248456182443,619.948737883009,3.642519502900541,623.5912573859096
UNSW_NB15,6q_5k,QWE,full,0,L0,baseline_unoptimized,0.001,6,24,21504,0,0.8466666666666667,0.8485351020798524,0.681272993256041,606.1383700338192,4.644484706223011,610.7828547400422
UNSW_NB15,6q_5k,QWE,full,0,L0,baseline_unoptimized,0.001,6,25,22528,1,0.8466666666666667,0.8481765704584041,0.6773824452256568,515.0676787029952,5.251274902839214,520.3189536058344
UNSW_NB15,6q_5k,QWE,full,0,L0,baseline_unoptimized,0.001,6,26,23552,2,0.8866666666666667,0.8831109411943342,0.7542157824004997,612.2134336614981,3.8414718937128782,616.054905555211
UNSW_NB15,6q_5k,QWE,full,0,L0,baseline_unoptimized,0.001,6,27,24576,0,0.8533333333333334,0.8552241912419798,0.6967417171428171,585.9461694722995,5.3524277047254145,591.2985971770249
UNSW_NB15,6q_5k,QWE,full,0,L0,baseline_unoptimized,0.001,6,28,25600,1,0.8306666666666667,0.8332050789776559,0.6539033339411147,615.1120268916711,3.688215029425919,618.800241921097
UNSW_NB15,6q_5k,QWE,full,0,L0,baseline_unoptimized,0.001,6,29,26624,2,0.8713333333333333,0.8722362288036687,0.726436339854412,618.5741421212442,2.90488203195855,621.4790241532028
UNSW_NB15,6q_5k,QWE,full,0,L0,baseline_unoptimized,0.002,6,0,42,0,0.836,0.8384720494124467,0.6658418795655837,616.1186211230233,4.724931838922203,620.8435529619455
UNSW_NB15,6q_5k,QWE,full,0,L0,baseline_unoptimized,0.002,6,1,123,1,0.8673333333333333,0.8683818624895989,0.7191155365501037,618.8104694536887,3.2058882834389806,622.0163577371277
UNSW_NB15,6q_5k,QWE,full,0,L0,baseline_unoptimized,0.002,6,2,456,2,0.8733333333333333,0.872621040653448,0.722952232630148,591.3491343786009,4.810688989236951,596.1598233678378
UNSW_NB15,6q_5k,QWE,full,0,L0,baseline_unoptimized,0.002,6,3,789,0,0.8393333333333334,0.8411513090019621,0.6641695240585355,589.9675914440304,4.676094024907798,594.6436854689382
UNSW_NB15,6q_5k,QWE,full,0,L0,baseline_unoptimized,0.002,6,4,1024,1,0.886,0.8816225134258927,0.754837462301323,599.6248155809008,5.166153090074658,604.7909686709754
UNSW_NB15,6q_5k,QWE,full,0,L0,baseline_unoptimized,0.002,6,5,2048,2,0.8553333333333333,0.857460060387446,0.7050463027063824,614.1664757509716,4.2443395857699215,618.4108153367415
UNSW_NB15,6q_5k,QWE,full,0,L0,baseline_unoptimized,0.002,6,6,3072,0,0.848,0.8503071966027766,0.6908889262375251,619.7736293706112,2.8862560587003827,622.6598854293115
UNSW_NB15,6q_5k,QWE,full,0,L0,baseline_unoptimized,0.002,6,7,4096,1,0.8413333333333334,0.8435861528822055,0.674306619600555,619.6827819966711,3.3929042909294367,623.0756862876005
UNSW_NB15,6q_5k,QWE,full,0,L0,baseline_unoptimized,0.002,6,8,5120,2,0.8393333333333334,0.8417570317676186,0.6723990636882794,595.6675542881712,3.277973982039839,598.9455282702111
UNSW_NB15,6q_5k,QWE,full,0,L0,baseline_unoptimized,0.002,6,9,6144,0,0.894,0.889789147646082,0.7745015497182217,559.0136917005293,5.327440270688385,564.3411319712177
UNSW_NB15,6q_5k,QWE,full,0,L0,baseline_unoptimized,0.002,6,10,7168,1,0.86,0.8616949025487256,0.7096703239359642,612.9662671536207,3.4631704073399305,616.4294375609607
UNSW_NB15,6q_5k,QWE,full,0,L0,baseline_unoptimized,0.002,6,11,8192,2,0.862,0.8630973337546445,0.7075362837850334,603.109414239414,4.9287216905504465,608.0381359299645
UNSW_NB15,6q_5k,QWE,full,0,L0,baseline_unoptimized,0.002,6,12,9216,0,0.8633333333333333,0.8583898975680465,0.7011072449076798,617.2420112635009,3.995220858603716,621.2372321221046
UNSW_NB15,6q_5k,QWE,full,0,L0,baseline_unoptimized,0.002,6,13,10240,1,0.8573333333333333,0.8588450217362403,0.7014738810473584,599.3266089539975,4.81183477723971,604.1384437312372
UNSW_NB15,6q_5k,QWE,full,0,L0,baseline_unoptimized,0.002,6,14,11264,2,0.8406666666666667,0.8429298072296676,0.673346274976367,616.7088553658687,5.019346631132066,621.7282019970007
UNSW_NB15,6q_5k,QWE,full,0,L0,baseline_unoptimized,0.002,6,15,12288,0,0.8646666666666667,0.8659034647832985,0.7146931696848414,614.6305508571677,4.182171308901161,618.8127221660689
UNSW_NB15,6q_5k,QWE,full,0,L0,baseline_unoptimized,0.002,6,16,13312,1,0.8373333333333334,0.8397852847830772,0.668644496016411,613.3881679954939,4.851433077361435,618.2396010728553
UNSW_NB15,6q_5k,QWE,full,0,L0,baseline_unoptimized,0.002,6,17,14336,2,0.8613333333333333,0.8624502263656871,0.7064998654227612,556.2686076741666,5.119985974859446,561.388593649026
UNSW_NB15,6q_5k,QWE,full,0,L0,baseline_unoptimized,0.002,6,18,15360,0,0.8906666666666667,0.8868315087598632,0.7644515374290739,602.0904655479826,5.169183049350977,607.2596485973336
UNSW_NB15,6q_5k,QWE,full,0,L0,baseline_unoptimized,0.002,6,19,16384,1,0.864,0.8653308775984573,0.7144256910471195,618.061364938505,2.6766996826045215,620.7380646211095
UNSW_NB15,6q_5k,QWE,full,0,L0,baseline_unoptimized,0.002,6,20,17408,2,0.882,0.8777317652172887,0.744653248383082,612.8893748754635,5.416664883028716,618.3060397584923
UNSW_NB15,6q_5k,QWE,full,0,L0,baseline_unoptimized,0.002,6,21,18432,0,0.8473333333333334,0.849453142709691,0.6862133384377613,605.3454207624309,5.57859945949167,610.9240202219225
UNSW_NB15,6q_5k,QWE,full,0,L0,baseline_unoptimized,0.002,6,22,19456,1,0.84,0.8428799788236851,0.6856317464167401,613.7540417583659,5.544516392517835,619.2985581508838
UNSW_NB15,6q_5k,QWE,full,0,L0,baseline_unoptimized,0.002,6,23,20480,2,0.8546666666666667,0.8562163898254987,0.6956168716025625,610.5342611605301,4.925155304837972,615.4594164653681
UNSW_NB15,6q_5k,QWE,full,0,L0,baseline_unoptimized,0.002,6,24,21504,0,0.848,0.8499244145866851,0.6850082848768546,613.7044258699752,4.394611025694758,618.09903689567
UNSW_NB15,6q_5k,QWE,full,0,L0,baseline_unoptimized,0.002,6,25,22528,1,0.846,0.8475378081097761,0.6761715321243695,574.23592066532,4.372756106778979,578.608676772099
UNSW_NB15,6q_5k,QWE,full,0,L0,baseline_unoptimized,0.002,6,26,23552,2,0.8886666666666667,0.8849788650362888,0.7594128479598015,612.7163070142269,4.3823058209382,617.0986128351651
UNSW_NB15,6q_5k,QWE,full,0,L0,baseline_unoptimized,0.002,6,27,24576,0,0.85,0.8520507209261172,0.6913531751788701,620.3988991132937,3.3568017189390957,623.7557008322328
UNSW_NB15,6q_5k,QWE,full,0,L0,baseline_unoptimized,0.002,6,28,25600,1,0.8293333333333334,0.8319238698697843,0.6516290935983022,610.0789637952112,4.07812960492447,614.1570934001356
UNSW_NB15,6q_5k,QWE,full,0,L0,baseline_unoptimized,0.002,6,29,26624,2,0.872,0.8729184876390289,0.7280277637002677,611.0369154219516,5.653039059136063,616.6899544810876
UNSW_NB15,6q_5k,QWE,full,0,L0,baseline_unoptimized,0.005,6,0,42,0,0.832,0.8346792267541723,0.6601367669323637,613.093436293304,3.3296817913651466,616.4231180846691
UNSW_NB15,6q_5k,QWE,full,0,L0,baseline_unoptimized,0.005,6,1,123,1,0.8446666666666667,0.8469936737280582,0.6837997946622828,612.4556130273268,3.3633671635761857,615.818980190903
UNSW_NB15,6q_5k,QWE,full,0,L0,baseline_unoptimized,0.005,6,2,456,2,0.8586666666666667,0.8600974275737302,0.7032938784707442,594.1517359707505,4.694346095900983,598.8460820666514
UNSW_NB15,6q_5k,QWE,full,0,L0,baseline_unoptimized,0.005,6,3,789,0,0.836,0.8380763420540549,0.6596403219268341,593.3969463203102,5.75102177541703,599.1479680957273
UNSW_NB15,6q_5k,QWE,full,0,L0,baseline_unoptimized,0.005,6,4,1024,1,0.874,0.8746772860451741,0.7305657725033524,617.2521611275151,2.6375301838852465,619.8896913114004
UNSW_NB15,6q_5k,QWE,full,0,L0,baseline_unoptimized,0.005,6,5,2048,2,0.8433333333333334,0.8459846809826733,0.6868121889820344,606.0009381938726,5.7064840933308005,611.7074222872034
UNSW_NB15,6q_5k,QWE,full,0,L0,baseline_unoptimized,0.005,6,6,3072,0,0.8446666666666667,0.8472488839115344,0.6884756262464491,608.0747189051472,3.0598965948447585,611.1346154999919
UNSW_NB15,6q_5k,QWE,full,0,L0,baseline_unoptimized,0.005,6,7,4096,1,0.8406666666666667,0.8430090066018415,0.6741691820071167,611.7785401642323,4.578987387474626,616.3575275517069
UNSW_NB15,6q_5k,QWE,full,0,L0,baseline_unoptimized,0.005,6,8,5120,2,0.8373333333333334,0.8399461521158234,0.671146123771661,620.9961863295175,2.140494897030294,623.1366812265478
UNSW_NB15,6q_5k,QWE,full,0,L0,baseline_unoptimized,0.005,6,9,6144,0,0.888,0.8853017337554652,0.7553969524255771,601.1935915364884,5.0381549135781825,606.2317464500666
UNSW_NB15,6q_5k,QWE,full,0,L0,baseline_unoptimized,0.005,6,10,7168,1,0.852,0.8542032793468823,0.6989621304879196,619.5982715231366,4.448282164987177,624.0465536881238
UNSW_NB15,6q_5k,QWE,full,0,L0,baseline_unoptimized,0.005,6,11,8192,2,0.8606666666666667,0.8615998411279913,0.7032859474595459,614.3143733856268,6.165604590903968,620.4799779765308
UNSW_NB15,6q_5k,QWE,full,0,L0,baseline_unoptimized,0.005,6,12,9216,0,0.8693333333333333,0.8636609474770132,0.7175173674720897,568.1520101022907,5.825940716546029,573.9779508188367
UNSW_NB15,6q_5k,QWE,full,0,L0,baseline_unoptimized,0.005,6,13,10240,1,0.854,0.8556782317953051,0.6958865392933864,617.4988372293301,4.05019146297127,621.5490286923014
UNSW_NB15,6q_5k,QWE,full,0,L0,baseline_unoptimized,0.005,6,14,11264,2,0.8373333333333334,0.8397852847830772,0.668644496016411,603.8295625420287,4.271516396198422,608.1010789382271
UNSW_NB15,6q_5k,QWE,full,0,L0,baseline_unoptimized,0.005,6,15,12288,0,0.8493333333333334,0.8516752804989399,0.6947372795374087,609.0263764392585,3.373321590013802,612.3996980292723
UNSW_NB15,6q_5k,QWE,full,0,L0,baseline_unoptimized,0.005,6,16,13312,1,0.8326666666666667,0.835402389962767,0.6629276771169359,555.4055833709426,4.433591875713319,559.8391752466559
UNSW_NB15,6q_5k,QWE,full,0,L0,baseline_unoptimized,0.005,6,17,14336,2,0.8446666666666667,0.8467084456350622,0.6793356194037318,596.1056027067825,3.6922444724477828,599.7978471792303
UNSW_NB15,6q_5k,QWE,full,0,L0,baseline_unoptimized,0.005,6,18,15360,0,0.8846666666666667,0.8806627559712781,0.7503612163294755,585.1271532764658,5.629215547814965,590.7563688242808
UNSW_NB15,6q_5k,QWE,full,0,L0,baseline_unoptimized,0.005,6,19,16384,1,0.8606666666666667,0.8621975532676533,0.7091614212295148,609.5127083715051,4.8423073892481625,614.3550157607533
UNSW_NB15,6q_5k,QWE,full,0,L0,baseline_unoptimized,0.005,6,20,17408,2,0.854,0.8557613657413813,0.6965681367343303,614.6287938239984,3.490824050270021,618.1196178742684
UNSW_NB15,6q_5k,QWE,full,0,L0,baseline_unoptimized,0.005,6,21,18432,0,0.842,0.8447614621157106,0.6863422248251685,620.9201839659363,2.5019862838089466,623.4221702497452
UNSW_NB15,6q_5k,QWE,full,0,L0,baseline_unoptimized,0.005,6,22,19456,1,0.84,0.8428799788236851,0.6856317464167401,602.3484307387844,4.012048147618771,606.3604788864031
UNSW_NB15,6q_5k,QWE,full,0,L0,baseline_unoptimized,0.005,6,23,20480,2,0.8466666666666667,0.8485351020798524,0.681272993256041,609.3794264700264,3.7035381426103413,613.0829646126367
UNSW_NB15,6q_5k,QWE,full,0,L0,baseline_unoptimized,0.005,6,24,21504,0,0.8406666666666667,0.8430090066018415,0.6741691820071167,604.6375089758076,4.953182259108871,609.5906912349164
UNSW_NB15,6q_5k,QWE,full,0,L0,baseline_unoptimized,0.005,6,25,22528,1,0.844,0.8457850378787878,0.6742822568165633,613.7402084651403,6.185393307823688,619.925601772964
UNSW_NB15,6q_5k,QWE,full,0,L0,baseline_unoptimized,0.005,6,26,23552,2,0.8826666666666667,0.8792263260704611,0.7444165640309187,618.8190485611558,3.497351776342839,622.3164003374986
UNSW_NB15,6q_5k,QWE,full,0,L0,baseline_unoptimized,0.005,6,27,24576,0,0.8393333333333334,0.8419273715811065,0.6756196046955399,610.5385244232602,4.564177352003753,615.102701775264
UNSW_NB15,6q_5k,QWE,full,0,L0,baseline_unoptimized,0.005,6,28,25600,1,0.83,0.8328769942577944,0.6588698225894961,616.8707790137269,4.501391206867993,621.3721702205949
UNSW_NB15,6q_5k,QWE,full,0,L0,baseline_unoptimized,0.005,6,29,26624,2,0.8466666666666667,0.848843761188686,0.6855461559932692,616.7424400295131,4.639568947255611,621.3820089767687
UNSW_NB15,6q_5k,QWE,full,0,L0,baseline_unoptimized,0.008,6,0,42,0,0.8266666666666667,0.8298230201171377,0.6590272416752194,613.3297703438438,3.315846289973706,616.6456166338176
UNSW_NB15,6q_5k,QWE,full,0,L0,baseline_unoptimized,0.008,6,1,123,1,0.844,0.8464078220585615,0.6837066451810554,589.8617059858516,4.007625555153936,593.8693315410055
UNSW_NB15,6q_5k,QWE,full,0,L0,baseline_unoptimized,0.008,6,2,456,2,0.8446666666666667,0.8466870118074479,0.6786644351442488,605.1918523767963,4.817879050038755,610.0097314268351
UNSW_NB15,6q_5k,QWE,full,0,L0,baseline_unoptimized,0.008,6,3,789,0,0.8313333333333334,0.8337106927037793,0.6529782992234651,608.6469202921726,5.089608897920698,613.7365291900933
UNSW_NB15,6q_5k,QWE,full,0,L0,baseline_unoptimized,0.008,6,4,1024,1,0.868,0.8680528776895284,0.7140064113276883,595.9054958182387,5.328952914103866,601.2344487323426
UNSW_NB15,6q_5k,QWE,full,0,L0,baseline_unoptimized,0.008,6,5,2048,2,0.8406666666666667,0.8435113506884164,0.685345516681935,613.1635624947958,4.044798563700169,617.2083610584959
UNSW_NB15,6q_5k,QWE,full,0,L0,baseline_unoptimized,0.008,6,6,3072,0,0.8406666666666667,0.8435113506884164,0.685345516681935,617.666432112921,3.3633723235689104,621.0298044364899
UNSW_NB15,6q_5k,QWE,full,0,L0,baseline_unoptimized,0.008,6,7,4096,1,0.8353333333333334,0.8382325720578709,0.6729835770714837,595.6720134275965,3.3168422719463706,598.9888556995429
UNSW_NB15,6q_5k,QWE,full,0,L0,baseline_unoptimized,0.008,6,8,5120,2,0.836,0.8387633959522344,0.671156668360403,615.7319646128453,4.728864312171936,620.4608289250173
UNSW_NB15,6q_5k,QWE,full,0,L0,baseline_unoptimized,0.008,6,9,6144,0,0.87,0.8711051755510183,0.7255084690417258,616.0718215233646,3.934515684377402,620.006337207742
UNSW_NB15,6q_5k,QWE,full,0,L0,baseline_unoptimized,0.008,6,10,7168,1,0.838,0.8407444927922219,0.6763809144710715,613.2611798383296,3.6834115372039378,616.9445913755335
UNSW_NB15,6q_5k,QWE,full,0,L0,baseline_unoptimized,0.008,6,11,8192,2,0.8733333333333333,0.8733333333333333,0.7253377382092792,615.5572014609352,4.037693950347602,619.5948954112828
UNSW_NB15,6q_5k,QWE,full,0,L0,baseline_unoptimized,0.008,6,12,9216,0,0.872,0.8659271826439456,0.7254948549394792,601.0914580095559,5.292388272471726,606.3838462820277
UNSW_NB15,6q_5k,QWE,full,0,L0,baseline_unoptimized,0.008,6,13,10240,1,0.846,0.8481873869039884,0.6845766365366296,610.7017994192429,4.455529749393463,615.1573291686364
UNSW_NB15,6q_5k,QWE,full,0,L0,baseline_unoptimized,0.008,6,14,11264,2,0.8326666666666667,0.8356111942081589,0.6681720205108793,577.8836885099299,4.458699292503297,582.3423878024332
UNSW_NB15,6q_5k,QWE,full,0,L0,baseline_unoptimized,0.008,6,15,12288,0,0.84,0.8427193708609272,0.6801136937545267,600.9227937967516,5.351135122589767,606.2739289193414
UNSW_NB15,6q_5k,QWE,full,0,L0,baseline_unoptimized,0.008,6,16,13312,1,0.8206666666666667,0.8239587602695998,0.647452211145588,594.5027897474356,4.991587802767754,599.4943775502034
UNSW_NB15,6q_5k,QWE,full,0,L0,baseline_unoptimized,0.008,6,17,14336,2,0.8366666666666667,0.8394104887085921,0.6730133308472096,610.8593015791848,5.026790556963533,615.8860921361484
UNSW_NB15,6q_5k,QWE,full,0,L0,baseline_unoptimized,0.008,6,18,15360,0,0.8826666666666667,0.878802946375076,0.7451361392535083,612.6429235860705,3.6827596025541425,616.3256831886247
UNSW_NB15,6q_5k,QWE,full,0,L0,baseline_unoptimized,0.008,6,19,16384,1,0.8453333333333334,0.8476929352956653,0.6859813545658461,583.1767093269154,4.512545336969197,587.6892546638846
UNSW_NB15,6q_5k,QWE,full,0,L0,baseline_unoptimized,0.008,6,20,17408,2,0.8613333333333333,0.8625805210099601,0.7074065281969861,611.9132645893842,4.286735666915774,616.2000002563
UNSW_NB15,6q_5k,QWE,full,0,L0,baseline_unoptimized,0.008,6,21,18432,0,0.8346666666666667,0.8377341328766612,0.6768459868556139,612.038805896882,4.305273160338402,616.3440790572204
UNSW_NB15,6q_5k,QWE,full,0,L0,baseline_unoptimized,0.008,6,22,19456,1,0.8326666666666667,0.8357052152966279,0.6712438878748136,580.5763191650622,4.286430185195059,584.8627493502572
UNSW_NB15,6q_5k,QWE,full,0,L0,baseline_unoptimized,0.008,6,23,20480,2,0.842,0.8441938638523876,0.6749666435703344,607.8634841684252,4.567823740188032,612.4313079086132
UNSW_NB15,6q_5k,QWE,full,0,L0,baseline_unoptimized,0.008,6,24,21504,0,0.8373333333333334,0.8401656277115376,0.6762776976719104,610.1504333419725,3.6880354695022106,613.8384688114747
UNSW_NB15,6q_5k,QWE,full,0,L0,baseline_unoptimized,0.008,6,25,22528,1,0.8373333333333334,0.8393927945576803,0.6624589844768364,555.4498727587052,6.371617464348674,561.8214902230538
UNSW_NB15,6q_5k,QWE,full,0,L0,baseline_unoptimized,0.008,6,26,23552,2,0.876,0.8734706922491353,0.7276886879001385,609.22963438835,4.626817021984607,613.8564514103346
UNSW_NB15,6q_5k,QWE,full,0,L0,baseline_unoptimized,0.008,6,27,24576,0,0.8346666666666667,0.8376474710004123,0.6737132681911534,598.4483203347772,4.159572084899992,602.6078924196772
UNSW_NB15,6q_5k,QWE,full,0,L0,baseline_unoptimized,0.008,6,28,25600,1,0.8246666666666667,0.8278176745253277,0.6524952526840743,616.1251665367745,4.486086847260594,620.6112533840351
UNSW_NB15,6q_5k,QWE,full,0,L0,baseline_unoptimized,0.008,6,29,26624,2,0.8473333333333334,0.8496073057236427,0.6887137285709041,616.5550525872968,4.59884316008538,621.1538957473822
UNSW_NB15,6q_5k,QWE,full,0,L0,baseline_unoptimized,0.01,6,0,42,0,0.8273333333333334,0.8304687281347674,0.6601048209174207,600.923586090561,5.917836839333177,606.8414229298942
UNSW_NB15,6q_5k,QWE,full,0,L0,baseline_unoptimized,0.01,6,1,123,1,0.8433333333333334,0.8456803147042646,0.6809966471888783,612.1851823646575,3.985476471018046,616.1706588356756
UNSW_NB15,6q_5k,QWE,full,0,L0,baseline_unoptimized,0.01,6,2,456,2,0.8306666666666667,0.8336587624097203,0.6635188603305792,614.0376188177615,4.299155339132994,618.3367741568945
UNSW_NB15,6q_5k,QWE,full,0,L0,baseline_unoptimized,0.01,6,3,789,0,0.832,0.8343853383458645,0.6546374309133054,617.8413267899305,3.4336338131688535,621.2749606030993
UNSW_NB15,6q_5k,QWE,full,0,L0,baseline_unoptimized,0.01,6,4,1024,1,0.842,0.8446019626964559,0.6823235120437893,608.5784114352427,5.760876540560275,614.339287975803
UNSW_NB15,6q_5k,QWE,full,0,L0,baseline_unoptimized,0.01,6,5,2048,2,0.842,0.8447404692034761,0.685754178205697,602.9644026746973,3.559786530211568,606.5241892049089
UNSW_NB15,6q_5k,QWE,full,0,L0,baseline_unoptimized,0.01,6,6,3072,0,0.8413333333333334,0.8441939439439439,0.6876522787524371,620.6900984416716,3.0120173543691635,623.7021157960407
UNSW_NB15,6q_5k,QWE,full,0,L0,baseline_unoptimized,0.01,6,7,4096,1,0.8386666666666667,0.8414540058032649,0.6784814286491885,610.0200027441606,3.838159242644906,613.8581619868055
UNSW_NB15,6q_5k,QWE,full,0,L0,baseline_unoptimized,0.01,6,8,5120,2,0.828,0.8312654161386959,0.6661833273790246,619.2829274917021,4.008903253823519,623.2918307455257
UNSW_NB15,6q_5k,QWE,full,0,L0,baseline_unoptimized,0.01,6,9,6144,0,0.8526666666666667,0.8547293062791702,0.6981255565454749,621.9791665030643,2.2436795053072274,624.2228460083716
UNSW_NB15,6q_5k,QWE,full,0,L0,baseline_unoptimized,0.01,6,10,7168,1,0.8466666666666667,0.8492086575668665,0.6931130874335011,619.6472735819407,3.8900124290958047,623.5372860110365
UNSW_NB15,6q_5k,QWE,full,0,L0,baseline_unoptimized,0.01,6,11,8192,2,0.83,0.8326271978689247,0.6538353879556885,603.2931603863835,3.383791466243565,606.6769518526271
UNSW_NB15,6q_5k,QWE,full,0,L0,baseline_unoptimized,0.01,6,12,9216,0,0.87,0.8634530768107194,0.7220040003254693,616.1966181113385,4.158326718956232,620.3549448302947
UNSW_NB15,6q_5k,QWE,full,0,L0,baseline_unoptimized,0.01,6,13,10240,1,0.844,0.8464078220585615,0.6837066451810554,612.000801068265,4.316559665836394,616.3173607341014
UNSW_NB15,6q_5k,QWE,full,0,L0,baseline_unoptimized,0.01,6,14,11264,2,0.8333333333333334,0.8363148934552809,0.6710869217492986,601.9807611401193,2.7254823339171708,604.7062434740365
UNSW_NB15,6q_5k,QWE,full,0,L0,baseline_unoptimized,0.01,6,15,12288,0,0.8366666666666667,0.839521342693456,0.6751781344808402,612.2670955676585,4.043897447176278,616.3109930148348
UNSW_NB15,6q_5k,QWE,full,0,L0,baseline_unoptimized,0.01,6,16,13312,1,0.818,0.8214197233377957,0.6451453545498887,600.4100055252202,3.403308942914009,603.8133144681342
UNSW_NB15,6q_5k,QWE,full,0,L0,baseline_unoptimized,0.01,6,17,14336,2,0.8386666666666667,0.8413651746294545,0.6769168571776688,616.5105038927868,3.490930580534041,620.0014344733208
UNSW_NB15,6q_5k,QWE,full,0,L0,baseline_unoptimized,0.01,6,18,15360,0,0.8666666666666667,0.8658548682875331,0.708177210604592,616.7495626718737,4.72211788687855,621.4716805587523
UNSW_NB15,6q_5k,QWE,full,0,L0,baseline_unoptimized,0.01,6,19,16384,1,0.85,0.8520687846109006,0.6920214381613825,616.9845337504521,4.746422347147018,621.7309560975991
UNSW_NB15,6q_5k,QWE,full,0,L0,baseline_unoptimized,0.01,6,20,17408,2,0.8453333333333334,0.8474644600612892,0.6817513516177125,616.6474027819932,4.346271575894207,620.9936743578874
UNSW_NB15,6q_5k,QWE,full,0,L0,baseline_unoptimized,0.01,6,21,18432,0,0.8333333333333334,0.8364093014828309,0.6734249677846028,620.0626176274382,3.215921611059457,623.2785392384976
UNSW_NB15,6q_5k,QWE,full,0,L0,baseline_unoptimized,0.01,6,22,19456,1,0.8266666666666667,0.8299665401871118,0.6655597168402806,609.4697353243828,4.968639645725489,614.4383749701083
UNSW_NB15,6q_5k,QWE,full,0,L0,baseline_unoptimized,0.01,6,23,20480,2,0.844,0.8460815786325298,0.6779703777474272,616.742982421536,3.9176447014324367,620.6606271229684
UNSW_NB15,6q_5k,QWE,full,0,L0,baseline_unoptimized,0.01,6,24,21504,0,0.8333333333333334,0.8363381764117058,0.6709254660788967,591.3724988074973,5.41751095186919,596.7900097593665
UNSW_NB15,6q_5k,QWE,full,0,L0,baseline_unoptimized,0.01,6,25,22528,1,0.8306666666666667,0.8333286858308091,0.6560500914272642,606.7361310445704,4.957589842379093,611.6937208869494
UNSW_NB15,6q_5k,QWE,full,0,L0,baseline_unoptimized,0.01,6,26,23552,2,0.8673333333333333,0.8662458745172489,0.7092783758429592,614.608978617005,4.2527767843566835,618.8617554013617
UNSW_NB15,6q_5k,QWE,full,0,L0,baseline_unoptimized,0.01,6,27,24576,0,0.8293333333333334,0.8324997500662309,0.6657071477825431,595.3349612280726,4.544715534429997,599.8796767625026
UNSW_NB15,6q_5k,QWE,full,0,L0,baseline_unoptimized,0.01,6,28,25600,1,0.8213333333333334,0.8245124086694909,0.6446004192429982,594.0615328936838,4.2742997873574495,598.3358326810412
UNSW_NB15,6q_5k,QWE,full,0,L0,baseline_unoptimized,0.01,6,29,26624,2,0.838,0.8408313725490196,0.6779691570669223,612.7929790113121,3.5046821841970086,616.2976611955091
UNSW_NB15,6q_5k,QWE,full,0,L0,baseline_unoptimized,0.02,6,0,42,0,0.8646666666666667,0.8562017030321125,0.7156572680827537,604.2101871403866,5.22236871579662,609.4325558561832
UNSW_NB15,6q_5k,QWE,full,0,L0,baseline_unoptimized,0.02,6,1,123,1,0.8666666666666667,0.8581388206388205,0.7213893301584514,615.6681889379397,3.5991091444157064,619.2672980823554
UNSW_NB15,6q_5k,QWE,full,0,L0,baseline_unoptimized,0.02,6,2,456,2,0.8526666666666667,0.8418240717759209,0.6914946702237547,582.5334739349782,4.304093012120575,586.8375669470988
UNSW_NB15,6q_5k,QWE,full,0,L0,baseline_unoptimized,0.02,6,3,789,0,0.8573333333333333,0.8474769926648262,0.7006198808028095,614.7245510159992,3.2796706673689187,618.0042216833681
UNSW_NB15,6q_5k,QWE,full,0,L0,baseline_unoptimized,0.02,6,4,1024,1,0.8606666666666667,0.8520418195973751,0.7049645153887298,605.0425626882352,4.990332956891507,610.0328956451267
UNSW_NB15,6q_5k,QWE,full,0,L0,baseline_unoptimized,0.02,6,5,2048,2,0.868,0.8596435810810811,0.7238153149283839,611.8992002904415,4.61561732692644,616.514817617368
UNSW_NB15,6q_5k,QWE,full,0,L0,baseline_unoptimized,0.02,6,6,3072,0,0.87,0.8625473363723225,0.7254308148606284,574.902623438742,6.027482178993523,580.9301056177355
UNSW_NB15,6q_5k,QWE,full,0,L0,baseline_unoptimized,0.02,6,7,4096,1,0.848,0.8457601901366608,0.6647770316344719,607.5040410356596,5.199467691127211,612.7035087267868
UNSW_NB15,6q_5k,QWE,full,0,L0,baseline_unoptimized,0.02,6,8,5120,2,0.874,0.8674400259049002,0.7324399524031185,616.3111808900721,4.710863354150206,621.0220442442223
UNSW_NB15,6q_5k,QWE,full,0,L0,baseline_unoptimized,0.02,6,9,6144,0,0.8773333333333333,0.8703881195253215,0.7433494173278451,562.4620548635721,4.323648558463901,566.785703422036
UNSW_NB15,6q_5k,QWE,full,0,L0,baseline_unoptimized,0.02,6,10,7168,1,0.8313333333333334,0.8339806565521931,0.6579146986377928,612.0179416816682,5.391784854698926,617.4097265363671
UNSW_NB15,6q_5k,QWE,full,0,L0,baseline_unoptimized,0.02,6,11,8192,2,0.8293333333333334,0.8312861952861952,0.6432005741258076,615.9879993568175,4.023085026536137,620.0110843833536
UNSW_NB15,6q_5k,QWE,full,0,L0,baseline_unoptimized,0.02,6,12,9216,0,0.85,0.8381836932380315,0.6878256403371574,613.3726803208701,4.349528409540653,617.7222087304108
UNSW_NB15,6q_5k,QWE,full,0,L0,baseline_unoptimized,0.02,6,13,10240,1,0.8753333333333333,0.8682192807211272,0.7387317733132076,613.7340189954266,4.6692309700883925,618.403249965515
UNSW_NB15,6q_5k,QWE,full,0,L0,baseline_unoptimized,0.02,6,14,11264,2,0.868,0.8596817295915651,0.7241370152532289,590.0170639818534,3.4643695894628763,593.4814335713163
UNSW_NB15,6q_5k,QWE,full,0,L0,baseline_unoptimized,0.02,6,15,12288,0,0.8186666666666667,0.8202445401189962,0.6161111327663835,616.382863576524,3.083311812952161,619.4661753894761
UNSW_NB15,6q_5k,QWE,full,0,L0,baseline_unoptimized,0.02,6,16,13312,1,0.8166666666666667,0.8194800788482256,0.6260209923907651,611.292856500484,4.189797414001077,615.4826539144851
UNSW_NB15,6q_5k,QWE,full,0,L0,baseline_unoptimized,0.02,6,17,14336,2,0.856,0.8458121761518607,0.6987828770638974,603.7821500101127,5.23100414685905,609.0131541569717
UNSW_NB15,6q_5k,QWE,full,0,L0,baseline_unoptimized,0.02,6,18,15360,0,0.8633333333333333,0.8543565802230518,0.7136240542071299,575.5798317468725,4.300463342573494,579.880295089446
UNSW_NB15,6q_5k,QWE,full,0,L0,baseline_unoptimized,0.02,6,19,16384,1,0.8693333333333333,0.8612212172008973,0.7268838188108365,614.5786600401625,4.5032339370809495,619.0818939772435
UNSW_NB15,6q_5k,QWE,full,0,L0,baseline_unoptimized,0.02,6,20,17408,2,0.86,0.8504652635692034,0.7067180000668541,615.932391223032,4.2614374295808375,620.1938286526129
UNSW_NB15,6q_5k,QWE,full,0,L0,baseline_unoptimized,0.02,6,21,18432,0,0.866,0.857198403047968,0.7202423471439646,576.91675560968,5.07518220692873,581.9919378166087
UNSW_NB15,6q_5k,QWE,full,0,L0,baseline_unoptimized,0.02,6,22,19456,1,0.822,0.8250155538087376,0.6428784668772793,620.1635015299544,5.5033599166199565,625.6668614465743
UNSW_NB15,6q_5k,QWE,full,0,L0,baseline_unoptimized,0.02,6,23,20480,2,0.8653333333333333,0.8566807488576285,0.7177642030082366,623.1635128115304,3.095738159958273,626.2592509714887
UNSW_NB15,6q_5k,QWE,full,0,L0,baseline_unoptimized,0.02,6,24,21504,0,0.872,0.8651702823492298,0.7282524972959956,610.0139909773134,4.833374395500869,614.8473653728142
UNSW_NB15,6q_5k,QWE,full,0,L0,baseline_unoptimized,0.02,6,25,22528,1,0.8626666666666667,0.8541015247528266,0.7101378200268662,618.3903764700517,4.694790007080883,623.0851664771326
UNSW_NB15,6q_5k,QWE,full,0,L0,baseline_unoptimized,0.02,6,26,23552,2,0.8713333333333333,0.8641055780447175,0.7285194761768399,618.5325283603743,4.634814504068345,623.1673428644426
UNSW_NB15,6q_5k,QWE,full,0,L0,baseline_unoptimized,0.02,6,27,24576,0,0.8646666666666667,0.8557774916355099,0.7169332006755472,622.7503739134409,3.9367789831012487,626.6871528965421
UNSW_NB15,6q_5k,QWE,full,0,L0,baseline_unoptimized,0.02,6,28,25600,1,0.854,0.8486114238999405,0.6794960058847207,610.1843399549834,4.010998328216374,614.1953382831998
UNSW_NB15,6q_5k,QWE,full,0,L0,baseline_unoptimized,0.02,6,29,26624,2,0.8713333333333333,0.8639571072813244,0.7286815354864602,617.1683437307365,4.234002877958119,621.4023466086946
UNSW_NB15,6q_5k,QWE,full,0,L0,baseline_unoptimized,0.05,6,0,42,0,0.6386666666666667,0.49783780851640896,0.0,619.6216453192756,3.2760070534422994,622.8976523727179
UNSW_NB15,6q_5k,QWE,full,0,L0,baseline_unoptimized,0.05,6,1,123,1,0.6386666666666667,0.49783780851640896,0.0,609.6878693639301,4.3556704563088715,614.043539820239
UNSW_NB15,6q_5k,QWE,full,0,L0,baseline_unoptimized,0.05,6,2,456,2,0.6393333333333333,0.49867480005422266,0.0,597.4833462750539,5.924439255148172,603.4077855302021
UNSW_NB15,6q_5k,QWE,full,0,L0,baseline_unoptimized,0.05,6,3,789,0,0.6393333333333333,0.49867480005422266,0.0,617.9867658121511,4.620995340403169,622.6077611525543
UNSW_NB15,6q_5k,QWE,full,0,L0,baseline_unoptimized,0.05,6,4,1024,1,0.662,0.5483192828328104,0.20276040237381732,607.2005685786717,3.91986913792789,611.1204377165996
UNSW_NB15,6q_5k,QWE,full,0,L0,baseline_unoptimized,0.05,6,5,2048,2,0.6393333333333333,0.49867480005422266,0.0,602.3463785531931,4.2438406106084585,606.5902191638015
UNSW_NB15,6q_5k,QWE,full,0,L0,baseline_unoptimized,0.05,6,6,3072,0,0.6393333333333333,0.49867480005422266,0.0,601.388586266432,2.8588187634013593,604.2474050298333
UNSW_NB15,6q_5k,QWE,full,0,L0,baseline_unoptimized,0.05,6,7,4096,1,0.6393333333333333,0.49867480005422266,0.0,621.5158160361461,2.8392774877138436,624.35509352386
UNSW_NB15,6q_5k,QWE,full,0,L0,baseline_unoptimized,0.05,6,8,5120,2,0.6393333333333333,0.49867480005422266,0.0,615.586230898276,3.324550073593855,618.9107809718698
UNSW_NB15,6q_5k,QWE,full,0,L0,baseline_unoptimized,0.05,6,9,6144,0,0.6386666666666667,0.49783780851640896,0.0,617.3572135339491,4.100811889395118,621.4580254233442
UNSW_NB15,6q_5k,QWE,full,0,L0,baseline_unoptimized,0.05,6,10,7168,1,0.6386666666666667,0.49783780851640896,0.0,613.5549730556086,4.602977890521288,618.1579509461299
UNSW_NB15,6q_5k,QWE,full,0,L0,baseline_unoptimized,0.05,6,11,8192,2,0.6393333333333333,0.49867480005422266,0.0,620.5081262993626,2.797352864872664,623.3054791642353
UNSW_NB15,6q_5k,QWE,full,0,L0,baseline_unoptimized,0.05,6,12,9216,0,0.6393333333333333,0.49867480005422266,0.0,619.531911212951,3.9097227375023067,623.4416339504533
UNSW_NB15,6q_5k,QWE,full,0,L0,baseline_unoptimized,0.05,6,13,10240,1,0.6386666666666667,0.49783780851640896,0.0,616.4750830880366,4.965312395710498,621.4403954837471
UNSW_NB15,6q_5k,QWE,full,0,L0,baseline_unoptimized,0.05,6,14,11264,2,0.6386666666666667,0.49783780851640896,0.0,608.8715490777977,6.1357725923880935,615.0073216701858
UNSW_NB15,6q_5k,QWE,full,0,L0,baseline_unoptimized,0.05,6,15,12288,0,0.6393333333333333,0.49867480005422266,0.0,589.6460258094594,5.581796695943922,595.2278225054033
UNSW_NB15,6q_5k,QWE,full,0,L0,baseline_unoptimized,0.05,6,16,13312,1,0.6386666666666667,0.49783780851640896,0.0,618.9321172256023,3.4981066663749516,622.4302238919772
UNSW_NB15,6q_5k,QWE,full,0,L0,baseline_unoptimized,0.05,6,17,14336,2,0.6386666666666667,0.49783780851640896,0.0,608.635381501168,5.173980575520545,613.8093620766886
UNSW_NB15,6q_5k,QWE,full,0,L0,baseline_unoptimized,0.05,6,18,15360,0,0.6393333333333333,0.49867480005422266,0.0,618.0668184380047,4.117449812125415,622.1842682501301
UNSW_NB15,6q_5k,QWE,full,0,L0,baseline_unoptimized,0.05,6,19,16384,1,0.6386666666666667,0.49783780851640896,0.0,607.8021272285841,4.861529345624149,612.6636565742083
UNSW_NB15,6q_5k,QWE,full,0,L0,baseline_unoptimized,0.05,6,20,17408,2,0.6393333333333333,0.49867480005422266,0.0,615.8428976144642,5.724178382661194,621.5670759971254
UNSW_NB15,6q_5k,QWE,full,0,L0,baseline_unoptimized,0.05,6,21,18432,0,0.6393333333333333,0.49867480005422266,0.0,577.6514740022831,4.964044575113803,582.6155185773969
UNSW_NB15,6q_5k,QWE,full,0,L0,baseline_unoptimized,0.05,6,22,19456,1,0.6386666666666667,0.49783780851640896,0.0,617.5440360195935,4.330221529584378,621.8742575491779
UNSW_NB15,6q_5k,QWE,full,0,L0,baseline_unoptimized,0.05,6,23,20480,2,0.6393333333333333,0.49867480005422266,0.0,616.5000879582949,5.104522672947496,621.6046106312424
UNSW_NB15,6q_5k,QWE,full,0,L0,baseline_unoptimized,0.05,6,24,21504,0,0.6393333333333333,0.49867480005422266,0.0,615.8486297149211,4.580709567293525,620.4293392822146
UNSW_NB15,6q_5k,QWE,full,0,L0,baseline_unoptimized,0.05,6,25,22528,1,0.6393333333333333,0.49867480005422266,0.0,601.2521736677736,4.910370970144868,606.1625446379185
UNSW_NB15,6q_5k,QWE,full,0,L0,baseline_unoptimized,0.05,6,26,23552,2,0.6386666666666667,0.49783780851640896,0.0,617.6172860609367,3.175808739848435,620.7930948007852
UNSW_NB15,6q_5k,QWE,full,0,L0,baseline_unoptimized,0.05,6,27,24576,0,0.6393333333333333,0.49867480005422266,0.0,614.3955512377433,4.816704421304166,619.2122556590475
UNSW_NB15,6q_5k,QWE,full,0,L0,baseline_unoptimized,0.05,6,28,25600,1,0.6393333333333333,0.49867480005422266,0.0,619.6759675438516,3.2973622675053775,622.973329811357
UNSW_NB15,6q_5k,QWE,full,0,L0,baseline_unoptimized,0.05,6,29,26624,2,0.6393333333333333,0.49867480005422266,0.0,612.4228396164253,4.190917962696403,616.6137575791217
UNSW_NB15,6q_5k,QWE,full,3,L3,qiskit_heavy,0.0,6,0,42,0,0.836,0.8384102571734731,0.664798492945224,809.3919308255427,5.864947505295277,815.2568783308379
UNSW_NB15,6q_5k,QWE,full,3,L3,qiskit_heavy,0.0,6,1,123,1,0.8746666666666667,0.8750959503333021,0.7306346865085891,839.4657411067747,5.842763043474406,845.3085041502491
UNSW_NB15,6q_5k,QWE,full,3,L3,qiskit_heavy,0.0,6,2,456,2,0.8713333333333333,0.8718915714530179,0.7239551854201108,840.6020248020068,4.570349280722439,845.1723740827292
UNSW_NB15,6q_5k,QWE,full,3,L3,qiskit_heavy,0.0,6,3,789,0,0.8413333333333334,0.8430252329287555,0.6673163709881292,807.5304959905334,5.281982176937163,812.8124781674705
UNSW_NB15,6q_5k,QWE,full,3,L3,qiskit_heavy,0.0,6,4,1024,1,0.884,0.8795020452023691,0.7502971654541537,842.8187266234308,5.447262387257069,848.2659890106879
UNSW_NB15,6q_5k,QWE,full,3,L3,qiskit_heavy,0.0,6,5,2048,2,0.8533333333333334,0.855445678393427,0.7000880564207085,841.3661738052033,5.89250991679728,847.2586837220006
UNSW_NB15,6q_5k,QWE,full,3,L3,qiskit_heavy,0.0,6,6,3072,0,0.85,0.8522051317381353,0.6938182588157403,853.0332916672342,5.180074730422348,858.2133663976565
UNSW_NB15,6q_5k,QWE,full,3,L3,qiskit_heavy,0.0,6,7,4096,1,0.8446666666666667,0.8467903021146015,0.6801015977489918,824.6111289337277,4.943691642489284,829.554820576217
UNSW_NB15,6q_5k,QWE,full,3,L3,qiskit_heavy,0.0,6,8,5120,2,0.8446666666666667,0.8468560924900418,0.681083050614695,852.9761648159474,5.395140794105828,858.3713056100532
UNSW_NB15,6q_5k,QWE,full,3,L3,qiskit_heavy,0.0,6,9,6144,0,0.8926666666666667,0.8884028476164729,0.7713707663041929,831.0101290345192,5.160770725924522,836.1708997604437
UNSW_NB15,6q_5k,QWE,full,3,L3,qiskit_heavy,0.0,6,10,7168,1,0.868,0.869433231492362,0.7245011271048634,857.1859379820526,5.209891034755856,862.3958290168084
UNSW_NB15,6q_5k,QWE,full,3,L3,qiskit_heavy,0.0,6,11,8192,2,0.8633333333333333,0.8641140046023508,0.7080028228412619,856.6384653439745,5.49454135261476,862.1330066965893
UNSW_NB15,6q_5k,QWE,full,3,L3,qiskit_heavy,0.0,6,12,9216,0,0.8586666666666667,0.8545024147531269,0.6889283426938533,829.0153510025702,4.914787509478629,833.9301385120489
UNSW_NB15,6q_5k,QWE,full,3,L3,qiskit_heavy,0.0,6,13,10240,1,0.8553333333333333,0.8568852289285448,0.6974391041555953,855.0287117152475,5.583156912587583,860.6118686278351
UNSW_NB15,6q_5k,QWE,full,3,L3,qiskit_heavy,0.0,6,14,11264,2,0.8433333333333334,0.8453926383014574,0.6765219830350345,854.8012414383702,5.450684811454266,860.2519262498245
UNSW_NB15,6q_5k,QWE,full,3,L3,qiskit_heavy,0.0,6,15,12288,0,0.868,0.8690696944899073,0.7205176790055782,823.1979701234959,5.2316785249859095,828.4296486484818
UNSW_NB15,6q_5k,QWE,full,3,L3,qiskit_heavy,0.0,6,16,13312,1,0.8373333333333334,0.8395596647080812,0.66507974581647,852.4807999935001,4.83898595534265,857.3197859488428
UNSW_NB15,6q_5k,QWE,full,3,L3,qiskit_heavy,0.0,6,17,14336,2,0.866,0.866805219009457,0.7142483300942102,850.7867107270285,5.607545827515423,856.394256554544
UNSW_NB15,6q_5k,QWE,full,3,L3,qiskit_heavy,0.0,6,18,15360,0,0.886,0.8824456020643864,0.752314426490322,825.0619289558381,5.093314487021416,830.1552434428595
UNSW_NB15,6q_5k,QWE,full,3,L3,qiskit_heavy,0.0,6,19,16384,1,0.868,0.8690231860338244,0.7203627900508619,854.17776487628,5.447594376280904,859.6253592525609
UNSW_NB15,6q_5k,QWE,full,3,L3,qiskit_heavy,0.0,6,20,17408,2,0.88,0.87754,0.7364593213724929,854.2101493957452,5.1723071383312345,859.3824565340765
UNSW_NB15,6q_5k,QWE,full,3,L3,qiskit_heavy,0.0,6,21,18432,0,0.8546666666666667,0.8564724387806096,0.6986489855499611,816.9029075754806,4.882647816091776,821.7855553915724
UNSW_NB15,6q_5k,QWE,full,3,L3,qiskit_heavy,0.0,6,22,19456,1,0.844,0.8465625050869781,0.6869656536613536,845.5927917780355,5.131927279289812,850.7247190573253
UNSW_NB15,6q_5k,QWE,full,3,L3,qiskit_heavy,0.0,6,23,20480,2,0.86,0.8612995677930242,0.7049494398884989,845.9499531080946,4.888998576905578,850.8389516850002
UNSW_NB15,6q_5k,QWE,full,3,L3,qiskit_heavy,0.0,6,24,21504,0,0.8526666666666667,0.8542572273368367,0.6915815834461339,827.6068537919782,5.392201845999807,832.999055637978
UNSW_NB15,6q_5k,QWE,full,3,L3,qiskit_heavy,0.0,6,25,22528,1,0.848,0.849322629217394,0.6786183725626465,844.3547088522464,3.9585508415475488,848.313259693794
UNSW_NB15,6q_5k,QWE,full,3,L3,qiskit_heavy,0.0,6,26,23552,2,0.886,0.883976279030215,0.7499994333317327,843.3089611101896,3.5441184802912176,846.8530795904808
UNSW_NB15,6q_5k,QWE,full,3,L3,qiskit_heavy,0.0,6,27,24576,0,0.8513333333333334,0.8531627872898603,0.6913727833866359,821.3242118624039,5.04409412946552,826.3683059918694
UNSW_NB15,6q_5k,QWE,full,3,L3,qiskit_heavy,0.0,6,28,25600,1,0.832,0.834486136938567,0.656184188498982,850.8593703885563,5.235842119902372,856.0952125084586
UNSW_NB15,6q_5k,QWE,full,3,L3,qiskit_heavy,0.0,6,29,26624,2,0.87,0.8709532888872233,0.7239215109321363,850.2271553906612,5.812714126426727,856.0398695170879
UNSW_NB15,6q_5k,QWE,full,3,L3,qiskit_heavy,0.0003,6,0,42,0,0.838,0.8404268786090906,0.6697840572952605,632.4960770756006,6.396806236822158,638.8928833124228
UNSW_NB15,6q_5k,QWE,full,3,L3,qiskit_heavy,0.0003,6,1,123,1,0.872,0.872484314804623,0.725171575916005,643.8524406016804,3.532641472760588,647.385082074441
UNSW_NB15,6q_5k,QWE,full,3,L3,qiskit_heavy,0.0003,6,2,456,2,0.8673333333333333,0.8682218582989008,0.7175493765538898,643.4191624433734,3.6963606234639883,647.1155230668373
UNSW_NB15,6q_5k,QWE,full,3,L3,qiskit_heavy,0.0003,6,3,789,0,0.8393333333333334,0.8411098989608327,0.663726770089842,639.934567078948,3.3959418148733675,643.3305088938214
UNSW_NB15,6q_5k,QWE,full,3,L3,qiskit_heavy,0.0003,6,4,1024,1,0.8853333333333333,0.8808870791655603,0.7534243157290429,639.7278006370179,4.261698503047228,643.9894991400652
UNSW_NB15,6q_5k,QWE,full,3,L3,qiskit_heavy,0.0003,6,5,2048,2,0.854,0.8560578723404255,0.7007563765885559,613.7651168443263,6.760741344187409,620.5258581885137
UNSW_NB15,6q_5k,QWE,full,3,L3,qiskit_heavy,0.0003,6,6,3072,0,0.8486666666666667,0.850949569341284,0.6920327363896636,602.236276333686,3.9959613578394055,606.2322376915254
UNSW_NB15,6q_5k,QWE,full,3,L3,qiskit_heavy,0.0003,6,7,4096,1,0.8426666666666667,0.8449005549588255,0.6771165036987337,617.7946374169551,4.087215395178646,621.8818528121337
UNSW_NB15,6q_5k,QWE,full,3,L3,qiskit_heavy,0.0003,6,8,5120,2,0.8426666666666667,0.8449005549588255,0.6771165036987337,637.0931134456769,2.770829069893807,639.8639425155707
UNSW_NB15,6q_5k,QWE,full,3,L3,qiskit_heavy,0.0003,6,9,6144,0,0.892,0.887832111925383,0.7693062207925676,627.69053472206,5.128539313562214,632.8190740356222
UNSW_NB15,6q_5k,QWE,full,3,L3,qiskit_heavy,0.0003,6,10,7168,1,0.8626666666666667,0.86422806098467,0.7140254160422476,639.0021045692265,4.611976220738143,643.6140807899646
UNSW_NB15,6q_5k,QWE,full,3,L3,qiskit_heavy,0.0003,6,11,8192,2,0.8626666666666667,0.8636084853090172,0.7077347278782529,605.6297062798403,3.863098477013409,609.4928047568537
UNSW_NB15,6q_5k,QWE,full,3,L3,qiskit_heavy,0.0003,6,12,9216,0,0.8573333333333333,0.853129796024383,0.6858603393032878,638.9818033636548,3.589228331577033,642.5710316952318
UNSW_NB15,6q_5k,QWE,full,3,L3,qiskit_heavy,0.0003,6,13,10240,1,0.856,0.8576006493506493,0.6994814364810508,637.4961070646532,4.3792798249050975,641.8753868895583
UNSW_NB15,6q_5k,QWE,full,3,L3,qiskit_heavy,0.0003,6,14,11264,2,0.8393333333333334,0.8414452163006435,0.6680810739289429,594.1133268484846,4.585634751711041,598.6989616001956
UNSW_NB15,6q_5k,QWE,full,3,L3,qiskit_heavy,0.0003,6,15,12288,0,0.868,0.86898858023052,0.7198192658218574,631.7221563360654,5.517389486078173,637.2395458221436
UNSW_NB15,6q_5k,QWE,full,3,L3,qiskit_heavy,0.0003,6,16,13312,1,0.836,0.8383459117154033,0.6637732034795297,639.7964316857979,4.899859270080924,644.6962909558788
UNSW_NB15,6q_5k,QWE,full,3,L3,qiskit_heavy,0.0003,6,17,14336,2,0.866,0.8668489437909502,0.7145725465918111,645.6202095225453,3.883266971912235,649.5034764944576
UNSW_NB15,6q_5k,QWE,full,3,L3,qiskit_heavy,0.0003,6,18,15360,0,0.8873333333333333,0.8835030031725368,0.7563115169506385,625.437359042,4.856285280082375,630.2936443220824
UNSW_NB15,6q_5k,QWE,full,3,L3,qiskit_heavy,0.0003,6,19,16384,1,0.8773333333333333,0.8780502400901004,0.738358000964526,640.8047413486056,5.460879874415696,646.2656212230213
UNSW_NB15,6q_5k,QWE,full,3,L3,qiskit_heavy,0.0003,6,20,17408,2,0.882,0.8789538707355736,0.741789171976911,641.4647560175508,3.920904363039881,645.3856603805907
UNSW_NB15,6q_5k,QWE,full,3,L3,qiskit_heavy,0.0003,6,21,18432,0,0.854,0.8557966386389211,0.6970141560336864,624.4706667554565,6.451615580357611,630.9222823358141
UNSW_NB15,6q_5k,QWE,full,3,L3,qiskit_heavy,0.0003,6,22,19456,1,0.844,0.8467355314054155,0.6915726417253324,638.1213806271553,4.085374534595758,642.2067551617511
UNSW_NB15,6q_5k,QWE,full,3,L3,qiskit_heavy,0.0003,6,23,20480,2,0.856,0.8574577563958762,0.6976276218866084,642.9181059626862,3.9731270987540483,646.8912330614403
UNSW_NB15,6q_5k,QWE,full,3,L3,qiskit_heavy,0.0003,6,24,21504,0,0.8466666666666667,0.8485351020798524,0.681272993256041,645.0931473732926,3.6676205145195127,648.7607678878121
UNSW_NB15,6q_5k,QWE,full,3,L3,qiskit_heavy,0.0003,6,25,22528,1,0.8466666666666667,0.8480900028209314,0.6765702136346176,633.1408252711408,3.715119513683021,636.8559447848238
UNSW_NB15,6q_5k,QWE,full,3,L3,qiskit_heavy,0.0003,6,26,23552,2,0.8826666666666667,0.8793052981705869,0.7442444924352826,638.7766197877936,5.277263248339295,644.0538830361329
UNSW_NB15,6q_5k,QWE,full,3,L3,qiskit_heavy,0.0003,6,27,24576,0,0.852,0.8538737720975618,0.6934642725268615,629.3765288409777,4.542011763434857,633.9185406044126
UNSW_NB15,6q_5k,QWE,full,3,L3,qiskit_heavy,0.0003,6,28,25600,1,0.8306666666666667,0.8332050789776559,0.6539033339411147,617.6299297581427,4.310733926016837,621.9406636841595
UNSW_NB15,6q_5k,QWE,full,3,L3,qiskit_heavy,0.0003,6,29,26624,2,0.87,0.8709122519000797,0.7235854829924435,641.7185255032964,3.329610331915319,645.0481358352117
UNSW_NB15,6q_5k,QWE,full,3,L3,qiskit_heavy,0.0005,6,0,42,0,0.836,0.8384102571734731,0.664798492945224,643.1044084369205,3.650082301348448,646.7544907382689
UNSW_NB15,6q_5k,QWE,full,3,L3,qiskit_heavy,0.0005,6,1,123,1,0.8686666666666667,0.8697046578414623,0.7219590443367291,642.5062727527693,3.4956484199501574,646.0019211727194
UNSW_NB15,6q_5k,QWE,full,3,L3,qiskit_heavy,0.0005,6,2,456,2,0.874,0.8743648559511897,0.7285936008103185,643.5481073814444,3.614265965297818,647.1623733467422
UNSW_NB15,6q_5k,QWE,full,3,L3,qiskit_heavy,0.0005,6,3,789,0,0.8393333333333334,0.8411098989608327,0.663726770089842,644.2065050811507,3.045132040977478,647.2516371221282
UNSW_NB15,6q_5k,QWE,full,3,L3,qiskit_heavy,0.0005,6,4,1024,1,0.8826666666666667,0.878292648694908,0.7466066293001643,634.5876870001666,4.581545635126531,639.1692326352932
UNSW_NB15,6q_5k,QWE,full,3,L3,qiskit_heavy,0.0005,6,5,2048,2,0.8533333333333334,0.8553852890266347,0.699107903500734,628.1179558960721,3.897923106327653,632.0158790023997
UNSW_NB15,6q_5k,QWE,full,3,L3,qiskit_heavy,0.0005,6,6,3072,0,0.8513333333333334,0.8534894220150454,0.6961238827562989,596.0389367877506,3.716071872971952,599.7550086607225
UNSW_NB15,6q_5k,QWE,full,3,L3,qiskit_heavy,0.0005,6,7,4096,1,0.8426666666666667,0.8449005549588255,0.6771165036987337,633.4486579569057,4.383091635070741,637.8317495919764
UNSW_NB15,6q_5k,QWE,full,3,L3,qiskit_heavy,0.0005,6,8,5120,2,0.8406666666666667,0.8430090066018415,0.6741691820071167,642.2854559575208,3.7383827855810523,646.0238387431018
UNSW_NB15,6q_5k,QWE,full,3,L3,qiskit_heavy,0.0005,6,9,6144,0,0.892,0.887832111925383,0.7693062207925676,639.6593985855579,3.8157022204250097,643.475100805983
UNSW_NB15,6q_5k,QWE,full,3,L3,qiskit_heavy,0.0005,6,10,7168,1,0.862,0.8635862738887129,0.7128247708030941,625.7571251667105,3.2816104516386986,629.0387356183492
UNSW_NB15,6q_5k,QWE,full,3,L3,qiskit_heavy,0.0005,6,11,8192,2,0.8626666666666667,0.8636084853090172,0.7077347278782529,623.7313459138386,4.050208412576467,627.7815543264151
UNSW_NB15,6q_5k,QWE,full,3,L3,qiskit_heavy,0.0005,6,12,9216,0,0.858,0.8541486384788121,0.6871009825451689,620.4042304940522,4.907382208388299,625.3116127024405
UNSW_NB15,6q_5k,QWE,full,3,L3,qiskit_heavy,0.0005,6,13,10240,1,0.856,0.8576006493506493,0.6994814364810508,638.0256085982546,4.631738356780261,642.6573469550349
UNSW_NB15,6q_5k,QWE,full,3,L3,qiskit_heavy,0.0005,6,14,11264,2,0.8393333333333334,0.8414452163006435,0.6680810739289429,610.3284045769833,3.3900812715291977,613.7184858485125
UNSW_NB15,6q_5k,QWE,full,3,L3,qiskit_heavy,0.0005,6,15,12288,0,0.8746666666666667,0.8753615514368166,0.7321465533603518,618.4729965720326,4.184246618300676,622.6572431903332
UNSW_NB15,6q_5k,QWE,full,3,L3,qiskit_heavy,0.0005,6,16,13312,1,0.838,0.8401999672432691,0.6662392216439854,630.3986269501038,3.7281524115242064,634.126779361628
UNSW_NB15,6q_5k,QWE,full,3,L3,qiskit_heavy,0.0005,6,17,14336,2,0.8473333333333334,0.8491632134628162,0.6826595528519153,641.113622456789,3.15728221507743,644.2709046718664
UNSW_NB15,6q_5k,QWE,full,3,L3,qiskit_heavy,0.0005,6,18,15360,0,0.8873333333333333,0.8835030031725368,0.7563115169506385,641.2234642561525,3.256347884889692,644.4798121410422
UNSW_NB15,6q_5k,QWE,full,3,L3,qiskit_heavy,0.0005,6,19,16384,1,0.8666666666666667,0.8678967063654618,0.7193303634112724,630.7432348248549,6.606609673239291,637.3498444980942
UNSW_NB15,6q_5k,QWE,full,3,L3,qiskit_heavy,0.0005,6,20,17408,2,0.8806666666666667,0.8776631540938729,0.7386233322434534,618.2880304818973,3.943155912682414,622.2311863945797
UNSW_NB15,6q_5k,QWE,full,3,L3,qiskit_heavy,0.0005,6,21,18432,0,0.8533333333333334,0.8551556721639181,0.6958289794730039,621.6476721600629,3.8632776085287333,625.5109497685917
UNSW_NB15,6q_5k,QWE,full,3,L3,qiskit_heavy,0.0005,6,22,19456,1,0.844,0.8467355314054155,0.6915726417253324,630.2183245429769,4.136084288358688,634.3544088313356
UNSW_NB15,6q_5k,QWE,full,3,L3,qiskit_heavy,0.0005,6,23,20480,2,0.8606666666666667,0.861940020392657,0.7061769421501084,641.1982198627666,5.546009279321879,646.7442291420884
UNSW_NB15,6q_5k,QWE,full,3,L3,qiskit_heavy,0.0005,6,24,21504,0,0.8466666666666667,0.8485351020798524,0.681272993256041,639.9299671160989,3.651831479743123,643.581798595842
UNSW_NB15,6q_5k,QWE,full,3,L3,qiskit_heavy,0.0005,6,25,22528,1,0.8473333333333334,0.8487722651589935,0.6781900328414631,638.4169487450272,3.9677739180624485,642.3847226630896
UNSW_NB15,6q_5k,QWE,full,3,L3,qiskit_heavy,0.0005,6,26,23552,2,0.8866666666666667,0.8831109411943342,0.7542157824004997,618.6103825280443,4.20636933343485,622.8167518614791
UNSW_NB15,6q_5k,QWE,full,3,L3,qiskit_heavy,0.0005,6,27,24576,0,0.8526666666666667,0.8545491323301961,0.6951027234238047,631.1790417404845,3.9632571544498205,635.1422988949344
UNSW_NB15,6q_5k,QWE,full,3,L3,qiskit_heavy,0.0005,6,28,25600,1,0.8313333333333334,0.8338777138473341,0.6555702013728073,639.4296252764761,5.591316530946642,645.0209418074228
UNSW_NB15,6q_5k,QWE,full,3,L3,qiskit_heavy,0.0005,6,29,26624,2,0.8533333333333334,0.8552241912419798,0.6967417171428171,592.802514297422,2.773877336177975,595.5763916336
UNSW_NB15,6q_5k,QWE,full,3,L3,qiskit_heavy,0.001,6,0,42,0,0.8353333333333334,0.8377691390312795,0.6636555300149116,641.3388034305535,4.075851612724364,645.4146550432779
UNSW_NB15,6q_5k,QWE,full,3,L3,qiskit_heavy,0.001,6,1,123,1,0.868,0.8690631962519523,0.7207130954059983,633.4629797129892,5.099124637898058,638.5621043508872
UNSW_NB15,6q_5k,QWE,full,3,L3,qiskit_heavy,0.001,6,2,456,2,0.8746666666666667,0.874864127319596,0.7291503923205241,633.4489932968281,5.37473220564425,638.8237255024724
UNSW_NB15,6q_5k,QWE,full,3,L3,qiskit_heavy,0.001,6,3,789,0,0.838,0.8398741598738912,0.6617920018193966,639.7098597879522,3.5969629460014403,643.3068227339536
UNSW_NB15,6q_5k,QWE,full,3,L3,qiskit_heavy,0.001,6,4,1024,1,0.8833333333333333,0.8789407687392633,0.74830392569315,635.0196312433109,4.49105878174305,639.5106900250539
UNSW_NB15,6q_5k,QWE,full,3,L3,qiskit_heavy,0.001,6,5,2048,2,0.854,0.8560578723404255,0.7007563765885559,589.0944021325558,4.815706172026694,593.9101083045825
UNSW_NB15,6q_5k,QWE,full,3,L3,qiskit_heavy,0.001,6,6,3072,0,0.8506666666666667,0.8528472837896567,0.6949701924723476,636.6320552835241,3.536232359241694,640.1682876427658
UNSW_NB15,6q_5k,QWE,full,3,L3,qiskit_heavy,0.001,6,7,4096,1,0.842,0.8442595402557057,0.6759621780723024,607.4947183122858,3.4811434014700353,610.9758617137559
UNSW_NB15,6q_5k,QWE,full,3,L3,qiskit_heavy,0.001,6,8,5120,2,0.84,0.8423677494653017,0.6730229046691663,621.3672825498506,4.760111099109054,626.1273936489597
UNSW_NB15,6q_5k,QWE,full,3,L3,qiskit_heavy,0.001,6,9,6144,0,0.8946666666666667,0.8904421838246609,0.7762432021992621,638.4558864813298,2.600202350411564,641.0560888317414
UNSW_NB15,6q_5k,QWE,full,3,L3,qiskit_heavy,0.001,6,10,7168,1,0.866,0.8671784011054553,0.7173539975133424,617.883337453939,4.484657236374915,622.3679946903139
UNSW_NB15,6q_5k,QWE,full,3,L3,qiskit_heavy,0.001,6,11,8192,2,0.8613333333333333,0.862328361608948,0.7052281500356274,619.2534797969274,4.415132661350071,623.6686124582775
UNSW_NB15,6q_5k,QWE,full,3,L3,qiskit_heavy,0.001,6,12,9216,0,0.8573333333333333,0.853129796024383,0.6858603393032878,610.9432077831589,5.55195452645421,616.4951623096131
UNSW_NB15,6q_5k,QWE,full,3,L3,qiskit_heavy,0.001,6,13,10240,1,0.856,0.8576006493506493,0.6994814364810508,635.2948937970214,4.011966193560511,639.3068599905819
UNSW_NB15,6q_5k,QWE,full,3,L3,qiskit_heavy,0.001,6,14,11264,2,0.8393333333333334,0.8414805226296082,0.668563431874234,641.9328237008303,4.064769316930324,645.9975930177607
UNSW_NB15,6q_5k,QWE,full,3,L3,qiskit_heavy,0.001,6,15,12288,0,0.8746666666666667,0.8754035131140476,0.7324519446755386,638.9937969702296,3.524384120479226,642.5181810907088
UNSW_NB15,6q_5k,QWE,full,3,L3,qiskit_heavy,0.001,6,16,13312,1,0.8366666666666667,0.8390193021664101,0.6654310528930385,639.093715631403,3.1494380622170866,642.2431536936201
UNSW_NB15,6q_5k,QWE,full,3,L3,qiskit_heavy,0.001,6,17,14336,2,0.8673333333333333,0.8681738299223836,0.7174250101459584,634.0514702862129,5.041350221261382,639.0928205074742
UNSW_NB15,6q_5k,QWE,full,3,L3,qiskit_heavy,0.001,6,18,15360,0,0.8873333333333333,0.8835030031725368,0.7563115169506385,642.180308395531,4.050027691759169,646.2303360872902
UNSW_NB15,6q_5k,QWE,full,3,L3,qiskit_heavy,0.001,6,19,16384,1,0.866,0.8672551759016341,0.7181010747470368,640.3066935772076,5.374569938518107,645.6812635157257
UNSW_NB15,6q_5k,QWE,full,3,L3,qiskit_heavy,0.001,6,20,17408,2,0.88,0.8769410569105691,0.7371609704165426,640.1075337217189,5.514267542865127,645.6218012645841
UNSW_NB15,6q_5k,QWE,full,3,L3,qiskit_heavy,0.001,6,21,18432,0,0.852,0.8538737720975618,0.6934642725268615,643.3774042571895,3.0963990171439946,646.4738032743335
UNSW_NB15,6q_5k,QWE,full,3,L3,qiskit_heavy,0.001,6,22,19456,1,0.848,0.8505423959318826,0.6964686578652789,627.880518683698,4.169630059506744,632.0501487432048
UNSW_NB15,6q_5k,QWE,full,3,L3,qiskit_heavy,0.001,6,23,20480,2,0.8566666666666667,0.8581372414608648,0.699246775196263,641.2608265993185,3.7401767978444695,645.001003397163
UNSW_NB15,6q_5k,QWE,full,3,L3,qiskit_heavy,0.001,6,24,21504,0,0.8466666666666667,0.8485351020798524,0.681272993256041,581.2780280048028,3.5375976655632257,584.815625670366
UNSW_NB15,6q_5k,QWE,full,3,L3,qiskit_heavy,0.001,6,25,22528,1,0.8466666666666667,0.8481765704584041,0.6773824452256568,620.5321807838045,3.8163352659903467,624.3485160497949
UNSW_NB15,6q_5k,QWE,full,3,L3,qiskit_heavy,0.001,6,26,23552,2,0.886,0.8823837864481149,0.752784371872046,633.0929852821864,2.9276021467521787,636.0205874289386
UNSW_NB15,6q_5k,QWE,full,3,L3,qiskit_heavy,0.001,6,27,24576,0,0.85,0.851984819862083,0.6904004262491985,622.5917153391056,3.2455186983570457,625.8372340374626
UNSW_NB15,6q_5k,QWE,full,3,L3,qiskit_heavy,0.001,6,28,25600,1,0.8313333333333334,0.8338777138473341,0.6555702013728073,638.9994048587978,3.558408976532519,642.5578138353303
UNSW_NB15,6q_5k,QWE,full,3,L3,qiskit_heavy,0.001,6,29,26624,2,0.854,0.8558989510121505,0.6983812616516935,610.7327794265002,4.004570259246975,614.7373496857472
UNSW_NB15,6q_5k,QWE,full,3,L3,qiskit_heavy,0.002,6,0,42,0,0.8373333333333334,0.8398149836730272,0.6691719313644743,638.2127164723352,2.7382865049876273,640.9510029773228
UNSW_NB15,6q_5k,QWE,full,3,L3,qiskit_heavy,0.002,6,1,123,1,0.868,0.8690231860338244,0.7203627900508619,624.0114556746557,2.7811486567370594,626.7926043313928
UNSW_NB15,6q_5k,QWE,full,3,L3,qiskit_heavy,0.002,6,2,456,2,0.8746666666666667,0.8740195758924371,0.7260214165434739,607.8493027403019,3.1769739473238587,611.0262766876258
UNSW_NB15,6q_5k,QWE,full,3,L3,qiskit_heavy,0.002,6,3,789,0,0.84,0.8417898942420681,0.6653611029834055,643.272964509204,3.5564004722982645,646.8293649815023
UNSW_NB15,6q_5k,QWE,full,3,L3,qiskit_heavy,0.002,6,4,1024,1,0.886,0.8816225134258927,0.754837462301323,640.2135480362922,4.203404555097222,644.4169525913894
UNSW_NB15,6q_5k,QWE,full,3,L3,qiskit_heavy,0.002,6,5,2048,2,0.854,0.8560578723404255,0.7007563765885559,633.7720592133701,3.9662494496442378,637.7383086630143
UNSW_NB15,6q_5k,QWE,full,3,L3,qiskit_heavy,0.002,6,6,3072,0,0.8473333333333334,0.8496363496879034,0.6892279260037515,641.2862873459235,4.288810822181404,645.5750981681049
UNSW_NB15,6q_5k,QWE,full,3,L3,qiskit_heavy,0.002,6,7,4096,1,0.842,0.8442595402557057,0.6759621780723024,637.4626313699409,5.343843090347946,642.8064744602889
UNSW_NB15,6q_5k,QWE,full,3,L3,qiskit_heavy,0.002,6,8,5120,2,0.8433333333333334,0.8455738057387796,0.6787714766146783,637.0484314709902,5.442959737498313,642.4913912084885
UNSW_NB15,6q_5k,QWE,full,3,L3,qiskit_heavy,0.002,6,9,6144,0,0.892,0.887832111925383,0.7693062207925676,609.6023225472309,4.4248372432775795,614.0271597905084
UNSW_NB15,6q_5k,QWE,full,3,L3,qiskit_heavy,0.002,6,10,7168,1,0.8606666666666667,0.8623367319376793,0.7108619437256442,625.5471052657813,4.5864504193887115,630.13355568517
UNSW_NB15,6q_5k,QWE,full,3,L3,qiskit_heavy,0.002,6,11,8192,2,0.862,0.8630973337546445,0.7075362837850334,636.8306444464251,3.4379002661444247,640.2685447125696
UNSW_NB15,6q_5k,QWE,full,3,L3,qiskit_heavy,0.002,6,12,9216,0,0.86,0.8558750334818712,0.6919963460844187,639.6672186707146,2.1002199281938374,641.7674385989085
UNSW_NB15,6q_5k,QWE,full,3,L3,qiskit_heavy,0.002,6,13,10240,1,0.8566666666666667,0.8582042590766686,0.7002665141333615,559.9072078731842,5.30254292069003,565.2097507938743
UNSW_NB15,6q_5k,QWE,full,3,L3,qiskit_heavy,0.002,6,14,11264,2,0.84,0.8422234156820623,0.6711940496068474,637.1662528445013,3.621377558913082,640.7876304034144
UNSW_NB15,6q_5k,QWE,full,3,L3,qiskit_heavy,0.002,6,15,12288,0,0.882,0.8822978319490885,0.7455937023429421,630.6188166528009,4.5930956564843655,635.2119123092853
UNSW_NB15,6q_5k,QWE,full,3,L3,qiskit_heavy,0.002,6,16,13312,1,0.838,0.8404268786090906,0.6697840572952605,638.1259518386796,4.631266258656979,642.7572180973366
UNSW_NB15,6q_5k,QWE,full,3,L3,qiskit_heavy,0.002,6,17,14336,2,0.862,0.8630906810821456,0.7077415054036026,640.8549100128002,4.5307937753386796,645.3857037881389
UNSW_NB15,6q_5k,QWE,full,3,L3,qiskit_heavy,0.002,6,18,15360,0,0.8886666666666667,0.8848016199260312,0.7596646501194889,640.2077093389817,3.4185405732132494,643.6262499121949
UNSW_NB15,6q_5k,QWE,full,3,L3,qiskit_heavy,0.002,6,19,16384,1,0.864,0.8653308775984573,0.7144256910471195,618.3127112840302,3.8894917592406273,622.2022030432709
UNSW_NB15,6q_5k,QWE,full,3,L3,qiskit_heavy,0.002,6,20,17408,2,0.8813333333333333,0.8770844250990325,0.7429722336704787,625.7175237312913,4.433051950763911,630.1505756820552
UNSW_NB15,6q_5k,QWE,full,3,L3,qiskit_heavy,0.002,6,21,18432,0,0.85,0.8520180673217037,0.6908744211701734,638.3721436378546,4.041436855681241,642.4135804935358
UNSW_NB15,6q_5k,QWE,full,3,L3,qiskit_heavy,0.002,6,22,19456,1,0.8426666666666667,0.845463286816228,0.689984299017105,642.4494400499389,4.456855347845703,646.9062953977846
UNSW_NB15,6q_5k,QWE,full,3,L3,qiskit_heavy,0.002,6,23,20480,2,0.8553333333333333,0.8568175878930587,0.6964144252624375,621.9248610245995,4.627348831389099,626.5522098559886
UNSW_NB15,6q_5k,QWE,full,3,L3,qiskit_heavy,0.002,6,24,21504,0,0.8466666666666667,0.8486079620830594,0.6821896223268523,628.1687768925913,3.8969684024341404,632.0657452950254
UNSW_NB15,6q_5k,QWE,full,3,L3,qiskit_heavy,0.002,6,25,22528,1,0.846,0.8475378081097761,0.6761715321243695,638.0520317638293,4.4733936781995,642.5254254420288
UNSW_NB15,6q_5k,QWE,full,3,L3,qiskit_heavy,0.002,6,26,23552,2,0.8886666666666667,0.8849788650362888,0.7594128479598015,587.788879592903,5.569271753542125,593.3581513464451
UNSW_NB15,6q_5k,QWE,full,3,L3,qiskit_heavy,0.002,6,27,24576,0,0.8466666666666667,0.8488118930732999,0.6850525451242948,610.0595473037101,4.8003386333584785,614.8598859370686
UNSW_NB15,6q_5k,QWE,full,3,L3,qiskit_heavy,0.002,6,28,25600,1,0.83,0.8325644941939533,0.6527653909868952,628.3786449492909,4.930358332116157,633.3090032814071
UNSW_NB15,6q_5k,QWE,full,3,L3,qiskit_heavy,0.002,6,29,26624,2,0.8713333333333333,0.8721950686014465,0.7261074340104962,637.2959403246641,4.380843805614859,641.676784130279
UNSW_NB15,6q_5k,QWE,full,3,L3,qiskit_heavy,0.005,6,0,42,0,0.8326666666666667,0.8352641258970386,0.6601714661400295,621.7933600912802,6.651787066832185,628.4451471581124
UNSW_NB15,6q_5k,QWE,full,3,L3,qiskit_heavy,0.005,6,1,123,1,0.8646666666666667,0.8656949679381956,0.713076471522724,641.4392915661447,4.351125582586974,645.7904171487316
UNSW_NB15,6q_5k,QWE,full,3,L3,qiskit_heavy,0.005,6,2,456,2,0.8573333333333333,0.8587775919848032,0.7004607501786763,633.3095072251745,4.587286124937236,637.8967933501117
UNSW_NB15,6q_5k,QWE,full,3,L3,qiskit_heavy,0.005,6,3,789,0,0.8353333333333334,0.8375122244708199,0.659431002451747,619.9987767809071,5.034035030286759,625.0328118111938
UNSW_NB15,6q_5k,QWE,full,3,L3,qiskit_heavy,0.005,6,4,1024,1,0.8806666666666667,0.8803940891372966,0.7401819299732173,633.3961134385318,4.956569736357778,638.3526831748895
UNSW_NB15,6q_5k,QWE,full,3,L3,qiskit_heavy,0.005,6,5,2048,2,0.8466666666666667,0.8492037803759276,0.6923904733602396,641.499617583584,4.837691163178533,646.3373087467626
UNSW_NB15,6q_5k,QWE,full,3,L3,qiskit_heavy,0.005,6,6,3072,0,0.8453333333333334,0.8477915157181255,0.687399794152558,576.8203342072666,5.335815561003983,582.1561497682706
UNSW_NB15,6q_5k,QWE,full,3,L3,qiskit_heavy,0.005,6,7,4096,1,0.8426666666666667,0.84493263682204,0.6776183087267815,640.2912157657556,3.492401290219277,643.7836170559749
UNSW_NB15,6q_5k,QWE,full,3,L3,qiskit_heavy,0.005,6,8,5120,2,0.8386666666666667,0.8412308051887344,0.6733989238846413,640.6138418796472,3.0773643236607313,643.691206203308
UNSW_NB15,6q_5k,QWE,full,3,L3,qiskit_heavy,0.005,6,9,6144,0,0.8873333333333333,0.8836807135915945,0.7560897536371533,582.4945673542097,5.016929491888732,587.5114968460985
UNSW_NB15,6q_5k,QWE,full,3,L3,qiskit_heavy,0.005,6,10,7168,1,0.8533333333333334,0.8555167633167302,0.7017658143717653,639.9073460851796,3.9816638911142945,643.8890099762939
UNSW_NB15,6q_5k,QWE,full,3,L3,qiskit_heavy,0.005,6,11,8192,2,0.862,0.8628795133006959,0.7058020813664769,641.8833629689179,2.6415275931358337,644.5248905620538
UNSW_NB15,6q_5k,QWE,full,3,L3,qiskit_heavy,0.005,6,12,9216,0,0.8686666666666667,0.8629132983944608,0.7160874941506797,619.9145777379163,4.862049568910152,624.7766273068264
UNSW_NB15,6q_5k,QWE,full,3,L3,qiskit_heavy,0.005,6,13,10240,1,0.8566666666666667,0.8582042590766686,0.7002665141333615,639.9265656229109,3.1214746101759374,643.0480402330868
UNSW_NB15,6q_5k,QWE,full,3,L3,qiskit_heavy,0.005,6,14,11264,2,0.838,0.8404268786090906,0.6697840572952605,631.4225826500915,4.627958686556667,636.0505413366482
UNSW_NB15,6q_5k,QWE,full,3,L3,qiskit_heavy,0.005,6,15,12288,0,0.8573333333333333,0.8593589778016469,0.7080252287786974,644.8025138666853,2.0598707762546837,646.86238464294
UNSW_NB15,6q_5k,QWE,full,3,L3,qiskit_heavy,0.005,6,16,13312,1,0.8373333333333334,0.8399275052699128,0.6713271694818743,639.1776386662386,2.7982538426294923,641.9758925088681
UNSW_NB15,6q_5k,QWE,full,3,L3,qiskit_heavy,0.005,6,17,14336,2,0.846,0.8479547379869258,0.6812111671982146,621.9808158315718,3.138658348005265,625.1194741795771
UNSW_NB15,6q_5k,QWE,full,3,L3,qiskit_heavy,0.005,6,18,15360,0,0.8833333333333333,0.8793670151194908,0.7470217930538428,629.7607867321931,3.500208537094295,633.2609952692874
UNSW_NB15,6q_5k,QWE,full,3,L3,qiskit_heavy,0.005,6,19,16384,1,0.862,0.8634803796691648,0.7115761540444266,639.5365369166248,3.263867244590074,642.8004041612148
UNSW_NB15,6q_5k,QWE,full,3,L3,qiskit_heavy,0.005,6,20,17408,2,0.8613333333333333,0.8625805210099601,0.7074065281969861,623.1174721904099,4.790243973955512,627.9077161643654
UNSW_NB15,6q_5k,QWE,full,3,L3,qiskit_heavy,0.005,6,21,18432,0,0.842,0.8446966954984461,0.684592046330186,642.6486366335303,4.0624101418070495,646.7110467753373
UNSW_NB15,6q_5k,QWE,full,3,L3,qiskit_heavy,0.005,6,22,19456,1,0.842,0.8448175682667434,0.6888939085156425,645.9223946752027,2.7413102476857603,648.6637049228884
UNSW_NB15,6q_5k,QWE,full,3,L3,qiskit_heavy,0.005,6,23,20480,2,0.844,0.8459750570758083,0.6765522972268477,635.2655581491999,5.285663836635649,640.5512219858356
UNSW_NB15,6q_5k,QWE,full,3,L3,qiskit_heavy,0.005,6,24,21504,0,0.842,0.8442914485092636,0.6764668758314729,626.1617062552832,3.283789662178606,629.4454959174618
UNSW_NB15,6q_5k,QWE,full,3,L3,qiskit_heavy,0.005,6,25,22528,1,0.8446666666666667,0.8463435926220948,0.6746058126894662,642.5502324448898,2.711965915746987,645.2621983606368
UNSW_NB15,6q_5k,QWE,full,3,L3,qiskit_heavy,0.005,6,26,23552,2,0.8846666666666667,0.8811673142455339,0.7492969189334228,638.2476616944186,3.7584604690782726,642.0061221634969
UNSW_NB15,6q_5k,QWE,full,3,L3,qiskit_heavy,0.005,6,27,24576,0,0.8413333333333334,0.8438550894004908,0.678999271991808,638.3717351234518,4.741877165623009,643.1136122890748
UNSW_NB15,6q_5k,QWE,full,3,L3,qiskit_heavy,0.005,6,28,25600,1,0.832,0.8348056145439479,0.6621990559821312,631.6768904183991,4.8769556493498385,636.553846067749
UNSW_NB15,6q_5k,QWE,full,3,L3,qiskit_heavy,0.005,6,29,26624,2,0.8533333333333334,0.8551902246011872,0.6962829350768637,634.2491975603625,3.4121780674904585,637.661375627853
UNSW_NB15,6q_5k,QWE,full,3,L3,qiskit_heavy,0.008,6,0,42,0,0.834,0.8368576546668051,0.6691736047700748,632.0498723941855,6.02963808644563,638.0795104806311
UNSW_NB15,6q_5k,QWE,full,3,L3,qiskit_heavy,0.008,6,1,123,1,0.842,0.8445066187376372,0.6808470554248436,639.8735713097267,4.132806188426912,644.0063774981536
UNSW_NB15,6q_5k,QWE,full,3,L3,qiskit_heavy,0.008,6,2,456,2,0.8533333333333334,0.8548972741358245,0.6927868215411191,627.6443439852446,5.23395979963243,632.8783037848771
UNSW_NB15,6q_5k,QWE,full,3,L3,qiskit_heavy,0.008,6,3,789,0,0.8333333333333334,0.835629806100527,0.6564408201506426,630.9507422046736,5.403923895675689,636.3546661003493
UNSW_NB15,6q_5k,QWE,full,3,L3,qiskit_heavy,0.008,6,4,1024,1,0.848,0.8501891576077334,0.6888531825737451,644.4118142980151,3.313576564192772,647.7253908622079
UNSW_NB15,6q_5k,QWE,full,3,L3,qiskit_heavy,0.008,6,5,2048,2,0.8426666666666667,0.8454467241287166,0.6886279854275337,645.2029503057711,3.2602180731482804,648.4631683789194
UNSW_NB15,6q_5k,QWE,full,3,L3,qiskit_heavy,0.008,6,6,3072,0,0.8486666666666667,0.8510588659512779,0.6941324455600761,625.8964047436602,3.9593119234777987,629.855716667138
UNSW_NB15,6q_5k,QWE,full,3,L3,qiskit_heavy,0.008,6,7,4096,1,0.836,0.8388334108578643,0.6728970508327178,637.0358785358258,3.254786064848304,640.2906646006741
UNSW_NB15,6q_5k,QWE,full,3,L3,qiskit_heavy,0.008,6,8,5120,2,0.83,0.8331927022534246,0.6687137597846987,629.6241378411651,4.462406852748245,634.0865446939133
UNSW_NB15,6q_5k,QWE,full,3,L3,qiskit_heavy,0.008,6,9,6144,0,0.8813333333333333,0.8811883158712355,0.7423000336935272,615.6871607373469,3.7759543475694954,619.4631150849164
UNSW_NB15,6q_5k,QWE,full,3,L3,qiskit_heavy,0.008,6,10,7168,1,0.8446666666666667,0.8472300912708962,0.6886420196598096,620.8726638187654,3.9739485825411975,624.8466124013066
UNSW_NB15,6q_5k,QWE,full,3,L3,qiskit_heavy,0.008,6,11,8192,2,0.834,0.8366240423870847,0.6633250997106721,640.6926369336434,5.1445855954661965,645.8372225291096
UNSW_NB15,6q_5k,QWE,full,3,L3,qiskit_heavy,0.008,6,12,9216,0,0.872,0.8659271826439456,0.7254948549394792,609.3626457010396,5.570645875297487,614.9332915763371
UNSW_NB15,6q_5k,QWE,full,3,L3,qiskit_heavy,0.008,6,13,10240,1,0.8493333333333334,0.8513632111286199,0.6898945643710729,633.6068905140273,4.251613547094166,637.8585040611215
UNSW_NB15,6q_5k,QWE,full,3,L3,qiskit_heavy,0.008,6,14,11264,2,0.8373333333333334,0.8401227141603527,0.6758565144234868,641.6178331375122,4.412029407452792,646.029862544965
UNSW_NB15,6q_5k,QWE,full,3,L3,qiskit_heavy,0.008,6,15,12288,0,0.842,0.8446505299414001,0.6834485009970847,569.3291667299345,3.4821123289875686,572.8112790589221
UNSW_NB15,6q_5k,QWE,full,3,L3,qiskit_heavy,0.008,6,16,13312,1,0.8226666666666667,0.825877580267328,0.6500435316483827,642.1866151769646,2.884137819521129,645.0707529964857
UNSW_NB15,6q_5k,QWE,full,3,L3,qiskit_heavy,0.008,6,17,14336,2,0.838,0.8405426859374818,0.671909945705879,627.158659171313,3.688347657676786,630.8470068289898
UNSW_NB15,6q_5k,QWE,full,3,L3,qiskit_heavy,0.008,6,18,15360,0,0.8786666666666667,0.8758817579145782,0.7337214517805324,639.6059634266421,3.174465009942651,642.7804284365848
UNSW_NB15,6q_5k,QWE,full,3,L3,qiskit_heavy,0.008,6,19,16384,1,0.8446666666666667,0.8470223344644764,0.6843191446832791,623.8683220022358,3.4058240479789674,627.2741460502148
UNSW_NB15,6q_5k,QWE,full,3,L3,qiskit_heavy,0.008,6,20,17408,2,0.8753333333333333,0.8744862154948002,0.7270049651635188,619.1131365294568,3.831573815084994,622.9447103445418
UNSW_NB15,6q_5k,QWE,full,3,L3,qiskit_heavy,0.008,6,21,18432,0,0.8346666666666667,0.8377341328766612,0.6768459868556139,639.8613141113892,5.361365761607885,645.2226798729971
UNSW_NB15,6q_5k,QWE,full,3,L3,qiskit_heavy,0.008,6,22,19456,1,0.8306666666666667,0.833867316473481,0.6725579862583111,625.9757844498381,5.459962206892669,631.4357466567308
UNSW_NB15,6q_5k,QWE,full,3,L3,qiskit_heavy,0.008,6,23,20480,2,0.8426666666666667,0.8446586045721827,0.6737336346768454,639.8811333868653,5.3693395047448575,645.2504728916101
UNSW_NB15,6q_5k,QWE,full,3,L3,qiskit_heavy,0.008,6,24,21504,0,0.8393333333333334,0.8420523749652096,0.6784294790642729,610.0539082968608,4.543023442849517,614.5969317397103
UNSW_NB15,6q_5k,QWE,full,3,L3,qiskit_heavy,0.008,6,25,22528,1,0.8366666666666667,0.8390354636488169,0.6652343004458581,639.521864538081,3.562777369748801,643.0846419078298
UNSW_NB15,6q_5k,QWE,full,3,L3,qiskit_heavy,0.008,6,26,23552,2,0.8786666666666667,0.8757435449017539,0.7341713500437023,633.6307460609823,4.478988943155855,638.1097350041382
UNSW_NB15,6q_5k,QWE,full,3,L3,qiskit_heavy,0.008,6,27,24576,0,0.8373333333333334,0.8402277153558052,0.6780706035047812,618.4622245845385,5.405824617948383,623.8680492024869
UNSW_NB15,6q_5k,QWE,full,3,L3,qiskit_heavy,0.008,6,28,25600,1,0.826,0.829106537781074,0.654668393831162,636.0318982112221,4.678893537260592,640.7107917484827
UNSW_NB15,6q_5k,QWE,full,3,L3,qiskit_heavy,0.008,6,29,26624,2,0.844,0.8465566666666667,0.6862411456747027,637.5067455577664,3.5978631102479994,641.1046086680144
UNSW_NB15,6q_5k,QWE,full,3,L3,qiskit_heavy,0.01,6,0,42,0,0.8266666666666667,0.8298230201171377,0.6590272416752194,626.1422674399801,5.001336847431958,631.143604287412
UNSW_NB15,6q_5k,QWE,full,3,L3,qiskit_heavy,0.01,6,1,123,1,0.8453333333333334,0.8476064213993729,0.6844319032775809,636.6903184032999,3.420034575276077,640.110352978576
UNSW_NB15,6q_5k,QWE,full,3,L3,qiskit_heavy,0.01,6,2,456,2,0.838,0.8403494598639284,0.6680424442922618,596.5542493169196,5.32856697961688,601.8828162965365
UNSW_NB15,6q_5k,QWE,full,3,L3,qiskit_heavy,0.01,6,3,789,0,0.8366666666666667,0.838753562990489,0.6612867324681009,638.1572977323085,3.3352435431443155,641.4925412754528
UNSW_NB15,6q_5k,QWE,full,3,L3,qiskit_heavy,0.01,6,4,1024,1,0.8433333333333334,0.8457258871580692,0.6813356015969586,612.3658255375922,6.46261234767735,618.8284378852695
UNSW_NB15,6q_5k,QWE,full,3,L3,qiskit_heavy,0.01,6,5,2048,2,0.8426666666666667,0.8453407146799117,0.6857013271062,633.1304236929864,5.077930168714374,638.2083538617007
UNSW_NB15,6q_5k,QWE,full,3,L3,qiskit_heavy,0.01,6,6,3072,0,0.842,0.8447404692034761,0.685754178205697,568.3047350849956,5.362480724230409,573.667215809226
UNSW_NB15,6q_5k,QWE,full,3,L3,qiskit_heavy,0.01,6,7,4096,1,0.8353333333333334,0.8382113128378924,0.6723871118947581,630.1252369619906,3.767318258062005,633.8925552200526
UNSW_NB15,6q_5k,QWE,full,3,L3,qiskit_heavy,0.01,6,8,5120,2,0.8286666666666667,0.831898888292847,0.6665845870459786,634.641163806431,4.113567554857582,638.7547313612886
UNSW_NB15,6q_5k,QWE,full,3,L3,qiskit_heavy,0.01,6,9,6144,0,0.876,0.8754750823339339,0.729475575921938,635.6528783235699,3.1932223718613386,638.8461006954312
UNSW_NB15,6q_5k,QWE,full,3,L3,qiskit_heavy,0.01,6,10,7168,1,0.8453333333333334,0.8477205757161806,0.6865071912426927,592.3687202832662,5.395699044689536,597.7644193279557
UNSW_NB15,6q_5k,QWE,full,3,L3,qiskit_heavy,0.01,6,11,8192,2,0.8353333333333334,0.8378480601193322,0.664513146452924,630.5368491075933,5.203826504293829,635.7406756118871
UNSW_NB15,6q_5k,QWE,full,3,L3,qiskit_heavy,0.01,6,12,9216,0,0.8653333333333333,0.8600095682472687,0.7067493050066141,614.6657816343941,5.849972284864634,620.5157539192587
UNSW_NB15,6q_5k,QWE,full,3,L3,qiskit_heavy,0.01,6,13,10240,1,0.8706666666666667,0.8715069402228977,0.7247170124626886,634.6246080831625,4.892975781578571,639.517583864741
UNSW_NB15,6q_5k,QWE,full,3,L3,qiskit_heavy,0.01,6,14,11264,2,0.832,0.8349862215156333,0.6676881422613093,637.5353976418264,4.8257512310519814,642.3611488728784
UNSW_NB15,6q_5k,QWE,full,3,L3,qiskit_heavy,0.01,6,15,12288,0,0.842,0.8446505299414001,0.6834485009970847,639.6784858601168,4.274610898923129,643.9530967590399
UNSW_NB15,6q_5k,QWE,full,3,L3,qiskit_heavy,0.01,6,16,13312,1,0.82,0.8233453079178885,0.6476748636760054,645.520431404002,2.9721501716412604,648.4925815756433
UNSW_NB15,6q_5k,QWE,full,3,L3,qiskit_heavy,0.01,6,17,14336,2,0.838,0.8404567694200333,0.6703086906474625,610.8453751797788,5.461471859365702,616.3068470391445
UNSW_NB15,6q_5k,QWE,full,3,L3,qiskit_heavy,0.01,6,18,15360,0,0.876,0.8732309068769546,0.727593806765397,647.1181569779292,2.94923237292096,650.0673893508501
UNSW_NB15,6q_5k,QWE,full,3,L3,qiskit_heavy,0.01,6,19,16384,1,0.8453333333333334,0.8476358594976428,0.6849437110686909,620.4724476197734,4.166874093934894,624.6393217137083
UNSW_NB15,6q_5k,QWE,full,3,L3,qiskit_heavy,0.01,6,20,17408,2,0.8446666666666667,0.8468560924900418,0.681083050614695,633.0467150644399,5.516893022228032,638.563608086668
UNSW_NB15,6q_5k,QWE,full,3,L3,qiskit_heavy,0.01,6,21,18432,0,0.834,0.837038255337898,0.6738721869559138,631.9082620190457,5.01121264975518,636.9194746688008
UNSW_NB15,6q_5k,QWE,full,3,L3,qiskit_heavy,0.01,6,22,19456,1,0.8286666666666667,0.8319111903267141,0.6687211400778652,642.7516247895546,2.553779248148203,645.3054040377028
UNSW_NB15,6q_5k,QWE,full,3,L3,qiskit_heavy,0.01,6,23,20480,2,0.8393333333333334,0.8413104562190866,0.6659866064749083,630.2289164629765,5.093797864858061,635.3227143278345
UNSW_NB15,6q_5k,QWE,full,3,L3,qiskit_heavy,0.01,6,24,21504,0,0.84,0.842742139526294,0.6806913469451491,619.0201936350204,4.004045156296343,623.0242387913167
UNSW_NB15,6q_5k,QWE,full,3,L3,qiskit_heavy,0.01,6,25,22528,1,0.832,0.8345810422101813,0.6577710537918778,639.4099020198919,3.2906006844714284,642.7005027043633
UNSW_NB15,6q_5k,QWE,full,3,L3,qiskit_heavy,0.01,6,26,23552,2,0.8793333333333333,0.8760765672088654,0.7362250601947845,639.3700363170356,3.4887534072622657,642.8587897242978
UNSW_NB15,6q_5k,QWE,full,3,L3,qiskit_heavy,0.01,6,27,24576,0,0.8333333333333334,0.8363568872598153,0.6715434957654203,623.0823930217884,4.651311924215406,627.7337049460039
UNSW_NB15,6q_5k,QWE,full,3,L3,qiskit_heavy,0.01,6,28,25600,1,0.8226666666666667,0.8258432499538212,0.6480041342876971,637.6147448518313,4.921660020481795,642.5364048723131
UNSW_NB15,6q_5k,QWE,full,3,L3,qiskit_heavy,0.01,6,29,26624,2,0.8406666666666667,0.8433631436376976,0.6812237157035267,642.0274416580796,3.6719192136079073,645.6993608716875
UNSW_NB15,6q_5k,QWE,full,3,L3,qiskit_heavy,0.02,6,0,42,0,0.816,0.8175912712590098,0.6106982131290548,619.9135921504349,5.11448613461107,625.0280782850459
UNSW_NB15,6q_5k,QWE,full,3,L3,qiskit_heavy,0.02,6,1,123,1,0.8313333333333334,0.834009175276887,0.6584624293663266,629.6193313226104,5.445381879340857,635.0647132019512
UNSW_NB15,6q_5k,QWE,full,3,L3,qiskit_heavy,0.02,6,2,456,2,0.824,0.8269121653010647,0.6448514194837184,640.5559154255316,4.4969656290486455,645.0528810545802
UNSW_NB15,6q_5k,QWE,full,3,L3,qiskit_heavy,0.02,6,3,789,0,0.8313333333333334,0.8341109559586639,0.659948581332401,642.8847267786041,4.16028688615188,647.045013664756
UNSW_NB15,6q_5k,QWE,full,3,L3,qiskit_heavy,0.02,6,4,1024,1,0.8653333333333333,0.8662996588702282,0.7137780051598676,634.2748209456913,4.304881419055164,638.5797023647465
UNSW_NB15,6q_5k,QWE,full,3,L3,qiskit_heavy,0.02,6,5,2048,2,0.834,0.8349482299804164,0.6451197144575225,618.1975940321572,4.064286984503269,622.2618810166605
UNSW_NB15,6q_5k,QWE,full,3,L3,qiskit_heavy,0.02,6,6,3072,0,0.8413333333333334,0.8442117566713441,0.6882663530399904,638.5072655426338,4.419903715606779,642.9271692582406
UNSW_NB15,6q_5k,QWE,full,3,L3,qiskit_heavy,0.02,6,7,4096,1,0.8293333333333334,0.8323700620126482,0.6613355113738897,637.2356274002232,5.362270526122302,642.5978979263455
UNSW_NB15,6q_5k,QWE,full,3,L3,qiskit_heavy,0.02,6,8,5120,2,0.832,0.8350477423578939,0.6687563528863252,641.5467500849627,3.744792376179248,645.291542461142
UNSW_NB15,6q_5k,QWE,full,3,L3,qiskit_heavy,0.02,6,9,6144,0,0.864,0.864927098460645,0.7107941317358403,634.3604921679944,4.332915737759322,638.6934079057537
UNSW_NB15,6q_5k,QWE,full,3,L3,qiskit_heavy,0.02,6,10,7168,1,0.842,0.8444799035686551,0.6803070939467308,643.0518882609904,3.7806093357503414,646.8324975967407
UNSW_NB15,6q_5k,QWE,full,3,L3,qiskit_heavy,0.02,6,11,8192,2,0.836,0.8380763420540549,0.6596403219268341,635.3842257387005,4.09113143524155,639.475357173942
UNSW_NB15,6q_5k,QWE,full,3,L3,qiskit_heavy,0.02,6,12,9216,0,0.858,0.8483983374446659,0.7014539573414892,641.4670520150103,4.192775527946651,645.6598275429569
UNSW_NB15,6q_5k,QWE,full,3,L3,qiskit_heavy,0.02,6,13,10240,1,0.886,0.8813843467537843,0.7560397780696764,633.1999884080142,5.477263727225363,638.6772521352395
UNSW_NB15,6q_5k,QWE,full,3,L3,qiskit_heavy,0.02,6,14,11264,2,0.8326666666666667,0.8351734425139166,0.6585714674016427,584.7257684729993,3.920712025370449,588.6464804983698
UNSW_NB15,6q_5k,QWE,full,3,L3,qiskit_heavy,0.02,6,15,12288,0,0.8353333333333334,0.837398801636848,0.6579943786062189,634.386030677706,4.520098122302443,638.9061288000084
UNSW_NB15,6q_5k,QWE,full,3,L3,qiskit_heavy,0.02,6,16,13312,1,0.8206666666666667,0.8237538518287973,0.6412707541316833,599.7091076904908,4.998359064105898,604.7074667545967
UNSW_NB15,6q_5k,QWE,full,3,L3,qiskit_heavy,0.02,6,17,14336,2,0.8353333333333334,0.8368289313110799,0.6524789614932273,635.8396464008838,3.2283722017891705,639.068018602673
UNSW_NB15,6q_5k,QWE,full,3,L3,qiskit_heavy,0.02,6,18,15360,0,0.878,0.8761007739829851,0.7317581111825181,641.0503742243163,5.560003424528986,646.6103776488453
UNSW_NB15,6q_5k,QWE,full,3,L3,qiskit_heavy,0.02,6,19,16384,1,0.8466666666666667,0.8482913785015666,0.6788486107258722,618.9584747492336,5.846059788484126,624.8045345377177
UNSW_NB15,6q_5k,QWE,full,3,L3,qiskit_heavy,0.02,6,20,17408,2,0.8673333333333333,0.8591211583726204,0.7213768508393443,636.7616699384525,3.2343133883550763,639.9959833268076
UNSW_NB15,6q_5k,QWE,full,3,L3,qiskit_heavy,0.02,6,21,18432,0,0.8426666666666667,0.8445838438732398,0.6728088765324021,642.0483400369994,2.454133887309581,644.502473924309
UNSW_NB15,6q_5k,QWE,full,3,L3,qiskit_heavy,0.02,6,22,19456,1,0.8313333333333334,0.8342141493024721,0.6630050537903179,601.3200543583371,4.149207029491663,605.4692613878287
UNSW_NB15,6q_5k,QWE,full,3,L3,qiskit_heavy,0.02,6,23,20480,2,0.876,0.8690573025738025,0.7393212243875658,641.6523641236126,2.7406084672547877,644.3929725908674
UNSW_NB15,6q_5k,QWE,full,3,L3,qiskit_heavy,0.02,6,24,21504,0,0.8333333333333334,0.8363381764117058,0.6709254660788967,636.9790650443174,4.333359852898866,641.3124248972163
UNSW_NB15,6q_5k,QWE,full,3,L3,qiskit_heavy,0.02,6,25,22528,1,0.8766666666666667,0.8708658634538152,0.7364514349758143,625.7357821743935,3.5469498191960156,629.2827319935896
UNSW_NB15,6q_5k,QWE,full,3,L3,qiskit_heavy,0.02,6,26,23552,2,0.878,0.8720881511430719,0.740696617100208,643.0390726891346,4.652962850872427,647.692035540007
UNSW_NB15,6q_5k,QWE,full,3,L3,qiskit_heavy,0.02,6,27,24576,0,0.878,0.8722619081732336,0.7396325957115935,586.7233282173984,4.731718775816262,591.4550469932146
UNSW_NB15,6q_5k,QWE,full,3,L3,qiskit_heavy,0.02,6,28,25600,1,0.81,0.8135683142832394,0.6269634515141532,633.8540401333012,3.6335657639428973,637.4876058972441
UNSW_NB15,6q_5k,QWE,full,3,L3,qiskit_heavy,0.02,6,29,26624,2,0.874,0.8665487717021552,0.7361893669573782,636.6993132834323,3.1259214682504535,639.8252347516827
UNSW_NB15,6q_5k,QWE,full,3,L3,qiskit_heavy,0.05,6,0,42,0,0.79,0.7669549371100326,0.5473291744302284,642.6840548319742,4.467994635459036,647.1520494674332
UNSW_NB15,6q_5k,QWE,full,3,L3,qiskit_heavy,0.05,6,1,123,1,0.6386666666666667,0.49783780851640896,0.0,633.5607700077817,4.226722663268447,637.7874926710501
UNSW_NB15,6q_5k,QWE,full,3,L3,qiskit_heavy,0.05,6,2,456,2,0.822,0.8037184596594179,0.6294202590228977,642.3287876974791,3.3460955773480237,645.6748832748272
UNSW_NB15,6q_5k,QWE,full,3,L3,qiskit_heavy,0.05,6,3,789,0,0.678,0.6023591660020507,0.2351477544568182,575.7931280941702,3.1440054518170655,578.9371335459873
UNSW_NB15,6q_5k,QWE,full,3,L3,qiskit_heavy,0.05,6,4,1024,1,0.8166666666666667,0.7971551409792128,0.6173488085503175,637.5339961526915,2.419473505113274,639.9534696578048
UNSW_NB15,6q_5k,QWE,full,3,L3,qiskit_heavy,0.05,6,5,2048,2,0.7373333333333333,0.6845032925618948,0.438854382933774,636.0657484224066,3.604491427540779,639.6702398499474
UNSW_NB15,6q_5k,QWE,full,3,L3,qiskit_heavy,0.05,6,6,3072,0,0.6733333333333333,0.599738646366287,0.21575487743679525,610.4740058304742,4.609759800136089,615.0837656306103
UNSW_NB15,6q_5k,QWE,full,3,L3,qiskit_heavy,0.05,6,7,4096,1,0.7613333333333333,0.7210963242029084,0.49629891804548615,629.3831813917495,3.6689690947532654,633.0521504865028
UNSW_NB15,6q_5k,QWE,full,3,L3,qiskit_heavy,0.05,6,8,5120,2,0.7793333333333333,0.7469428705010088,0.5371869617944354,588.8608873914927,4.775914084166288,593.636801475659
UNSW_NB15,6q_5k,QWE,full,3,L3,qiskit_heavy,0.05,6,9,6144,0,0.67,0.5815130747222037,0.2118028567094197,591.0309682418592,3.8966906093992293,594.9276588512585
UNSW_NB15,6q_5k,QWE,full,3,L3,qiskit_heavy,0.05,6,10,7168,1,0.8206666666666667,0.8021102198013038,0.6271077290148656,637.0247269920073,4.535967764444649,641.560694756452
UNSW_NB15,6q_5k,QWE,full,3,L3,qiskit_heavy,0.05,6,11,8192,2,0.6446666666666667,0.5445439552760307,0.09174186535924814,628.023146122694,3.4911146461963654,631.5142607688904
UNSW_NB15,6q_5k,QWE,full,3,L3,qiskit_heavy,0.05,6,12,9216,0,0.7393333333333333,0.6994436394782356,0.4194883225006897,635.4774614651687,5.494659689255059,640.9721211544238
UNSW_NB15,6q_5k,QWE,full,3,L3,qiskit_heavy,0.05,6,13,10240,1,0.774,0.7395687912022499,0.5259702039289972,620.1207869993523,4.355399071238935,624.4761860705912
UNSW_NB15,6q_5k,QWE,full,3,L3,qiskit_heavy,0.05,6,14,11264,2,0.6386666666666667,0.49783780851640896,0.0,638.870452940464,4.229600774124265,643.1000537145883
UNSW_NB15,6q_5k,QWE,full,3,L3,qiskit_heavy,0.05,6,15,12288,0,0.6133333333333333,0.5096382984641031,-0.045976444256791316,612.6447376715951,5.954859593883157,618.5995972654782
UNSW_NB15,6q_5k,QWE,full,3,L3,qiskit_heavy,0.05,6,16,13312,1,0.7626666666666667,0.7382544710191768,0.4704808584750789,630.9626854937524,5.754598631989211,636.7172841257416
UNSW_NB15,6q_5k,QWE,full,3,L3,qiskit_heavy,0.05,6,17,14336,2,0.752,0.7223490921587721,0.4460118355857734,639.856446004007,3.1089270268566906,642.9653730308637
UNSW_NB15,6q_5k,QWE,full,3,L3,qiskit_heavy,0.05,6,18,15360,0,0.7366666666666667,0.6849598092510966,0.4332804766914902,629.701660099905,4.166609660256654,633.8682697601616
UNSW_NB15,6q_5k,QWE,full,3,L3,qiskit_heavy,0.05,6,19,16384,1,0.726,0.6665315736004306,0.4112605339436146,607.6563532920554,5.54550941195339,613.2018627040088
UNSW_NB15,6q_5k,QWE,full,3,L3,qiskit_heavy,0.05,6,20,17408,2,0.7013333333333334,0.6240868596743385,0.3422985792812905,638.4062456549145,4.869228807743639,643.2754744626582
UNSW_NB15,6q_5k,QWE,full,3,L3,qiskit_heavy,0.05,6,21,18432,0,0.6473333333333333,0.5167730862334536,0.11956383277033177,636.9197902223095,4.929361359681934,641.8491515819915
UNSW_NB15,6q_5k,QWE,full,3,L3,qiskit_heavy,0.05,6,22,19456,1,0.766,0.745623924093863,0.4755459769368371,620.6543682115152,6.125676326453686,626.7800445379689
UNSW_NB15,6q_5k,QWE,full,3,L3,qiskit_heavy,0.05,6,23,20480,2,0.66,0.5441349754035092,0.19341075491273416,642.2279578377493,3.6176520390436053,645.8456098767929
UNSW_NB15,6q_5k,QWE,full,3,L3,qiskit_heavy,0.05,6,24,21504,0,0.6893333333333334,0.6021876507161742,0.3054455979845589,631.1735957069322,3.922443026676774,635.096038733609
UNSW_NB15,6q_5k,QWE,full,3,L3,qiskit_heavy,0.05,6,25,22528,1,0.7266666666666667,0.6742779875810826,0.3962637416337903,642.4268410359509,4.061204807367176,646.4880458433181
UNSW_NB15,6q_5k,QWE,full,3,L3,qiskit_heavy,0.05,6,26,23552,2,0.7173333333333334,0.6556951399116348,0.37994261340969776,599.0560845211148,4.98427500249818,604.040359523613
UNSW_NB15,6q_5k,QWE,full,3,L3,qiskit_heavy,0.05,6,27,24576,0,0.6813333333333333,0.6018643287648068,0.2524749068710873,640.2875839970075,3.540715314913541,643.828299311921
UNSW_NB15,6q_5k,QWE,full,3,L3,qiskit_heavy,0.05,6,28,25600,1,0.7873333333333333,0.7755204191335153,0.5237210582402116,642.9722197027877,3.329032578971237,646.3012522817589
UNSW_NB15,6q_5k,QWE,full,3,L3,qiskit_heavy,0.05,6,29,26624,2,0.7873333333333333,0.7790067019400353,0.5235510984982877,629.1798844663426,3.8527449630200863,633.0326294293627
UNSW_NB15,6q_5k,QSVC,linear,0,L0,baseline_unoptimized,0.0,6,0,42,0,0.8333333333333334,0.8362559096211701,0.6692652860152062,148.87326920311898,1.9404988358728588,150.81376803899184
UNSW_NB15,6q_5k,QSVC,linear,0,L0,baseline_unoptimized,0.0,6,1,123,1,0.836,0.8385880206749773,0.6679829709408774,159.8375596832484,0.08690503519028425,159.92446471843868
UNSW_NB15,6q_5k,QSVC,linear,0,L0,baseline_unoptimized,0.0,6,2,456,2,0.8673333333333333,0.8664945051461059,0.7095656517171364,159.56179561000317,0.36426149494946003,159.92605710495263
UNSW_NB15,6q_5k,QSVC,linear,0,L0,baseline_unoptimized,0.0,6,3,789,0,0.834,0.8365653814484791,0.6622434765151818,148.85479679470882,1.8883325029164553,150.74312929762527
UNSW_NB15,6q_5k,QSVC,linear,0,L0,baseline_unoptimized,0.0,6,4,1024,1,0.842,0.8446019626964559,0.6823235120437893,159.31027140608057,0.3454791735857725,159.65575057966635
UNSW_NB15,6q_5k,QSVC,linear,0,L0,baseline_unoptimized,0.0,6,5,2048,2,0.846,0.848606218327649,0.6924006622605421,159.39313403703272,0.07248648069798946,159.4656205177307
UNSW_NB15,6q_5k,QSVC,linear,0,L0,baseline_unoptimized,0.0,6,6,3072,0,0.8453333333333334,0.8479840682087507,0.6918633164987267,158.5053577357903,0.08872605115175247,158.59408378694206
UNSW_NB15,6q_5k,QSVC,linear,0,L0,baseline_unoptimized,0.0,6,7,4096,1,0.84,0.8426959960509602,0.6795406538355007,158.50783499982208,0.35732167726382613,158.8651566770859
UNSW_NB15,6q_5k,QSVC,linear,0,L0,baseline_unoptimized,0.0,6,8,5120,2,0.8326666666666667,0.8354737679970103,0.6638828553156078,150.49601371819153,1.7898737220093608,152.2858874402009
UNSW_NB15,6q_5k,QSVC,linear,0,L0,baseline_unoptimized,0.0,6,9,6144,0,0.8593333333333333,0.8612733935684446,0.7116910367707869,148.91857474762946,1.7835076092742383,150.7020823569037
UNSW_NB15,6q_5k,QSVC,linear,0,L0,baseline_unoptimized,0.0,6,10,7168,1,0.8606666666666667,0.8623027797331053,0.710429353354145,159.92463475605473,0.08964821882545948,160.0142829748802
UNSW_NB15,6q_5k,QSVC,linear,0,L0,baseline_unoptimized,0.0,6,11,8192,2,0.8406666666666667,0.8432651869030842,0.6789701831353183,160.20458168629557,0.35968007799237967,160.56426176428795
UNSW_NB15,6q_5k,QSVC,linear,0,L0,baseline_unoptimized,0.0,6,12,9216,0,0.8533333333333334,0.8499669601165232,0.6761958846673517,146.8744548279792,1.769170737825334,148.64362556580454
UNSW_NB15,6q_5k,QSVC,linear,0,L0,baseline_unoptimized,0.0,6,13,10240,1,0.8633333333333333,0.8644951845536346,0.7113079838421242,159.05234373686835,0.09283086378127337,159.14517460064963
UNSW_NB15,6q_5k,QSVC,linear,0,L0,baseline_unoptimized,0.0,6,14,11264,2,0.836,0.8384414717087074,0.6653179238817708,159.50524631422013,0.08758359542116523,159.5928299096413
UNSW_NB15,6q_5k,QSVC,linear,0,L0,baseline_unoptimized,0.0,6,15,12288,0,0.846,0.8485115404795501,0.6901613229532741,149.06541379122064,1.9643800756894052,151.02979386691004
UNSW_NB15,6q_5k,QSVC,linear,0,L0,baseline_unoptimized,0.0,6,16,13312,1,0.828,0.8308769217123936,0.6545719421061145,159.56230126600713,0.35615567630156875,159.9184569423087
UNSW_NB15,6q_5k,QSVC,linear,0,L0,baseline_unoptimized,0.0,6,17,14336,2,0.8366666666666667,0.8391731611556918,0.6680368267098309,159.6017515086569,0.07511433586478233,159.67686584452167
UNSW_NB15,6q_5k,QSVC,linear,0,L0,baseline_unoptimized,0.0,6,18,15360,0,0.878,0.8753880152689721,0.7320266008035783,147.92885339213535,1.797450475860387,149.72630386799574
UNSW_NB15,6q_5k,QSVC,linear,0,L0,baseline_unoptimized,0.0,6,19,16384,1,0.8526666666666667,0.8549791505851172,0.7026994892556688,157.37847955105826,0.09240233199670911,157.47088188305497
UNSW_NB15,6q_5k,QSVC,linear,0,L0,baseline_unoptimized,0.0,6,20,17408,2,0.8446666666666667,0.8470949497312393,0.6851954116573833,157.42079182108864,0.0875593600794673,157.5083511811681
UNSW_NB15,6q_5k,QSVC,linear,0,L0,baseline_unoptimized,0.0,6,21,18432,0,0.8393333333333334,0.8421621452062628,0.6813543897575662,161.24779389193282,0.3660693811252713,161.6138632730581
UNSW_NB15,6q_5k,QSVC,linear,0,L0,baseline_unoptimized,0.0,6,22,19456,1,0.836,0.83900269267691,0.6791473510784848,151.41789458086714,1.9356213328428566,153.35351591371
UNSW_NB15,6q_5k,QSVC,linear,0,L0,baseline_unoptimized,0.0,6,23,20480,2,0.8426666666666667,0.8446586045721827,0.6737336346768454,161.48474501259625,0.08525008102878928,161.56999509362504
UNSW_NB15,6q_5k,QSVC,linear,0,L0,baseline_unoptimized,0.0,6,24,21504,0,0.8393333333333334,0.8417570317676186,0.6723990636882794,150.82210445171222,1.7903827168047428,152.61248716851696
UNSW_NB15,6q_5k,QSVC,linear,0,L0,baseline_unoptimized,0.0,6,25,22528,1,0.8433333333333334,0.8452612332426779,0.6744486654454841,160.56100035086274,0.36622048122808337,160.92722083209082
UNSW_NB15,6q_5k,QSVC,linear,0,L0,baseline_unoptimized,0.0,6,26,23552,2,0.8786666666666667,0.8757435449017539,0.7341713500437023,160.74852221738547,0.0859598470851779,160.83448206447065
UNSW_NB15,6q_5k,QSVC,linear,0,L0,baseline_unoptimized,0.0,6,27,24576,0,0.8406666666666667,0.8434919753475947,0.6847427636499434,148.0661176131107,1.9789729486219585,150.04509056173265
UNSW_NB15,6q_5k,QSVC,linear,0,L0,baseline_unoptimized,0.0,6,28,25600,1,0.8266666666666667,0.8296613285489624,0.6533517284750706,158.07844032300636,0.0862893438898027,158.16472966689616
UNSW_NB15,6q_5k,QSVC,linear,0,L0,baseline_unoptimized,0.0,6,29,26624,2,0.848,0.8502785748303369,0.6903729152836262,158.14569038618356,0.08660576678812504,158.23229615297168
UNSW_NB15,6q_5k,QSVC,linear,0,L0,baseline_unoptimized,0.0003,6,0,42,0,0.8326666666666667,0.8356111942081589,0.6681720205108793,87.33886673301458,0.8292270810343325,88.16809381404892
UNSW_NB15,6q_5k,QSVC,linear,0,L0,baseline_unoptimized,0.0003,6,1,123,1,0.8353333333333334,0.8381896203730629,0.6725540788909956,79.93615664262325,2.0005605132319033,81.93671715585515
UNSW_NB15,6q_5k,QSVC,linear,0,L0,baseline_unoptimized,0.0003,6,2,456,2,0.868,0.8673184895037369,0.7114154165271755,90.25957936188206,0.05174034787341952,90.31131970975548
UNSW_NB15,6q_5k,QSVC,linear,0,L0,baseline_unoptimized,0.0003,6,3,789,0,0.838,0.840443812114238,0.6695942533023673,78.12269254820421,1.8066202881745994,79.92931283637881
UNSW_NB15,6q_5k,QSVC,linear,0,L0,baseline_unoptimized,0.0003,6,4,1024,1,0.874,0.8710685929462725,0.7231607316795435,90.97439095005393,0.05833656433969736,91.03272751439363
UNSW_NB15,6q_5k,QSVC,linear,0,L0,baseline_unoptimized,0.0003,6,5,2048,2,0.8386666666666667,0.8415566409354313,0.6814659160277863,90.16145257698372,0.6326279491186142,90.79408052610233
UNSW_NB15,6q_5k,QSVC,linear,0,L0,baseline_unoptimized,0.0003,6,6,3072,0,0.846,0.848606218327649,0.6924006622605421,84.43873799080029,1.6052271518856287,86.04396514268592
UNSW_NB15,6q_5k,QSVC,linear,0,L0,baseline_unoptimized,0.0003,6,7,4096,1,0.8393333333333334,0.8420285979572888,0.6778583165166627,90.94391323672608,0.05046976590529084,90.99438300263137
UNSW_NB15,6q_5k,QSVC,linear,0,L0,baseline_unoptimized,0.0003,6,8,5120,2,0.8426666666666667,0.8451672315063691,0.6817994460453913,86.66226791311055,0.7980361408554018,87.46030405396596
UNSW_NB15,6q_5k,QSVC,linear,0,L0,baseline_unoptimized,0.0003,6,9,6144,0,0.884,0.8802799122983809,0.7482710445644346,89.2883682847023,0.8465907680802047,90.1349590527825
UNSW_NB15,6q_5k,QSVC,linear,0,L0,baseline_unoptimized,0.0003,6,10,7168,1,0.846,0.8487099038330067,0.696052638476906,88.78468945622444,0.8725510430522263,89.65724049927667
UNSW_NB15,6q_5k,QSVC,linear,0,L0,baseline_unoptimized,0.0003,6,11,8192,2,0.84,0.8426222222222223,0.6778491766449535,91.6851890720427,0.0531693990342319,91.73835847107694
UNSW_NB15,6q_5k,QSVC,linear,0,L0,baseline_unoptimized,0.0003,6,12,9216,0,0.8686666666666667,0.8630171787667301,0.7157923297391494,80.94765397487208,2.0422359691001475,82.98988994397223
UNSW_NB15,6q_5k,QSVC,linear,0,L0,baseline_unoptimized,0.0003,6,13,10240,1,0.8593333333333333,0.8606509557972378,0.7039252666670349,90.26856458280236,0.05715333390980959,90.32571791671216
UNSW_NB15,6q_5k,QSVC,linear,0,L0,baseline_unoptimized,0.0003,6,14,11264,2,0.8353333333333334,0.8378001605615036,0.6641777623484516,89.31702718976885,0.6617709021084011,89.97879809187725
UNSW_NB15,6q_5k,QSVC,linear,0,L0,baseline_unoptimized,0.0003,6,15,12288,0,0.846,0.8485115404795501,0.6901613229532741,87.91299850214273,0.7923063370399177,88.70530483918265
UNSW_NB15,6q_5k,QSVC,linear,0,L0,baseline_unoptimized,0.0003,6,16,13312,1,0.826,0.8291224438294053,0.656071380880716,75.49814645806327,1.4941263133659959,76.99227277142927
UNSW_NB15,6q_5k,QSVC,linear,0,L0,baseline_unoptimized,0.0003,6,17,14336,2,0.838,0.840486033309523,0.6708378823311019,90.82893693773076,0.05094263842329383,90.87987957615405
UNSW_NB15,6q_5k,QSVC,linear,0,L0,baseline_unoptimized,0.0003,6,18,15360,0,0.878,0.8754621668144906,0.731967233312273,90.59056299505755,0.08355353819206357,90.67411653324962
UNSW_NB15,6q_5k,QSVC,linear,0,L0,baseline_unoptimized,0.0003,6,19,16384,1,0.848,0.8502338968924872,0.6900414490868256,90.12102699279785,0.08518322976306081,90.20621022256091
UNSW_NB15,6q_5k,QSVC,linear,0,L0,baseline_unoptimized,0.0003,6,20,17408,2,0.876,0.872176693564131,0.7291373052319385,86.87950303312391,1.7669245772995055,88.64642761042342
UNSW_NB15,6q_5k,QSVC,linear,0,L0,baseline_unoptimized,0.0003,6,21,18432,0,0.8393333333333334,0.8421621452062628,0.6813543897575662,88.5969347730279,0.6401156103238463,89.23705038335174
UNSW_NB15,6q_5k,QSVC,linear,0,L0,baseline_unoptimized,0.0003,6,22,19456,1,0.832,0.8351074542623945,0.6720706526775947,89.10460333619267,0.058032138738781214,89.16263547493145
UNSW_NB15,6q_5k,QSVC,linear,0,L0,baseline_unoptimized,0.0003,6,23,20480,2,0.8513333333333334,0.8535760086480456,0.6976423571614876,81.99683955917135,1.1424047872424126,83.13924434641376
UNSW_NB15,6q_5k,QSVC,linear,0,L0,baseline_unoptimized,0.0003,6,24,21504,0,0.838,0.840443812114238,0.6695942533023673,89.89244141569361,0.08246078575029969,89.97490220144391
UNSW_NB15,6q_5k,QSVC,linear,0,L0,baseline_unoptimized,0.0003,6,25,22528,1,0.8433333333333334,0.8452612332426779,0.6744486654454841,87.88873617816716,1.6708570872433484,89.55959326541051
UNSW_NB15,6q_5k,QSVC,linear,0,L0,baseline_unoptimized,0.0003,6,26,23552,2,0.8786666666666667,0.8757435449017539,0.7341713500437023,89.78736901888624,0.07931926380842924,89.86668828269467
UNSW_NB15,6q_5k,QSVC,linear,0,L0,baseline_unoptimized,0.0003,6,27,24576,0,0.8406666666666667,0.8434919753475947,0.6847427636499434,89.03407913306728,0.057948590256273746,89.09202772332355
UNSW_NB15,6q_5k,QSVC,linear,0,L0,baseline_unoptimized,0.0003,6,28,25600,1,0.8273333333333334,0.8302299040287874,0.6527024863547638,81.43863044399768,1.8149996977299452,83.25363014172763
UNSW_NB15,6q_5k,QSVC,linear,0,L0,baseline_unoptimized,0.0003,6,29,26624,2,0.8466666666666667,0.8491548931287006,0.6912858151338017,88.22194047039375,0.6584124676883221,88.88035293808207
UNSW_NB15,6q_5k,QSVC,linear,0,L0,baseline_unoptimized,0.0005,6,0,42,0,0.8326666666666667,0.8356111942081589,0.6681720205108793,86.6183758629486,1.1180638358928263,87.73643969884142
UNSW_NB15,6q_5k,QSVC,linear,0,L0,baseline_unoptimized,0.0005,6,1,123,1,0.8353333333333334,0.8379729273438273,0.6674060038167956,91.00582367600873,0.05959366308525205,91.06541733909398
UNSW_NB15,6q_5k,QSVC,linear,0,L0,baseline_unoptimized,0.0005,6,2,456,2,0.836,0.8384584623169424,0.6651247435849643,89.81973196007311,0.6957020470872521,90.51543400716037
UNSW_NB15,6q_5k,QSVC,linear,0,L0,baseline_unoptimized,0.0005,6,3,789,0,0.8333333333333334,0.8359822367652215,0.6621982276703079,90.8085513561964,0.04702789383009076,90.8555792500265
UNSW_NB15,6q_5k,QSVC,linear,0,L0,baseline_unoptimized,0.0005,6,4,1024,1,0.842,0.8446019626964559,0.6823235120437893,83.55168869392946,1.5987719809636474,85.15046067489311
UNSW_NB15,6q_5k,QSVC,linear,0,L0,baseline_unoptimized,0.0005,6,5,2048,2,0.8386666666666667,0.8415566409354313,0.6814659160277863,88.31695990636945,0.8370618191547692,89.15402172552422
UNSW_NB15,6q_5k,QSVC,linear,0,L0,baseline_unoptimized,0.0005,6,6,3072,0,0.846,0.848606218327649,0.6924006622605421,78.67450575623661,1.6050518210977316,80.27955757733434
UNSW_NB15,6q_5k,QSVC,linear,0,L0,baseline_unoptimized,0.0005,6,7,4096,1,0.8393333333333334,0.8420285979572888,0.6778583165166627,87.95890958281234,0.8407637160271406,88.79967329883948
UNSW_NB15,6q_5k,QSVC,linear,0,L0,baseline_unoptimized,0.0005,6,8,5120,2,0.8326666666666667,0.8354985316027702,0.6644582958680038,90.10334164043888,0.049614365212619305,90.1529560056515
UNSW_NB15,6q_5k,QSVC,linear,0,L0,baseline_unoptimized,0.0005,6,9,6144,0,0.884,0.8802799122983809,0.7482710445644346,88.24114224687219,0.7321075978688896,88.97324984474108
UNSW_NB15,6q_5k,QSVC,linear,0,L0,baseline_unoptimized,0.0005,6,10,7168,1,0.846,0.8487099038330067,0.696052638476906,90.18270894000307,0.050623191986232996,90.2333321319893
UNSW_NB15,6q_5k,QSVC,linear,0,L0,baseline_unoptimized,0.0005,6,11,8192,2,0.84,0.8426222222222223,0.6778491766449535,74.59313371311873,1.627724772784859,76.22085848590359
UNSW_NB15,6q_5k,QSVC,linear,0,L0,baseline_unoptimized,0.0005,6,12,9216,0,0.8686666666666667,0.8630171787667301,0.7157923297391494,89.68981110397726,0.0479203830473125,89.73773148702458
UNSW_NB15,6q_5k,QSVC,linear,0,L0,baseline_unoptimized,0.0005,6,13,10240,1,0.8593333333333333,0.8606509557972378,0.7039252666670349,81.63961134804413,1.6681985910981894,83.30780993914232
UNSW_NB15,6q_5k,QSVC,linear,0,L0,baseline_unoptimized,0.0005,6,14,11264,2,0.8353333333333334,0.8378001605615036,0.6641777623484516,83.64778679888695,0.8734015356749296,84.52118833456188
UNSW_NB15,6q_5k,QSVC,linear,0,L0,baseline_unoptimized,0.0005,6,15,12288,0,0.846,0.8485115404795501,0.6901613229532741,84.64337318902835,0.9732749150134623,85.61664810404181
UNSW_NB15,6q_5k,QSVC,linear,0,L0,baseline_unoptimized,0.0005,6,16,13312,1,0.826,0.8291224438294053,0.656071380880716,88.1226855572313,0.9263292863033712,89.04901484353468
UNSW_NB15,6q_5k,QSVC,linear,0,L0,baseline_unoptimized,0.0005,6,17,14336,2,0.838,0.840486033309523,0.6708378823311019,90.05339894909412,0.0505605791695416,90.10395952826366
UNSW_NB15,6q_5k,QSVC,linear,0,L0,baseline_unoptimized,0.0005,6,18,15360,0,0.878,0.8754621668144906,0.731967233312273,86.73299749707803,1.2569042793475091,87.98990177642554
UNSW_NB15,6q_5k,QSVC,linear,0,L0,baseline_unoptimized,0.0005,6,19,16384,1,0.848,0.8502338968924872,0.6900414490868256,89.71969176270068,0.05857173213735223,89.77826349483803
UNSW_NB15,6q_5k,QSVC,linear,0,L0,baseline_unoptimized,0.0005,6,20,17408,2,0.8446666666666667,0.8470949497312393,0.6851954116573833,88.87267370009795,0.6194143109023571,89.4920880110003
UNSW_NB15,6q_5k,QSVC,linear,0,L0,baseline_unoptimized,0.0005,6,21,18432,0,0.8393333333333334,0.8421621452062628,0.6813543897575662,91.09073577495292,0.04771114094182849,91.13844691589475
UNSW_NB15,6q_5k,QSVC,linear,0,L0,baseline_unoptimized,0.0005,6,22,19456,1,0.836,0.83900269267691,0.6791473510784848,75.7125099087134,1.396867536008358,77.10937744472176
UNSW_NB15,6q_5k,QSVC,linear,0,L0,baseline_unoptimized,0.0005,6,23,20480,2,0.8513333333333334,0.8535760086480456,0.6976423571614876,88.4950413107872,0.810669768601656,89.30571107938886
UNSW_NB15,6q_5k,QSVC,linear,0,L0,baseline_unoptimized,0.0005,6,24,21504,0,0.838,0.840443812114238,0.6695942533023673,91.37711721798405,0.047379965893924236,91.42449718387797
UNSW_NB15,6q_5k,QSVC,linear,0,L0,baseline_unoptimized,0.0005,6,25,22528,1,0.8433333333333334,0.8452612332426779,0.6744486654454841,87.8363735852763,0.8181832879781723,88.65455687325448
UNSW_NB15,6q_5k,QSVC,linear,0,L0,baseline_unoptimized,0.0005,6,26,23552,2,0.8786666666666667,0.8757435449017539,0.7341713500437023,83.19577338499948,1.479759772773832,84.67553315777332
UNSW_NB15,6q_5k,QSVC,linear,0,L0,baseline_unoptimized,0.0005,6,27,24576,0,0.842,0.8447614621157106,0.6863422248251685,89.34968073293567,0.5170760643668473,89.86675679730251
UNSW_NB15,6q_5k,QSVC,linear,0,L0,baseline_unoptimized,0.0005,6,28,25600,1,0.8266666666666667,0.8296613285489624,0.6533517284750706,89.78382100490853,0.10560100805014372,89.88942201295868
UNSW_NB15,6q_5k,QSVC,linear,0,L0,baseline_unoptimized,0.0005,6,29,26624,2,0.8473333333333334,0.8496363496879034,0.6892279260037515,89.79696122510359,0.09947913140058517,89.89644035650417
UNSW_NB15,6q_5k,QSVC,linear,0,L0,baseline_unoptimized,0.001,6,0,42,0,0.8333333333333334,0.8362559096211701,0.6692652860152062,90.96090295910835,0.05017092498019338,91.01107388408855
UNSW_NB15,6q_5k,QSVC,linear,0,L0,baseline_unoptimized,0.001,6,1,123,1,0.8353333333333334,0.8379729273438273,0.6674060038167956,83.19021919416264,1.276846962980926,84.46706615714356
UNSW_NB15,6q_5k,QSVC,linear,0,L0,baseline_unoptimized,0.001,6,2,456,2,0.868,0.8674381766979762,0.7117506089185066,89.79740423988551,0.6647745561785996,90.46217879606411
UNSW_NB15,6q_5k,QSVC,linear,0,L0,baseline_unoptimized,0.001,6,3,789,0,0.838,0.840443812114238,0.6695942533023673,88.92479107994586,0.825779614970088,89.75057069491595
UNSW_NB15,6q_5k,QSVC,linear,0,L0,baseline_unoptimized,0.001,6,4,1024,1,0.874,0.8710685929462725,0.7231607316795435,88.63256216607988,0.8677650922909379,89.50032725837082
UNSW_NB15,6q_5k,QSVC,linear,0,L0,baseline_unoptimized,0.001,6,5,2048,2,0.8386666666666667,0.8415566409354313,0.6814659160277863,91.07079809205607,0.05355971399694681,91.12435780605301
UNSW_NB15,6q_5k,QSVC,linear,0,L0,baseline_unoptimized,0.001,6,6,3072,0,0.846,0.848606218327649,0.6924006622605421,87.64458192232996,1.0301904203370214,88.67477234266698
UNSW_NB15,6q_5k,QSVC,linear,0,L0,baseline_unoptimized,0.001,6,7,4096,1,0.8433333333333334,0.8458366153216117,0.6834704532330628,87.61164418701082,1.0191376912407577,88.63078187825158
UNSW_NB15,6q_5k,QSVC,linear,0,L0,baseline_unoptimized,0.001,6,8,5120,2,0.8426666666666667,0.8451672315063691,0.6817994460453913,89.97510476410389,0.053038444835692644,90.02814320893958
UNSW_NB15,6q_5k,QSVC,linear,0,L0,baseline_unoptimized,0.001,6,9,6144,0,0.8853333333333333,0.8817357757966204,0.7511382550518001,91.72548849880695,0.06668475596234202,91.7921732547693
UNSW_NB15,6q_5k,QSVC,linear,0,L0,baseline_unoptimized,0.001,6,10,7168,1,0.846,0.8487099038330067,0.696052638476906,82.18977453513071,0.9028028389438987,83.09257737407461
UNSW_NB15,6q_5k,QSVC,linear,0,L0,baseline_unoptimized,0.001,6,11,8192,2,0.848,0.8502785748303369,0.6903729152836262,90.67572143580765,0.6392081426456571,91.3149295784533
UNSW_NB15,6q_5k,QSVC,linear,0,L0,baseline_unoptimized,0.001,6,12,9216,0,0.8526666666666667,0.8494219693646955,0.6746760401658121,84.41995096672326,0.9666682682000101,85.38661923492327
UNSW_NB15,6q_5k,QSVC,linear,0,L0,baseline_unoptimized,0.001,6,13,10240,1,0.8593333333333333,0.8606509557972378,0.7039252666670349,89.95102330064401,0.05167299183085561,90.00269629247487
UNSW_NB15,6q_5k,QSVC,linear,0,L0,baseline_unoptimized,0.001,6,14,11264,2,0.8353333333333334,0.8378001605615036,0.6641777623484516,87.82432820787653,0.8883253335952759,88.71265354147181
UNSW_NB15,6q_5k,QSVC,linear,0,L0,baseline_unoptimized,0.001,6,15,12288,0,0.8453333333333334,0.847868148148148,0.6890384686846192,89.73720829794183,0.8303572358563542,90.56756553379819
UNSW_NB15,6q_5k,QSVC,linear,0,L0,baseline_unoptimized,0.001,6,16,13312,1,0.8273333333333334,0.8302087029355468,0.65288740472771,79.6874644649215,1.6952139446511865,81.38267840957269
UNSW_NB15,6q_5k,QSVC,linear,0,L0,baseline_unoptimized,0.001,6,17,14336,2,0.8446666666666667,0.8471566480611812,0.686985902002566,90.46352958725765,0.06150978384539485,90.52503937110305
UNSW_NB15,6q_5k,QSVC,linear,0,L0,baseline_unoptimized,0.001,6,18,15360,0,0.878,0.8754621668144906,0.731967233312273,81.28159265220165,1.6453931760042906,82.92698582820594
UNSW_NB15,6q_5k,QSVC,linear,0,L0,baseline_unoptimized,0.001,6,19,16384,1,0.848,0.8502338968924872,0.6900414490868256,90.82768566487357,0.8273612312041223,91.65504689607769
UNSW_NB15,6q_5k,QSVC,linear,0,L0,baseline_unoptimized,0.001,6,20,17408,2,0.8446666666666667,0.8470949497312393,0.6851954116573833,91.77173015894368,0.055951084941625595,91.82768124388531
UNSW_NB15,6q_5k,QSVC,linear,0,L0,baseline_unoptimized,0.001,6,21,18432,0,0.8393333333333334,0.8421621452062628,0.6813543897575662,90.58363484730944,0.0804400541819632,90.6640749014914
UNSW_NB15,6q_5k,QSVC,linear,0,L0,baseline_unoptimized,0.001,6,22,19456,1,0.836,0.83900269267691,0.6791473510784848,90.25243701180443,0.08279936574399471,90.33523637754843
UNSW_NB15,6q_5k,QSVC,linear,0,L0,baseline_unoptimized,0.001,6,23,20480,2,0.8513333333333334,0.8535760086480456,0.6976423571614876,84.93353252811357,1.5266596213914454,86.46019214950502
UNSW_NB15,6q_5k,QSVC,linear,0,L0,baseline_unoptimized,0.001,6,24,21504,0,0.838,0.840443812114238,0.6695942533023673,92.03774999734014,0.07356513105332851,92.11131512839347
UNSW_NB15,6q_5k,QSVC,linear,0,L0,baseline_unoptimized,0.001,6,25,22528,1,0.8433333333333334,0.8452612332426779,0.6744486654454841,92.01642731158063,0.39700665418058634,92.41343396576121
UNSW_NB15,6q_5k,QSVC,linear,0,L0,baseline_unoptimized,0.001,6,26,23552,2,0.8793333333333333,0.8763880745552312,0.7357393793040858,84.70711912680417,1.0943165100179613,85.80143563682213
UNSW_NB15,6q_5k,QSVC,linear,0,L0,baseline_unoptimized,0.001,6,27,24576,0,0.842,0.8447614621157106,0.6863422248251685,80.84122008830309,1.5642258781008422,82.40544596640393
UNSW_NB15,6q_5k,QSVC,linear,0,L0,baseline_unoptimized,0.001,6,28,25600,1,0.8273333333333334,0.830304599613782,0.6544523183205234,90.88592404080555,0.05049921106547117,90.93642325187102
UNSW_NB15,6q_5k,QSVC,linear,0,L0,baseline_unoptimized,0.001,6,29,26624,2,0.8466666666666667,0.8491548931287006,0.6912858151338017,85.37963348207995,0.8169152778573334,86.19654875993729
UNSW_NB15,6q_5k,QSVC,linear,0,L0,baseline_unoptimized,0.002,6,0,42,0,0.8333333333333334,0.8362559096211701,0.6692652860152062,79.94282077997923,1.7831475231796503,81.72596830315888
UNSW_NB15,6q_5k,QSVC,linear,0,L0,baseline_unoptimized,0.002,6,1,123,1,0.8353333333333334,0.8379729273438273,0.6674060038167956,82.1843796633184,0.734188063070178,82.91856772638857
UNSW_NB15,6q_5k,QSVC,linear,0,L0,baseline_unoptimized,0.002,6,2,456,2,0.8366666666666667,0.8390995192239847,0.6662665298169023,89.50319378217682,0.05076362704858184,89.5539574092254
UNSW_NB15,6q_5k,QSVC,linear,0,L0,baseline_unoptimized,0.002,6,3,789,0,0.838,0.840443812114238,0.6695942533023673,86.42796971835196,1.2188436817377806,87.64681340008974
UNSW_NB15,6q_5k,QSVC,linear,0,L0,baseline_unoptimized,0.002,6,4,1024,1,0.876,0.8729978348532288,0.7278333542950451,91.42812908580527,0.050781809724867344,91.47891089553013
UNSW_NB15,6q_5k,QSVC,linear,0,L0,baseline_unoptimized,0.002,6,5,2048,2,0.8386666666666667,0.8415566409354313,0.6814659160277863,85.86384253902361,1.3553896178491414,87.21923215687275
UNSW_NB15,6q_5k,QSVC,linear,0,L0,baseline_unoptimized,0.002,6,6,3072,0,0.8453333333333334,0.8479840682087507,0.6918633164987267,85.29554718313739,1.6783206183463335,86.97386780148372
UNSW_NB15,6q_5k,QSVC,linear,0,L0,baseline_unoptimized,0.002,6,7,4096,1,0.8393333333333334,0.8420285979572888,0.6778583165166627,87.35890873475,0.7306612599641085,88.08956999471411
UNSW_NB15,6q_5k,QSVC,linear,0,L0,baseline_unoptimized,0.002,6,8,5120,2,0.832,0.8348792465026086,0.6639333926147828,91.02850296813995,0.05053106555715203,91.0790340336971
UNSW_NB15,6q_5k,QSVC,linear,0,L0,baseline_unoptimized,0.002,6,9,6144,0,0.884,0.8803606103989068,0.7480607277031006,84.0703661441803,0.8051299070939422,84.87549605127424
UNSW_NB15,6q_5k,QSVC,linear,0,L0,baseline_unoptimized,0.002,6,10,7168,1,0.8453333333333334,0.848045484128446,0.6943610611890981,83.7329297112301,0.9608074179850519,84.69373712921515
UNSW_NB15,6q_5k,QSVC,linear,0,L0,baseline_unoptimized,0.002,6,11,8192,2,0.8386666666666667,0.8413361515259761,0.6756119837567616,90.60042629297823,0.053289317060261965,90.65371561003849
UNSW_NB15,6q_5k,QSVC,linear,0,L0,baseline_unoptimized,0.002,6,12,9216,0,0.8526666666666667,0.8495123025925839,0.6746804525399475,80.64968590484932,1.2193951667286456,81.86908107157797
UNSW_NB15,6q_5k,QSVC,linear,0,L0,baseline_unoptimized,0.002,6,13,10240,1,0.85,0.8521605836222134,0.6934955236360348,83.4998903349042,0.8826676597818732,84.38255799468607
UNSW_NB15,6q_5k,QSVC,linear,0,L0,baseline_unoptimized,0.002,6,14,11264,2,0.8353333333333334,0.8378001605615036,0.6641777623484516,90.72182898502797,0.05048781307414174,90.77231679810211
UNSW_NB15,6q_5k,QSVC,linear,0,L0,baseline_unoptimized,0.002,6,15,12288,0,0.8453333333333334,0.847868148148148,0.6890384686846192,90.21036765631288,0.05809159763157368,90.26845925394446
UNSW_NB15,6q_5k,QSVC,linear,0,L0,baseline_unoptimized,0.002,6,16,13312,1,0.8273333333333334,0.830233945206226,0.6534644687228239,86.8441416346468,1.7435095240361989,88.587651158683
UNSW_NB15,6q_5k,QSVC,linear,0,L0,baseline_unoptimized,0.002,6,17,14336,2,0.8453333333333334,0.8477999230435236,0.6881127733061402,89.5149350548163,0.5197519520297647,90.03468700684607
UNSW_NB15,6q_5k,QSVC,linear,0,L0,baseline_unoptimized,0.002,6,18,15360,0,0.876,0.8735323826820833,0.7273784488797163,79.71179038612172,1.5277763060294092,81.23956669215113
UNSW_NB15,6q_5k,QSVC,linear,0,L0,baseline_unoptimized,0.002,6,19,16384,1,0.848,0.8502338968924872,0.6900414490868256,91.50994789041579,0.08232266921550035,91.59227055963129
UNSW_NB15,6q_5k,QSVC,linear,0,L0,baseline_unoptimized,0.002,6,20,17408,2,0.8446666666666667,0.8470949497312393,0.6851954116573833,91.45615638699383,0.07979009626433253,91.53594648325816
UNSW_NB15,6q_5k,QSVC,linear,0,L0,baseline_unoptimized,0.002,6,21,18432,0,0.8393333333333334,0.8421621452062628,0.6813543897575662,90.03528718370944,0.0586347496137023,90.09392193332314
UNSW_NB15,6q_5k,QSVC,linear,0,L0,baseline_unoptimized,0.002,6,22,19456,1,0.832,0.8351074542623945,0.6720706526775947,84.7389990920201,0.5986354169435799,85.33763450896367
UNSW_NB15,6q_5k,QSVC,linear,0,L0,baseline_unoptimized,0.002,6,23,20480,2,0.8433333333333334,0.8452984549986207,0.6749103675443359,89.36682895710692,0.6666466551832855,90.0334756122902
UNSW_NB15,6q_5k,QSVC,linear,0,L0,baseline_unoptimized,0.002,6,24,21504,0,0.838,0.840443812114238,0.6695942533023673,90.38585337717086,0.04728498496115208,90.43313836213201
UNSW_NB15,6q_5k,QSVC,linear,0,L0,baseline_unoptimized,0.002,6,25,22528,1,0.8433333333333334,0.8452612332426779,0.6744486654454841,84.21398467803374,1.5965311620384455,85.81051584007218
UNSW_NB15,6q_5k,QSVC,linear,0,L0,baseline_unoptimized,0.002,6,26,23552,2,0.8606666666666667,0.862673608786856,0.715947100230432,86.75250779930502,0.8026611134409904,87.55516891274601
UNSW_NB15,6q_5k,QSVC,linear,0,L0,baseline_unoptimized,0.002,6,27,24576,0,0.842,0.8447614621157106,0.6863422248251685,79.525764699094,1.7265058369375765,81.25227053603157
UNSW_NB15,6q_5k,QSVC,linear,0,L0,baseline_unoptimized,0.002,6,28,25600,1,0.8273333333333334,0.830304599613782,0.6544523183205234,89.0816198727116,0.8220420028083026,89.9036618755199
UNSW_NB15,6q_5k,QSVC,linear,0,L0,baseline_unoptimized,0.002,6,29,26624,2,0.8466666666666667,0.8491548931287006,0.6912858151338017,90.1547502251342,0.0576705876737833,90.21242081280798
UNSW_NB15,6q_5k,QSVC,linear,0,L0,baseline_unoptimized,0.005,6,0,42,0,0.8346666666666667,0.8375451209780711,0.6714563081824976,87.51069493219256,1.7160709486342967,89.22676588082686
UNSW_NB15,6q_5k,QSVC,linear,0,L0,baseline_unoptimized,0.005,6,1,123,1,0.8353333333333334,0.8382105870353626,0.6731488285103416,91.96902314200997,0.36917767208069563,92.33820081409067
UNSW_NB15,6q_5k,QSVC,linear,0,L0,baseline_unoptimized,0.005,6,2,456,2,0.8666666666666667,0.8661586818285384,0.7090136854535621,91.73725113691762,0.07702923286706209,91.81428036978468
UNSW_NB15,6q_5k,QSVC,linear,0,L0,baseline_unoptimized,0.005,6,3,789,0,0.834,0.8366801474012263,0.6644247059146007,90.0149798868224,0.6851791017688811,90.70015898859128
UNSW_NB15,6q_5k,QSVC,linear,0,L0,baseline_unoptimized,0.005,6,4,1024,1,0.8773333333333333,0.8740466895669159,0.7313111829614622,90.5708446353674,0.6465392201207578,91.21738385548815
UNSW_NB15,6q_5k,QSVC,linear,0,L0,baseline_unoptimized,0.005,6,5,2048,2,0.838,0.840911387489181,0.680376646693444,89.77929276879877,0.636468050070107,90.41576081886888
UNSW_NB15,6q_5k,QSVC,linear,0,L0,baseline_unoptimized,0.005,6,6,3072,0,0.8453333333333334,0.8479840682087507,0.6918633164987267,88.66862431587651,0.8369787689298391,89.50560308480635
UNSW_NB15,6q_5k,QSVC,linear,0,L0,baseline_unoptimized,0.005,6,7,4096,1,0.8393333333333334,0.8420285979572888,0.6778583165166627,81.16668376000598,1.150770943146199,82.31745470315218
UNSW_NB15,6q_5k,QSVC,linear,0,L0,baseline_unoptimized,0.005,6,8,5120,2,0.842,0.8445245865158381,0.6806707676092278,90.65175489289686,0.04969023307785392,90.70144512597471
UNSW_NB15,6q_5k,QSVC,linear,0,L0,baseline_unoptimized,0.005,6,9,6144,0,0.8593333333333333,0.8612435929560895,0.7112176499880426,89.45355233969167,0.5059173731133342,89.959469712805
UNSW_NB15,6q_5k,QSVC,linear,0,L0,baseline_unoptimized,0.005,6,10,7168,1,0.846,0.8486908728954201,0.6954590867011801,88.08246120996773,0.8029904770664871,88.88545168703422
UNSW_NB15,6q_5k,QSVC,linear,0,L0,baseline_unoptimized,0.005,6,11,8192,2,0.8393333333333334,0.8420042103977674,0.6772917510969229,90.04024708457291,0.05588508304208517,90.096132167615
UNSW_NB15,6q_5k,QSVC,linear,0,L0,baseline_unoptimized,0.005,6,12,9216,0,0.8686666666666667,0.8631202493217472,0.715506595959988,90.7043042271398,0.057607005815953016,90.76191123295575
UNSW_NB15,6q_5k,QSVC,linear,0,L0,baseline_unoptimized,0.005,6,13,10240,1,0.8493333333333334,0.8515183714648961,0.692342422089666,89.53388415509835,0.6668385257944465,90.2007226808928
UNSW_NB15,6q_5k,QSVC,linear,0,L0,baseline_unoptimized,0.005,6,14,11264,2,0.8366666666666667,0.8391135195852972,0.6669809098218561,85.84525377722457,1.0890735061839223,86.93432728340849
UNSW_NB15,6q_5k,QSVC,linear,0,L0,baseline_unoptimized,0.005,6,15,12288,0,0.8446666666666667,0.8471999520854336,0.6873635379987852,90.34059686027467,0.04794849082827568,90.38854535110295
UNSW_NB15,6q_5k,QSVC,linear,0,L0,baseline_unoptimized,0.005,6,16,13312,1,0.8246666666666667,0.8278320866407327,0.6539081052307424,87.87409729324281,0.7791338111273944,88.6532311043702
UNSW_NB15,6q_5k,QSVC,linear,0,L0,baseline_unoptimized,0.005,6,17,14336,2,0.8386666666666667,0.8411279756101335,0.6719735018980363,81.81626558396965,0.6253681238740683,82.44163370784372
UNSW_NB15,6q_5k,QSVC,linear,0,L0,baseline_unoptimized,0.005,6,18,15360,0,0.8733333333333333,0.871109939134617,0.7212891694610518,90.73749348940328,0.08128684479743242,90.81878033420071
UNSW_NB15,6q_5k,QSVC,linear,0,L0,baseline_unoptimized,0.005,6,19,16384,1,0.8473333333333334,0.8495916309237368,0.6888935612357246,90.47948015388101,0.08339236909523606,90.56287252297625
UNSW_NB15,6q_5k,QSVC,linear,0,L0,baseline_unoptimized,0.005,6,20,17408,2,0.8446666666666667,0.8470949497312393,0.6851954116573833,85.62597386585549,2.1627403837628663,87.78871424961835
UNSW_NB15,6q_5k,QSVC,linear,0,L0,baseline_unoptimized,0.005,6,21,18432,0,0.84,0.8428068208638188,0.6824520291227535,72.29235676908866,1.5773590090684593,73.86971577815711
UNSW_NB15,6q_5k,QSVC,linear,0,L0,baseline_unoptimized,0.005,6,22,19456,1,0.832,0.8351074542623945,0.6720706526775947,87.08984098210931,0.8547804560512304,87.94462143816054
UNSW_NB15,6q_5k,QSVC,linear,0,L0,baseline_unoptimized,0.005,6,23,20480,2,0.8506666666666667,0.8529333861360613,0.6964974737574141,91.09356280695647,0.04998740693554282,91.14355021389201
UNSW_NB15,6q_5k,QSVC,linear,0,L0,baseline_unoptimized,0.005,6,24,21504,0,0.8386666666666667,0.8411155332362805,0.6712590099179137,89.07234796276316,0.799079914111644,89.8714278768748
UNSW_NB15,6q_5k,QSVC,linear,0,L0,baseline_unoptimized,0.005,6,25,22528,1,0.8433333333333334,0.8452612332426779,0.6744486654454841,91.0395114813,0.051357118878513575,91.09086860017851
UNSW_NB15,6q_5k,QSVC,linear,0,L0,baseline_unoptimized,0.005,6,26,23552,2,0.876,0.872693877303858,0.7285371778361779,71.27801347291097,1.315549020189792,72.59356249310076
UNSW_NB15,6q_5k,QSVC,linear,0,L0,baseline_unoptimized,0.005,6,27,24576,0,0.8413333333333334,0.8441167640232868,0.6852426732819142,89.57182864891365,0.046673865988850594,89.6185025149025
UNSW_NB15,6q_5k,QSVC,linear,0,L0,baseline_unoptimized,0.005,6,28,25600,1,0.8273333333333334,0.830304599613782,0.6544523183205234,81.49899303121492,1.4425077280029655,82.94150075921789
UNSW_NB15,6q_5k,QSVC,linear,0,L0,baseline_unoptimized,0.005,6,29,26624,2,0.8466666666666667,0.8491548931287006,0.6912858151338017,86.09505092399195,0.8876611799933016,86.98271210398525
UNSW_NB15,6q_5k,QSVC,linear,0,L0,baseline_unoptimized,0.008,6,0,42,0,0.834,0.8369005513028553,0.6703600462364868,86.00938695622608,0.98483508778736,86.99422204401344
UNSW_NB15,6q_5k,QSVC,linear,0,L0,baseline_unoptimized,0.008,6,1,123,1,0.836,0.8388552409701835,0.6742454584153192,85.76776862004772,0.8548042997717857,86.6225729198195
UNSW_NB15,6q_5k,QSVC,linear,0,L0,baseline_unoptimized,0.008,6,2,456,2,0.864,0.8635419267341986,0.7033769996630753,91.48162282491103,0.05404535122215748,91.53566817613319
UNSW_NB15,6q_5k,QSVC,linear,0,L0,baseline_unoptimized,0.008,6,3,789,0,0.8373333333333334,0.8398024384696381,0.6684547361579691,88.35180989326909,0.823070477694273,89.17488037096336
UNSW_NB15,6q_5k,QSVC,linear,0,L0,baseline_unoptimized,0.008,6,4,1024,1,0.8786666666666667,0.8753357484844624,0.7344968892338691,85.66433109110221,1.7811092338524759,87.44544032495469
UNSW_NB15,6q_5k,QSVC,linear,0,L0,baseline_unoptimized,0.008,6,5,2048,2,0.838,0.8409298764012648,0.6809900562507438,91.38967904774472,0.050573538057506084,91.44025258580223
UNSW_NB15,6q_5k,QSVC,linear,0,L0,baseline_unoptimized,0.008,6,6,3072,0,0.8453333333333334,0.8479840682087507,0.6918633164987267,85.6167995268479,0.9140360411256552,86.53083556797355
UNSW_NB15,6q_5k,QSVC,linear,0,L0,baseline_unoptimized,0.008,6,7,4096,1,0.84,0.8426720138513789,0.6789722233336489,85.00680889794603,1.1284451079554856,86.13525400590152
UNSW_NB15,6q_5k,QSVC,linear,0,L0,baseline_unoptimized,0.008,6,8,5120,2,0.8333333333333334,0.8362352742946082,0.6679034791248719,90.14655921095982,0.053989692125469446,90.20054890308529
UNSW_NB15,6q_5k,QSVC,linear,0,L0,baseline_unoptimized,0.008,6,9,6144,0,0.882,0.8784197376962977,0.7431548388398656,77.61610431782901,1.4468322722241282,79.06293659005314
UNSW_NB15,6q_5k,QSVC,linear,0,L0,baseline_unoptimized,0.008,6,10,7168,1,0.8466666666666667,0.8493362009070822,0.6965586602778921,90.91102361818776,0.050289505161345005,90.9613131233491
UNSW_NB15,6q_5k,QSVC,linear,0,L0,baseline_unoptimized,0.008,6,11,8192,2,0.8393333333333334,0.8420285979572888,0.6778583165166627,85.33913338696584,0.824610295239836,86.16374368220568
UNSW_NB15,6q_5k,QSVC,linear,0,L0,baseline_unoptimized,0.008,6,12,9216,0,0.8586666666666667,0.8571115330705815,0.6892194638790262,79.86205655615777,0.9790284619666636,80.84108501812443
UNSW_NB15,6q_5k,QSVC,linear,0,L0,baseline_unoptimized,0.008,6,13,10240,1,0.8566666666666667,0.858089025893842,0.6990447384511802,83.59666279796511,0.8014001799747348,84.39806297793984
UNSW_NB15,6q_5k,QSVC,linear,0,L0,baseline_unoptimized,0.008,6,14,11264,2,0.8366666666666667,0.8391135195852972,0.6669809098218561,91.28555564535782,0.050023654010146856,91.33557929936796
UNSW_NB15,6q_5k,QSVC,linear,0,L0,baseline_unoptimized,0.008,6,15,12288,0,0.844,0.8465314999657216,0.6856893107731359,90.01306817494333,0.06123918015509844,90.07430735509843
UNSW_NB15,6q_5k,QSVC,linear,0,L0,baseline_unoptimized,0.008,6,16,13312,1,0.8246666666666667,0.8278320866407327,0.6539081052307424,89.5251827747561,0.6341616869904101,90.15934446174651
UNSW_NB15,6q_5k,QSVC,linear,0,L0,baseline_unoptimized,0.008,6,17,14336,2,0.8406666666666667,0.8431117776171851,0.676439993573644,79.7667933953926,1.5922390879131854,81.35903248330578
UNSW_NB15,6q_5k,QSVC,linear,0,L0,baseline_unoptimized,0.008,6,18,15360,0,0.874,0.8718245364340669,0.7227846794073363,89.25523161329329,0.8038291428238153,90.0590607561171
UNSW_NB15,6q_5k,QSVC,linear,0,L0,baseline_unoptimized,0.008,6,19,16384,1,0.844,0.8462926836528158,0.6816271303729584,79.44329476496205,1.9965260471217334,81.43982081208378
UNSW_NB15,6q_5k,QSVC,linear,0,L0,baseline_unoptimized,0.008,6,20,17408,2,0.8453333333333334,0.8477374560874072,0.6863307363354534,89.93725762795657,0.0558361760340631,89.99309380399063
UNSW_NB15,6q_5k,QSVC,linear,0,L0,baseline_unoptimized,0.008,6,21,18432,0,0.8413333333333334,0.844095981128467,0.6846519162189488,91.12754508806393,0.056288893800228834,91.18383398186415
UNSW_NB15,6q_5k,QSVC,linear,0,L0,baseline_unoptimized,0.008,6,22,19456,1,0.8353333333333334,0.8383561850802643,0.6780717158774041,88.66794280707836,0.7465393817983568,89.41448218887672
UNSW_NB15,6q_5k,QSVC,linear,0,L0,baseline_unoptimized,0.008,6,23,20480,2,0.8506666666666667,0.8529333861360613,0.6964974737574141,89.6982272961177,0.97391840768978,90.67214570380747
UNSW_NB15,6q_5k,QSVC,linear,0,L0,baseline_unoptimized,0.008,6,24,21504,0,0.8386666666666667,0.8411452865669201,0.6717871371375864,90.75951972417533,0.0818536588922143,90.84137338306755
UNSW_NB15,6q_5k,QSVC,linear,0,L0,baseline_unoptimized,0.008,6,25,22528,1,0.8406666666666667,0.8427024553254158,0.6697407302070268,68.59531919611618,1.2590333581902087,69.85435255430639
UNSW_NB15,6q_5k,QSVC,linear,0,L0,baseline_unoptimized,0.008,6,26,23552,2,0.858,0.8601005126059211,0.7113273667653363,90.40165592590347,0.08373582176864147,90.48539174767211
UNSW_NB15,6q_5k,QSVC,linear,0,L0,baseline_unoptimized,0.008,6,27,24576,0,0.8413333333333334,0.8441167640232868,0.6852426732819142,88.12359108915552,0.8289221893064678,88.95251327846199
UNSW_NB15,6q_5k,QSVC,linear,0,L0,baseline_unoptimized,0.008,6,28,25600,1,0.826,0.8290179850721825,0.6522526387545328,75.67863618116826,1.5344793661497533,77.21311554731801
UNSW_NB15,6q_5k,QSVC,linear,0,L0,baseline_unoptimized,0.008,6,29,26624,2,0.8466666666666667,0.8491548931287006,0.6912858151338017,90.04885521996766,0.05111776664853096,90.0999729866162
UNSW_NB15,6q_5k,QSVC,linear,0,L0,baseline_unoptimized,0.01,6,0,42,0,0.834,0.8369005513028553,0.6703600462364868,90.76133313495666,0.04665175033733249,90.80798488529399
UNSW_NB15,6q_5k,QSVC,linear,0,L0,baseline_unoptimized,0.01,6,1,123,1,0.834,0.8366877629768411,0.6651636688992534,84.15339809982106,1.0091169499792159,85.16251504980028
UNSW_NB15,6q_5k,QSVC,linear,0,L0,baseline_unoptimized,0.01,6,2,456,2,0.864,0.863481855465109,0.7031870856174799,88.46544134384021,0.9655805630609393,89.43102190690115
UNSW_NB15,6q_5k,QSVC,linear,0,L0,baseline_unoptimized,0.01,6,3,789,0,0.834,0.836733707643112,0.665542314010248,80.00055638374761,1.7241066610440612,81.72466304479167
UNSW_NB15,6q_5k,QSVC,linear,0,L0,baseline_unoptimized,0.01,6,4,1024,1,0.8786666666666667,0.8754157472890147,0.7343625424137091,91.70632611215115,0.049533631186932325,91.75585974333808
UNSW_NB15,6q_5k,QSVC,linear,0,L0,baseline_unoptimized,0.01,6,5,2048,2,0.8453333333333334,0.8479394628492617,0.690719301135631,82.63999792607501,0.8366076550446451,83.47660558111966
UNSW_NB15,6q_5k,QSVC,linear,0,L0,baseline_unoptimized,0.01,6,6,3072,0,0.8446666666666667,0.8473396591120124,0.6907559629802971,89.14385911123827,0.6869838181883097,89.83084292942658
UNSW_NB15,6q_5k,QSVC,linear,0,L0,baseline_unoptimized,0.01,6,7,4096,1,0.84,0.8426959960509602,0.6795406538355007,86.13489682087675,1.6235225000418723,87.75841932091862
UNSW_NB15,6q_5k,QSVC,linear,0,L0,baseline_unoptimized,0.01,6,8,5120,2,0.8333333333333334,0.8362571050664779,0.66849880832695,90.98917457321659,0.051644147373735905,91.04081872059032
UNSW_NB15,6q_5k,QSVC,linear,0,L0,baseline_unoptimized,0.01,6,9,6144,0,0.8826666666666667,0.87906640258663,0.7447858439020753,91.08044943585992,0.04761079233139753,91.12806022819132
UNSW_NB15,6q_5k,QSVC,linear,0,L0,baseline_unoptimized,0.01,6,10,7168,1,0.846,0.8486908728954201,0.6954590867011801,83.70402058586478,1.5727647095918655,85.27678529545665
UNSW_NB15,6q_5k,QSVC,linear,0,L0,baseline_unoptimized,0.01,6,11,8192,2,0.8386666666666667,0.841385129351385,0.6767459920104681,88.54234910709783,0.8471801811829209,89.38952928828076
UNSW_NB15,6q_5k,QSVC,linear,0,L0,baseline_unoptimized,0.01,6,12,9216,0,0.864,0.862912470570737,0.701738948975309,85.87608196027577,0.9127709711901844,86.78885293146595
UNSW_NB15,6q_5k,QSVC,linear,0,L0,baseline_unoptimized,0.01,6,13,10240,1,0.8566666666666667,0.858089025893842,0.6990447384511802,86.28257106523961,0.9175756769254804,87.20014674216509
UNSW_NB15,6q_5k,QSVC,linear,0,L0,baseline_unoptimized,0.01,6,14,11264,2,0.8373333333333334,0.8397852847830772,0.668644496016411,90.85692583024502,0.054018354043364525,90.91094418428838
UNSW_NB15,6q_5k,QSVC,linear,0,L0,baseline_unoptimized,0.01,6,15,12288,0,0.844,0.8465314999657216,0.6856893107731359,87.90369367040694,1.5635180938988924,89.46721176430583
UNSW_NB15,6q_5k,QSVC,linear,0,L0,baseline_unoptimized,0.01,6,16,13312,1,0.8286666666666667,0.8315448799922781,0.6562571633120219,91.32392930984497,0.057214139960706234,91.38114344980568
UNSW_NB15,6q_5k,QSVC,linear,0,L0,baseline_unoptimized,0.01,6,17,14336,2,0.8406666666666667,0.8431117776171851,0.676439993573644,90.61391474213451,0.6334965010173619,91.24741124315187
UNSW_NB15,6q_5k,QSVC,linear,0,L0,baseline_unoptimized,0.01,6,18,15360,0,0.8726666666666667,0.8708948034359949,0.7199228059642311,89.73937828093767,0.047178792767226696,89.7865570737049
UNSW_NB15,6q_5k,QSVC,linear,0,L0,baseline_unoptimized,0.01,6,19,16384,1,0.844,0.8462926836528158,0.6816271303729584,86.66279439534992,0.9450909616425633,87.60788535699248
UNSW_NB15,6q_5k,QSVC,linear,0,L0,baseline_unoptimized,0.01,6,20,17408,2,0.8466666666666667,0.8490500642245848,0.6891329174027718,80.38931876933202,0.9997437302954495,81.38906249962747
UNSW_NB15,6q_5k,QSVC,linear,0,L0,baseline_unoptimized,0.01,6,21,18432,0,0.8413333333333334,0.8440746007486655,0.6840658064656591,90.68960574129596,0.6566380951553583,91.34624383645132
UNSW_NB15,6q_5k,QSVC,linear,0,L0,baseline_unoptimized,0.01,6,22,19456,1,0.8353333333333334,0.8383561850802643,0.6780717158774041,89.66151478886604,0.6460151118226349,90.30752990068868
UNSW_NB15,6q_5k,QSVC,linear,0,L0,baseline_unoptimized,0.01,6,23,20480,2,0.8426666666666667,0.8446586045721827,0.6737336346768454,89.66308510210365,0.9017144916579127,90.56479959376156
UNSW_NB15,6q_5k,QSVC,linear,0,L0,baseline_unoptimized,0.01,6,24,21504,0,0.8386666666666667,0.8412029211458891,0.6728570927362126,90.78491607820615,0.05806559696793556,90.84298167517409
UNSW_NB15,6q_5k,QSVC,linear,0,L0,baseline_unoptimized,0.01,6,25,22528,1,0.8433333333333334,0.8455415525114155,0.6782725754755721,79.69002848304808,1.6700140023604035,81.36004248540848
UNSW_NB15,6q_5k,QSVC,linear,0,L0,baseline_unoptimized,0.01,6,26,23552,2,0.8833333333333333,0.8797133593389156,0.746421131389209,89.60005809785798,0.8072156948037446,90.40727379266173
UNSW_NB15,6q_5k,QSVC,linear,0,L0,baseline_unoptimized,0.01,6,27,24576,0,0.8406666666666667,0.8434720029223933,0.6841446606529271,91.04951529670507,0.05660178605467081,91.10611708275974
UNSW_NB15,6q_5k,QSVC,linear,0,L0,baseline_unoptimized,0.01,6,28,25600,1,0.826,0.8290179850721825,0.6522526387545328,89.940964540001,0.6458764118142426,90.58684095181525
UNSW_NB15,6q_5k,QSVC,linear,0,L0,baseline_unoptimized,0.01,6,29,26624,2,0.8473333333333334,0.8498231288736666,0.6929591079077632,85.3467355039902,1.2325451481156051,86.57928065210581
UNSW_NB15,6q_5k,QSVC,linear,0,L0,baseline_unoptimized,0.02,6,0,42,0,0.8346666666666667,0.8375237589489419,0.6708634638083067,81.9730565068312,1.5731746852397919,83.54623119207099
UNSW_NB15,6q_5k,QSVC,linear,0,L0,baseline_unoptimized,0.02,6,1,123,1,0.8326666666666667,0.8354281240729396,0.6634923735977964,84.11004179995507,0.8711260072886944,84.98116780724376
UNSW_NB15,6q_5k,QSVC,linear,0,L0,baseline_unoptimized,0.02,6,2,456,2,0.836,0.8384584623169424,0.6651247435849643,89.56311926897615,0.050137532874941826,89.6132568018511
UNSW_NB15,6q_5k,QSVC,linear,0,L0,baseline_unoptimized,0.02,6,3,789,0,0.8373333333333334,0.8398024384696381,0.6684547361579691,87.7764931418933,0.8132049040868878,88.58969804598019
UNSW_NB15,6q_5k,QSVC,linear,0,L0,baseline_unoptimized,0.02,6,4,1024,1,0.8793333333333333,0.8756543605080996,0.7367390522311351,82.91829482233152,1.610985710285604,84.52928053261712
UNSW_NB15,6q_5k,QSVC,linear,0,L0,baseline_unoptimized,0.02,6,5,2048,2,0.8306666666666667,0.8338394601034097,0.6697804404970717,91.35359348030761,0.050655967090278864,91.40424944739789
UNSW_NB15,6q_5k,QSVC,linear,0,L0,baseline_unoptimized,0.02,6,6,3072,0,0.8446666666666667,0.8474015760707851,0.6925154733390095,91.10171824507415,0.08611910603940487,91.18783735111356
UNSW_NB15,6q_5k,QSVC,linear,0,L0,baseline_unoptimized,0.02,6,7,4096,1,0.8366666666666667,0.8394308376202338,0.6728410057857652,86.23233394697309,1.9010145720094442,88.13334851898253
UNSW_NB15,6q_5k,QSVC,linear,0,L0,baseline_unoptimized,0.02,6,8,5120,2,0.8306666666666667,0.8337569772771279,0.666593076421789,90.79426422715187,0.08696766896173358,90.8812318961136
UNSW_NB15,6q_5k,QSVC,linear,0,L0,baseline_unoptimized,0.02,6,9,6144,0,0.8626666666666667,0.8644255555285371,0.7166384046468396,83.15946684684604,0.894348141271621,84.05381498811767
UNSW_NB15,6q_5k,QSVC,linear,0,L0,baseline_unoptimized,0.02,6,10,7168,1,0.8433333333333334,0.8460901619080372,0.6904765148837007,82.84032410290092,0.9198072329163551,83.76013133581728
UNSW_NB15,6q_5k,QSVC,linear,0,L0,baseline_unoptimized,0.02,6,11,8192,2,0.838,0.8407416062927217,0.675635242425019,90.66597325215116,0.05314616486430168,90.71911941701546
UNSW_NB15,6q_5k,QSVC,linear,0,L0,baseline_unoptimized,0.02,6,12,9216,0,0.868,0.862680878720915,0.7132643956669281,85.77899117674679,0.9055155417881906,86.68450671853498
UNSW_NB15,6q_5k,QSVC,linear,0,L0,baseline_unoptimized,0.02,6,13,10240,1,0.8573333333333333,0.8587685575918333,0.7006608876731923,89.06383889680728,0.9378174073062837,90.00165630411357
UNSW_NB15,6q_5k,QSVC,linear,0,L0,baseline_unoptimized,0.02,6,14,11264,2,0.8346666666666667,0.8373303703703705,0.6662840396959031,90.98536616098136,0.0502599929459393,91.0356261539273
UNSW_NB15,6q_5k,QSVC,linear,0,L0,baseline_unoptimized,0.02,6,15,12288,0,0.8426666666666667,0.8452699659509518,0.6840012285585005,86.20174088701606,1.7775120730511844,87.97925296006724
UNSW_NB15,6q_5k,QSVC,linear,0,L0,baseline_unoptimized,0.02,6,16,13312,1,0.8226666666666667,0.8258958590429178,0.6506738458452986,90.53591740084812,0.07874794723466039,90.61466534808278
UNSW_NB15,6q_5k,QSVC,linear,0,L0,baseline_unoptimized,0.02,6,17,14336,2,0.8393333333333334,0.8419600636694297,0.6769041361355873,90.60497788293287,0.08090670919045806,90.68588459212333
UNSW_NB15,6q_5k,QSVC,linear,0,L0,baseline_unoptimized,0.02,6,18,15360,0,0.8773333333333333,0.8739658116546213,0.7314414336692674,90.78068826301023,0.08222295995801687,90.86291122296825
UNSW_NB15,6q_5k,QSVC,linear,0,L0,baseline_unoptimized,0.02,6,19,16384,1,0.8433333333333334,0.8458699771066573,0.6847370655044015,88.25731142470613,1.2312271958217025,89.48853862052783
UNSW_NB15,6q_5k,QSVC,linear,0,L0,baseline_unoptimized,0.02,6,20,17408,2,0.8453333333333334,0.8477374560874072,0.6863307363354534,90.58019301714376,0.07938788924366236,90.65958090638742
UNSW_NB15,6q_5k,QSVC,linear,0,L0,baseline_unoptimized,0.02,6,21,18432,0,0.84,0.8427858633228238,0.6818605100366026,90.25178130995482,0.04818315105512738,90.29996446100995
UNSW_NB15,6q_5k,QSVC,linear,0,L0,baseline_unoptimized,0.02,6,22,19456,1,0.834,0.8370473282792948,0.6752881245381481,87.3622022299096,0.7546607633121312,88.11686299322173
UNSW_NB15,6q_5k,QSVC,linear,0,L0,baseline_unoptimized,0.02,6,23,20480,2,0.8513333333333334,0.8535477256610148,0.6971314281036547,83.89145391108468,1.554025815334171,85.44547972641885
UNSW_NB15,6q_5k,QSVC,linear,0,L0,baseline_unoptimized,0.02,6,24,21504,0,0.8406666666666667,0.8433395639493445,0.6806534087568736,71.39006324764341,1.5668943282216787,72.95695757586509
UNSW_NB15,6q_5k,QSVC,linear,0,L0,baseline_unoptimized,0.02,6,25,22528,1,0.8373333333333334,0.8395396011396011,0.6643848301610776,90.84315642761067,0.6538196131587029,91.49697604076937
UNSW_NB15,6q_5k,QSVC,linear,0,L0,baseline_unoptimized,0.02,6,26,23552,2,0.876,0.8707395928766862,0.7332779001698709,91.39852557191625,0.058549240697175264,91.45707481261343
UNSW_NB15,6q_5k,QSVC,linear,0,L0,baseline_unoptimized,0.02,6,27,24576,0,0.84,0.8428068208638188,0.6824520291227535,86.81995992688462,2.0053800409659743,88.8253399678506
UNSW_NB15,6q_5k,QSVC,linear,0,L0,baseline_unoptimized,0.02,6,28,25600,1,0.8246666666666667,0.827753710328826,0.650661409908597,89.99021412571892,0.05762724904343486,90.04784137476236
UNSW_NB15,6q_5k,QSVC,linear,0,L0,baseline_unoptimized,0.02,6,29,26624,2,0.8433333333333334,0.8459846809826733,0.6868121889820344,89.18871774431318,0.4269104739651084,89.61562821827829
UNSW_NB15,6q_5k,QSVC,linear,0,L0,baseline_unoptimized,0.05,6,0,42,0,0.808,0.8108217644957734,0.6058982619481531,73.93618310522288,1.8687682449817657,75.80495135020465
UNSW_NB15,6q_5k,QSVC,linear,0,L0,baseline_unoptimized,0.05,6,1,123,1,0.8506666666666667,0.8459814754560638,0.6711225439856114,83.23019370716065,1.0717593813315034,84.30195308849216
UNSW_NB15,6q_5k,QSVC,linear,0,L0,baseline_unoptimized,0.05,6,2,456,2,0.8626666666666667,0.8547318518518519,0.7077726916866127,89.84358145156875,0.049653185065835714,89.89323463663459
UNSW_NB15,6q_5k,QSVC,linear,0,L0,baseline_unoptimized,0.05,6,3,789,0,0.8626666666666667,0.8561510397117332,0.7032076611464835,76.61310410685837,1.9445208106189966,78.55762491747737
UNSW_NB15,6q_5k,QSVC,linear,0,L0,baseline_unoptimized,0.05,6,4,1024,1,0.8633333333333333,0.8570169295368458,0.7043275498393524,90.78911922639236,0.08316515991464257,90.872284386307
UNSW_NB15,6q_5k,QSVC,linear,0,L0,baseline_unoptimized,0.05,6,5,2048,2,0.858,0.8579134747454963,0.691723104420528,91.04345691809431,0.08399680675938725,91.1274537248537
UNSW_NB15,6q_5k,QSVC,linear,0,L0,baseline_unoptimized,0.05,6,6,3072,0,0.868,0.8619528191985089,0.7152807823232915,90.27645448315889,0.36175415106117725,90.63820863422006
UNSW_NB15,6q_5k,QSVC,linear,0,L0,baseline_unoptimized,0.05,6,7,4096,1,0.8613333333333333,0.8592899980194098,0.6945555232310361,87.23075013794005,1.501827775966376,88.73257791390643
UNSW_NB15,6q_5k,QSVC,linear,0,L0,baseline_unoptimized,0.05,6,8,5120,2,0.8706666666666667,0.8651540614854569,0.7203764798661132,89.96874967170879,0.06829397194087505,90.03704364364967
UNSW_NB15,6q_5k,QSVC,linear,0,L0,baseline_unoptimized,0.05,6,9,6144,0,0.874,0.8673623930753724,0.7331716118866889,83.29278213111684,0.9051521299406886,84.19793426105753
UNSW_NB15,6q_5k,QSVC,linear,0,L0,baseline_unoptimized,0.05,6,10,7168,1,0.8666666666666667,0.8615211258338061,0.7099603120514507,83.14134935382754,0.811263739131391,83.95261309295893
UNSW_NB15,6q_5k,QSVC,linear,0,L0,baseline_unoptimized,0.05,6,11,8192,2,0.8233333333333334,0.8244012640109749,0.6226345537429014,89.73091750312597,0.05292171286419034,89.78383921599016
UNSW_NB15,6q_5k,QSVC,linear,0,L0,baseline_unoptimized,0.05,6,12,9216,0,0.8606666666666667,0.8515147573981358,0.7070057612702954,86.69080274784938,0.8097477871924639,87.50055053504184
UNSW_NB15,6q_5k,QSVC,linear,0,L0,baseline_unoptimized,0.05,6,13,10240,1,0.8486666666666667,0.8504062037330329,0.6845943849535812,86.6249182629399,0.8513521878048778,87.47627045074478
UNSW_NB15,6q_5k,QSVC,linear,0,L0,baseline_unoptimized,0.05,6,14,11264,2,0.87,0.8649341757059877,0.7178928874081193,91.19005230581388,0.05235451692715287,91.24240682274103
UNSW_NB15,6q_5k,QSVC,linear,0,L0,baseline_unoptimized,0.05,6,15,12288,0,0.858,0.8524402116402116,0.6894193371352864,91.02142705069855,0.0468443320132792,91.06827138271183
UNSW_NB15,6q_5k,QSVC,linear,0,L0,baseline_unoptimized,0.05,6,16,13312,1,0.8646666666666667,0.8632887432623028,0.7029396268509562,85.45136324269697,0.8163638412952423,86.26772708399221
UNSW_NB15,6q_5k,QSVC,linear,0,L0,baseline_unoptimized,0.05,6,17,14336,2,0.864,0.8568940042085299,0.708854089623971,81.87175796972588,1.4842713410034776,83.35602931072935
UNSW_NB15,6q_5k,QSVC,linear,0,L0,baseline_unoptimized,0.05,6,18,15360,0,0.8666666666666667,0.8611912139365144,0.7103824978950867,89.66482485085726,0.336445698980242,90.0012705498375
UNSW_NB15,6q_5k,QSVC,linear,0,L0,baseline_unoptimized,0.05,6,19,16384,1,0.8606666666666667,0.853682292263091,0.6999235922007436,91.27518408885226,0.05071434285491705,91.32589843170717
UNSW_NB15,6q_5k,QSVC,linear,0,L0,baseline_unoptimized,0.05,6,20,17408,2,0.866,0.8587919055894111,0.7139501601374542,79.21303047705442,1.8375351461581886,81.0505656232126
UNSW_NB15,6q_5k,QSVC,linear,0,L0,baseline_unoptimized,0.05,6,21,18432,0,0.8653333333333333,0.8590545302566731,0.7092501573015789,90.68439981993288,0.08290695119649172,90.76730677112937
UNSW_NB15,6q_5k,QSVC,linear,0,L0,baseline_unoptimized,0.05,6,22,19456,1,0.8653333333333333,0.858181118505075,0.712464573367334,65.9728496032767,2.157181328162551,68.13003093143925
UNSW_NB15,6q_5k,QSVC,linear,0,L0,baseline_unoptimized,0.05,6,23,20480,2,0.8673333333333333,0.8609844615388093,0.714521692036056,90.36332105100155,0.0839409357868135,90.44726198678836
UNSW_NB15,6q_5k,QSVC,linear,0,L0,baseline_unoptimized,0.05,6,24,21504,0,0.8653333333333333,0.8583797845104,0.711351856455996,90.15999280568212,0.3835531799122691,90.54354598559439
UNSW_NB15,6q_5k,QSVC,linear,0,L0,baseline_unoptimized,0.05,6,25,22528,1,0.8613333333333333,0.8547544478642745,0.7000237763189127,89.63052830426022,0.063789086882025,89.69431739114225
UNSW_NB15,6q_5k,QSVC,linear,0,L0,baseline_unoptimized,0.05,6,26,23552,2,0.8646666666666667,0.8592905469946833,0.7056243146095875,90.08649635268375,0.39205049723386765,90.47854684991762
UNSW_NB15,6q_5k,QSVC,linear,0,L0,baseline_unoptimized,0.05,6,27,24576,0,0.86,0.8546766353295334,0.6938043697101587,80.01976926485077,1.112647334113717,81.13241659896448
UNSW_NB15,6q_5k,QSVC,linear,0,L0,baseline_unoptimized,0.05,6,28,25600,1,0.8693333333333333,0.8633472351662006,0.7184538567451461,90.17251800000668,0.050325042102485895,90.22284304210916
UNSW_NB15,6q_5k,QSVC,linear,0,L0,baseline_unoptimized,0.05,6,29,26624,2,0.87,0.8631198494649985,0.7232072070020347,85.86934946291149,0.825504822190851,86.69485428510234
UNSW_NB15,6q_5k,QSVC,linear,3,L3,qiskit_heavy,0.0,6,0,42,0,0.8353333333333334,0.8381680349506058,0.671963889833914,160.47753157187253,0.3675534171052277,160.84508498897776
UNSW_NB15,6q_5k,QSVC,linear,3,L3,qiskit_heavy,0.0,6,1,123,1,0.836,0.8385880206749773,0.6679829709408774,160.2246845238842,0.07733887480571866,160.30202339868993
UNSW_NB15,6q_5k,QSVC,linear,3,L3,qiskit_heavy,0.0,6,2,456,2,0.836,0.8384584623169424,0.6651247435849643,150.74395952001214,1.966600697953254,152.7105602179654
UNSW_NB15,6q_5k,QSVC,linear,3,L3,qiskit_heavy,0.0,6,3,789,0,0.834,0.8365653814484791,0.6622434765151818,150.39016707101837,1.9318099259398878,152.32197699695826
UNSW_NB15,6q_5k,QSVC,linear,3,L3,qiskit_heavy,0.0,6,4,1024,1,0.874,0.8710685929462725,0.7231607316795435,160.41657354077324,0.09263685997575521,160.509210400749
UNSW_NB15,6q_5k,QSVC,linear,3,L3,qiskit_heavy,0.0,6,5,2048,2,0.846,0.848606218327649,0.6924006622605421,160.18811119394377,0.09544024290516973,160.28355143684894
UNSW_NB15,6q_5k,QSVC,linear,3,L3,qiskit_heavy,0.0,6,6,3072,0,0.8453333333333334,0.8479840682087507,0.6918633164987267,149.10733291693032,1.769572997931391,150.8769059148617
UNSW_NB15,6q_5k,QSVC,linear,3,L3,qiskit_heavy,0.0,6,7,4096,1,0.84,0.8426959960509602,0.6795406538355007,159.43166506197304,0.07168596889823675,159.50335103087127
UNSW_NB15,6q_5k,QSVC,linear,3,L3,qiskit_heavy,0.0,6,8,5120,2,0.8326666666666667,0.8354737679970103,0.6638828553156078,159.31420143600553,0.35105379205197096,159.6652552280575
UNSW_NB15,6q_5k,QSVC,linear,3,L3,qiskit_heavy,0.0,6,9,6144,0,0.886,0.8822238677916487,0.753235713048058,148.4258208819665,1.899891174864024,150.32571205683053
UNSW_NB15,6q_5k,QSVC,linear,3,L3,qiskit_heavy,0.0,6,10,7168,1,0.846,0.8487099038330067,0.696052638476906,160.59825703594834,0.0738013400696218,160.67205837601796
UNSW_NB15,6q_5k,QSVC,linear,3,L3,qiskit_heavy,0.0,6,11,8192,2,0.8486666666666667,0.8509207790361,0.6915196284151542,160.39139449503273,0.35596020007506013,160.7473546951078
UNSW_NB15,6q_5k,QSVC,linear,3,L3,qiskit_heavy,0.0,6,12,9216,0,0.8533333333333334,0.8499669601165232,0.6761958846673517,148.79516931809485,2.041244120337069,150.83641343843192
UNSW_NB15,6q_5k,QSVC,linear,3,L3,qiskit_heavy,0.0,6,13,10240,1,0.8633333333333333,0.8644951845536346,0.7113079838421242,157.10033192718402,0.07453536707907915,157.1748672942631
UNSW_NB15,6q_5k,QSVC,linear,3,L3,qiskit_heavy,0.0,6,14,11264,2,0.844,0.8465382168021779,0.6864108280975718,157.29611036973074,0.36001641722396016,157.6561267869547
UNSW_NB15,6q_5k,QSVC,linear,3,L3,qiskit_heavy,0.0,6,15,12288,0,0.846,0.8484606729331587,0.6890698244807325,142.6973435599357,1.9370073988102376,144.63435095874593
UNSW_NB15,6q_5k,QSVC,linear,3,L3,qiskit_heavy,0.0,6,16,13312,1,0.8273333333333334,0.8304124480214622,0.6582404016617801,154.20898375101388,0.3525528092868626,154.56153656030074
UNSW_NB15,6q_5k,QSVC,linear,3,L3,qiskit_heavy,0.0,6,17,14336,2,0.8366666666666667,0.8391731611556918,0.6680368267098309,153.96366914967075,0.07375154923647642,154.03742069890723
UNSW_NB15,6q_5k,QSVC,linear,3,L3,qiskit_heavy,0.0,6,18,15360,0,0.878,0.8753880152689721,0.7320266008035783,142.7535902718082,1.9154089367948472,144.66899920860305
UNSW_NB15,6q_5k,QSVC,linear,3,L3,qiskit_heavy,0.0,6,19,16384,1,0.8473333333333334,0.8495916309237368,0.6888935612357246,154.7681748769246,0.3478128770366311,155.11598775396124
UNSW_NB15,6q_5k,QSVC,linear,3,L3,qiskit_heavy,0.0,6,20,17408,2,0.8753333333333333,0.8714463601522823,0.7276843154559189,154.40939661627635,0.07932260073721409,154.48871921701357
UNSW_NB15,6q_5k,QSVC,linear,3,L3,qiskit_heavy,0.0,6,21,18432,0,0.8393333333333334,0.8421621452062628,0.6813543897575662,157.11628653900698,0.3581750369630754,157.47446157597005
UNSW_NB15,6q_5k,QSVC,linear,3,L3,qiskit_heavy,0.0,6,22,19456,1,0.836,0.83900269267691,0.6791473510784848,146.67634394718334,1.763845643028617,148.44018959021196
UNSW_NB15,6q_5k,QSVC,linear,3,L3,qiskit_heavy,0.0,6,23,20480,2,0.852,0.8542464809027036,0.6993017475173586,157.22285332111642,0.07398599106818438,157.2968393121846
UNSW_NB15,6q_5k,QSVC,linear,3,L3,qiskit_heavy,0.0,6,24,21504,0,0.8393333333333334,0.8417570317676186,0.6723990636882794,151.4473018879071,1.7376383040100336,153.18494019191712
UNSW_NB15,6q_5k,QSVC,linear,3,L3,qiskit_heavy,0.0,6,25,22528,1,0.8433333333333334,0.8452612332426779,0.6744486654454841,160.43523225095123,0.08855514507740736,160.52378739602864
UNSW_NB15,6q_5k,QSVC,linear,3,L3,qiskit_heavy,0.0,6,26,23552,2,0.8786666666666667,0.8757435449017539,0.7341713500437023,160.71699967002496,0.08918369002640247,160.80618336005136
UNSW_NB15,6q_5k,QSVC,linear,3,L3,qiskit_heavy,0.0,6,27,24576,0,0.842,0.8447614621157106,0.6863422248251685,159.81381156481802,0.36759956227615476,160.18141112709418
UNSW_NB15,6q_5k,QSVC,linear,3,L3,qiskit_heavy,0.0,6,28,25600,1,0.8266666666666667,0.8296613285489624,0.6533517284750706,149.02005504909903,1.9671882130205631,150.9872432621196
UNSW_NB15,6q_5k,QSVC,linear,3,L3,qiskit_heavy,0.0,6,29,26624,2,0.8466666666666667,0.8491295696173744,0.6907405413211959,159.82193487230688,0.08807515306398273,159.91001002537087
UNSW_NB15,6q_5k,QSVC,linear,3,L3,qiskit_heavy,0.0003,6,0,42,0,0.8326666666666667,0.8356111942081589,0.6681720205108793,87.52537489216775,0.9396555828861892,88.46503047505394
UNSW_NB15,6q_5k,QSVC,linear,3,L3,qiskit_heavy,0.0003,6,1,123,1,0.8353333333333334,0.8379729273438273,0.6674060038167956,90.94604076817632,0.05453959992155433,91.00058036809787
UNSW_NB15,6q_5k,QSVC,linear,3,L3,qiskit_heavy,0.0003,6,2,456,2,0.868,0.8673184895037369,0.7114154165271755,87.12354650720954,0.9083421416580677,88.03188864886761
UNSW_NB15,6q_5k,QSVC,linear,3,L3,qiskit_heavy,0.0003,6,3,789,0,0.8333333333333334,0.8359822367652215,0.6621982276703079,90.43246254418045,0.046440971083939075,90.47890351526439
UNSW_NB15,6q_5k,QSVC,linear,3,L3,qiskit_heavy,0.0003,6,4,1024,1,0.842,0.8446019626964559,0.6823235120437893,80.36170556768775,0.6871541561558843,81.04885972384363
UNSW_NB15,6q_5k,QSVC,linear,3,L3,qiskit_heavy,0.0003,6,5,2048,2,0.8386666666666667,0.8415566409354313,0.6814659160277863,83.44915758492425,0.955569289624691,84.40472687454894
UNSW_NB15,6q_5k,QSVC,linear,3,L3,qiskit_heavy,0.0003,6,6,3072,0,0.8453333333333334,0.8479840682087507,0.6918633164987267,84.62437574006617,1.1449961559846997,85.76937189605087
UNSW_NB15,6q_5k,QSVC,linear,3,L3,qiskit_heavy,0.0003,6,7,4096,1,0.8393333333333334,0.8420285979572888,0.6778583165166627,88.50040005985647,0.9154725018888712,89.41587256174535
UNSW_NB15,6q_5k,QSVC,linear,3,L3,qiskit_heavy,0.0003,6,8,5120,2,0.8426666666666667,0.8451672315063691,0.6817994460453913,89.59422655496746,0.05526037700474262,89.6494869319722
UNSW_NB15,6q_5k,QSVC,linear,3,L3,qiskit_heavy,0.0003,6,9,6144,0,0.884,0.8802799122983809,0.7482710445644346,91.53518748423085,0.05739181628450751,91.59257930051535
UNSW_NB15,6q_5k,QSVC,linear,3,L3,qiskit_heavy,0.0003,6,10,7168,1,0.846,0.8487099038330067,0.696052638476906,80.67251958884299,1.7207147059962153,82.3932342948392
UNSW_NB15,6q_5k,QSVC,linear,3,L3,qiskit_heavy,0.0003,6,11,8192,2,0.84,0.8426222222222223,0.6778491766449535,90.26322193304077,0.8413728731684387,91.1045948062092
UNSW_NB15,6q_5k,QSVC,linear,3,L3,qiskit_heavy,0.0003,6,12,9216,0,0.8533333333333334,0.8500580618974733,0.6761882813474659,81.14521424798295,1.5649333922192454,82.7101476402022
UNSW_NB15,6q_5k,QSVC,linear,3,L3,qiskit_heavy,0.0003,6,13,10240,1,0.8593333333333333,0.8606509557972378,0.7039252666670349,91.40272164857015,0.05160124693065882,91.45432289550081
UNSW_NB15,6q_5k,QSVC,linear,3,L3,qiskit_heavy,0.0003,6,14,11264,2,0.8353333333333334,0.8378001605615036,0.6641777623484516,88.14463726105168,0.9272033381275833,89.07184059917927
UNSW_NB15,6q_5k,QSVC,linear,3,L3,qiskit_heavy,0.0003,6,15,12288,0,0.846,0.8485115404795501,0.6901613229532741,83.00744798500091,0.854953552596271,83.86240153759718
UNSW_NB15,6q_5k,QSVC,linear,3,L3,qiskit_heavy,0.0003,6,16,13312,1,0.828,0.8308769217123936,0.6545719421061145,82.64681330369785,0.9039074801839888,83.55072078388184
UNSW_NB15,6q_5k,QSVC,linear,3,L3,qiskit_heavy,0.0003,6,17,14336,2,0.838,0.840486033309523,0.6708378823311019,89.36235750187188,0.05074306996539235,89.41310057183728
UNSW_NB15,6q_5k,QSVC,linear,3,L3,qiskit_heavy,0.0003,6,18,15360,0,0.872,0.8725778063781886,0.7255327399817697,91.76175395632163,0.04938772087916732,91.8111416772008
UNSW_NB15,6q_5k,QSVC,linear,3,L3,qiskit_heavy,0.0003,6,19,16384,1,0.848,0.8502338968924872,0.6900414490868256,89.27930281404406,0.8456540126353502,90.12495682667941
UNSW_NB15,6q_5k,QSVC,linear,3,L3,qiskit_heavy,0.0003,6,20,17408,2,0.8446666666666667,0.8470949497312393,0.6851954116573833,86.79570553591475,1.5774069740436971,88.37311250995845
UNSW_NB15,6q_5k,QSVC,linear,3,L3,qiskit_heavy,0.0003,6,21,18432,0,0.8393333333333334,0.8421621452062628,0.6813543897575662,90.40950677730143,0.048072032164782286,90.45757880946621
UNSW_NB15,6q_5k,QSVC,linear,3,L3,qiskit_heavy,0.0003,6,22,19456,1,0.836,0.83900269267691,0.6791473510784848,87.69303258089349,0.9814274669624865,88.67446004785597
UNSW_NB15,6q_5k,QSVC,linear,3,L3,qiskit_heavy,0.0003,6,23,20480,2,0.8513333333333334,0.8535760086480456,0.6976423571614876,63.99512088904157,1.2823311709798872,65.27745206002146
UNSW_NB15,6q_5k,QSVC,linear,3,L3,qiskit_heavy,0.0003,6,24,21504,0,0.838,0.840443812114238,0.6695942533023673,90.36569271609187,0.048202760983258486,90.41389547707513
UNSW_NB15,6q_5k,QSVC,linear,3,L3,qiskit_heavy,0.0003,6,25,22528,1,0.8433333333333334,0.8452612332426779,0.6744486654454841,86.81172541761771,0.8754923627711833,87.68721778038889
UNSW_NB15,6q_5k,QSVC,linear,3,L3,qiskit_heavy,0.0003,6,26,23552,2,0.8786666666666667,0.8757435449017539,0.7341713500437023,86.50492143305019,0.9171204101294279,87.42204184317961
UNSW_NB15,6q_5k,QSVC,linear,3,L3,qiskit_heavy,0.0003,6,27,24576,0,0.842,0.8447614621157106,0.6863422248251685,91.17781359516084,0.048093659803271294,91.22590725496411
UNSW_NB15,6q_5k,QSVC,linear,3,L3,qiskit_heavy,0.0003,6,28,25600,1,0.8266666666666667,0.8296613285489624,0.6533517284750706,87.63825517799705,0.8335245056077838,88.47177968360484
UNSW_NB15,6q_5k,QSVC,linear,3,L3,qiskit_heavy,0.0003,6,29,26624,2,0.8473333333333334,0.8496363496879034,0.6892279260037515,82.77888986002654,1.6284487079828978,84.40733856800944
UNSW_NB15,6q_5k,QSVC,linear,3,L3,qiskit_heavy,0.0005,6,0,42,0,0.8326666666666667,0.8356111942081589,0.6681720205108793,90.02497577574104,1.307258253917098,91.33223402965814
UNSW_NB15,6q_5k,QSVC,linear,3,L3,qiskit_heavy,0.0005,6,1,123,1,0.8353333333333334,0.8381896203730629,0.6725540788909956,91.33331125974655,0.05674878787249327,91.39006004761904
UNSW_NB15,6q_5k,QSVC,linear,3,L3,qiskit_heavy,0.0005,6,2,456,2,0.836,0.8384584623169424,0.6651247435849643,88.96012566797435,0.7729251580312848,89.73305082600564
UNSW_NB15,6q_5k,QSVC,linear,3,L3,qiskit_heavy,0.0005,6,3,789,0,0.8333333333333334,0.8359822367652215,0.6621982276703079,73.61402924405411,0.4130461672320962,74.0270754112862
UNSW_NB15,6q_5k,QSVC,linear,3,L3,qiskit_heavy,0.0005,6,4,1024,1,0.874,0.8710685929462725,0.7231607316795435,89.33539194101468,0.05085022281855345,89.38624216383323
UNSW_NB15,6q_5k,QSVC,linear,3,L3,qiskit_heavy,0.0005,6,5,2048,2,0.8386666666666667,0.8415566409354313,0.6814659160277863,86.13963642902672,0.8426984837278724,86.9823349127546
UNSW_NB15,6q_5k,QSVC,linear,3,L3,qiskit_heavy,0.0005,6,6,3072,0,0.846,0.848606218327649,0.6924006622605421,76.07763678673655,1.163754581939429,77.24139136867598
UNSW_NB15,6q_5k,QSVC,linear,3,L3,qiskit_heavy,0.0005,6,7,4096,1,0.8393333333333334,0.8420285979572888,0.6778583165166627,91.27963975677267,0.08511981321498752,91.36475956998765
UNSW_NB15,6q_5k,QSVC,linear,3,L3,qiskit_heavy,0.0005,6,8,5120,2,0.8326666666666667,0.8354985316027702,0.6644582958680038,90.91570340236649,0.08583031315356493,91.00153371552005
UNSW_NB15,6q_5k,QSVC,linear,3,L3,qiskit_heavy,0.0005,6,9,6144,0,0.884,0.8802799122983809,0.7482710445644346,89.29229262983426,1.5616589621640742,90.85395159199834
UNSW_NB15,6q_5k,QSVC,linear,3,L3,qiskit_heavy,0.0005,6,10,7168,1,0.846,0.8487099038330067,0.696052638476906,91.65753019368276,0.6558755692094564,92.31340576289222
UNSW_NB15,6q_5k,QSVC,linear,3,L3,qiskit_heavy,0.0005,6,11,8192,2,0.84,0.8426222222222223,0.6778491766449535,92.06155883474275,0.061218028888106346,92.12277686363086
UNSW_NB15,6q_5k,QSVC,linear,3,L3,qiskit_heavy,0.0005,6,12,9216,0,0.8686666666666667,0.8630171787667301,0.7157923297391494,74.85742123704404,0.5814671432599425,75.43888838030398
UNSW_NB15,6q_5k,QSVC,linear,3,L3,qiskit_heavy,0.0005,6,13,10240,1,0.8593333333333333,0.8606509557972378,0.7039252666670349,91.45769474003464,0.05968822073191404,91.51738296076655
UNSW_NB15,6q_5k,QSVC,linear,3,L3,qiskit_heavy,0.0005,6,14,11264,2,0.844,0.8465382168021779,0.6864108280975718,90.33525922708213,0.6301829861477017,90.96544221322984
UNSW_NB15,6q_5k,QSVC,linear,3,L3,qiskit_heavy,0.0005,6,15,12288,0,0.846,0.8485115404795501,0.6901613229532741,71.79025236982852,1.8668669029138982,73.65711927274242
UNSW_NB15,6q_5k,QSVC,linear,3,L3,qiskit_heavy,0.0005,6,16,13312,1,0.826,0.8291224438294053,0.656071380880716,90.08440128201619,0.05013581924140453,90.13453710125759
UNSW_NB15,6q_5k,QSVC,linear,3,L3,qiskit_heavy,0.0005,6,17,14336,2,0.838,0.840486033309523,0.6708378823311019,83.12511065416038,0.925663011148572,84.05077366530895
UNSW_NB15,6q_5k,QSVC,linear,3,L3,qiskit_heavy,0.0005,6,18,15360,0,0.878,0.8754621668144906,0.731967233312273,88.38196022575721,0.7973466613329947,89.1793068870902
UNSW_NB15,6q_5k,QSVC,linear,3,L3,qiskit_heavy,0.0005,6,19,16384,1,0.848,0.8502338968924872,0.6900414490868256,91.72471057716757,0.051101516000926495,91.7758120931685
UNSW_NB15,6q_5k,QSVC,linear,3,L3,qiskit_heavy,0.0005,6,20,17408,2,0.8446666666666667,0.8470949497312393,0.6851954116573833,79.24878925597295,1.953611948993057,81.20240120496601
UNSW_NB15,6q_5k,QSVC,linear,3,L3,qiskit_heavy,0.0005,6,21,18432,0,0.8393333333333334,0.8421621452062628,0.6813543897575662,78.37194237299263,1.434153274167329,79.80609564715996
UNSW_NB15,6q_5k,QSVC,linear,3,L3,qiskit_heavy,0.0005,6,22,19456,1,0.836,0.83900269267691,0.6791473510784848,87.78755206009373,0.9847773122601211,88.77232937235385
UNSW_NB15,6q_5k,QSVC,linear,3,L3,qiskit_heavy,0.0005,6,23,20480,2,0.8433333333333334,0.8452984549986207,0.6749103675443359,90.1869239457883,0.05095532024279237,90.23787926603109
UNSW_NB15,6q_5k,QSVC,linear,3,L3,qiskit_heavy,0.0005,6,24,21504,0,0.838,0.840443812114238,0.6695942533023673,90.98150834674016,0.3623541099950671,91.34386245673522
UNSW_NB15,6q_5k,QSVC,linear,3,L3,qiskit_heavy,0.0005,6,25,22528,1,0.8433333333333334,0.8452612332426779,0.6744486654454841,61.75134855788201,1.2964067845605314,63.04775534244254
UNSW_NB15,6q_5k,QSVC,linear,3,L3,qiskit_heavy,0.0005,6,26,23552,2,0.8786666666666667,0.8757435449017539,0.7341713500437023,90.68366749724373,0.07122210273519158,90.75488959997892
UNSW_NB15,6q_5k,QSVC,linear,3,L3,qiskit_heavy,0.0005,6,27,24576,0,0.8406666666666667,0.8434919753475947,0.6847427636499434,89.05618757614866,0.04824359295889735,89.10443116910756
UNSW_NB15,6q_5k,QSVC,linear,3,L3,qiskit_heavy,0.0005,6,28,25600,1,0.8266666666666667,0.8296613285489624,0.6533517284750706,78.89182933513075,1.3700043950229883,80.26183373015374
UNSW_NB15,6q_5k,QSVC,linear,3,L3,qiskit_heavy,0.0005,6,29,26624,2,0.8466666666666667,0.8491548931287006,0.6912858151338017,81.11285731894895,0.7922931551001966,81.90515047404915
UNSW_NB15,6q_5k,QSVC,linear,3,L3,qiskit_heavy,0.001,6,0,42,0,0.8333333333333334,0.8362559096211701,0.6692652860152062,79.26316065527499,1.7473266730085015,81.01048732828349
UNSW_NB15,6q_5k,QSVC,linear,3,L3,qiskit_heavy,0.001,6,1,123,1,0.8353333333333334,0.8379729273438273,0.6674060038167956,90.49277796922252,0.05156446900218725,90.5443424382247
UNSW_NB15,6q_5k,QSVC,linear,3,L3,qiskit_heavy,0.001,6,2,456,2,0.8366666666666667,0.8390995192239847,0.6662665298169023,84.01013895310462,0.8374617709778249,84.84760072408244
UNSW_NB15,6q_5k,QSVC,linear,3,L3,qiskit_heavy,0.001,6,3,789,0,0.834,0.836652413681197,0.6638726538662186,86.22799908230081,0.7737150648608804,87.00171414716169
UNSW_NB15,6q_5k,QSVC,linear,3,L3,qiskit_heavy,0.001,6,4,1024,1,0.842,0.8446019626964559,0.6823235120437893,89.08160434104502,0.049833567813038826,89.13143790885806
UNSW_NB15,6q_5k,QSVC,linear,3,L3,qiskit_heavy,0.001,6,5,2048,2,0.8453333333333334,0.8479620584988963,0.6912889604578734,74.6030202046968,0.9966344758868217,75.59965468058363
UNSW_NB15,6q_5k,QSVC,linear,3,L3,qiskit_heavy,0.001,6,6,3072,0,0.8453333333333334,0.8479840682087507,0.6918633164987267,90.01477755093947,0.6354018831625581,90.65017943410203
UNSW_NB15,6q_5k,QSVC,linear,3,L3,qiskit_heavy,0.001,6,7,4096,1,0.8393333333333334,0.8420285979572888,0.6778583165166627,90.45321557903662,0.05789851909503341,90.51111409813166
UNSW_NB15,6q_5k,QSVC,linear,3,L3,qiskit_heavy,0.001,6,8,5120,2,0.8426666666666667,0.8451672315063691,0.6817994460453913,67.4104336919263,1.6999948951415718,69.11042858706787
UNSW_NB15,6q_5k,QSVC,linear,3,L3,qiskit_heavy,0.001,6,9,6144,0,0.8853333333333333,0.8817357757966204,0.7511382550518001,82.28861173894256,1.5696133971214294,83.858225136064
UNSW_NB15,6q_5k,QSVC,linear,3,L3,qiskit_heavy,0.001,6,10,7168,1,0.846,0.8487099038330067,0.696052638476906,89.26148570608348,0.91665282798931,90.17813853407279
UNSW_NB15,6q_5k,QSVC,linear,3,L3,qiskit_heavy,0.001,6,11,8192,2,0.8393333333333334,0.8419792110120079,0.6767297793659423,91.33132744440809,0.04991432512179017,91.38124176952988
UNSW_NB15,6q_5k,QSVC,linear,3,L3,qiskit_heavy,0.001,6,12,9216,0,0.8686666666666667,0.8630171787667301,0.7157923297391494,89.3502980149351,0.07461506314575672,89.42491307808086
UNSW_NB15,6q_5k,QSVC,linear,3,L3,qiskit_heavy,0.001,6,13,10240,1,0.8593333333333333,0.8606509557972378,0.7039252666670349,88.47082972805947,0.11559794610366225,88.58642767416313
UNSW_NB15,6q_5k,QSVC,linear,3,L3,qiskit_heavy,0.001,6,14,11264,2,0.8353333333333334,0.8378001605615036,0.6641777623484516,89.08812486380339,0.3639070210047066,89.4520318848081
UNSW_NB15,6q_5k,QSVC,linear,3,L3,qiskit_heavy,0.001,6,15,12288,0,0.846,0.8484606729331587,0.6890698244807325,90.27305067423731,0.05879874620586634,90.33184942044318
UNSW_NB15,6q_5k,QSVC,linear,3,L3,qiskit_heavy,0.001,6,16,13312,1,0.826,0.8291224438294053,0.656071380880716,89.03898762818426,0.6373615982010961,89.67634922638535
UNSW_NB15,6q_5k,QSVC,linear,3,L3,qiskit_heavy,0.001,6,17,14336,2,0.838,0.840486033309523,0.6708378823311019,84.4715051422827,1.1146503551863134,85.58615549746901
UNSW_NB15,6q_5k,QSVC,linear,3,L3,qiskit_heavy,0.001,6,18,15360,0,0.878,0.8754621668144906,0.731967233312273,84.61785972677171,1.786946308799088,86.4048060355708
UNSW_NB15,6q_5k,QSVC,linear,3,L3,qiskit_heavy,0.001,6,19,16384,1,0.848,0.8502338968924872,0.6900414490868256,89.16534562502056,0.51159683521837,89.67694246023893
UNSW_NB15,6q_5k,QSVC,linear,3,L3,qiskit_heavy,0.001,6,20,17408,2,0.8753333333333333,0.8715324056078156,0.7275157741994644,89.84876058995724,0.05684043373912573,89.90560102369636
UNSW_NB15,6q_5k,QSVC,linear,3,L3,qiskit_heavy,0.001,6,21,18432,0,0.8393333333333334,0.8421621452062628,0.6813543897575662,88.49528890196234,0.8231870019808412,89.31847590394318
UNSW_NB15,6q_5k,QSVC,linear,3,L3,qiskit_heavy,0.001,6,22,19456,1,0.836,0.83900269267691,0.6791473510784848,90.29469175776467,0.05201851576566696,90.34671027353033
UNSW_NB15,6q_5k,QSVC,linear,3,L3,qiskit_heavy,0.001,6,23,20480,2,0.8513333333333334,0.8535760086480456,0.6976423571614876,80.84270653501153,1.5796955488622189,82.42240208387375
UNSW_NB15,6q_5k,QSVC,linear,3,L3,qiskit_heavy,0.001,6,24,21504,0,0.838,0.840443812114238,0.6695942533023673,90.06695451028645,0.817495253868401,90.88444976415485
UNSW_NB15,6q_5k,QSVC,linear,3,L3,qiskit_heavy,0.001,6,25,22528,1,0.8433333333333334,0.8452612332426779,0.6744486654454841,90.7287563169375,0.05853843782097101,90.78729475475848
UNSW_NB15,6q_5k,QSVC,linear,3,L3,qiskit_heavy,0.001,6,26,23552,2,0.8793333333333333,0.8763880745552312,0.7357393793040858,80.01770173711702,1.631353129632771,81.6490548667498
UNSW_NB15,6q_5k,QSVC,linear,3,L3,qiskit_heavy,0.001,6,27,24576,0,0.842,0.8447614621157106,0.6863422248251685,84.4886110140942,1.6139411549083889,86.10255216900259
UNSW_NB15,6q_5k,QSVC,linear,3,L3,qiskit_heavy,0.001,6,28,25600,1,0.8273333333333334,0.830304599613782,0.6544523183205234,91.60640736529604,0.08454618602991104,91.69095355132595
UNSW_NB15,6q_5k,QSVC,linear,3,L3,qiskit_heavy,0.001,6,29,26624,2,0.8466666666666667,0.8491548931287006,0.6912858151338017,91.32226076396182,0.08536642417311668,91.40762718813494
UNSW_NB15,6q_5k,QSVC,linear,3,L3,qiskit_heavy,0.002,6,0,42,0,0.8333333333333334,0.8362559096211701,0.6692652860152062,82.33750911988318,0.8316466519609094,83.16915577184409
UNSW_NB15,6q_5k,QSVC,linear,3,L3,qiskit_heavy,0.002,6,1,123,1,0.8353333333333334,0.8379729273438273,0.6674060038167956,88.91434686165303,0.758081407751888,89.67242826940492
UNSW_NB15,6q_5k,QSVC,linear,3,L3,qiskit_heavy,0.002,6,2,456,2,0.8366666666666667,0.8390995192239847,0.6662665298169023,90.93974874168634,0.05012571206316352,90.98987445374951
UNSW_NB15,6q_5k,QSVC,linear,3,L3,qiskit_heavy,0.002,6,3,789,0,0.834,0.8366801474012263,0.6644247059146007,91.16944710398093,0.7903363979421556,91.95978350192308
UNSW_NB15,6q_5k,QSVC,linear,3,L3,qiskit_heavy,0.002,6,4,1024,1,0.8426666666666667,0.8452699659509518,0.6840012285585005,91.94401675416157,0.05604761000722647,92.0000643641688
UNSW_NB15,6q_5k,QSVC,linear,3,L3,qiskit_heavy,0.002,6,5,2048,2,0.8386666666666667,0.8415566409354313,0.6814659160277863,89.9085234887898,0.5084838699549437,90.41700735874474
UNSW_NB15,6q_5k,QSVC,linear,3,L3,qiskit_heavy,0.002,6,6,3072,0,0.846,0.848606218327649,0.6924006622605421,83.9548043240793,0.9856052249670029,84.94040954904631
UNSW_NB15,6q_5k,QSVC,linear,3,L3,qiskit_heavy,0.002,6,7,4096,1,0.8393333333333334,0.8420285979572888,0.6778583165166627,90.0295404996723,0.0502984831109643,90.07983898278326
UNSW_NB15,6q_5k,QSVC,linear,3,L3,qiskit_heavy,0.002,6,8,5120,2,0.832,0.8348792465026086,0.6639333926147828,84.12118620192632,0.9430071371607482,85.06419333908707
UNSW_NB15,6q_5k,QSVC,linear,3,L3,qiskit_heavy,0.002,6,9,6144,0,0.86,0.8619161048717092,0.7128590016068214,90.73304447997361,0.04673591302707791,90.77978039300069
UNSW_NB15,6q_5k,QSVC,linear,3,L3,qiskit_heavy,0.002,6,10,7168,1,0.8453333333333334,0.848045484128446,0.6943610611890981,87.31421292200685,0.8680636170320213,88.18227653903887
UNSW_NB15,6q_5k,QSVC,linear,3,L3,qiskit_heavy,0.002,6,11,8192,2,0.8386666666666667,0.8413361515259761,0.6756119837567616,76.40196279622614,0.5414564008824527,76.9434191971086
UNSW_NB15,6q_5k,QSVC,linear,3,L3,qiskit_heavy,0.002,6,12,9216,0,0.8526666666666667,0.8495123025925839,0.6746804525399475,83.69429859891534,0.7908471319824457,84.48514573089778
UNSW_NB15,6q_5k,QSVC,linear,3,L3,qiskit_heavy,0.002,6,13,10240,1,0.858,0.8593699118248435,0.7014809276802548,68.81475056894124,1.2282992419786751,70.04304981091991
UNSW_NB15,6q_5k,QSVC,linear,3,L3,qiskit_heavy,0.002,6,14,11264,2,0.8353333333333334,0.8378001605615036,0.6641777623484516,88.91500629391521,0.05035371473059058,88.9653600086458
UNSW_NB15,6q_5k,QSVC,linear,3,L3,qiskit_heavy,0.002,6,15,12288,0,0.8453333333333334,0.847868148148148,0.6890384686846192,87.36107629584149,0.835300553124398,88.19637684896588
UNSW_NB15,6q_5k,QSVC,linear,3,L3,qiskit_heavy,0.002,6,16,13312,1,0.826,0.8291224438294053,0.656071380880716,90.29006316512823,0.051524743903428316,90.34158790903166
UNSW_NB15,6q_5k,QSVC,linear,3,L3,qiskit_heavy,0.002,6,17,14336,2,0.8453333333333334,0.8477999230435236,0.6881127733061402,77.17157848412171,1.5971942939795554,78.76877277810127
UNSW_NB15,6q_5k,QSVC,linear,3,L3,qiskit_heavy,0.002,6,18,15360,0,0.876,0.8735323826820833,0.7273784488797163,90.21666332986206,0.047797370702028275,90.26446070056409
UNSW_NB15,6q_5k,QSVC,linear,3,L3,qiskit_heavy,0.002,6,19,16384,1,0.848,0.8502338968924872,0.6900414490868256,86.66577900759876,0.909322724211961,87.57510173181072
UNSW_NB15,6q_5k,QSVC,linear,3,L3,qiskit_heavy,0.002,6,20,17408,2,0.8753333333333333,0.8716177438809085,0.7273554704457479,84.32651356980205,0.7637365749105811,85.09025014471263
UNSW_NB15,6q_5k,QSVC,linear,3,L3,qiskit_heavy,0.002,6,21,18432,0,0.8393333333333334,0.8421621452062628,0.6813543897575662,88.27815192798153,1.0125472429208457,89.29069917090237
UNSW_NB15,6q_5k,QSVC,linear,3,L3,qiskit_heavy,0.002,6,22,19456,1,0.832,0.8351074542623945,0.6720706526775947,91.50405238196254,0.05145025812089443,91.55550264008343
UNSW_NB15,6q_5k,QSVC,linear,3,L3,qiskit_heavy,0.002,6,23,20480,2,0.8513333333333334,0.8535760086480456,0.6976423571614876,86.72614002786577,0.8904149779118598,87.61655500577763
UNSW_NB15,6q_5k,QSVC,linear,3,L3,qiskit_heavy,0.002,6,24,21504,0,0.838,0.840443812114238,0.6695942533023673,85.50595812266693,0.8340932428836823,86.34005136555061
UNSW_NB15,6q_5k,QSVC,linear,3,L3,qiskit_heavy,0.002,6,25,22528,1,0.8433333333333334,0.8452612332426779,0.6744486654454841,89.07631212007254,0.05094119906425476,89.1272533191368
UNSW_NB15,6q_5k,QSVC,linear,3,L3,qiskit_heavy,0.002,6,26,23552,2,0.8793333333333333,0.8763111870108731,0.7358490249405902,82.91570314578712,1.2544467495754361,84.17014989536256
UNSW_NB15,6q_5k,QSVC,linear,3,L3,qiskit_heavy,0.002,6,27,24576,0,0.842,0.8447614621157106,0.6863422248251685,85.83584411581978,0.04741728492081165,85.8832614007406
UNSW_NB15,6q_5k,QSVC,linear,3,L3,qiskit_heavy,0.002,6,28,25600,1,0.8273333333333334,0.830304599613782,0.6544523183205234,67.93836874095723,1.624133995268494,69.56250273622572
UNSW_NB15,6q_5k,QSVC,linear,3,L3,qiskit_heavy,0.002,6,29,26624,2,0.8466666666666667,0.8491548931287006,0.6912858151338017,70.38386665098369,0.7733670761808753,71.15723372716457
UNSW_NB15,6q_5k,QSVC,linear,3,L3,qiskit_heavy,0.005,6,0,42,0,0.8333333333333334,0.8362559096211701,0.6692652860152062,66.09057556884363,0.5140998749993742,66.604675443843
UNSW_NB15,6q_5k,QSVC,linear,3,L3,qiskit_heavy,0.005,6,1,123,1,0.8346666666666667,0.8373303703703705,0.6662840396959031,89.62783924397081,0.05642433604225516,89.68426358001307
UNSW_NB15,6q_5k,QSVC,linear,3,L3,qiskit_heavy,0.005,6,2,456,2,0.8373333333333334,0.839771808151764,0.6679300959959268,88.69028645334765,0.867503431160003,89.55778988450766
UNSW_NB15,6q_5k,QSVC,linear,3,L3,qiskit_heavy,0.005,6,3,789,0,0.834,0.8366801474012263,0.6644247059146007,90.23265469213948,0.6478231800720096,90.88047787221149
UNSW_NB15,6q_5k,QSVC,linear,3,L3,qiskit_heavy,0.005,6,4,1024,1,0.8773333333333333,0.8740466895669159,0.7313111829614622,89.28477367013693,0.5441487310454249,89.82892240118235
UNSW_NB15,6q_5k,QSVC,linear,3,L3,qiskit_heavy,0.005,6,5,2048,2,0.838,0.840911387489181,0.680376646693444,89.0948143019341,0.6943832859396935,89.78919758787379
UNSW_NB15,6q_5k,QSVC,linear,3,L3,qiskit_heavy,0.005,6,6,3072,0,0.8453333333333334,0.8479840682087507,0.6918633164987267,88.10565366595984,0.32732643792405725,88.43298010388389
UNSW_NB15,6q_5k,QSVC,linear,3,L3,qiskit_heavy,0.005,6,7,4096,1,0.8426666666666667,0.8451938192595668,0.6823429337999667,85.04571595601737,1.581208599731326,86.6269245557487
UNSW_NB15,6q_5k,QSVC,linear,3,L3,qiskit_heavy,0.005,6,8,5120,2,0.8333333333333334,0.8362128159124638,0.6673126730162472,89.78973906300962,0.05036138603463769,89.84010044904426
UNSW_NB15,6q_5k,QSVC,linear,3,L3,qiskit_heavy,0.005,6,9,6144,0,0.8593333333333333,0.8612435929560895,0.7112176499880426,59.968770143575966,1.3301346581429243,61.29890480171889
UNSW_NB15,6q_5k,QSVC,linear,3,L3,qiskit_heavy,0.005,6,10,7168,1,0.846,0.8486908728954201,0.6954590867011801,89.46744659775868,0.6370059549808502,90.10445255273953
UNSW_NB15,6q_5k,QSVC,linear,3,L3,qiskit_heavy,0.005,6,11,8192,2,0.8393333333333334,0.8420042103977674,0.6772917510969229,90.23724521417171,0.056706047151237726,90.29395126132295
UNSW_NB15,6q_5k,QSVC,linear,3,L3,qiskit_heavy,0.005,6,12,9216,0,0.8686666666666667,0.8631202493217472,0.715506595959988,90.61747955204919,0.04713552165776491,90.66461507370695
UNSW_NB15,6q_5k,QSVC,linear,3,L3,qiskit_heavy,0.005,6,13,10240,1,0.858,0.8593699118248435,0.7014809276802548,88.63042525900528,0.9925372838042676,89.62296254280955
UNSW_NB15,6q_5k,QSVC,linear,3,L3,qiskit_heavy,0.005,6,14,11264,2,0.8366666666666667,0.8391135195852972,0.6669809098218561,85.48738752584904,1.1722271451726556,86.6596146710217
UNSW_NB15,6q_5k,QSVC,linear,3,L3,qiskit_heavy,0.005,6,15,12288,0,0.846,0.8484606729331587,0.6890698244807325,83.30945797963068,1.6257287100888789,84.93518668971956
UNSW_NB15,6q_5k,QSVC,linear,3,L3,qiskit_heavy,0.005,6,16,13312,1,0.828,0.8308769217123936,0.6545719421061145,87.99842704180628,0.872997208032757,88.87142424983904
UNSW_NB15,6q_5k,QSVC,linear,3,L3,qiskit_heavy,0.005,6,17,14336,2,0.8386666666666667,0.8411279756101335,0.6719735018980363,91.17773591307923,0.05069453176110983,91.22843044484034
UNSW_NB15,6q_5k,QSVC,linear,3,L3,qiskit_heavy,0.005,6,18,15360,0,0.8733333333333333,0.871109939134617,0.7212891694610518,82.34627848630771,1.5868762196041644,83.93315470591187
UNSW_NB15,6q_5k,QSVC,linear,3,L3,qiskit_heavy,0.005,6,19,16384,1,0.8473333333333334,0.8495916309237368,0.6888935612357246,90.03313811216503,0.05084009375423193,90.08397820591927
UNSW_NB15,6q_5k,QSVC,linear,3,L3,qiskit_heavy,0.005,6,20,17408,2,0.8446666666666667,0.8470949497312393,0.6851954116573833,86.77779095899314,0.8003311711363494,87.57812213012949
UNSW_NB15,6q_5k,QSVC,linear,3,L3,qiskit_heavy,0.005,6,21,18432,0,0.84,0.8428068208638188,0.6824520291227535,90.83856086106971,0.04750456986948848,90.8860654309392
UNSW_NB15,6q_5k,QSVC,linear,3,L3,qiskit_heavy,0.005,6,22,19456,1,0.832,0.8351074542623945,0.6720706526775947,88.42165628029034,0.8376581268385053,89.25931440712884
UNSW_NB15,6q_5k,QSVC,linear,3,L3,qiskit_heavy,0.005,6,23,20480,2,0.8506666666666667,0.8529333861360613,0.6964974737574141,78.87498080078512,1.9592329347506166,80.83421373553574
UNSW_NB15,6q_5k,QSVC,linear,3,L3,qiskit_heavy,0.005,6,24,21504,0,0.8513333333333334,0.8536573982406281,0.6992037681721178,88.43790640216321,1.084255482070148,89.52216188423336
UNSW_NB15,6q_5k,QSVC,linear,3,L3,qiskit_heavy,0.005,6,25,22528,1,0.8433333333333334,0.8452612332426779,0.6744486654454841,88.75297353882343,1.0577076207846403,89.81068115960807
UNSW_NB15,6q_5k,QSVC,linear,3,L3,qiskit_heavy,0.005,6,26,23552,2,0.876,0.872693877303858,0.7285371778361779,91.11775667825714,0.05407568113878369,91.17183235939592
UNSW_NB15,6q_5k,QSVC,linear,3,L3,qiskit_heavy,0.005,6,27,24576,0,0.8413333333333334,0.8441167640232868,0.6852426732819142,82.81159639498219,0.6396266841329634,83.45122307911515
UNSW_NB15,6q_5k,QSVC,linear,3,L3,qiskit_heavy,0.005,6,28,25600,1,0.8273333333333334,0.830304599613782,0.6544523183205234,90.46263148495927,0.050359548069536686,90.51299103302881
UNSW_NB15,6q_5k,QSVC,linear,3,L3,qiskit_heavy,0.005,6,29,26624,2,0.8473333333333334,0.8496073057236427,0.6887137285709041,86.22861016914248,0.807433411013335,87.03604358015582
UNSW_NB15,6q_5k,QSVC,linear,3,L3,qiskit_heavy,0.008,6,0,42,0,0.834,0.8369005513028553,0.6703600462364868,87.51924455398694,0.8196999938227236,88.33894454780966
UNSW_NB15,6q_5k,QSVC,linear,3,L3,qiskit_heavy,0.008,6,1,123,1,0.8333333333333334,0.8360185185185186,0.6634873784218411,90.58374002529308,0.052775227930396795,90.63651525322348
UNSW_NB15,6q_5k,QSVC,linear,3,L3,qiskit_heavy,0.008,6,2,456,2,0.864,0.8635419267341986,0.7033769996630753,74.86944938125089,1.6706432970240712,76.54009267827496
UNSW_NB15,6q_5k,QSVC,linear,3,L3,qiskit_heavy,0.008,6,3,789,0,0.8346666666666667,0.8373762962962963,0.6666598846052878,90.01345541095361,0.6575578772462904,90.6710132881999
UNSW_NB15,6q_5k,QSVC,linear,3,L3,qiskit_heavy,0.008,6,4,1024,1,0.8786666666666667,0.8753357484844624,0.7344968892338691,86.21367948595434,1.0823634210973978,87.29604290705174
UNSW_NB15,6q_5k,QSVC,linear,3,L3,qiskit_heavy,0.008,6,5,2048,2,0.838,0.8409298764012648,0.6809900562507438,90.80111533124,0.05746873002499342,90.85858406126499
UNSW_NB15,6q_5k,QSVC,linear,3,L3,qiskit_heavy,0.008,6,6,3072,0,0.8453333333333334,0.8479840682087507,0.6918633164987267,79.92448979290202,1.799799240194261,81.72428903309628
UNSW_NB15,6q_5k,QSVC,linear,3,L3,qiskit_heavy,0.008,6,7,4096,1,0.84,0.8426720138513789,0.6789722233336489,84.78784774895757,0.8477474511601031,85.63559520011768
UNSW_NB15,6q_5k,QSVC,linear,3,L3,qiskit_heavy,0.008,6,8,5120,2,0.8333333333333334,0.8362352742946082,0.6679034791248719,90.12076773075387,0.050724870059639215,90.17149260081351
UNSW_NB15,6q_5k,QSVC,linear,3,L3,qiskit_heavy,0.008,6,9,6144,0,0.882,0.8784197376962977,0.7431548388398656,91.03129168692976,0.3941511558368802,91.42544284276664
UNSW_NB15,6q_5k,QSVC,linear,3,L3,qiskit_heavy,0.008,6,10,7168,1,0.8466666666666667,0.8493362009070822,0.6965586602778921,90.9901017639786,0.0981784020550549,91.08828016603366
UNSW_NB15,6q_5k,QSVC,linear,3,L3,qiskit_heavy,0.008,6,11,8192,2,0.8393333333333334,0.8420285979572888,0.6778583165166627,90.52513769688085,0.39031552989035845,90.9154532267712
UNSW_NB15,6q_5k,QSVC,linear,3,L3,qiskit_heavy,0.008,6,12,9216,0,0.8666666666666667,0.8611912139365144,0.7103824978950867,82.36882704310119,0.8880514251068234,83.25687846820801
UNSW_NB15,6q_5k,QSVC,linear,3,L3,qiskit_heavy,0.008,6,13,10240,1,0.8566666666666667,0.858089025893842,0.6990447384511802,90.39686150616035,0.053377407137304544,90.45023891329765
UNSW_NB15,6q_5k,QSVC,linear,3,L3,qiskit_heavy,0.008,6,14,11264,2,0.8366666666666667,0.8391135195852972,0.6669809098218561,82.17245050193742,0.9980344111099839,83.1704849130474
UNSW_NB15,6q_5k,QSVC,linear,3,L3,qiskit_heavy,0.008,6,15,12288,0,0.844,0.8465314999657216,0.6856893107731359,90.15804448677227,0.05773872369900346,90.21578321047127
UNSW_NB15,6q_5k,QSVC,linear,3,L3,qiskit_heavy,0.008,6,16,13312,1,0.8246666666666667,0.8278320866407327,0.6539081052307424,83.82512013008818,1.2344050128012896,85.05952514288947
UNSW_NB15,6q_5k,QSVC,linear,3,L3,qiskit_heavy,0.008,6,17,14336,2,0.8406666666666667,0.8431117776171851,0.676439993573644,89.13485527783632,0.6398518579080701,89.77470713574439
UNSW_NB15,6q_5k,QSVC,linear,3,L3,qiskit_heavy,0.008,6,18,15360,0,0.8526666666666667,0.854969887942506,0.7020054394750648,88.41447281325236,0.046779222786426544,88.46125203603879
UNSW_NB15,6q_5k,QSVC,linear,3,L3,qiskit_heavy,0.008,6,19,16384,1,0.844,0.8462926836528158,0.6816271303729584,54.54038163321093,1.2496800697408617,55.79006170295179
UNSW_NB15,6q_5k,QSVC,linear,3,L3,qiskit_heavy,0.008,6,20,17408,2,0.8746666666666667,0.8713085741227184,0.7252084640569685,84.88918037200347,0.7996802791021764,85.68886065110564
UNSW_NB15,6q_5k,QSVC,linear,3,L3,qiskit_heavy,0.008,6,21,18432,0,0.8413333333333334,0.844095981128467,0.6846519162189488,89.17427878873423,0.5829994892701507,89.75727827800438
UNSW_NB15,6q_5k,QSVC,linear,3,L3,qiskit_heavy,0.008,6,22,19456,1,0.8353333333333334,0.8383561850802643,0.6780717158774041,89.59556507505476,0.6429304233752191,90.23849549842998
UNSW_NB15,6q_5k,QSVC,linear,3,L3,qiskit_heavy,0.008,6,23,20480,2,0.8506666666666667,0.8529333861360613,0.6964974737574141,88.75568667426705,0.7092535020783544,89.46494017634541
UNSW_NB15,6q_5k,QSVC,linear,3,L3,qiskit_heavy,0.008,6,24,21504,0,0.8386666666666667,0.8411452865669201,0.6717871371375864,91.3501530373469,0.047355765011161566,91.39750880235806
UNSW_NB15,6q_5k,QSVC,linear,3,L3,qiskit_heavy,0.008,6,25,22528,1,0.8406666666666667,0.8427024553254158,0.6697407302070268,73.44722354318947,1.3713751840405166,74.81859872722998
UNSW_NB15,6q_5k,QSVC,linear,3,L3,qiskit_heavy,0.008,6,26,23552,2,0.878,0.8745457413743991,0.7334572866922222,88.77421305468306,0.8841874008066952,89.65840045548975
UNSW_NB15,6q_5k,QSVC,linear,3,L3,qiskit_heavy,0.008,6,27,24576,0,0.8413333333333334,0.8441167640232868,0.6852426732819142,86.88107515312731,0.8376934891566634,87.71876864228398
UNSW_NB15,6q_5k,QSVC,linear,3,L3,qiskit_heavy,0.008,6,28,25600,1,0.826,0.8290179850721825,0.6522526387545328,89.89979594573379,0.04946518037468195,89.94926112610847
UNSW_NB15,6q_5k,QSVC,linear,3,L3,qiskit_heavy,0.008,6,29,26624,2,0.8466666666666667,0.8491548931287006,0.6912858151338017,81.70364668779075,1.2496989611536264,82.95334564894438
UNSW_NB15,6q_5k,QSVC,linear,3,L3,qiskit_heavy,0.01,6,0,42,0,0.834,0.8369005513028553,0.6703600462364868,84.51592918299139,1.5386575870215893,86.05458677001297
UNSW_NB15,6q_5k,QSVC,linear,3,L3,qiskit_heavy,0.01,6,1,123,1,0.836,0.8388552409701835,0.6742454584153192,88.87073819199577,0.6235003490000963,89.49423854099587
UNSW_NB15,6q_5k,QSVC,linear,3,L3,qiskit_heavy,0.01,6,2,456,2,0.864,0.863481855465109,0.7031870856174799,89.64763774396852,0.058876218274235725,89.70651396224275
UNSW_NB15,6q_5k,QSVC,linear,3,L3,qiskit_heavy,0.01,6,3,789,0,0.834,0.836733707643112,0.665542314010248,72.00715438136831,1.6787054371088743,73.68585981847718
UNSW_NB15,6q_5k,QSVC,linear,3,L3,qiskit_heavy,0.01,6,4,1024,1,0.8786666666666667,0.8754157472890147,0.7343625424137091,89.23224726365879,1.0373503360897303,90.26959759974852
UNSW_NB15,6q_5k,QSVC,linear,3,L3,qiskit_heavy,0.01,6,5,2048,2,0.8386666666666667,0.8415934668675011,0.6826920672818003,91.81897406280041,0.04993350291624665,91.86890756571665
UNSW_NB15,6q_5k,QSVC,linear,3,L3,qiskit_heavy,0.01,6,6,3072,0,0.8446666666666667,0.8473396591120124,0.6907559629802971,80.56985011510551,1.2965140310116112,81.86636414611712
UNSW_NB15,6q_5k,QSVC,linear,3,L3,qiskit_heavy,0.01,6,7,4096,1,0.84,0.8426959960509602,0.6795406538355007,91.2233192990534,0.050200596917420626,91.27351989597082
UNSW_NB15,6q_5k,QSVC,linear,3,L3,qiskit_heavy,0.01,6,8,5120,2,0.8333333333333334,0.8362571050664779,0.66849880832695,87.72243758523837,0.9112114068120718,88.63364899205044
UNSW_NB15,6q_5k,QSVC,linear,3,L3,qiskit_heavy,0.01,6,9,6144,0,0.8826666666666667,0.87906640258663,0.7447858439020753,91.86155449319631,0.0469382181763649,91.90849271137267
UNSW_NB15,6q_5k,QSVC,linear,3,L3,qiskit_heavy,0.01,6,10,7168,1,0.856,0.8578767721481126,0.7030200070010062,70.8467672644183,1.944876840338111,72.79164410475641
UNSW_NB15,6q_5k,QSVC,linear,3,L3,qiskit_heavy,0.01,6,11,8192,2,0.842,0.8445245865158381,0.6806707676092278,88.55964629817754,0.7233262429945171,89.28297254117206
UNSW_NB15,6q_5k,QSVC,linear,3,L3,qiskit_heavy,0.01,6,12,9216,0,0.8673333333333333,0.8619364035483869,0.7118235588979202,91.34433266380802,0.047498314175754786,91.39183097798377
UNSW_NB15,6q_5k,QSVC,linear,3,L3,qiskit_heavy,0.01,6,13,10240,1,0.8566666666666667,0.858089025893842,0.6990447384511802,88.83969318075106,0.8410438229329884,89.68073700368404
UNSW_NB15,6q_5k,QSVC,linear,3,L3,qiskit_heavy,0.01,6,14,11264,2,0.8373333333333334,0.8397852847830772,0.668644496016411,84.17864839360118,1.5801524138078094,85.75880080740899
UNSW_NB15,6q_5k,QSVC,linear,3,L3,qiskit_heavy,0.01,6,15,12288,0,0.844,0.8465314999657216,0.6856893107731359,89.10535954404622,0.07128645898774266,89.17664600303397
UNSW_NB15,6q_5k,QSVC,linear,3,L3,qiskit_heavy,0.01,6,16,13312,1,0.8286666666666667,0.8315448799922781,0.6562571633120219,76.89320576190948,1.1009012232534587,77.99410698516294
UNSW_NB15,6q_5k,QSVC,linear,3,L3,qiskit_heavy,0.01,6,17,14336,2,0.8406666666666667,0.8431117776171851,0.676439993573644,88.71869362378493,0.3629577299579978,89.08165135374293
UNSW_NB15,6q_5k,QSVC,linear,3,L3,qiskit_heavy,0.01,6,18,15360,0,0.8726666666666667,0.8708948034359949,0.7199228059642311,89.47049936512485,0.06911120284348726,89.53961056796834
UNSW_NB15,6q_5k,QSVC,linear,3,L3,qiskit_heavy,0.01,6,19,16384,1,0.844,0.8462926836528158,0.6816271303729584,83.69536470528692,0.5412260121665895,84.23659071745351
UNSW_NB15,6q_5k,QSVC,linear,3,L3,qiskit_heavy,0.01,6,20,17408,2,0.8466666666666667,0.8490500642245848,0.6891329174027718,89.09808608517051,0.370552031788975,89.46863811695948
UNSW_NB15,6q_5k,QSVC,linear,3,L3,qiskit_heavy,0.01,6,21,18432,0,0.8413333333333334,0.8440746007486655,0.6840658064656591,90.09186033485457,0.07061849674209952,90.16247883159667
UNSW_NB15,6q_5k,QSVC,linear,3,L3,qiskit_heavy,0.01,6,22,19456,1,0.8353333333333334,0.8383561850802643,0.6780717158774041,90.03635099483654,0.36776805482804775,90.40411904966459
UNSW_NB15,6q_5k,QSVC,linear,3,L3,qiskit_heavy,0.01,6,23,20480,2,0.8506666666666667,0.8529333861360613,0.6964974737574141,76.16779402503744,1.619382617995143,77.78717664303258
UNSW_NB15,6q_5k,QSVC,linear,3,L3,qiskit_heavy,0.01,6,24,21504,0,0.8386666666666667,0.8412029211458891,0.6728570927362126,91.09696257160977,0.35549762519076467,91.45246019680053
UNSW_NB15,6q_5k,QSVC,linear,3,L3,qiskit_heavy,0.01,6,25,22528,1,0.84,0.8420627540821598,0.6685683014716145,90.78666177904233,0.07587494095787406,90.86253672000021
UNSW_NB15,6q_5k,QSVC,linear,3,L3,qiskit_heavy,0.01,6,26,23552,2,0.8833333333333333,0.8797133593389156,0.746421131389209,78.5821623778902,1.3784601353108883,79.96062251320109
UNSW_NB15,6q_5k,QSVC,linear,3,L3,qiskit_heavy,0.01,6,27,24576,0,0.8406666666666667,0.8434720029223933,0.6841446606529271,79.82031799200922,0.7709096344187856,80.59122762642801
UNSW_NB15,6q_5k,QSVC,linear,3,L3,qiskit_heavy,0.01,6,28,25600,1,0.826,0.8290179850721825,0.6522526387545328,90.47352385614067,0.3507356927730143,90.82425954891369
UNSW_NB15,6q_5k,QSVC,linear,3,L3,qiskit_heavy,0.01,6,29,26624,2,0.8473333333333334,0.8498231288736666,0.6929591079077632,90.53630375210196,0.07380393007770181,90.61010768217966
UNSW_NB15,6q_5k,QSVC,linear,3,L3,qiskit_heavy,0.02,6,0,42,0,0.8346666666666667,0.8375237589489419,0.6708634638083067,83.67723042704165,0.9958580769598484,84.6730885040015
UNSW_NB15,6q_5k,QSVC,linear,3,L3,qiskit_heavy,0.02,6,1,123,1,0.8326666666666667,0.8354281240729396,0.6634923735977964,81.17792581301183,1.3126535662449896,82.49057937925681
UNSW_NB15,6q_5k,QSVC,linear,3,L3,qiskit_heavy,0.02,6,2,456,2,0.8586666666666667,0.8594023356690023,0.697511881135095,90.1555682499893,0.050537725910544395,90.20610597589985
UNSW_NB15,6q_5k,QSVC,linear,3,L3,qiskit_heavy,0.02,6,3,789,0,0.8326666666666667,0.8353956565383857,0.6621834734083847,91.30842192610726,0.07027856493368745,91.37870049104095
UNSW_NB15,6q_5k,QSVC,linear,3,L3,qiskit_heavy,0.02,6,4,1024,1,0.8793333333333333,0.8756543605080996,0.7367390522311351,71.54284007428214,1.2395373620092869,72.78237743629143
UNSW_NB15,6q_5k,QSVC,linear,3,L3,qiskit_heavy,0.02,6,5,2048,2,0.8306666666666667,0.8338394601034097,0.6697804404970717,91.06695271888748,0.3610814120620489,91.42803413094953
UNSW_NB15,6q_5k,QSVC,linear,3,L3,qiskit_heavy,0.02,6,6,3072,0,0.8446666666666667,0.8474015760707851,0.6925154733390095,89.95715922489762,0.6559142428450286,90.61307346774265
UNSW_NB15,6q_5k,QSVC,linear,3,L3,qiskit_heavy,0.02,6,7,4096,1,0.8366666666666667,0.8394308376202338,0.6728410057857652,59.976206538733095,1.6837838850915432,61.65999042382464
UNSW_NB15,6q_5k,QSVC,linear,3,L3,qiskit_heavy,0.02,6,8,5120,2,0.8306666666666667,0.8337569772771279,0.666593076421789,90.38885467220098,0.057368533220142126,90.44622320542112
UNSW_NB15,6q_5k,QSVC,linear,3,L3,qiskit_heavy,0.02,6,9,6144,0,0.8626666666666667,0.8644255555285371,0.7166384046468396,89.49353094398975,0.0465819351375103,89.54011287912726
UNSW_NB15,6q_5k,QSVC,linear,3,L3,qiskit_heavy,0.02,6,10,7168,1,0.8433333333333334,0.8460901619080372,0.6904765148837007,75.99771072808653,1.646959284786135,77.64467001287267
UNSW_NB15,6q_5k,QSVC,linear,3,L3,qiskit_heavy,0.02,6,11,8192,2,0.838,0.8407416062927217,0.675635242425019,85.82565451506525,1.0206552422605455,86.8463097573258
UNSW_NB15,6q_5k,QSVC,linear,3,L3,qiskit_heavy,0.02,6,12,9216,0,0.868,0.862680878720915,0.7132643956669281,77.58584413304925,1.2695881761610508,78.8554323092103
UNSW_NB15,6q_5k,QSVC,linear,3,L3,qiskit_heavy,0.02,6,13,10240,1,0.8573333333333333,0.8587685575918333,0.7006608876731923,90.46267839800566,0.0854454068467021,90.54812380485237
UNSW_NB15,6q_5k,QSVC,linear,3,L3,qiskit_heavy,0.02,6,14,11264,2,0.8346666666666667,0.8373303703703705,0.6662840396959031,90.47466281522065,0.08411768870428205,90.55878050392494
UNSW_NB15,6q_5k,QSVC,linear,3,L3,qiskit_heavy,0.02,6,15,12288,0,0.844,0.8465566666666667,0.6862411456747027,86.4263018690981,1.0268478710204363,87.45314974011853
UNSW_NB15,6q_5k,QSVC,linear,3,L3,qiskit_heavy,0.02,6,16,13312,1,0.826,0.8289477885546086,0.6512540787757274,90.92769205430523,0.049410013016313314,90.97710206732154
UNSW_NB15,6q_5k,QSVC,linear,3,L3,qiskit_heavy,0.02,6,17,14336,2,0.8393333333333334,0.8419600636694297,0.6769041361355873,86.13758580293506,0.8698843908496201,87.00747019378468
UNSW_NB15,6q_5k,QSVC,linear,3,L3,qiskit_heavy,0.02,6,18,15360,0,0.8773333333333333,0.8739658116546213,0.7314414336692674,77.0894360919483,1.2859880146570504,78.37542410660535
UNSW_NB15,6q_5k,QSVC,linear,3,L3,qiskit_heavy,0.02,6,19,16384,1,0.852,0.8543602711881993,0.7021007764930285,85.61928832903504,1.1524987849406898,86.77178711397573
UNSW_NB15,6q_5k,QSVC,linear,3,L3,qiskit_heavy,0.02,6,20,17408,2,0.8453333333333334,0.8477374560874072,0.6863307363354534,90.25472205784172,0.049290216993540525,90.30401227483526
UNSW_NB15,6q_5k,QSVC,linear,3,L3,qiskit_heavy,0.02,6,21,18432,0,0.84,0.8427858633228238,0.6818605100366026,89.00866415211931,1.754055137746036,90.76271928986534
UNSW_NB15,6q_5k,QSVC,linear,3,L3,qiskit_heavy,0.02,6,22,19456,1,0.834,0.8370473282792948,0.6752881245381481,91.24736666772515,0.07031199103221297,91.31767865875736
UNSW_NB15,6q_5k,QSVC,linear,3,L3,qiskit_heavy,0.02,6,23,20480,2,0.8513333333333334,0.8535477256610148,0.6971314281036547,90.98213008837774,0.36870094342157245,91.35083103179932
UNSW_NB15,6q_5k,QSVC,linear,3,L3,qiskit_heavy,0.02,6,24,21504,0,0.8406666666666667,0.8433395639493445,0.6806534087568736,89.63710965076461,0.6429337742738426,90.28004342503846
UNSW_NB15,6q_5k,QSVC,linear,3,L3,qiskit_heavy,0.02,6,25,22528,1,0.8373333333333334,0.8395396011396011,0.6643848301610776,91.97681282740086,0.04983306396752596,92.02664589136839
UNSW_NB15,6q_5k,QSVC,linear,3,L3,qiskit_heavy,0.02,6,26,23552,2,0.876,0.8707395928766862,0.7332779001698709,86.86349640693516,1.9522872432135046,88.81578365014866
UNSW_NB15,6q_5k,QSVC,linear,3,L3,qiskit_heavy,0.02,6,27,24576,0,0.8373333333333334,0.8402277153558052,0.6780706035047812,83.30635699024424,1.5565934455953538,84.8629504358396
UNSW_NB15,6q_5k,QSVC,linear,3,L3,qiskit_heavy,0.02,6,28,25600,1,0.8246666666666667,0.827753710328826,0.650661409908597,90.76024580327794,0.057057640980929136,90.81730344425887
UNSW_NB15,6q_5k,QSVC,linear,3,L3,qiskit_heavy,0.02,6,29,26624,2,0.8433333333333334,0.8459846809826733,0.6868121889820344,89.7377769970335,0.6639749300666153,90.40175192710012
UNSW_NB15,6q_5k,QSVC,linear,3,L3,qiskit_heavy,0.05,6,0,42,0,0.808,0.8103244377811094,0.5997077395742635,90.96563742123544,0.11999294301494956,91.08563036425039
UNSW_NB15,6q_5k,QSVC,linear,3,L3,qiskit_heavy,0.05,6,1,123,1,0.8506666666666667,0.8459814754560638,0.6711225439856114,91.445470451843,0.6765809450298548,92.12205139687285
UNSW_NB15,6q_5k,QSVC,linear,3,L3,qiskit_heavy,0.05,6,2,456,2,0.8626666666666667,0.8547318518518519,0.7077726916866127,91.17078523291275,0.3845650418661535,91.5553502747789
UNSW_NB15,6q_5k,QSVC,linear,3,L3,qiskit_heavy,0.05,6,3,789,0,0.8626666666666667,0.8561510397117332,0.7032076611464835,91.43203773908317,0.05914208013564348,91.49117981921881
UNSW_NB15,6q_5k,QSVC,linear,3,L3,qiskit_heavy,0.05,6,4,1024,1,0.8633333333333333,0.8570169295368458,0.7043275498393524,70.48777442611754,1.3504912690259516,71.83826569514349
UNSW_NB15,6q_5k,QSVC,linear,3,L3,qiskit_heavy,0.05,6,5,2048,2,0.8053333333333333,0.8091582799678472,0.6272509566481237,90.33113625785336,0.7044376037083566,91.03557386156172
UNSW_NB15,6q_5k,QSVC,linear,3,L3,qiskit_heavy,0.05,6,6,3072,0,0.868,0.8619528191985089,0.7152807823232915,81.19586744206026,0.8034984203986824,81.99936586245894
UNSW_NB15,6q_5k,QSVC,linear,3,L3,qiskit_heavy,0.05,6,7,4096,1,0.822,0.8241904224501914,0.6293176842690795,81.48791782697663,0.8662690091878176,82.35418683616444
UNSW_NB15,6q_5k,QSVC,linear,3,L3,qiskit_heavy,0.05,6,8,5120,2,0.8706666666666667,0.8651540614854569,0.7203764798661132,89.08789275679737,0.05304558388888836,89.14093834068626
UNSW_NB15,6q_5k,QSVC,linear,3,L3,qiskit_heavy,0.05,6,9,6144,0,0.8746666666666667,0.8691522816298412,0.7307674882859471,64.52507993765175,1.7895894711837173,66.31466940883547
UNSW_NB15,6q_5k,QSVC,linear,3,L3,qiskit_heavy,0.05,6,10,7168,1,0.8353333333333334,0.8378893987911095,0.6657715498322408,88.76931188022718,0.6340687209740281,89.4033806012012
UNSW_NB15,6q_5k,QSVC,linear,3,L3,qiskit_heavy,0.05,6,11,8192,2,0.8233333333333334,0.8244012640109749,0.6226345537429014,89.6164081110619,0.06163131957873702,89.67803943064064
UNSW_NB15,6q_5k,QSVC,linear,3,L3,qiskit_heavy,0.05,6,12,9216,0,0.8606666666666667,0.8515147573981358,0.7070057612702954,88.09784993156791,0.8536532646976411,88.95150319626555
UNSW_NB15,6q_5k,QSVC,linear,3,L3,qiskit_heavy,0.05,6,13,10240,1,0.8486666666666667,0.8504062037330329,0.6845943849535812,90.04446673300117,0.05000337399542332,90.0944701069966
UNSW_NB15,6q_5k,QSVC,linear,3,L3,qiskit_heavy,0.05,6,14,11264,2,0.87,0.8649341757059877,0.7178928874081193,81.24522091913968,1.1262104301713407,82.37143134931102
UNSW_NB15,6q_5k,QSVC,linear,3,L3,qiskit_heavy,0.05,6,15,12288,0,0.858,0.8524402116402116,0.6894193371352864,88.71994872065261,1.0070843040011823,89.72703302465379
UNSW_NB15,6q_5k,QSVC,linear,3,L3,qiskit_heavy,0.05,6,16,13312,1,0.8646666666666667,0.8632887432623028,0.7029396268509562,71.69545898307115,1.6036854279227555,73.2991444109939
UNSW_NB15,6q_5k,QSVC,linear,3,L3,qiskit_heavy,0.05,6,17,14336,2,0.8626666666666667,0.8556082888410207,0.7052656341733363,90.75601520529017,0.0489729349501431,90.80498814024031
UNSW_NB15,6q_5k,QSVC,linear,3,L3,qiskit_heavy,0.05,6,18,15360,0,0.8666666666666667,0.8611912139365144,0.7103824978950867,87.68997826473787,0.796714648604393,88.48669291334227
UNSW_NB15,6q_5k,QSVC,linear,3,L3,qiskit_heavy,0.05,6,19,16384,1,0.8606666666666667,0.853682292263091,0.6999235922007436,75.39214832801372,1.5654788492247462,76.95762717723846
UNSW_NB15,6q_5k,QSVC,linear,3,L3,qiskit_heavy,0.05,6,20,17408,2,0.866,0.8587919055894111,0.7139501601374542,90.58078632503748,0.04907408496364951,90.62986041000113
UNSW_NB15,6q_5k,QSVC,linear,3,L3,qiskit_heavy,0.05,6,21,18432,0,0.8653333333333333,0.8590545302566731,0.7092501573015789,90.945619371254,0.07325577223673463,91.01887514349073
UNSW_NB15,6q_5k,QSVC,linear,3,L3,qiskit_heavy,0.05,6,22,19456,1,0.8653333333333333,0.858181118505075,0.712464573367334,90.62628863705322,0.3575914981774986,90.98388013523072
UNSW_NB15,6q_5k,QSVC,linear,3,L3,qiskit_heavy,0.05,6,23,20480,2,0.8673333333333333,0.8609844615388093,0.714521692036056,78.73688901076093,1.8850880870595574,80.62197709782049
UNSW_NB15,6q_5k,QSVC,linear,3,L3,qiskit_heavy,0.05,6,24,21504,0,0.8653333333333333,0.8583797845104,0.711351856455996,76.83190328394994,1.3685892717912793,78.20049255574122
UNSW_NB15,6q_5k,QSVC,linear,3,L3,qiskit_heavy,0.05,6,25,22528,1,0.8613333333333333,0.8547544478642745,0.7000237763189127,88.23464720183983,0.8538005608133972,89.08844776265323
UNSW_NB15,6q_5k,QSVC,linear,3,L3,qiskit_heavy,0.05,6,26,23552,2,0.8646666666666667,0.8592905469946833,0.7056243146095875,90.84336055023596,0.050340745598077774,90.89370129583403
UNSW_NB15,6q_5k,QSVC,linear,3,L3,qiskit_heavy,0.05,6,27,24576,0,0.8666666666666667,0.8594362693485847,0.7157713864291381,84.25886433711275,1.2375683030113578,85.49643264012411
UNSW_NB15,6q_5k,QSVC,linear,3,L3,qiskit_heavy,0.05,6,28,25600,1,0.8693333333333333,0.8633472351662006,0.7184538567451461,90.22415563696995,0.08399596717208624,90.30815160414204
UNSW_NB15,6q_5k,QSVC,linear,3,L3,qiskit_heavy,0.05,6,29,26624,2,0.87,0.8631198494649985,0.7232072070020347,90.27654212526977,0.08240618510171771,90.35894831037149
UNSW_NB15,6q_5k,QVE,linear,0,L0,baseline_unoptimized,0.0,6,0,42,0,0.872,0.8671560462130937,0.7222058610779752,247.95002219406888,4.992833754047751,252.94285594811663
UNSW_NB15,6q_5k,QVE,linear,0,L0,baseline_unoptimized,0.0,6,1,123,1,0.8813333333333333,0.8776102796034793,0.7419056730057014,264.55630851443857,3.39305668650195,267.9493652009405
UNSW_NB15,6q_5k,QVE,linear,0,L0,baseline_unoptimized,0.0,6,2,456,2,0.88,0.874306733728699,0.744598163904904,265.2492640973069,3.910277131013572,269.15954122832045
UNSW_NB15,6q_5k,QVE,linear,0,L0,baseline_unoptimized,0.0,6,3,789,0,0.878,0.8734972172314571,0.7355686002760147,244.82521313242614,5.131727604195476,249.95694073662162
UNSW_NB15,6q_5k,QVE,linear,0,L0,baseline_unoptimized,0.0,6,4,1024,1,0.86,0.8531258361204014,0.6974759487602223,262.38259257609025,4.563933253288269,266.9465258293785
UNSW_NB15,6q_5k,QVE,linear,0,L0,baseline_unoptimized,0.0,6,5,2048,2,0.8786666666666667,0.8747567084321766,0.7356661237299178,263.1181058883667,3.504001230467111,266.6221071188338
UNSW_NB15,6q_5k,QVE,linear,0,L0,baseline_unoptimized,0.0,6,6,3072,0,0.898,0.8971594757645102,0.7766237156424447,264.65094719594344,4.051405934151262,268.7023531300947
UNSW_NB15,6q_5k,QVE,linear,0,L0,baseline_unoptimized,0.0,6,7,4096,1,0.8866666666666667,0.8829346641122893,0.754405564520457,247.56209418457001,5.26094095595181,252.82303514052182
UNSW_NB15,6q_5k,QVE,linear,0,L0,baseline_unoptimized,0.0,6,8,5120,2,0.89,0.8863387767870949,0.7622526783494511,264.08968803985044,4.139982480555773,268.2296705204062
UNSW_NB15,6q_5k,QVE,linear,0,L0,baseline_unoptimized,0.0,6,9,6144,0,0.89,0.8849398349964838,0.7680957783738934,250.33068524021655,5.725443641189486,256.05612888140604
UNSW_NB15,6q_5k,QVE,linear,0,L0,baseline_unoptimized,0.0,6,10,7168,1,0.88,0.8760674661079817,0.7392310548277394,265.2128590042703,3.764280849136412,268.9771398534067
UNSW_NB15,6q_5k,QVE,linear,0,L0,baseline_unoptimized,0.0,6,11,8192,2,0.8786666666666667,0.8741435344458708,0.7372540683244948,265.8869844470173,3.5828086510300636,269.4697930980474
UNSW_NB15,6q_5k,QVE,linear,0,L0,baseline_unoptimized,0.0,6,12,9216,0,0.8573333333333333,0.852735909914757,0.6863004270721759,266.6122055435553,4.184484010096639,270.79668955365196
UNSW_NB15,6q_5k,QVE,linear,0,L0,baseline_unoptimized,0.0,6,13,10240,1,0.888,0.8840089413652776,0.7587683292084267,248.94010015577078,5.155847331974655,254.09594748774543
UNSW_NB15,6q_5k,QVE,linear,0,L0,baseline_unoptimized,0.0,6,14,11264,2,0.892,0.8884607194971834,0.767008082071904,264.87821239838377,4.221782562788576,269.09999496117234
UNSW_NB15,6q_5k,QVE,linear,0,L0,baseline_unoptimized,0.0,6,15,12288,0,0.8786666666666667,0.8760318399345887,0.7335691083405247,244.19246702548116,4.69523295853287,248.88769998401403
UNSW_NB15,6q_5k,QVE,linear,0,L0,baseline_unoptimized,0.0,6,16,13312,1,0.864,0.8638338002119778,0.7046529532722298,261.759693140164,3.8431305959820747,265.6028237361461
UNSW_NB15,6q_5k,QVE,linear,0,L0,baseline_unoptimized,0.0,6,17,14336,2,0.8833333333333333,0.8793025221404039,0.7475274080676505,261.21616714214906,4.501456981990486,265.71762412413955
UNSW_NB15,6q_5k,QVE,linear,0,L0,baseline_unoptimized,0.0,6,18,15360,0,0.8853333333333333,0.8813110945530271,0.7520377473575569,247.9972302033566,5.010214660316706,253.0074448636733
UNSW_NB15,6q_5k,QVE,linear,0,L0,baseline_unoptimized,0.0,6,19,16384,1,0.89,0.8869586198844714,0.7608001486775765,264.8716780990362,3.953409125097096,268.8250872241333
UNSW_NB15,6q_5k,QVE,linear,0,L0,baseline_unoptimized,0.0,6,20,17408,2,0.8566666666666667,0.8484496272823044,0.6929236086023102,265.10004624631256,3.777132347691804,268.87717859400436
UNSW_NB15,6q_5k,QVE,linear,0,L0,baseline_unoptimized,0.0,6,21,18432,0,0.8853333333333333,0.8819547893280087,0.7502884105051628,240.3946436722763,4.9217848614789546,245.31642853375524
UNSW_NB15,6q_5k,QVE,linear,0,L0,baseline_unoptimized,0.0,6,22,19456,1,0.888,0.8865396800340961,0.7543540022039238,258.45099969999865,4.1759101073257625,262.6269098073244
UNSW_NB15,6q_5k,QVE,linear,0,L0,baseline_unoptimized,0.0,6,23,20480,2,0.8673333333333333,0.8618339102527336,0.7120857000680451,258.4090362996794,3.7909141378477216,262.19995043752715
UNSW_NB15,6q_5k,QVE,linear,0,L0,baseline_unoptimized,0.0,6,24,21504,0,0.8893333333333333,0.88520783910997,0.7621942309262802,244.23295583436266,5.255900946911424,249.48885678127408
UNSW_NB15,6q_5k,QVE,linear,0,L0,baseline_unoptimized,0.0,6,25,22528,1,0.8833333333333333,0.8783147527115622,0.750493996398067,261.8450114601292,3.925272887106985,265.77028434723616
UNSW_NB15,6q_5k,QVE,linear,0,L0,baseline_unoptimized,0.0,6,26,23552,2,0.88,0.8748151460942158,0.7430574130561858,262.07665708707646,3.607553007081151,265.6842100941576
UNSW_NB15,6q_5k,QVE,linear,0,L0,baseline_unoptimized,0.0,6,27,24576,0,0.864,0.8586235243685287,0.7036172636640416,258.5911637493409,3.609057281166315,262.20022103050724
UNSW_NB15,6q_5k,QVE,linear,0,L0,baseline_unoptimized,0.0,6,28,25600,1,0.8826666666666667,0.8795996331724594,0.743378077565035,258.3144816844724,3.591000533197075,261.9054822176695
UNSW_NB15,6q_5k,QVE,linear,0,L0,baseline_unoptimized,0.0,6,29,26624,2,0.8866666666666667,0.8819246293129062,0.757852084393738,239.17971324687824,5.054443270433694,244.23415651731193
UNSW_NB15,6q_5k,QVE,linear,0,L0,baseline_unoptimized,0.0003,6,0,42,0,0.872,0.8671560462130937,0.7222058610779752,119.5560018508695,1.7713633570820093,121.32736520795152
UNSW_NB15,6q_5k,QVE,linear,0,L0,baseline_unoptimized,0.0003,6,1,123,1,0.8806666666666667,0.8768812735334068,0.7404655222027912,118.68633635342121,2.4346187617629766,121.12095511518419
UNSW_NB15,6q_5k,QVE,linear,0,L0,baseline_unoptimized,0.0003,6,2,456,2,0.8793333333333333,0.8735587313493692,0.7432013025543047,126.21919048577547,1.1341831013560295,127.3533735871315
UNSW_NB15,6q_5k,QVE,linear,0,L0,baseline_unoptimized,0.0003,6,3,789,0,0.878,0.8734972172314571,0.7355686002760147,126.18883400177583,1.442234962247312,127.63106896402314
UNSW_NB15,6q_5k,QVE,linear,0,L0,baseline_unoptimized,0.0003,6,4,1024,1,0.8886666666666667,0.8839648814047301,0.7627501381449011,127.69135595858097,1.5139658451080322,129.205321803689
UNSW_NB15,6q_5k,QVE,linear,0,L0,baseline_unoptimized,0.0003,6,5,2048,2,0.8793333333333333,0.879210107234373,0.7378393272299261,129.15427551511675,1.0312358071096241,130.18551132222638
UNSW_NB15,6q_5k,QVE,linear,0,L0,baseline_unoptimized,0.0003,6,6,3072,0,0.898,0.8971594757645102,0.7766237156424447,127.93123986944556,1.255327561404556,129.18656743085012
UNSW_NB15,6q_5k,QVE,linear,0,L0,baseline_unoptimized,0.0003,6,7,4096,1,0.886,0.8822056413975347,0.7529765221144666,126.08023354737088,2.1956537612713873,128.27588730864227
UNSW_NB15,6q_5k,QVE,linear,0,L0,baseline_unoptimized,0.0003,6,8,5120,2,0.89,0.8863387767870949,0.7622526783494511,122.7542942748405,1.5223118364810944,124.2766061113216
UNSW_NB15,6q_5k,QVE,linear,0,L0,baseline_unoptimized,0.0003,6,9,6144,0,0.892,0.8871621852715816,0.7722310555976014,128.82657331228256,1.0860175918787718,129.91259090416133
UNSW_NB15,6q_5k,QVE,linear,0,L0,baseline_unoptimized,0.0003,6,10,7168,1,0.88,0.8760674661079817,0.7392310548277394,126.36053650639951,1.48123131506145,127.84176782146096
UNSW_NB15,6q_5k,QVE,linear,0,L0,baseline_unoptimized,0.0003,6,11,8192,2,0.876,0.8710032497075263,0.7320862990942013,118.03264882555231,2.719791767653078,120.75244059320539
UNSW_NB15,6q_5k,QVE,linear,0,L0,baseline_unoptimized,0.0003,6,12,9216,0,0.858,0.853374142231643,0.6879079119395944,119.95253084227443,2.3567239246331155,122.30925476690754
UNSW_NB15,6q_5k,QVE,linear,0,L0,baseline_unoptimized,0.0003,6,13,10240,1,0.888,0.8840089413652776,0.7587683292084267,127.02009544009343,1.1323919603601098,128.15248740045354
UNSW_NB15,6q_5k,QVE,linear,0,L0,baseline_unoptimized,0.0003,6,14,11264,2,0.892,0.8885364700709063,0.7667624979765906,123.78992917900905,2.728297251276672,126.51822643028572
UNSW_NB15,6q_5k,QVE,linear,0,L0,baseline_unoptimized,0.0003,6,15,12288,0,0.8853333333333333,0.8825571376062117,0.7490811271890294,121.82189775025472,2.5814062948338687,124.40330404508859
UNSW_NB15,6q_5k,QVE,linear,0,L0,baseline_unoptimized,0.0003,6,16,13312,1,0.8626666666666667,0.8624988374689578,0.701757024009053,127.1857995102182,1.25750893028453,128.44330844050273
UNSW_NB15,6q_5k,QVE,linear,0,L0,baseline_unoptimized,0.0003,6,17,14336,2,0.86,0.8532737782448765,0.697496798618334,123.39123270381242,2.347859521396458,125.73909222520888
UNSW_NB15,6q_5k,QVE,linear,0,L0,baseline_unoptimized,0.0003,6,18,15360,0,0.886,0.8816225134258927,0.754837462301323,114.7091105398722,1.3520051734521985,116.0611157133244
UNSW_NB15,6q_5k,QVE,linear,0,L0,baseline_unoptimized,0.0003,6,19,16384,1,0.8893333333333333,0.8863100693742845,0.7591860050590518,119.85299038747326,1.0646558590233326,120.91764624649659
UNSW_NB15,6q_5k,QVE,linear,0,L0,baseline_unoptimized,0.0003,6,20,17408,2,0.8566666666666667,0.8484496272823044,0.6929236086023102,124.54523746296763,0.7394953747279942,125.28473283769563
UNSW_NB15,6q_5k,QVE,linear,0,L0,baseline_unoptimized,0.0003,6,21,18432,0,0.8853333333333333,0.8819547893280087,0.7502884105051628,120.3859373149462,2.033260876312852,122.41919819125906
UNSW_NB15,6q_5k,QVE,linear,0,L0,baseline_unoptimized,0.0003,6,22,19456,1,0.858,0.8577375294472969,0.6912820388210148,127.72383262310177,0.7199272196739912,128.44375984277576
UNSW_NB15,6q_5k,QVE,linear,0,L0,baseline_unoptimized,0.0003,6,23,20480,2,0.868,0.8624769211997378,0.7137937221846082,127.0340824550949,1.8241341980174184,128.85821665311232
UNSW_NB15,6q_5k,QVE,linear,0,L0,baseline_unoptimized,0.0003,6,24,21504,0,0.8893333333333333,0.88520783910997,0.7621942309262802,128.79395626904443,0.9155431371182203,129.70949940616265
UNSW_NB15,6q_5k,QVE,linear,0,L0,baseline_unoptimized,0.0003,6,25,22528,1,0.8833333333333333,0.8783147527115622,0.750493996398067,127.93555465526879,1.2330887168645859,129.16864337213337
UNSW_NB15,6q_5k,QVE,linear,0,L0,baseline_unoptimized,0.0003,6,26,23552,2,0.88,0.8748151460942158,0.7430574130561858,124.23832609411329,2.499328253325075,126.73765434743837
UNSW_NB15,6q_5k,QVE,linear,0,L0,baseline_unoptimized,0.0003,6,27,24576,0,0.864,0.8586235243685287,0.7036172636640416,127.8861532448791,1.244373799301684,129.13052704418078
UNSW_NB15,6q_5k,QVE,linear,0,L0,baseline_unoptimized,0.0003,6,28,25600,1,0.878,0.8740256714947918,0.7342215583966076,122.42808497697115,1.054453405085951,123.4825383820571
UNSW_NB15,6q_5k,QVE,linear,0,L0,baseline_unoptimized,0.0003,6,29,26624,2,0.8866666666666667,0.8819246293129062,0.757852084393738,115.31068530119956,1.2882099901326,116.59889529133216
UNSW_NB15,6q_5k,QVE,linear,0,L0,baseline_unoptimized,0.0005,6,0,42,0,0.872,0.867060280800454,0.7224541875758963,125.95355933485553,2.266050391830504,128.21960972668603
UNSW_NB15,6q_5k,QVE,linear,0,L0,baseline_unoptimized,0.0005,6,1,123,1,0.8806666666666667,0.8768812735334068,0.7404655222027912,127.2681538593024,1.248119401279837,128.51627326058224
UNSW_NB15,6q_5k,QVE,linear,0,L0,baseline_unoptimized,0.0005,6,2,456,2,0.854,0.8454985564901294,0.6868262677734966,106.23158385232091,2.8108543595299125,109.04243821185082
UNSW_NB15,6q_5k,QVE,linear,0,L0,baseline_unoptimized,0.0005,6,3,789,0,0.878,0.8734972172314571,0.7355686002760147,129.89744405355304,1.1751054301857948,131.07254948373884
UNSW_NB15,6q_5k,QVE,linear,0,L0,baseline_unoptimized,0.0005,6,4,1024,1,0.8886666666666667,0.8839648814047301,0.7627501381449011,126.23207131680101,2.345200809184462,128.57727212598547
UNSW_NB15,6q_5k,QVE,linear,0,L0,baseline_unoptimized,0.0005,6,5,2048,2,0.8786666666666667,0.8785175658930305,0.736292840884788,126.31527667911723,1.7579890280030668,128.0732657071203
UNSW_NB15,6q_5k,QVE,linear,0,L0,baseline_unoptimized,0.0005,6,6,3072,0,0.8973333333333333,0.8965123552347719,0.7751846029380327,127.09998385841027,1.915547413751483,129.01553127216175
UNSW_NB15,6q_5k,QVE,linear,0,L0,baseline_unoptimized,0.0005,6,7,4096,1,0.886,0.8822056413975347,0.7529765221144666,129.59027429204434,1.1508908327668905,130.74116512481123
UNSW_NB15,6q_5k,QVE,linear,0,L0,baseline_unoptimized,0.0005,6,8,5120,2,0.8673333333333333,0.8614157980049897,0.7132270730434279,129.50144399376586,1.1234338958747685,130.62487788964063
UNSW_NB15,6q_5k,QVE,linear,0,L0,baseline_unoptimized,0.0005,6,9,6144,0,0.8906666666666667,0.885681325645421,0.7694741898429098,129.14454029267654,0.9037339170463383,130.04827420972288
UNSW_NB15,6q_5k,QVE,linear,0,L0,baseline_unoptimized,0.0005,6,10,7168,1,0.88,0.8760674661079817,0.7392310548277394,115.09322321088985,2.6567385070957243,117.74996171798557
UNSW_NB15,6q_5k,QVE,linear,0,L0,baseline_unoptimized,0.0005,6,11,8192,2,0.876,0.8710032497075263,0.7320862990942013,128.85140706738457,0.9121315898373723,129.76353865722194
UNSW_NB15,6q_5k,QVE,linear,0,L0,baseline_unoptimized,0.0005,6,12,9216,0,0.858,0.853374142231643,0.6879079119395944,121.95394222997129,1.8501480924896896,123.80409032246098
UNSW_NB15,6q_5k,QVE,linear,0,L0,baseline_unoptimized,0.0005,6,13,10240,1,0.888,0.8840089413652776,0.7587683292084267,126.53915154468268,1.9988121893256903,128.53796373400837
UNSW_NB15,6q_5k,QVE,linear,0,L0,baseline_unoptimized,0.0005,6,14,11264,2,0.892,0.8885364700709063,0.7667624979765906,129.1198009350337,0.540804938878864,129.66060587391257
UNSW_NB15,6q_5k,QVE,linear,0,L0,baseline_unoptimized,0.0005,6,15,12288,0,0.888,0.8836571470919425,0.7596786162788212,126.68903311342001,1.194382210727781,127.88341532414779
UNSW_NB15,6q_5k,QVE,linear,0,L0,baseline_unoptimized,0.0005,6,16,13312,1,0.8633333333333333,0.8631379416736558,0.7030953572768801,109.07721556862816,2.182465999852866,111.25968156848103
UNSW_NB15,6q_5k,QVE,linear,0,L0,baseline_unoptimized,0.0005,6,17,14336,2,0.8793333333333333,0.8749009716229639,0.7389635130722798,127.9624008894898,1.017181362491101,128.9795822519809
UNSW_NB15,6q_5k,QVE,linear,0,L0,baseline_unoptimized,0.0005,6,18,15360,0,0.884,0.8799309910013183,0.7489342998396776,125.78309315722436,2.461223447229713,128.24431660445407
UNSW_NB15,6q_5k,QVE,linear,0,L0,baseline_unoptimized,0.0005,6,19,16384,1,0.8893333333333333,0.8863100693742845,0.7591860050590518,128.32183008408174,1.1237994590774179,129.44562954315916
UNSW_NB15,6q_5k,QVE,linear,0,L0,baseline_unoptimized,0.0005,6,20,17408,2,0.8566666666666667,0.8484496272823044,0.6929236086023102,118.94666405487806,0.8745949161238968,119.82125897100195
UNSW_NB15,6q_5k,QVE,linear,0,L0,baseline_unoptimized,0.0005,6,21,18432,0,0.8853333333333333,0.8819547893280087,0.7502884105051628,122.94865548424423,1.7088676784187555,124.65752316266298
UNSW_NB15,6q_5k,QVE,linear,0,L0,baseline_unoptimized,0.0005,6,22,19456,1,0.8873333333333333,0.8858342219114159,0.7528643396329925,115.22515052789822,2.214324455242604,117.43947498314083
UNSW_NB15,6q_5k,QVE,linear,0,L0,baseline_unoptimized,0.0005,6,23,20480,2,0.8813333333333333,0.8773414215686274,0.7422645365494897,126.74787078797817,1.3263452067039907,128.07421599468216
UNSW_NB15,6q_5k,QVE,linear,0,L0,baseline_unoptimized,0.0005,6,24,21504,0,0.8893333333333333,0.88520783910997,0.7621942309262802,125.93837385671213,1.0284406687133014,126.96681452542543
UNSW_NB15,6q_5k,QVE,linear,0,L0,baseline_unoptimized,0.0005,6,25,22528,1,0.8833333333333333,0.8783147527115622,0.750493996398067,129.22967558540404,0.6230201688595116,129.85269575426355
UNSW_NB15,6q_5k,QVE,linear,0,L0,baseline_unoptimized,0.0005,6,26,23552,2,0.88,0.8748151460942158,0.7430574130561858,123.18397620413452,2.1031438219361007,125.28712002607062
UNSW_NB15,6q_5k,QVE,linear,0,L0,baseline_unoptimized,0.0005,6,27,24576,0,0.8873333333333333,0.8856420264676679,0.7526266031948299,116.57801487669349,2.4715849361382425,119.04959981283173
UNSW_NB15,6q_5k,QVE,linear,0,L0,baseline_unoptimized,0.0005,6,28,25600,1,0.8833333333333333,0.8802456681909222,0.7449710055833444,125.66398421768099,1.7514653564430773,127.41544957412407
UNSW_NB15,6q_5k,QVE,linear,0,L0,baseline_unoptimized,0.0005,6,29,26624,2,0.8866666666666667,0.8819246293129062,0.757852084393738,127.58216367382556,0.9711823710240424,128.5533460448496
UNSW_NB15,6q_5k,QVE,linear,0,L0,baseline_unoptimized,0.001,6,0,42,0,0.8893333333333333,0.8878903981289283,0.7573193234491041,126.03379825409502,1.9604487339966,127.99424698809162
UNSW_NB15,6q_5k,QVE,linear,0,L0,baseline_unoptimized,0.001,6,1,123,1,0.8806666666666667,0.8768812735334068,0.7404655222027912,130.09392869053409,1.035647694952786,131.12957638548687
UNSW_NB15,6q_5k,QVE,linear,0,L0,baseline_unoptimized,0.001,6,2,456,2,0.8793333333333333,0.8735587313493692,0.7432013025543047,129.35802684770897,1.1997834853827953,130.55781033309177
UNSW_NB15,6q_5k,QVE,linear,0,L0,baseline_unoptimized,0.001,6,3,789,0,0.8646666666666667,0.8583014609790514,0.707820988353802,128.54488205583766,1.1547558861784637,129.69963794201612
UNSW_NB15,6q_5k,QVE,linear,0,L0,baseline_unoptimized,0.001,6,4,1024,1,0.888,0.8832261975750348,0.7613541241752371,127.74163235491142,1.7495718533173203,129.49120420822874
UNSW_NB15,6q_5k,QVE,linear,0,L0,baseline_unoptimized,0.001,6,5,2048,2,0.8793333333333333,0.879210107234373,0.7378393272299261,126.51818752801046,2.4645059145987034,128.98269344260916
UNSW_NB15,6q_5k,QVE,linear,0,L0,baseline_unoptimized,0.001,6,6,3072,0,0.898,0.8971594757645102,0.7766237156424447,123.56923405919224,3.041414726059884,126.61064878525212
UNSW_NB15,6q_5k,QVE,linear,0,L0,baseline_unoptimized,0.001,6,7,4096,1,0.886,0.8822056413975347,0.7529765221144666,127.39127598982304,1.1670350162312388,128.55831100605428
UNSW_NB15,6q_5k,QVE,linear,0,L0,baseline_unoptimized,0.001,6,8,5120,2,0.89,0.8863387767870949,0.7622526783494511,127.8652136460878,0.8516466580331326,128.71686030412093
UNSW_NB15,6q_5k,QVE,linear,0,L0,baseline_unoptimized,0.001,6,9,6144,0,0.868,0.8609894131881427,0.7189032820072364,110.2254805448465,2.964677337091416,113.19015788193792
UNSW_NB15,6q_5k,QVE,linear,0,L0,baseline_unoptimized,0.001,6,10,7168,1,0.8853333333333333,0.8819711822961326,0.7505458707861054,129.81109076505527,1.1474309912882745,130.95852175634354
UNSW_NB15,6q_5k,QVE,linear,0,L0,baseline_unoptimized,0.001,6,11,8192,2,0.8786666666666667,0.8741435344458708,0.7372540683244948,129.26414290303364,1.1055299518629909,130.36967285489663
UNSW_NB15,6q_5k,QVE,linear,0,L0,baseline_unoptimized,0.001,6,12,9216,0,0.87,0.8640969688023497,0.719876920662104,116.60023283911869,2.349554044660181,118.94978688377887
UNSW_NB15,6q_5k,QVE,linear,0,L0,baseline_unoptimized,0.001,6,13,10240,1,0.888,0.8840089413652776,0.7587683292084267,127.3993468619883,1.5702880071476102,128.96963486913592
UNSW_NB15,6q_5k,QVE,linear,0,L0,baseline_unoptimized,0.001,6,14,11264,2,0.892,0.8885364700709063,0.7667624979765906,127.5916922101751,1.3822846850380301,128.97397689521313
UNSW_NB15,6q_5k,QVE,linear,0,L0,baseline_unoptimized,0.001,6,15,12288,0,0.886,0.8832036927146798,0.7506600726734505,125.24377663154155,1.44050718145445,126.684283812996
UNSW_NB15,6q_5k,QVE,linear,0,L0,baseline_unoptimized,0.001,6,16,13312,1,0.8633333333333333,0.8631379416736558,0.7030953572768801,124.60869769658893,2.376393521670252,126.98509121825919
UNSW_NB15,6q_5k,QVE,linear,0,L0,baseline_unoptimized,0.001,6,17,14336,2,0.8793333333333333,0.8749009716229639,0.7389635130722798,128.13592462986708,0.5180572462268174,128.6539818760939
UNSW_NB15,6q_5k,QVE,linear,0,L0,baseline_unoptimized,0.001,6,18,15360,0,0.884,0.8799309910013183,0.7489342998396776,127.98713910998777,0.7842762740328908,128.77141538402066
UNSW_NB15,6q_5k,QVE,linear,0,L0,baseline_unoptimized,0.001,6,19,16384,1,0.8893333333333333,0.8863100693742845,0.7591860050590518,115.21768869366497,1.8140702098608017,117.03175890352577
UNSW_NB15,6q_5k,QVE,linear,0,L0,baseline_unoptimized,0.001,6,20,17408,2,0.886,0.8815365079365081,0.7551407147084368,122.9641044428572,0.7786153182387352,123.74271976109594
UNSW_NB15,6q_5k,QVE,linear,0,L0,baseline_unoptimized,0.001,6,21,18432,0,0.864,0.8583095551754875,0.7043526445683661,127.1714653428644,1.5914634712971747,128.76292881416157
UNSW_NB15,6q_5k,QVE,linear,0,L0,baseline_unoptimized,0.001,6,22,19456,1,0.888,0.8864796980631248,0.754343336381903,127.32210997864604,0.5640555899590254,127.88616556860507
UNSW_NB15,6q_5k,QVE,linear,0,L0,baseline_unoptimized,0.001,6,23,20480,2,0.868,0.8624769211997378,0.7137937221846082,114.11620027991012,2.2830101675353944,116.39921044744551
UNSW_NB15,6q_5k,QVE,linear,0,L0,baseline_unoptimized,0.001,6,24,21504,0,0.8893333333333333,0.88520783910997,0.7621942309262802,125.50874745938927,1.8777103209868073,127.38645778037608
UNSW_NB15,6q_5k,QVE,linear,0,L0,baseline_unoptimized,0.001,6,25,22528,1,0.8713333333333333,0.864961825884817,0.7248217337910803,106.32996584894136,1.8767452188767493,108.2067110678181
UNSW_NB15,6q_5k,QVE,linear,0,L0,baseline_unoptimized,0.001,6,26,23552,2,0.88,0.8748151460942158,0.7430574130561858,126.1497959359549,1.3485974101349711,127.49839334608987
UNSW_NB15,6q_5k,QVE,linear,0,L0,baseline_unoptimized,0.001,6,27,24576,0,0.8873333333333333,0.8856420264676679,0.7526266031948299,117.82989324396476,2.853903799317777,120.68379704328254
UNSW_NB15,6q_5k,QVE,linear,0,L0,baseline_unoptimized,0.001,6,28,25600,1,0.8833333333333333,0.8802456681909222,0.7449710055833444,128.35125556308776,1.0368719398975372,129.3881275029853
UNSW_NB15,6q_5k,QVE,linear,0,L0,baseline_unoptimized,0.001,6,29,26624,2,0.8866666666666667,0.8819246293129062,0.757852084393738,127.88883067993447,0.9890599586069584,128.87789063854143
UNSW_NB15,6q_5k,QVE,linear,0,L0,baseline_unoptimized,0.002,6,0,42,0,0.8726666666666667,0.8678952909244027,0.7236431879917209,115.20544978789985,1.807563693728298,117.01301348162815
UNSW_NB15,6q_5k,QVE,linear,0,L0,baseline_unoptimized,0.002,6,1,123,1,0.8806666666666667,0.8768812735334068,0.7404655222027912,124.78071147110313,1.935892857145518,126.71660432824865
UNSW_NB15,6q_5k,QVE,linear,0,L0,baseline_unoptimized,0.002,6,2,456,2,0.8793333333333333,0.8735587313493692,0.7432013025543047,127.15624846611172,1.1415590308606625,128.29780749697238
UNSW_NB15,6q_5k,QVE,linear,0,L0,baseline_unoptimized,0.002,6,3,789,0,0.878,0.8734972172314571,0.7355686002760147,127.32627771096304,1.3442628369666636,128.6705405479297
UNSW_NB15,6q_5k,QVE,linear,0,L0,baseline_unoptimized,0.002,6,4,1024,1,0.86,0.853242292459586,0.6971530546550596,124.2863402897492,2.1062688534148037,126.39260914316401
UNSW_NB15,6q_5k,QVE,linear,0,L0,baseline_unoptimized,0.002,6,5,2048,2,0.88,0.8760484678836004,0.7389565224088758,104.3673336035572,2.6385539127513766,107.00588751630858
UNSW_NB15,6q_5k,QVE,linear,0,L0,baseline_unoptimized,0.002,6,6,3072,0,0.898,0.8971594757645102,0.7766237156424447,129.00339040067047,0.9294098331592977,129.93280023382977
UNSW_NB15,6q_5k,QVE,linear,0,L0,baseline_unoptimized,0.002,6,7,4096,1,0.8813333333333333,0.8769973684786414,0.7432261059645334,118.51988969184458,2.1842058557085693,120.70409554755315
UNSW_NB15,6q_5k,QVE,linear,0,L0,baseline_unoptimized,0.002,6,8,5120,2,0.8673333333333333,0.8614157980049897,0.7132270730434279,126.82470504613593,2.098183883819729,128.92288892995566
UNSW_NB15,6q_5k,QVE,linear,0,L0,baseline_unoptimized,0.002,6,9,6144,0,0.892,0.8871621852715816,0.7722310555976014,126.98300628224388,2.1821655961684883,129.16517187841237
UNSW_NB15,6q_5k,QVE,linear,0,L0,baseline_unoptimized,0.002,6,10,7168,1,0.88,0.8760674661079817,0.7392310548277394,118.41403996804729,2.385351029690355,120.79939099773765
UNSW_NB15,6q_5k,QVE,linear,0,L0,baseline_unoptimized,0.002,6,11,8192,2,0.8786666666666667,0.8741435344458708,0.7372540683244948,127.7075035199523,0.23686121217906475,127.94436473213136
UNSW_NB15,6q_5k,QVE,linear,0,L0,baseline_unoptimized,0.002,6,12,9216,0,0.8573333333333333,0.8525340686274511,0.6865670022565045,126.42942620674148,1.2094589858315885,127.63888519257307
UNSW_NB15,6q_5k,QVE,linear,0,L0,baseline_unoptimized,0.002,6,13,10240,1,0.888,0.8840089413652776,0.7587683292084267,126.55905226618052,0.7462964742444456,127.30534874042496
UNSW_NB15,6q_5k,QVE,linear,0,L0,baseline_unoptimized,0.002,6,14,11264,2,0.89,0.8862782607009312,0.7627538759789526,109.47845752956346,2.356856591068208,111.83531412063166
UNSW_NB15,6q_5k,QVE,linear,0,L0,baseline_unoptimized,0.002,6,15,12288,0,0.8873333333333333,0.8844248822277511,0.753970351554941,128.5692027611658,0.9069453319534659,129.47614809311926
UNSW_NB15,6q_5k,QVE,linear,0,L0,baseline_unoptimized,0.002,6,16,13312,1,0.8686666666666667,0.865544025313603,0.7113951502437323,125.02747080707923,2.224715167656541,127.25218597473577
UNSW_NB15,6q_5k,QVE,linear,0,L0,baseline_unoptimized,0.002,6,17,14336,2,0.8613333333333333,0.8545563180570895,0.7010111567483815,118.77090701181442,1.8111271280795336,120.58203413989395
UNSW_NB15,6q_5k,QVE,linear,0,L0,baseline_unoptimized,0.002,6,18,15360,0,0.884,0.8799309910013183,0.7489342998396776,105.01974673895165,2.904482095502317,107.92422883445397
UNSW_NB15,6q_5k,QVE,linear,0,L0,baseline_unoptimized,0.002,6,19,16384,1,0.89,0.8870311248036618,0.7606261316199476,128.75340914912522,0.6847396427765489,129.43814879190177
UNSW_NB15,6q_5k,QVE,linear,0,L0,baseline_unoptimized,0.002,6,20,17408,2,0.886,0.8815365079365081,0.7551407147084368,128.80637267278507,0.6483809119090438,129.45475358469412
UNSW_NB15,6q_5k,QVE,linear,0,L0,baseline_unoptimized,0.002,6,21,18432,0,0.8853333333333333,0.8819547893280087,0.7502884105051628,126.80174778681248,0.9218387380242348,127.72358652483672
UNSW_NB15,6q_5k,QVE,linear,0,L0,baseline_unoptimized,0.002,6,22,19456,1,0.8566666666666667,0.8563410652210467,0.6881607149160819,109.5239010755904,3.027205102145672,112.55110617773607
UNSW_NB15,6q_5k,QVE,linear,0,L0,baseline_unoptimized,0.002,6,23,20480,2,0.868,0.8624769211997378,0.7137937221846082,126.55263821501285,1.1791590433567762,127.73179725836962
UNSW_NB15,6q_5k,QVE,linear,0,L0,baseline_unoptimized,0.002,6,24,21504,0,0.8893333333333333,0.88520783910997,0.7621942309262802,121.92589502036572,2.5568661368452013,124.48276115721092
UNSW_NB15,6q_5k,QVE,linear,0,L0,baseline_unoptimized,0.002,6,25,22528,1,0.8713333333333333,0.864961825884817,0.7248217337910803,126.3619135809131,1.0592469605617225,127.42116054147482
UNSW_NB15,6q_5k,QVE,linear,0,L0,baseline_unoptimized,0.002,6,26,23552,2,0.874,0.8682038109959723,0.7300341782166169,126.70109336124733,1.2197050405666232,127.92079840181395
UNSW_NB15,6q_5k,QVE,linear,0,L0,baseline_unoptimized,0.002,6,27,24576,0,0.8873333333333333,0.8856420264676679,0.7526266031948299,126.71642009261996,1.5959606617689133,128.31238075438887
UNSW_NB15,6q_5k,QVE,linear,0,L0,baseline_unoptimized,0.002,6,28,25600,1,0.8813333333333333,0.8779967223914125,0.7407584568017148,127.78605855396017,1.1213420848362148,128.9074006387964
UNSW_NB15,6q_5k,QVE,linear,0,L0,baseline_unoptimized,0.002,6,29,26624,2,0.8866666666666667,0.8819246293129062,0.757852084393738,123.58307616319507,1.970430975779891,125.55350713897496
UNSW_NB15,6q_5k,QVE,linear,0,L0,baseline_unoptimized,0.005,6,0,42,0,0.8733333333333333,0.8685398373983741,0.7253245169882508,113.70127685926855,1.4483559089712799,115.14963276823983
UNSW_NB15,6q_5k,QVE,linear,0,L0,baseline_unoptimized,0.005,6,1,123,1,0.874,0.8705992884114673,0.724024524482203,126.41541881114244,1.6026740446686745,128.01809285581112
UNSW_NB15,6q_5k,QVE,linear,0,L0,baseline_unoptimized,0.005,6,2,456,2,0.8793333333333333,0.8735587313493692,0.7432013025543047,127.07750975480303,1.4336108616553247,128.51112061645836
UNSW_NB15,6q_5k,QVE,linear,0,L0,baseline_unoptimized,0.005,6,3,789,0,0.8646666666666667,0.8583014609790514,0.707820988353802,123.64393958961591,2.3223549076355994,125.96629449725151
UNSW_NB15,6q_5k,QVE,linear,0,L0,baseline_unoptimized,0.005,6,4,1024,1,0.8846666666666667,0.8795222766576041,0.7543735714439097,127.19376098923385,1.0783538897521794,128.27211487898603
UNSW_NB15,6q_5k,QVE,linear,0,L0,baseline_unoptimized,0.005,6,5,2048,2,0.8713333333333333,0.8715607389507017,0.722069507845209,124.12501664459705,1.367987705860287,125.49300435045734
UNSW_NB15,6q_5k,QVE,linear,0,L0,baseline_unoptimized,0.005,6,6,3072,0,0.8973333333333333,0.8965123552347719,0.7751846029380327,126.33433949295431,0.9968759031035006,127.33121539605781
UNSW_NB15,6q_5k,QVE,linear,0,L0,baseline_unoptimized,0.005,6,7,4096,1,0.886,0.8822056413975347,0.7529765221144666,122.35638484917581,3.030347738415003,125.38673258759081
UNSW_NB15,6q_5k,QVE,linear,0,L0,baseline_unoptimized,0.005,6,8,5120,2,0.8906666666666667,0.8869887254901961,0.7639246887745395,125.92985962983221,1.5641639279201627,127.49402355775237
UNSW_NB15,6q_5k,QVE,linear,0,L0,baseline_unoptimized,0.005,6,9,6144,0,0.89,0.8849398349964838,0.7680957783738934,127.27443430898711,1.0187113503925502,128.29314565937966
UNSW_NB15,6q_5k,QVE,linear,0,L0,baseline_unoptimized,0.005,6,10,7168,1,0.88,0.8760674661079817,0.7392310548277394,113.43439241824672,1.6456217356026173,115.08001415384933
UNSW_NB15,6q_5k,QVE,linear,0,L0,baseline_unoptimized,0.005,6,11,8192,2,0.876,0.8710032497075263,0.7320862990942013,126.59737836336717,1.3923988253809512,127.98977718874812
UNSW_NB15,6q_5k,QVE,linear,0,L0,baseline_unoptimized,0.005,6,12,9216,0,0.8673333333333333,0.8610935504178878,0.7141833098253604,128.09848615759984,1.067275212612003,129.16576137021184
UNSW_NB15,6q_5k,QVE,linear,0,L0,baseline_unoptimized,0.005,6,13,10240,1,0.8886666666666667,0.884739779178181,0.7601840323995658,118.05718488572165,2.6474209558218718,120.70460584154353
UNSW_NB15,6q_5k,QVE,linear,0,L0,baseline_unoptimized,0.005,6,14,11264,2,0.8886666666666667,0.8848201211282712,0.7599178442955872,127.79861069004983,0.9030615156516433,128.70167220570147
UNSW_NB15,6q_5k,QVE,linear,0,L0,baseline_unoptimized,0.005,6,15,12288,0,0.888,0.8850723771191658,0.7555673010417887,128.03213926916942,1.0580272139050066,129.09016648307443
UNSW_NB15,6q_5k,QVE,linear,0,L0,baseline_unoptimized,0.005,6,16,13312,1,0.8633333333333333,0.8630228761409979,0.7026707918967526,102.13090436300263,2.6067803162150085,104.73768467921764
UNSW_NB15,6q_5k,QVE,linear,0,L0,baseline_unoptimized,0.005,6,17,14336,2,0.8786666666666667,0.8740750021394952,0.737799140629353,127.54607659205794,1.1244650552980602,128.670541647356
UNSW_NB15,6q_5k,QVE,linear,0,L0,baseline_unoptimized,0.005,6,18,15360,0,0.884,0.8799309910013183,0.7489342998396776,127.87313616881147,1.344503954052925,129.2176401228644
UNSW_NB15,6q_5k,QVE,linear,0,L0,baseline_unoptimized,0.005,6,19,16384,1,0.888,0.8850867208672086,0.7558146181246039,127.72457459988073,1.4988634930923581,129.22343809297308
UNSW_NB15,6q_5k,QVE,linear,0,L0,baseline_unoptimized,0.005,6,20,17408,2,0.8853333333333333,0.8808870791655603,0.7534243157290429,127.77344398666173,1.3862640648148954,129.15970805147663
UNSW_NB15,6q_5k,QVE,linear,0,L0,baseline_unoptimized,0.005,6,21,18432,0,0.8853333333333333,0.8819547893280087,0.7502884105051628,126.98161066696048,1.12085964018479,128.10247030714527
UNSW_NB15,6q_5k,QVE,linear,0,L0,baseline_unoptimized,0.005,6,22,19456,1,0.8866666666666667,0.8852490923726446,0.7514094654446156,127.17321790615097,1.6955676330253482,128.86878553917632
UNSW_NB15,6q_5k,QVE,linear,0,L0,baseline_unoptimized,0.005,6,23,20480,2,0.8813333333333333,0.8773414215686274,0.7422645365494897,122.66847048094496,3.100683711003512,125.76915419194847
UNSW_NB15,6q_5k,QVE,linear,0,L0,baseline_unoptimized,0.005,6,24,21504,0,0.8886666666666667,0.8844749050254684,0.7607835615574164,125.44052488543093,1.0302379159256816,126.47076280135661
UNSW_NB15,6q_5k,QVE,linear,0,L0,baseline_unoptimized,0.005,6,25,22528,1,0.8833333333333333,0.8783147527115622,0.750493996398067,126.52287578256801,1.598857656121254,128.12173343868926
UNSW_NB15,6q_5k,QVE,linear,0,L0,baseline_unoptimized,0.005,6,26,23552,2,0.8733333333333333,0.8674551213775351,0.7286236107530034,128.75728795630857,0.7817317354492843,129.53901969175786
UNSW_NB15,6q_5k,QVE,linear,0,L0,baseline_unoptimized,0.005,6,27,24576,0,0.864,0.8586235243685287,0.7036172636640416,114.27521375892684,2.23385062860325,116.50906438753009
UNSW_NB15,6q_5k,QVE,linear,0,L0,baseline_unoptimized,0.005,6,28,25600,1,0.88,0.8764643144130323,0.738016396942901,126.78309634560719,1.705562842078507,128.4886591876857
UNSW_NB15,6q_5k,QVE,linear,0,L0,baseline_unoptimized,0.005,6,29,26624,2,0.8873333333333333,0.8825752392658645,0.759600568665907,128.08790540043265,1.1047221217304468,129.1926275221631
UNSW_NB15,6q_5k,QVE,linear,0,L0,baseline_unoptimized,0.008,6,0,42,0,0.8733333333333333,0.868445069542116,0.7255776564570078,129.4666841737926,0.9746250407770276,130.44130921456963
UNSW_NB15,6q_5k,QVE,linear,0,L0,baseline_unoptimized,0.008,6,1,123,1,0.88,0.8762351142057657,0.7388281456570018,118.51259977929294,2.18726255511865,120.69986233441159
UNSW_NB15,6q_5k,QVE,linear,0,L0,baseline_unoptimized,0.008,6,2,456,2,0.854,0.8454985564901294,0.6868262677734966,129.72852713102475,0.6794914123602211,130.40801854338497
UNSW_NB15,6q_5k,QVE,linear,0,L0,baseline_unoptimized,0.008,6,3,789,0,0.878,0.8734972172314571,0.7355686002760147,121.39240206824616,1.3665266754105687,122.75892874365672
UNSW_NB15,6q_5k,QVE,linear,0,L0,baseline_unoptimized,0.008,6,4,1024,1,0.8586666666666667,0.8513688827534891,0.6952921740187807,127.81976175727323,1.426015425939113,129.24577718321234
UNSW_NB15,6q_5k,QVE,linear,0,L0,baseline_unoptimized,0.008,6,5,2048,2,0.8673333333333333,0.8680011838463467,0.7159565379699728,127.3897325382568,1.7657636431977153,129.1554961814545
UNSW_NB15,6q_5k,QVE,linear,0,L0,baseline_unoptimized,0.008,6,6,3072,0,0.8973333333333333,0.8965620646143578,0.7752507246559679,116.44814625615254,2.466935650911182,118.91508190706372
UNSW_NB15,6q_5k,QVE,linear,0,L0,baseline_unoptimized,0.008,6,7,4096,1,0.8853333333333333,0.8815574248665515,0.7513157560981408,121.04558567516506,1.7362082968465984,122.78179397201166
UNSW_NB15,6q_5k,QVE,linear,0,L0,baseline_unoptimized,0.008,6,8,5120,2,0.8913333333333333,0.8876389912255829,0.7656012408474342,126.20965249696746,1.5468464298173785,127.75649892678484
UNSW_NB15,6q_5k,QVE,linear,0,L0,baseline_unoptimized,0.008,6,9,6144,0,0.89,0.8849398349964838,0.7680957783738934,128.08321681292728,1.2021672166883945,129.28538402961567
UNSW_NB15,6q_5k,QVE,linear,0,L0,baseline_unoptimized,0.008,6,10,7168,1,0.88,0.8760674661079817,0.7392310548277394,127.73197953775525,0.9178076684474945,128.64978720620275
UNSW_NB15,6q_5k,QVE,linear,0,L0,baseline_unoptimized,0.008,6,11,8192,2,0.8786666666666667,0.8741435344458708,0.7372540683244948,115.9127108999528,2.3581164213828743,118.27082732133567
UNSW_NB15,6q_5k,QVE,linear,0,L0,baseline_unoptimized,0.008,6,12,9216,0,0.8573333333333333,0.8524319097150513,0.6867121679402025,128.79501448804513,0.9324035840108991,129.72741807205603
UNSW_NB15,6q_5k,QVE,linear,0,L0,baseline_unoptimized,0.008,6,13,10240,1,0.8873333333333333,0.8833594172521714,0.7570818313260306,127.96068073716015,1.190721268299967,129.1514020054601
UNSW_NB15,6q_5k,QVE,linear,0,L0,baseline_unoptimized,0.008,6,14,11264,2,0.8886666666666667,0.884899815376094,0.7596608112916342,120.1772353919223,1.1777368430048227,121.35497223492712
UNSW_NB15,6q_5k,QVE,linear,0,L0,baseline_unoptimized,0.008,6,15,12288,0,0.8893333333333333,0.886295243123191,0.7589405337506834,129.6040483075194,1.0858979942277074,130.6899463017471
UNSW_NB15,6q_5k,QVE,linear,0,L0,baseline_unoptimized,0.008,6,16,13312,1,0.8673333333333333,0.8641789900375991,0.7083648592663266,127.6969017200172,1.98045246116817,129.67735418118536
UNSW_NB15,6q_5k,QVE,linear,0,L0,baseline_unoptimized,0.008,6,17,14336,2,0.8786666666666667,0.8740750021394952,0.737799140629353,115.385950836353,1.175263287499547,116.56121412385255
UNSW_NB15,6q_5k,QVE,linear,0,L0,baseline_unoptimized,0.008,6,18,15360,0,0.8833333333333333,0.8790273935273496,0.7480291768074133,128.2709571919404,1.0743554960936308,129.34531268803403
UNSW_NB15,6q_5k,QVE,linear,0,L0,baseline_unoptimized,0.008,6,19,16384,1,0.886,0.8832894839016555,0.7507889329500064,128.30296119395643,0.9196705627255142,129.22263175668195
UNSW_NB15,6q_5k,QVE,linear,0,L0,baseline_unoptimized,0.008,6,20,17408,2,0.8853333333333333,0.8808870791655603,0.7534243157290429,120.92930688196793,1.625607178080827,122.55491406004876
UNSW_NB15,6q_5k,QVE,linear,0,L0,baseline_unoptimized,0.008,6,21,18432,0,0.8866666666666667,0.8832501481218153,0.7535489259197492,117.87767913704738,1.8107791151851416,119.68845825223252
UNSW_NB15,6q_5k,QVE,linear,0,L0,baseline_unoptimized,0.008,6,22,19456,1,0.8853333333333333,0.8840190498303526,0.7485156905609691,128.64991148514673,0.7381150079891086,129.38802649313584
UNSW_NB15,6q_5k,QVE,linear,0,L0,baseline_unoptimized,0.008,6,23,20480,2,0.8666666666666667,0.8610877991916542,0.7106466963125275,122.22007608180866,1.5188179831020534,123.73889406491071
UNSW_NB15,6q_5k,QVE,linear,0,L0,baseline_unoptimized,0.008,6,24,21504,0,0.888,0.8838248010269578,0.7590767106010571,109.13806943083182,1.0771185141056776,110.2151879449375
UNSW_NB15,6q_5k,QVE,linear,0,L0,baseline_unoptimized,0.008,6,25,22528,1,0.8833333333333333,0.8783147527115622,0.750493996398067,125.79977587517351,2.03697772230953,127.83675359748304
UNSW_NB15,6q_5k,QVE,linear,0,L0,baseline_unoptimized,0.008,6,26,23552,2,0.8786666666666667,0.8732315908606658,0.74059261510278,128.21175398584455,0.8625958361662924,129.07434982201084
UNSW_NB15,6q_5k,QVE,linear,0,L0,baseline_unoptimized,0.008,6,27,24576,0,0.886,0.884225313393937,0.7496551474684509,127.1147106741555,1.2094343146309257,128.32414498878643
UNSW_NB15,6q_5k,QVE,linear,0,L0,baseline_unoptimized,0.008,6,28,25600,1,0.88,0.8764643144130323,0.738016396942901,127.64795530866832,1.7629979029297829,129.4109532115981
UNSW_NB15,6q_5k,QVE,linear,0,L0,baseline_unoptimized,0.008,6,29,26624,2,0.8873333333333333,0.8825752392658645,0.759600568665907,122.61669148504734,1.6541146179661155,124.27080610301346
UNSW_NB15,6q_5k,QVE,linear,0,L0,baseline_unoptimized,0.01,6,0,42,0,0.8733333333333333,0.8685398373983741,0.7253245169882508,127.98967961361632,2.5511827780865133,130.54086239170283
UNSW_NB15,6q_5k,QVE,linear,0,L0,baseline_unoptimized,0.01,6,1,123,1,0.874,0.8705992884114673,0.724024524482203,129.92916135443375,0.7518633347935975,130.68102468922734
UNSW_NB15,6q_5k,QVE,linear,0,L0,baseline_unoptimized,0.01,6,2,456,2,0.854,0.8454985564901294,0.6868262677734966,128.14883036725223,1.5887733809649944,129.73760374821723
UNSW_NB15,6q_5k,QVE,linear,0,L0,baseline_unoptimized,0.01,6,3,789,0,0.878,0.8734972172314571,0.7355686002760147,128.49059075396508,0.8942813291214406,129.38487208308652
UNSW_NB15,6q_5k,QVE,linear,0,L0,baseline_unoptimized,0.01,6,4,1024,1,0.8833333333333333,0.878035741232878,0.7515809941868243,128.44620255287737,1.148404385894537,129.5946069387719
UNSW_NB15,6q_5k,QVE,linear,0,L0,baseline_unoptimized,0.01,6,5,2048,2,0.866,0.8667202883337565,0.7134042556486813,116.3462055916898,2.39418489811942,118.74039048980922
UNSW_NB15,6q_5k,QVE,linear,0,L0,baseline_unoptimized,0.01,6,6,3072,0,0.8973333333333333,0.8965620646143578,0.7752507246559679,115.3239625399001,2.27956963237375,117.60353217227384
UNSW_NB15,6q_5k,QVE,linear,0,L0,baseline_unoptimized,0.01,6,7,4096,1,0.884,0.8802619080615314,0.7480075478943533,126.48826281679794,1.7666019895114005,128.25486480630934
UNSW_NB15,6q_5k,QVE,linear,0,L0,baseline_unoptimized,0.01,6,8,5120,2,0.892,0.8882895765132633,0.7672823630036282,128.66143332235515,0.9991626045666635,129.66059592692181
UNSW_NB15,6q_5k,QVE,linear,0,L0,baseline_unoptimized,0.01,6,9,6144,0,0.868,0.8606434277690278,0.7201941153703858,120.31948156887665,1.9429665110073984,122.26244807988405
UNSW_NB15,6q_5k,QVE,linear,0,L0,baseline_unoptimized,0.01,6,10,7168,1,0.8786666666666667,0.8746904379536259,0.7361447184672767,127.17835627449676,1.0370860327966511,128.21544230729342
UNSW_NB15,6q_5k,QVE,linear,0,L0,baseline_unoptimized,0.01,6,11,8192,2,0.8753333333333333,0.870452204585538,0.7301039994424747,125.18041829811409,2.0145689519122243,127.19498725002632
UNSW_NB15,6q_5k,QVE,linear,0,L0,baseline_unoptimized,0.01,6,12,9216,0,0.8586666666666667,0.8535024838060224,0.6903088405188793,111.55027394229546,1.9497006763704121,113.49997461866587
UNSW_NB15,6q_5k,QVE,linear,0,L0,baseline_unoptimized,0.01,6,13,10240,1,0.8873333333333333,0.8833594172521714,0.7570818313260306,123.91453197598457,2.0372708146460354,125.95180279063061
UNSW_NB15,6q_5k,QVE,linear,0,L0,baseline_unoptimized,0.01,6,14,11264,2,0.8893333333333333,0.8856284060916053,0.7610811062973419,127.36037026299164,0.8885367498733103,128.24890701286495
UNSW_NB15,6q_5k,QVE,linear,0,L0,baseline_unoptimized,0.01,6,15,12288,0,0.8893333333333333,0.8863682090658046,0.7587734180316839,117.69903075881302,2.1657121698372066,119.86474292865023
UNSW_NB15,6q_5k,QVE,linear,0,L0,baseline_unoptimized,0.01,6,16,13312,1,0.868,0.8647361499022063,0.7099860798280264,127.21448541944847,0.5814375123009086,127.79592293174937
UNSW_NB15,6q_5k,QVE,linear,0,L0,baseline_unoptimized,0.01,6,17,14336,2,0.8773333333333333,0.8725994357671019,0.734948063100342,127.20936591690406,0.8928418941795826,128.10220781108364
UNSW_NB15,6q_5k,QVE,linear,0,L0,baseline_unoptimized,0.01,6,18,15360,0,0.884,0.879761472557773,0.7494516666051987,127.21954399906099,1.043442854192108,128.2629868532531
UNSW_NB15,6q_5k,QVE,linear,0,L0,baseline_unoptimized,0.01,6,19,16384,1,0.8846666666666667,0.8809275943866618,0.7499215199113854,124.19713167008013,2.3514972501434386,126.54862892022356
UNSW_NB15,6q_5k,QVE,linear,0,L0,baseline_unoptimized,0.01,6,20,17408,2,0.8853333333333333,0.8808870791655603,0.7534243157290429,124.49696352658793,2.3170720310881734,126.8140355576761
UNSW_NB15,6q_5k,QVE,linear,0,L0,baseline_unoptimized,0.01,6,21,18432,0,0.8873333333333333,0.8838205073033994,0.7553931903696223,126.31617466919124,1.3291845791973174,127.64535924838856
UNSW_NB15,6q_5k,QVE,linear,0,L0,baseline_unoptimized,0.01,6,22,19456,1,0.8866666666666667,0.8854840033861088,0.7515609852569944,109.01055588433519,2.0045858565717936,111.01514174090698
UNSW_NB15,6q_5k,QVE,linear,0,L0,baseline_unoptimized,0.01,6,23,20480,2,0.8666666666666667,0.8610877991916542,0.7106466963125275,125.97389653511345,1.2761499281041324,127.25004646321759
UNSW_NB15,6q_5k,QVE,linear,0,L0,baseline_unoptimized,0.01,6,24,21504,0,0.888,0.8838248010269578,0.7590767106010571,118.40865908376873,2.570658757817,120.97931784158573
UNSW_NB15,6q_5k,QVE,linear,0,L0,baseline_unoptimized,0.01,6,25,22528,1,0.8833333333333333,0.8783147527115622,0.750493996398067,126.49817556887865,1.1896410719491541,127.6878166408278
UNSW_NB15,6q_5k,QVE,linear,0,L0,baseline_unoptimized,0.01,6,26,23552,2,0.8786666666666667,0.8732315908606658,0.74059261510278,122.70220336690545,1.599530313629657,124.30173368053511
UNSW_NB15,6q_5k,QVE,linear,0,L0,baseline_unoptimized,0.01,6,27,24576,0,0.864,0.8586235243685287,0.7036172636640416,128.51229275856167,1.8024000353179872,130.31469279387966
UNSW_NB15,6q_5k,QVE,linear,0,L0,baseline_unoptimized,0.01,6,28,25600,1,0.8813333333333333,0.8777560374451949,0.7412598300364553,128.35749396122992,1.2444081204012036,129.60190208163112
UNSW_NB15,6q_5k,QVE,linear,0,L0,baseline_unoptimized,0.01,6,29,26624,2,0.8866666666666667,0.8818360332604519,0.7582019976899198,123.70211607124656,1.565952594857663,125.26806866610423
UNSW_NB15,6q_5k,QVE,linear,0,L0,baseline_unoptimized,0.02,6,0,42,0,0.8706666666666667,0.865180005473533,0.7206846821275223,125.1097011254169,1.2555535370483994,126.3652546624653
UNSW_NB15,6q_5k,QVE,linear,0,L0,baseline_unoptimized,0.02,6,1,123,1,0.874,0.8704324869932318,0.7242821892855145,123.98511339677498,2.239530529361218,126.2246439261362
UNSW_NB15,6q_5k,QVE,linear,0,L0,baseline_unoptimized,0.02,6,2,456,2,0.872,0.8652809034079452,0.7278265900180865,128.67310096183792,0.8041453049518168,129.47724626678973
UNSW_NB15,6q_5k,QVE,linear,0,L0,baseline_unoptimized,0.02,6,3,789,0,0.876,0.8710032497075263,0.7320862990942013,127.96235648263246,1.0807467768900096,129.04310325952247
UNSW_NB15,6q_5k,QVE,linear,0,L0,baseline_unoptimized,0.02,6,4,1024,1,0.8773333333333333,0.8713102564102564,0.739009997092159,124.96550201112404,1.9684506100602448,126.93395262118429
UNSW_NB15,6q_5k,QVE,linear,0,L0,baseline_unoptimized,0.02,6,5,2048,2,0.8606666666666667,0.8618995359705185,0.705797807948914,110.54145473381504,2.1445477181114256,112.68600245192647
UNSW_NB15,6q_5k,QVE,linear,0,L0,baseline_unoptimized,0.02,6,6,3072,0,0.8906666666666667,0.8901021832253174,0.7610758165825898,127.05749116791412,2.644639477133751,129.70213064504787
UNSW_NB15,6q_5k,QVE,linear,0,L0,baseline_unoptimized,0.02,6,7,4096,1,0.8813333333333333,0.8776744701850286,0.7414436624074431,128.7752830190584,0.9021776034496725,129.67746062250808
UNSW_NB15,6q_5k,QVE,linear,0,L0,baseline_unoptimized,0.02,6,8,5120,2,0.8893333333333333,0.8856105392156861,0.7608303813138181,125.94160650065169,2.3261254355311394,128.26773193618283
UNSW_NB15,6q_5k,QVE,linear,0,L0,baseline_unoptimized,0.02,6,9,6144,0,0.8713333333333333,0.863875602021081,0.7294775721712758,124.12658369028941,2.062465213239193,126.1890489035286
UNSW_NB15,6q_5k,QVE,linear,0,L0,baseline_unoptimized,0.02,6,10,7168,1,0.8786666666666667,0.8744309323278651,0.7368005454768995,128.09892827179283,0.5502637652680278,128.64919203706086
UNSW_NB15,6q_5k,QVE,linear,0,L0,baseline_unoptimized,0.02,6,11,8192,2,0.876,0.871377458279846,0.7310190276740485,112.80026371544227,2.278078442905098,115.07834215834737
UNSW_NB15,6q_5k,QVE,linear,0,L0,baseline_unoptimized,0.02,6,12,9216,0,0.86,0.8540327469687935,0.6951594679835754,108.82314860494807,3.346559289842844,112.16970789479092
UNSW_NB15,6q_5k,QVE,linear,0,L0,baseline_unoptimized,0.02,6,13,10240,1,0.886,0.8820613216343375,0.7537226261816189,128.19215457234532,1.0773088075220585,129.26946337986737
UNSW_NB15,6q_5k,QVE,linear,0,L0,baseline_unoptimized,0.02,6,14,11264,2,0.8866666666666667,0.8824618675595238,0.7562192924515242,126.88275195518509,1.7229639436118305,128.60571589879692
UNSW_NB15,6q_5k,QVE,linear,0,L0,baseline_unoptimized,0.02,6,15,12288,0,0.886,0.8829080618773563,0.7512224280250583,127.21989498101175,0.9052990083582699,128.12519398937002
UNSW_NB15,6q_5k,QVE,linear,0,L0,baseline_unoptimized,0.02,6,16,13312,1,0.8773333333333333,0.8737366136191186,0.7321579505205457,103.01007254095748,1.8619537241756916,104.87202626513317
UNSW_NB15,6q_5k,QVE,linear,0,L0,baseline_unoptimized,0.02,6,17,14336,2,0.8606666666666667,0.8535646539215086,0.7002746537563002,126.95502907689661,1.1328934314660728,128.08792250836268
UNSW_NB15,6q_5k,QVE,linear,0,L0,baseline_unoptimized,0.02,6,18,15360,0,0.8766666666666667,0.8710663550176138,0.7357289574244642,127.56182692572474,0.8904834860004485,128.4523104117252
UNSW_NB15,6q_5k,QVE,linear,0,L0,baseline_unoptimized,0.02,6,19,16384,1,0.8753333333333333,0.8702858060991677,0.7309539861423966,123.85960310790688,1.1347052147611976,124.99430832266808
UNSW_NB15,6q_5k,QVE,linear,0,L0,baseline_unoptimized,0.02,6,20,17408,2,0.858,0.8497314727506738,0.6965970652677611,124.1839860402979,1.3931554853916168,125.57714152568951
UNSW_NB15,6q_5k,QVE,linear,0,L0,baseline_unoptimized,0.02,6,21,18432,0,0.8873333333333333,0.8837421021586824,0.7556094923607214,125.91949769482017,1.5086118248291314,127.4281095196493
UNSW_NB15,6q_5k,QVE,linear,0,L0,baseline_unoptimized,0.02,6,22,19456,1,0.8726666666666667,0.8720417224239719,0.721954332654952,111.46065816143528,2.6134583237580955,114.07411648519337
UNSW_NB15,6q_5k,QVE,linear,0,L0,baseline_unoptimized,0.02,6,23,20480,2,0.8653333333333333,0.8592725988260351,0.7086287547356211,122.94846919178963,2.0274981749244034,124.97596736671403
UNSW_NB15,6q_5k,QVE,linear,0,L0,baseline_unoptimized,0.02,6,24,21504,0,0.8846666666666667,0.8799748633862859,0.7526367297256457,124.01002459786832,1.8686338127590716,125.8786584106274
UNSW_NB15,6q_5k,QVE,linear,0,L0,baseline_unoptimized,0.02,6,25,22528,1,0.878,0.8726555005390169,0.7382066449372644,126.13517894921824,1.4984618658199906,127.63364081503823
UNSW_NB15,6q_5k,QVE,linear,0,L0,baseline_unoptimized,0.02,6,26,23552,2,0.88,0.8743332965378198,0.7448812515615595,118.03736308543012,2.4931746711954474,120.53053775662556
UNSW_NB15,6q_5k,QVE,linear,0,L0,baseline_unoptimized,0.02,6,27,24576,0,0.8646666666666667,0.8589513229051509,0.7060578875230055,122.94046060182154,2.003220391459763,124.9436809932813
UNSW_NB15,6q_5k,QVE,linear,0,L0,baseline_unoptimized,0.02,6,28,25600,1,0.8793333333333333,0.8756543605080996,0.7367390522311351,122.7091513639316,1.9899783255532384,124.69912968948483
UNSW_NB15,6q_5k,QVE,linear,0,L0,baseline_unoptimized,0.02,6,29,26624,2,0.8826666666666667,0.8770999174236168,0.7509659335600456,124.35532394237816,1.743347816169262,126.09867175854743
UNSW_NB15,6q_5k,QVE,linear,0,L0,baseline_unoptimized,0.05,6,0,42,0,0.8666666666666667,0.8589983632742125,0.7178607688408752,125.56945440359414,1.2904603420756757,126.85991474566981
UNSW_NB15,6q_5k,QVE,linear,0,L0,baseline_unoptimized,0.05,6,1,123,1,0.8686666666666667,0.8624109063280148,0.7180256352981973,125.10691333701834,0.7941760034300387,125.90108934044838
UNSW_NB15,6q_5k,QVE,linear,0,L0,baseline_unoptimized,0.05,6,2,456,2,0.8653333333333333,0.8574308174701224,0.7147429081263335,119.72973669366911,2.547325999941677,122.27706269361079
UNSW_NB15,6q_5k,QVE,linear,0,L0,baseline_unoptimized,0.05,6,3,789,0,0.864,0.8552617463710702,0.7144651994553193,114.00710336910561,2.7713566343300045,116.77846000343561
UNSW_NB15,6q_5k,QVE,linear,0,L0,baseline_unoptimized,0.05,6,4,1024,1,0.8646666666666667,0.8559069012034032,0.7163844254586974,124.5603582044132,1.4073537676595151,125.96771197207272
UNSW_NB15,6q_5k,QVE,linear,0,L0,baseline_unoptimized,0.05,6,5,2048,2,0.8726666666666667,0.8674866988831248,0.7243814576141434,126.5901373825036,0.7879418269731104,127.37807920947671
UNSW_NB15,6q_5k,QVE,linear,0,L0,baseline_unoptimized,0.05,6,6,3072,0,0.8826666666666667,0.8769054626532887,0.7517897042712165,114.29984617838636,2.012398713734001,116.31224489212036
UNSW_NB15,6q_5k,QVE,linear,0,L0,baseline_unoptimized,0.05,6,7,4096,1,0.8786666666666667,0.8722975230221147,0.7439152325179483,125.90506498888135,1.0018120328895748,126.90687702177092
UNSW_NB15,6q_5k,QVE,linear,0,L0,baseline_unoptimized,0.05,6,8,5120,2,0.8713333333333333,0.8641863350870483,0.7277463534206912,122.45972314616665,1.6444016289897263,124.10412477515638
UNSW_NB15,6q_5k,QVE,linear,0,L0,baseline_unoptimized,0.05,6,9,6144,0,0.8753333333333333,0.8678812526141187,0.7402774911818096,125.70488216914237,1.2929857312701643,126.99786790041253
UNSW_NB15,6q_5k,QVE,linear,0,L0,baseline_unoptimized,0.05,6,10,7168,1,0.8753333333333333,0.8685497687980179,0.7372914988295071,124.14445160934702,2.054397337138653,126.19884894648567
UNSW_NB15,6q_5k,QVE,linear,0,L0,baseline_unoptimized,0.05,6,11,8192,2,0.8666666666666667,0.8587209170740541,0.718483328659572,123.29301936971024,2.052060083951801,125.34507945366204
UNSW_NB15,6q_5k,QVE,linear,0,L0,baseline_unoptimized,0.05,6,12,9216,0,0.858,0.8503615715947492,0.6945909581765818,117.32899756450206,2.902937136590481,120.23193470109254
UNSW_NB15,6q_5k,QVE,linear,0,L0,baseline_unoptimized,0.05,6,13,10240,1,0.8846666666666667,0.8807644794015823,0.7503816172296792,125.76824466185644,1.1830887026153505,126.9513333644718
UNSW_NB15,6q_5k,QVE,linear,0,L0,baseline_unoptimized,0.05,6,14,11264,2,0.87,0.8626973456928493,0.7252792500734719,120.88817411102355,2.2997598820365965,123.18793399306014
UNSW_NB15,6q_5k,QVE,linear,0,L0,baseline_unoptimized,0.05,6,15,12288,0,0.8666666666666667,0.8590826303444593,0.717076710765542,116.7262455667369,2.873926233034581,119.60017179977149
UNSW_NB15,6q_5k,QVE,linear,0,L0,baseline_unoptimized,0.05,6,16,13312,1,0.8726666666666667,0.8660679797145888,0.7295316527371579,125.13775624101982,1.1320729977451265,126.26982923876494
UNSW_NB15,6q_5k,QVE,linear,0,L0,baseline_unoptimized,0.05,6,17,14336,2,0.8546666666666667,0.8455081669240464,0.6912599533228738,126.25591126456857,0.6874163835309446,126.94332764809951
UNSW_NB15,6q_5k,QVE,linear,0,L0,baseline_unoptimized,0.05,6,18,15360,0,0.8706666666666667,0.8644238320817127,0.72266806676581,125.77025406900793,0.9415954169817269,126.71184948598966
UNSW_NB15,6q_5k,QVE,linear,0,L0,baseline_unoptimized,0.05,6,19,16384,1,0.87,0.8626973456928493,0.7252792500734719,99.15433369996026,1.6300004199147224,100.78433411987498
UNSW_NB15,6q_5k,QVE,linear,0,L0,baseline_unoptimized,0.05,6,20,17408,2,0.8613333333333333,0.8526850347018832,0.7068520818970591,125.69123931229115,1.3443072689697146,127.03554658126086
UNSW_NB15,6q_5k,QVE,linear,0,L0,baseline_unoptimized,0.05,6,21,18432,0,0.8706666666666667,0.8630771217287315,0.7277831633352138,118.98170410096645,2.8379732938483357,121.81967739481479
UNSW_NB15,6q_5k,QVE,linear,0,L0,baseline_unoptimized,0.05,6,22,19456,1,0.872,0.8646384287432439,0.730858428968358,126.74959457991645,0.7598930820822716,127.50948766199872
UNSW_NB15,6q_5k,QVE,linear,0,L0,baseline_unoptimized,0.05,6,23,20480,2,0.8693333333333333,0.8619009777375701,0.7235719904381759,126.23642218206078,1.6653870702721179,127.9018092523329
UNSW_NB15,6q_5k,QVE,linear,0,L0,baseline_unoptimized,0.05,6,24,21504,0,0.8753333333333333,0.8681864200083298,0.7384336973639557,124.25687326211482,1.4045259458944201,125.66139920800924
UNSW_NB15,6q_5k,QVE,linear,0,L0,baseline_unoptimized,0.05,6,25,22528,1,0.8646666666666667,0.8570292592222926,0.7119853579260509,126.21084331860766,0.8315787422470748,127.04242206085473
UNSW_NB15,6q_5k,QVE,linear,0,L0,baseline_unoptimized,0.05,6,26,23552,2,0.8773333333333333,0.8708184445788801,0.7414387622468949,120.13886146154255,2.3650426901876926,122.50390415173024
UNSW_NB15,6q_5k,QVE,linear,0,L0,baseline_unoptimized,0.05,6,27,24576,0,0.8613333333333333,0.8531960892761659,0.7049627167196733,116.92464483110234,2.795955494977534,119.72060032607988
UNSW_NB15,6q_5k,QVE,linear,0,L0,baseline_unoptimized,0.05,6,28,25600,1,0.8753333333333333,0.8685183221297502,0.7369931998167637,125.9389663268812,1.471002025064081,127.40996835194528
UNSW_NB15,6q_5k,QVE,linear,0,L0,baseline_unoptimized,0.05,6,29,26624,2,0.8706666666666667,0.8626004650584873,0.729852248805709,124.38646113779396,2.5355509212240577,126.92201205901802
UNSW_NB15,6q_5k,QVE,linear,3,L3,qiskit_heavy,0.0,6,0,42,0,0.872,0.8671560462130937,0.7222058610779752,260.8996327808127,3.931737767998129,264.8313705488108
UNSW_NB15,6q_5k,QVE,linear,3,L3,qiskit_heavy,0.0,6,1,123,1,0.8746666666666667,0.8712427291708764,0.7256120710259824,244.0248731598258,5.41167660895735,249.43654976878315
UNSW_NB15,6q_5k,QVE,linear,3,L3,qiskit_heavy,0.0,6,2,456,2,0.88,0.874306733728699,0.744598163904904,260.97586135193706,3.2668086076155305,264.2426699595526
UNSW_NB15,6q_5k,QVE,linear,3,L3,qiskit_heavy,0.0,6,3,789,0,0.8653333333333333,0.8591639872631253,0.7089346334795825,249.13534552790225,5.1932679819874465,254.3286135098897
UNSW_NB15,6q_5k,QVE,linear,3,L3,qiskit_heavy,0.0,6,4,1024,1,0.89,0.8854401768427188,0.7655421250529872,262.0378430048004,5.943044494371861,267.98088749917224
UNSW_NB15,6q_5k,QVE,linear,3,L3,qiskit_heavy,0.0,6,5,2048,2,0.8786666666666667,0.8747567084321766,0.7356661237299178,264.7024779487401,4.158276739995927,268.86075468873605
UNSW_NB15,6q_5k,QVE,linear,3,L3,qiskit_heavy,0.0,6,6,3072,0,0.898,0.8971594757645102,0.7766237156424447,246.45865951525047,5.297744096722454,251.75640361197293
UNSW_NB15,6q_5k,QVE,linear,3,L3,qiskit_heavy,0.0,6,7,4096,1,0.8866666666666667,0.8829346641122893,0.754405564520457,263.3843316882849,3.502887963782996,266.88721965206787
UNSW_NB15,6q_5k,QVE,linear,3,L3,qiskit_heavy,0.0,6,8,5120,2,0.89,0.8863387767870949,0.7622526783494511,259.1512885806151,6.270474620163441,265.4217632007785
UNSW_NB15,6q_5k,QVE,linear,3,L3,qiskit_heavy,0.0,6,9,6144,0,0.87,0.8632631206510202,0.7231103597962792,242.62918238900602,4.856348453089595,247.4855308420956
UNSW_NB15,6q_5k,QVE,linear,3,L3,qiskit_heavy,0.0,6,10,7168,1,0.88,0.8760674661079817,0.7392310548277394,260.0142530137673,3.6102374619804323,263.62449047574773
UNSW_NB15,6q_5k,QVE,linear,3,L3,qiskit_heavy,0.0,6,11,8192,2,0.8786666666666667,0.8741435344458708,0.7372540683244948,257.1899294843897,4.874431611504406,262.0643610958941
UNSW_NB15,6q_5k,QVE,linear,3,L3,qiskit_heavy,0.0,6,12,9216,0,0.87,0.8640969688023497,0.719876920662104,241.3173995250836,5.383312121964991,246.7007116470486
UNSW_NB15,6q_5k,QVE,linear,3,L3,qiskit_heavy,0.0,6,13,10240,1,0.884,0.8809071755423187,0.7468257938144375,258.2897712998092,3.681789811234921,261.97156111104414
UNSW_NB15,6q_5k,QVE,linear,3,L3,qiskit_heavy,0.0,6,14,11264,2,0.8926666666666667,0.8891869520014598,0.7684262210886886,255.70355225587264,5.156613137573004,260.86016539344564
UNSW_NB15,6q_5k,QVE,linear,3,L3,qiskit_heavy,0.0,6,15,12288,0,0.878,0.8753880152689721,0.7320266008035783,262.40658484306186,3.8647836185991764,266.27136846166104
UNSW_NB15,6q_5k,QVE,linear,3,L3,qiskit_heavy,0.0,6,16,13312,1,0.8646666666666667,0.8644731812670836,0.7059924894800372,245.14908381924033,5.3638675841502845,250.51295140339062
UNSW_NB15,6q_5k,QVE,linear,3,L3,qiskit_heavy,0.0,6,17,14336,2,0.8833333333333333,0.8793025221404039,0.7475274080676505,262.66063781362027,4.013508119620383,266.67414593324065
UNSW_NB15,6q_5k,QVE,linear,3,L3,qiskit_heavy,0.0,6,18,15360,0,0.8853333333333333,0.8813110945530271,0.7520377473575569,265.34270667890087,3.6161343147978187,268.9588409936987
UNSW_NB15,6q_5k,QVE,linear,3,L3,qiskit_heavy,0.0,6,19,16384,1,0.8846666666666667,0.8809275943866618,0.7499215199113854,263.38403280451894,4.68254390405491,268.06657670857385
UNSW_NB15,6q_5k,QVE,linear,3,L3,qiskit_heavy,0.0,6,20,17408,2,0.8566666666666667,0.8484496272823044,0.6929236086023102,246.44557803869247,4.586866488214582,251.03244452690706
UNSW_NB15,6q_5k,QVE,linear,3,L3,qiskit_heavy,0.0,6,21,18432,0,0.8853333333333333,0.8819547893280087,0.7502884105051628,248.71409450098872,5.030365955550224,253.74446045653895
UNSW_NB15,6q_5k,QVE,linear,3,L3,qiskit_heavy,0.0,6,22,19456,1,0.888,0.8865396800340961,0.7543540022039238,260.65932584088296,7.071595571003854,267.7309214118868
UNSW_NB15,6q_5k,QVE,linear,3,L3,qiskit_heavy,0.0,6,23,20480,2,0.8673333333333333,0.8618339102527336,0.7120857000680451,264.2984178061597,3.8355922154150903,268.1340100215748
UNSW_NB15,6q_5k,QVE,linear,3,L3,qiskit_heavy,0.0,6,24,21504,0,0.8893333333333333,0.88520783910997,0.7621942309262802,246.21805427363142,5.5471282047219574,251.76518247835338
UNSW_NB15,6q_5k,QVE,linear,3,L3,qiskit_heavy,0.0,6,25,22528,1,0.8833333333333333,0.8783147527115622,0.750493996398067,261.5082323504612,5.465037515386939,266.9732698658481
UNSW_NB15,6q_5k,QVE,linear,3,L3,qiskit_heavy,0.0,6,26,23552,2,0.88,0.8748151460942158,0.7430574130561858,260.6105471998453,5.7876475318335,266.3981947316788
UNSW_NB15,6q_5k,QVE,linear,3,L3,qiskit_heavy,0.0,6,27,24576,0,0.864,0.8586235243685287,0.7036172636640416,246.15418497333303,5.143965976778418,251.29815095011145
UNSW_NB15,6q_5k,QVE,linear,3,L3,qiskit_heavy,0.0,6,28,25600,1,0.8766666666666667,0.8727354372742974,0.7309443148158685,261.62831292534247,4.4222203507088125,266.0505332760513
UNSW_NB15,6q_5k,QVE,linear,3,L3,qiskit_heavy,0.0,6,29,26624,2,0.8653333333333333,0.8583797845104,0.711351856455996,260.0084906211123,4.795872540213168,264.80436316132545
UNSW_NB15,6q_5k,QVE,linear,3,L3,qiskit_heavy,0.0003,6,0,42,0,0.872,0.8671560462130937,0.7222058610779752,91.82161742588505,1.799639780074358,93.62125720595941
UNSW_NB15,6q_5k,QVE,linear,3,L3,qiskit_heavy,0.0003,6,1,123,1,0.874,0.8705162373222127,0.7241494079331383,128.05059683928266,0.413914802018553,128.46451164130121
UNSW_NB15,6q_5k,QVE,linear,3,L3,qiskit_heavy,0.0003,6,2,456,2,0.8793333333333333,0.8735587313493692,0.7432013025543047,127.66541234683245,0.16293484112247825,127.82834718795493
UNSW_NB15,6q_5k,QVE,linear,3,L3,qiskit_heavy,0.0003,6,3,789,0,0.8646666666666667,0.8583014609790514,0.707820988353802,123.64003735594451,1.570653174072504,125.21069053001702
UNSW_NB15,6q_5k,QVE,linear,3,L3,qiskit_heavy,0.0003,6,4,1024,1,0.8886666666666667,0.8839648814047301,0.7627501381449011,124.36950172716752,1.473406179342419,125.84290790650994
UNSW_NB15,6q_5k,QVE,linear,3,L3,qiskit_heavy,0.0003,6,5,2048,2,0.8786666666666667,0.8785175658930305,0.736292840884788,118.65578941302374,1.6217931872233748,120.27758260024711
UNSW_NB15,6q_5k,QVE,linear,3,L3,qiskit_heavy,0.0003,6,6,3072,0,0.8973333333333333,0.8965123552347719,0.7751846029380327,123.07282807398587,1.937929536215961,125.01075761020184
UNSW_NB15,6q_5k,QVE,linear,3,L3,qiskit_heavy,0.0003,6,7,4096,1,0.886,0.8822056413975347,0.7529765221144666,122.93173072813079,1.9831656124442816,124.91489634057507
UNSW_NB15,6q_5k,QVE,linear,3,L3,qiskit_heavy,0.0003,6,8,5120,2,0.89,0.8863387767870949,0.7622526783494511,126.60674764402211,1.041047074366361,127.64779471838847
UNSW_NB15,6q_5k,QVE,linear,3,L3,qiskit_heavy,0.0003,6,9,6144,0,0.8693333333333333,0.8625060040434896,0.7217082239151974,122.92925474978983,1.6581566501408815,124.58741139993072
UNSW_NB15,6q_5k,QVE,linear,3,L3,qiskit_heavy,0.0003,6,10,7168,1,0.88,0.8760674661079817,0.7392310548277394,127.17058002436534,0.998601165600121,128.16918118996546
UNSW_NB15,6q_5k,QVE,linear,3,L3,qiskit_heavy,0.0003,6,11,8192,2,0.876,0.8710032497075263,0.7320862990942013,105.00627612369135,1.9611417059786618,106.96741782967001
UNSW_NB15,6q_5k,QVE,linear,3,L3,qiskit_heavy,0.0003,6,12,9216,0,0.87,0.8640969688023497,0.719876920662104,122.14823732012883,1.9426066246815026,124.09084394481033
UNSW_NB15,6q_5k,QVE,linear,3,L3,qiskit_heavy,0.0003,6,13,10240,1,0.888,0.8840089413652776,0.7587683292084267,126.6809712946415,0.7523352107964456,127.43330650543794
UNSW_NB15,6q_5k,QVE,linear,3,L3,qiskit_heavy,0.0003,6,14,11264,2,0.892,0.8885364700709063,0.7667624979765906,109.87186922272667,1.53008585376665,111.40195507649332
UNSW_NB15,6q_5k,QVE,linear,3,L3,qiskit_heavy,0.0003,6,15,12288,0,0.8846666666666667,0.8819108499478014,0.7475061138906087,126.79507205309346,0.5338455396704376,127.3289175927639
UNSW_NB15,6q_5k,QVE,linear,3,L3,qiskit_heavy,0.0003,6,16,13312,1,0.8686666666666667,0.865544025313603,0.7113951502437323,124.71752371173352,1.801366480998695,126.51889019273221
UNSW_NB15,6q_5k,QVE,linear,3,L3,qiskit_heavy,0.0003,6,17,14336,2,0.8793333333333333,0.8749009716229639,0.7389635130722798,124.74813902983442,2.0630474518984556,126.81118648173288
UNSW_NB15,6q_5k,QVE,linear,3,L3,qiskit_heavy,0.0003,6,18,15360,0,0.8846666666666667,0.8805791608528868,0.7506131004107335,126.20115288486704,0.2598761008121073,126.46102898567915
UNSW_NB15,6q_5k,QVE,linear,3,L3,qiskit_heavy,0.0003,6,19,16384,1,0.8893333333333333,0.8863100693742845,0.7591860050590518,120.9370631724596,3.0100494041107595,123.94711257657036
UNSW_NB15,6q_5k,QVE,linear,3,L3,qiskit_heavy,0.0003,6,20,17408,2,0.8566666666666667,0.8484496272823044,0.6929236086023102,125.17351599922404,1.6800603936426342,126.85357639286667
UNSW_NB15,6q_5k,QVE,linear,3,L3,qiskit_heavy,0.0003,6,21,18432,0,0.864,0.8583095551754875,0.7043526445683661,103.8031467939727,1.6302916812710464,105.43343847524375
UNSW_NB15,6q_5k,QVE,linear,3,L3,qiskit_heavy,0.0003,6,22,19456,1,0.888,0.8864796980631248,0.754343336381903,116.56001442158595,1.8915766077116132,118.45159102929756
UNSW_NB15,6q_5k,QVE,linear,3,L3,qiskit_heavy,0.0003,6,23,20480,2,0.8813333333333333,0.8773414215686274,0.7422645365494897,123.96233630692586,0.25775345135480165,124.22008975828066
UNSW_NB15,6q_5k,QVE,linear,3,L3,qiskit_heavy,0.0003,6,24,21504,0,0.8893333333333333,0.88520783910997,0.7621942309262802,128.3803339758888,1.2249493696726859,129.60528334556147
UNSW_NB15,6q_5k,QVE,linear,3,L3,qiskit_heavy,0.0003,6,25,22528,1,0.8833333333333333,0.8783147527115622,0.750493996398067,123.67130201915279,1.9571003499440849,125.62840236909688
UNSW_NB15,6q_5k,QVE,linear,3,L3,qiskit_heavy,0.0003,6,26,23552,2,0.874,0.8682038109959723,0.7300341782166169,127.87447061110288,1.2333025569096208,129.1077731680125
UNSW_NB15,6q_5k,QVE,linear,3,L3,qiskit_heavy,0.0003,6,27,24576,0,0.864,0.8586235243685287,0.7036172636640416,116.1826337678358,1.8262301478534937,118.00886391568929
UNSW_NB15,6q_5k,QVE,linear,3,L3,qiskit_heavy,0.0003,6,28,25600,1,0.8833333333333333,0.8802456681909222,0.7449710055833444,128.23176305694506,0.6906340946443379,128.9223971515894
UNSW_NB15,6q_5k,QVE,linear,3,L3,qiskit_heavy,0.0003,6,29,26624,2,0.8866666666666667,0.8819246293129062,0.757852084393738,128.50565831642598,1.283657191786915,129.7893155082129
UNSW_NB15,6q_5k,QVE,linear,3,L3,qiskit_heavy,0.0005,6,0,42,0,0.8893333333333333,0.8878903981289283,0.7573193234491041,96.9256306020543,1.4178611594252288,98.34349176147953
UNSW_NB15,6q_5k,QVE,linear,3,L3,qiskit_heavy,0.0005,6,1,123,1,0.8806666666666667,0.8768812735334068,0.7404655222027912,118.67488015443087,1.57065822603181,120.24553838046268
UNSW_NB15,6q_5k,QVE,linear,3,L3,qiskit_heavy,0.0005,6,2,456,2,0.854,0.8454985564901294,0.6868262677734966,125.822264845483,0.2518384368158877,126.07410328229889
UNSW_NB15,6q_5k,QVE,linear,3,L3,qiskit_heavy,0.0005,6,3,789,0,0.8646666666666667,0.8583014609790514,0.707820988353802,97.84459148580208,2.4640296143479645,100.30862110015005
UNSW_NB15,6q_5k,QVE,linear,3,L3,qiskit_heavy,0.0005,6,4,1024,1,0.8886666666666667,0.8839648814047301,0.7627501381449011,126.27850349294022,1.170865391381085,127.4493688843213
UNSW_NB15,6q_5k,QVE,linear,3,L3,qiskit_heavy,0.0005,6,5,2048,2,0.8786666666666667,0.8785175658930305,0.736292840884788,125.61934460606426,1.3888190449215472,127.00816365098581
UNSW_NB15,6q_5k,QVE,linear,3,L3,qiskit_heavy,0.0005,6,6,3072,0,0.8973333333333333,0.8965123552347719,0.7751846029380327,119.13630775175989,3.261423086281866,122.39773083804175
UNSW_NB15,6q_5k,QVE,linear,3,L3,qiskit_heavy,0.0005,6,7,4096,1,0.886,0.8822862832000513,0.7527470169794128,122.51147270994261,1.7372522656805813,124.24872497562319
UNSW_NB15,6q_5k,QVE,linear,3,L3,qiskit_heavy,0.0005,6,8,5120,2,0.89,0.8863387767870949,0.7622526783494511,126.77831556694582,1.099420813843608,127.87773638078943
UNSW_NB15,6q_5k,QVE,linear,3,L3,qiskit_heavy,0.0005,6,9,6144,0,0.8693333333333333,0.8625060040434896,0.7217082239151974,121.86465935176238,1.6200429387390614,123.48470229050145
UNSW_NB15,6q_5k,QVE,linear,3,L3,qiskit_heavy,0.0005,6,10,7168,1,0.88,0.8760674661079817,0.7392310548277394,117.34872530493885,2.452651150058955,119.80137645499781
UNSW_NB15,6q_5k,QVE,linear,3,L3,qiskit_heavy,0.0005,6,11,8192,2,0.876,0.8710032497075263,0.7320862990942013,127.7187519799918,0.7007722170092165,128.419524197001
UNSW_NB15,6q_5k,QVE,linear,3,L3,qiskit_heavy,0.0005,6,12,9216,0,0.87,0.8640969688023497,0.719876920662104,123.38496217224747,1.6067052031867206,124.99166737543419
UNSW_NB15,6q_5k,QVE,linear,3,L3,qiskit_heavy,0.0005,6,13,10240,1,0.8846666666666667,0.8816292292051976,0.748276128864876,117.20551760774106,1.8006837479770184,119.00620135571808
UNSW_NB15,6q_5k,QVE,linear,3,L3,qiskit_heavy,0.0005,6,14,11264,2,0.8673333333333333,0.8607942952611791,0.7155507543563332,126.52496565086767,1.2979594133794308,127.8229250642471
UNSW_NB15,6q_5k,QVE,linear,3,L3,qiskit_heavy,0.0005,6,15,12288,0,0.888,0.8836571470919425,0.7596786162788212,128.1229582889937,1.268235971685499,129.39119426067919
UNSW_NB15,6q_5k,QVE,linear,3,L3,qiskit_heavy,0.0005,6,16,13312,1,0.8633333333333333,0.8631379416736558,0.7030953572768801,127.77081818599254,0.8997869566082954,128.67060514260083
UNSW_NB15,6q_5k,QVE,linear,3,L3,qiskit_heavy,0.0005,6,17,14336,2,0.8793333333333333,0.8749009716229639,0.7389635130722798,122.02312397956848,2.257670596241951,124.28079457581043
UNSW_NB15,6q_5k,QVE,linear,3,L3,qiskit_heavy,0.0005,6,18,15360,0,0.884,0.8799309910013183,0.7489342998396776,120.03835350228474,1.2851331811398268,121.32348668342456
UNSW_NB15,6q_5k,QVE,linear,3,L3,qiskit_heavy,0.0005,6,19,16384,1,0.8893333333333333,0.8863100693742845,0.7591860050590518,123.51639269199222,2.1887278868816793,125.7051205788739
UNSW_NB15,6q_5k,QVE,linear,3,L3,qiskit_heavy,0.0005,6,20,17408,2,0.886,0.8815365079365081,0.7551407147084368,128.23594970209524,1.2392580229789019,129.47520772507414
UNSW_NB15,6q_5k,QVE,linear,3,L3,qiskit_heavy,0.0005,6,21,18432,0,0.8853333333333333,0.8819547893280087,0.7502884105051628,123.53125366615131,1.5313132139854133,125.06256688013673
UNSW_NB15,6q_5k,QVE,linear,3,L3,qiskit_heavy,0.0005,6,22,19456,1,0.888,0.8864796980631248,0.754343336381903,127.19955624407157,1.062482273671776,128.26203851774335
UNSW_NB15,6q_5k,QVE,linear,3,L3,qiskit_heavy,0.0005,6,23,20480,2,0.8813333333333333,0.8773414215686274,0.7422645365494897,119.67635930189863,0.9321925323456526,120.60855183424428
UNSW_NB15,6q_5k,QVE,linear,3,L3,qiskit_heavy,0.0005,6,24,21504,0,0.8893333333333333,0.88520783910997,0.7621942309262802,120.79747313074768,1.8611850677989423,122.65865819854662
UNSW_NB15,6q_5k,QVE,linear,3,L3,qiskit_heavy,0.0005,6,25,22528,1,0.8833333333333333,0.8783147527115622,0.750493996398067,124.80693918513134,1.7047830717638135,126.51172225689515
UNSW_NB15,6q_5k,QVE,linear,3,L3,qiskit_heavy,0.0005,6,26,23552,2,0.88,0.8748151460942158,0.7430574130561858,127.05536594614387,1.3901609680615366,128.4455269142054
UNSW_NB15,6q_5k,QVE,linear,3,L3,qiskit_heavy,0.0005,6,27,24576,0,0.864,0.8586235243685287,0.7036172636640416,126.80071180313826,1.0057071428745985,127.80641894601285
UNSW_NB15,6q_5k,QVE,linear,3,L3,qiskit_heavy,0.0005,6,28,25600,1,0.8833333333333333,0.8802456681909222,0.7449710055833444,128.49211862124503,0.6554929800331593,129.1476116012782
UNSW_NB15,6q_5k,QVE,linear,3,L3,qiskit_heavy,0.0005,6,29,26624,2,0.8866666666666667,0.8819246293129062,0.757852084393738,125.19486237550154,2.1862009577453136,127.38106333324686
UNSW_NB15,6q_5k,QVE,linear,3,L3,qiskit_heavy,0.001,6,0,42,0,0.872,0.8671560462130937,0.7222058610779752,103.38953465688974,2.5096462997607887,105.89918095665053
UNSW_NB15,6q_5k,QVE,linear,3,L3,qiskit_heavy,0.001,6,1,123,1,0.8806666666666667,0.8768812735334068,0.7404655222027912,124.31707720831037,1.7724756002426147,126.08955280855298
UNSW_NB15,6q_5k,QVE,linear,3,L3,qiskit_heavy,0.001,6,2,456,2,0.8793333333333333,0.8735587313493692,0.7432013025543047,127.13612258946523,0.8525679199956357,127.98869050946087
UNSW_NB15,6q_5k,QVE,linear,3,L3,qiskit_heavy,0.001,6,3,789,0,0.878,0.8734972172314571,0.7355686002760147,105.01382617792115,1.9382834057323635,106.95210958365351
UNSW_NB15,6q_5k,QVE,linear,3,L3,qiskit_heavy,0.001,6,4,1024,1,0.888,0.8832261975750348,0.7613541241752371,127.0584922931157,0.745434052310884,127.80392634542659
UNSW_NB15,6q_5k,QVE,linear,3,L3,qiskit_heavy,0.001,6,5,2048,2,0.878,0.8779256614010601,0.7351437131925521,125.02360400976613,2.352653944864869,127.376257954631
UNSW_NB15,6q_5k,QVE,linear,3,L3,qiskit_heavy,0.001,6,6,3072,0,0.8973333333333333,0.8965123552347719,0.7751846029380327,121.84888280835003,3.1491957739926875,124.99807858234271
UNSW_NB15,6q_5k,QVE,linear,3,L3,qiskit_heavy,0.001,6,7,4096,1,0.886,0.8822862832000513,0.7527470169794128,129.3954879557714,1.316967850085348,130.71245580585673
UNSW_NB15,6q_5k,QVE,linear,3,L3,qiskit_heavy,0.001,6,8,5120,2,0.89,0.8863387767870949,0.7622526783494511,126.15236468380317,1.418843020685017,127.57120770448819
UNSW_NB15,6q_5k,QVE,linear,3,L3,qiskit_heavy,0.001,6,9,6144,0,0.868,0.8609894131881427,0.7189032820072364,112.01497350214049,1.7866455372422934,113.80161903938279
UNSW_NB15,6q_5k,QVE,linear,3,L3,qiskit_heavy,0.001,6,10,7168,1,0.88,0.8760674661079817,0.7392310548277394,127.2328374395147,1.263871546369046,128.49670898588374
UNSW_NB15,6q_5k,QVE,linear,3,L3,qiskit_heavy,0.001,6,11,8192,2,0.8786666666666667,0.8741435344458708,0.7372540683244948,122.43697053892538,1.3893618448637426,123.82633238378912
UNSW_NB15,6q_5k,QVE,linear,3,L3,qiskit_heavy,0.001,6,12,9216,0,0.8573333333333333,0.8526354007060583,0.6864297792294993,116.56061225244775,2.1332379495725036,118.69385020202026
UNSW_NB15,6q_5k,QVE,linear,3,L3,qiskit_heavy,0.001,6,13,10240,1,0.888,0.8840089413652776,0.7587683292084267,126.88753632782027,2.130101297982037,129.0176376258023
UNSW_NB15,6q_5k,QVE,linear,3,L3,qiskit_heavy,0.001,6,14,11264,2,0.892,0.8885364700709063,0.7667624979765906,128.11721479706466,1.091870971955359,129.20908576902002
UNSW_NB15,6q_5k,QVE,linear,3,L3,qiskit_heavy,0.001,6,15,12288,0,0.886,0.8832036927146798,0.7506600726734505,128.24966108007357,1.069598046131432,129.319259126205
UNSW_NB15,6q_5k,QVE,linear,3,L3,qiskit_heavy,0.001,6,16,13312,1,0.8686666666666667,0.865544025313603,0.7113951502437323,108.85159823205322,2.031348274089396,110.88294650614262
UNSW_NB15,6q_5k,QVE,linear,3,L3,qiskit_heavy,0.001,6,17,14336,2,0.86,0.8532737782448765,0.697496798618334,128.08955290168524,1.4627739014104009,129.55232680309564
UNSW_NB15,6q_5k,QVE,linear,3,L3,qiskit_heavy,0.001,6,18,15360,0,0.884,0.8799309910013183,0.7489342998396776,111.02962523140013,2.236134439241141,113.26575967064127
UNSW_NB15,6q_5k,QVE,linear,3,L3,qiskit_heavy,0.001,6,19,16384,1,0.8846666666666667,0.8809275943866618,0.7499215199113854,127.38002220680937,0.920468773227185,128.30049098003656
UNSW_NB15,6q_5k,QVE,linear,3,L3,qiskit_heavy,0.001,6,20,17408,2,0.8566666666666667,0.8484496272823044,0.6929236086023102,126.3267261958681,1.8671266552992165,128.19385285116732
UNSW_NB15,6q_5k,QVE,linear,3,L3,qiskit_heavy,0.001,6,21,18432,0,0.8853333333333333,0.8819547893280087,0.7502884105051628,127.583170005586,1.3759576939046383,128.95912769949064
UNSW_NB15,6q_5k,QVE,linear,3,L3,qiskit_heavy,0.001,6,22,19456,1,0.888,0.8864796980631248,0.754343336381903,118.60250981897116,1.7018040870316327,120.30431390600279
UNSW_NB15,6q_5k,QVE,linear,3,L3,qiskit_heavy,0.001,6,23,20480,2,0.8813333333333333,0.8773414215686274,0.7422645365494897,126.05036094598472,1.9833383774384856,128.0336993234232
UNSW_NB15,6q_5k,QVE,linear,3,L3,qiskit_heavy,0.001,6,24,21504,0,0.8893333333333333,0.88520783910997,0.7621942309262802,125.32426485233009,2.24182589398697,127.56609074631706
UNSW_NB15,6q_5k,QVE,linear,3,L3,qiskit_heavy,0.001,6,25,22528,1,0.8833333333333333,0.8783147527115622,0.750493996398067,127.10837449412793,0.7843432617373765,127.8927177558653
UNSW_NB15,6q_5k,QVE,linear,3,L3,qiskit_heavy,0.001,6,26,23552,2,0.88,0.8748151460942158,0.7430574130561858,121.85466497857124,1.8578309081494808,123.71249588672072
UNSW_NB15,6q_5k,QVE,linear,3,L3,qiskit_heavy,0.001,6,27,24576,0,0.864,0.8586235243685287,0.7036172636640416,114.98433190537617,2.4590344754979014,117.44336638087407
UNSW_NB15,6q_5k,QVE,linear,3,L3,qiskit_heavy,0.001,6,28,25600,1,0.8766666666666667,0.8726489028772486,0.7311339819661401,120.33759254636243,2.2341373199597,122.57172986632213
UNSW_NB15,6q_5k,QVE,linear,3,L3,qiskit_heavy,0.001,6,29,26624,2,0.8866666666666667,0.8819246293129062,0.757852084393738,124.42511850316077,1.4305901601910591,125.85570866335183
UNSW_NB15,6q_5k,QVE,linear,3,L3,qiskit_heavy,0.002,6,0,42,0,0.872,0.8671560462130937,0.7222058610779752,125.29367378074676,1.4223851645365357,126.7160589452833
UNSW_NB15,6q_5k,QVE,linear,3,L3,qiskit_heavy,0.002,6,1,123,1,0.8753333333333333,0.8719686081108168,0.7270746584103484,125.91709913685918,1.4341668742708862,127.35126601113006
UNSW_NB15,6q_5k,QVE,linear,3,L3,qiskit_heavy,0.002,6,2,456,2,0.8793333333333333,0.8735587313493692,0.7432013025543047,116.72979022096843,2.048924753908068,118.7787149748765
UNSW_NB15,6q_5k,QVE,linear,3,L3,qiskit_heavy,0.002,6,3,789,0,0.878,0.8734972172314571,0.7355686002760147,126.30730597255751,1.224188673775643,127.53149464633316
UNSW_NB15,6q_5k,QVE,linear,3,L3,qiskit_heavy,0.002,6,4,1024,1,0.8873333333333333,0.8824868183328801,0.7599580873050445,117.61122158681974,2.1431671460159123,119.75438873283565
UNSW_NB15,6q_5k,QVE,linear,3,L3,qiskit_heavy,0.002,6,5,2048,2,0.878,0.8778754122866864,0.7349422344010857,123.46595806302503,1.7398947975598276,125.20585286058486
UNSW_NB15,6q_5k,QVE,linear,3,L3,qiskit_heavy,0.002,6,6,3072,0,0.8973333333333333,0.8965123552347719,0.7751846029380327,119.64236006513238,2.273088682908565,121.91544874804094
UNSW_NB15,6q_5k,QVE,linear,3,L3,qiskit_heavy,0.002,6,7,4096,1,0.8866666666666667,0.8829346641122893,0.754405564520457,127.03915701806545,1.6110243615694344,128.6501813796349
UNSW_NB15,6q_5k,QVE,linear,3,L3,qiskit_heavy,0.002,6,8,5120,2,0.89,0.8863387767870949,0.7622526783494511,127.24341863906011,1.2130389581434429,128.45645759720355
UNSW_NB15,6q_5k,QVE,linear,3,L3,qiskit_heavy,0.002,6,9,6144,0,0.89,0.8849398349964838,0.7680957783738934,127.49667231133208,0.8512214659713209,128.3478937773034
UNSW_NB15,6q_5k,QVE,linear,3,L3,qiskit_heavy,0.002,6,10,7168,1,0.88,0.8760674661079817,0.7392310548277394,127.10370887909085,0.8472923738881946,127.95100125297904
UNSW_NB15,6q_5k,QVE,linear,3,L3,qiskit_heavy,0.002,6,11,8192,2,0.876,0.8710032497075263,0.7320862990942013,103.82269842876121,2.805517185945064,106.62821561470628
UNSW_NB15,6q_5k,QVE,linear,3,L3,qiskit_heavy,0.002,6,12,9216,0,0.8573333333333333,0.8525340686274511,0.6865670022565045,119.43451838474721,0.965892696287483,120.40041108103469
UNSW_NB15,6q_5k,QVE,linear,3,L3,qiskit_heavy,0.002,6,13,10240,1,0.888,0.8840089413652776,0.7587683292084267,122.7496498641558,1.0944282812997699,123.84407814545557
UNSW_NB15,6q_5k,QVE,linear,3,L3,qiskit_heavy,0.002,6,14,11264,2,0.89,0.8862782607009312,0.7627538759789526,126.91090923687443,1.3227616692893207,128.23367090616375
UNSW_NB15,6q_5k,QVE,linear,3,L3,qiskit_heavy,0.002,6,15,12288,0,0.8866666666666667,0.883777664859982,0.7523774423919375,126.18915365776047,1.8294241991825402,128.018577856943
UNSW_NB15,6q_5k,QVE,linear,3,L3,qiskit_heavy,0.002,6,16,13312,1,0.8686666666666667,0.865544025313603,0.7113951502437323,112.67227785196155,2.607789469882846,115.2800673218444
UNSW_NB15,6q_5k,QVE,linear,3,L3,qiskit_heavy,0.002,6,17,14336,2,0.8786666666666667,0.8741650582107844,0.737535934506911,127.6720167119056,0.9342894000001252,128.60630611190572
UNSW_NB15,6q_5k,QVE,linear,3,L3,qiskit_heavy,0.002,6,18,15360,0,0.884,0.8799309910013183,0.7489342998396776,123.39115650672466,2.168617099057883,125.55977360578254
UNSW_NB15,6q_5k,QVE,linear,3,L3,qiskit_heavy,0.002,6,19,16384,1,0.89,0.8870311248036618,0.7606261316199476,126.68718974292278,0.8015916980803013,127.48878144100308
UNSW_NB15,6q_5k,QVE,linear,3,L3,qiskit_heavy,0.002,6,20,17408,2,0.8566666666666667,0.8484496272823044,0.6929236086023102,123.06203225580975,2.0889540184289217,125.15098627423868
UNSW_NB15,6q_5k,QVE,linear,3,L3,qiskit_heavy,0.002,6,21,18432,0,0.8853333333333333,0.8819547893280087,0.7502884105051628,118.65666631888598,2.299018321558833,120.95568464044482
UNSW_NB15,6q_5k,QVE,linear,3,L3,qiskit_heavy,0.002,6,22,19456,1,0.888,0.8865396800340961,0.7543540022039238,125.31252805050462,1.044516000431031,126.35704405093566
UNSW_NB15,6q_5k,QVE,linear,3,L3,qiskit_heavy,0.002,6,23,20480,2,0.868,0.8624769211997378,0.7137937221846082,125.44016886595637,1.2490250398404896,126.68919390579686
UNSW_NB15,6q_5k,QVE,linear,3,L3,qiskit_heavy,0.002,6,24,21504,0,0.8893333333333333,0.88520783910997,0.7621942309262802,127.24735777126625,1.6921053626574576,128.9394631339237
UNSW_NB15,6q_5k,QVE,linear,3,L3,qiskit_heavy,0.002,6,25,22528,1,0.8833333333333333,0.8783147527115622,0.750493996398067,118.51654190896079,2.977678740862757,121.49422064982355
UNSW_NB15,6q_5k,QVE,linear,3,L3,qiskit_heavy,0.002,6,26,23552,2,0.8793333333333333,0.8740720660529235,0.7416504175722919,127.49685620842502,1.9176822998560965,129.4145385082811
UNSW_NB15,6q_5k,QVE,linear,3,L3,qiskit_heavy,0.002,6,27,24576,0,0.864,0.8586235243685287,0.7036172636640416,125.73253062414005,2.1729712379164994,127.90550186205655
UNSW_NB15,6q_5k,QVE,linear,3,L3,qiskit_heavy,0.002,6,28,25600,1,0.8813333333333333,0.8779967223914125,0.7407584568017148,121.16005228692666,1.9389400677755475,123.0989923547022
UNSW_NB15,6q_5k,QVE,linear,3,L3,qiskit_heavy,0.002,6,29,26624,2,0.8866666666666667,0.8819246293129062,0.757852084393738,127.45070100389421,1.2617046455852687,128.71240564947948
UNSW_NB15,6q_5k,QVE,linear,3,L3,qiskit_heavy,0.005,6,0,42,0,0.8733333333333333,0.868445069542116,0.7255776564570078,127.14493714552373,1.7705600340850651,128.9154971796088
UNSW_NB15,6q_5k,QVE,linear,3,L3,qiskit_heavy,0.005,6,1,123,1,0.8806666666666667,0.8768812735334068,0.7404655222027912,128.17221075296402,1.2874484132044017,129.45965916616842
UNSW_NB15,6q_5k,QVE,linear,3,L3,qiskit_heavy,0.005,6,2,456,2,0.854,0.8454985564901294,0.6868262677734966,121.73771449411288,2.25509181804955,123.99280631216243
UNSW_NB15,6q_5k,QVE,linear,3,L3,qiskit_heavy,0.005,6,3,789,0,0.8646666666666667,0.8583014609790514,0.707820988353802,113.75973171461374,3.3026197785511613,117.0623514931649
UNSW_NB15,6q_5k,QVE,linear,3,L3,qiskit_heavy,0.005,6,4,1024,1,0.8846666666666667,0.8795222766576041,0.7543735714439097,126.17914318386465,1.3915467173792422,127.5706899012439
UNSW_NB15,6q_5k,QVE,linear,3,L3,qiskit_heavy,0.005,6,5,2048,2,0.88,0.8759632352941177,0.7391702290887683,127.7106424998492,0.6851862329058349,128.39582873275504
UNSW_NB15,6q_5k,QVE,linear,3,L3,qiskit_heavy,0.005,6,6,3072,0,0.8786666666666667,0.8736840046822282,0.7386603048296174,125.08524701977149,2.2453669533133507,127.33061397308484
UNSW_NB15,6q_5k,QVE,linear,3,L3,qiskit_heavy,0.005,6,7,4096,1,0.886,0.8822056413975347,0.7529765221144666,115.89119126927108,1.8683391558006406,117.75953042507172
UNSW_NB15,6q_5k,QVE,linear,3,L3,qiskit_heavy,0.005,6,8,5120,2,0.8906666666666667,0.8869887254901961,0.7639246887745395,127.436327456031,1.4732275591231883,128.90955501515418
UNSW_NB15,6q_5k,QVE,linear,3,L3,qiskit_heavy,0.005,6,9,6144,0,0.89,0.8849398349964838,0.7680957783738934,125.58008437184617,1.4405472381040454,127.02063160995021
UNSW_NB15,6q_5k,QVE,linear,3,L3,qiskit_heavy,0.005,6,10,7168,1,0.88,0.8760674661079817,0.7392310548277394,125.44743948010728,1.0280763190239668,126.47551579913124
UNSW_NB15,6q_5k,QVE,linear,3,L3,qiskit_heavy,0.005,6,11,8192,2,0.8753333333333333,0.8702618465504941,0.730660406972255,111.31868399167433,1.9960381155833602,113.3147221072577
UNSW_NB15,6q_5k,QVE,linear,3,L3,qiskit_heavy,0.005,6,12,9216,0,0.858,0.853172424116866,0.6881868750408032,125.68430657079443,1.2964651649817824,126.98077173577622
UNSW_NB15,6q_5k,QVE,linear,3,L3,qiskit_heavy,0.005,6,13,10240,1,0.8886666666666667,0.884739779178181,0.7601840323995658,125.6054885359481,0.913131401874125,126.51861993782222
UNSW_NB15,6q_5k,QVE,linear,3,L3,qiskit_heavy,0.005,6,14,11264,2,0.8886666666666667,0.8848201211282712,0.7599178442955872,112.11720835696906,1.4231863981112838,113.54039475508034
UNSW_NB15,6q_5k,QVE,linear,3,L3,qiskit_heavy,0.005,6,15,12288,0,0.8873333333333333,0.8844248822277511,0.753970351554941,121.00027181766927,1.9986416106112301,122.9989134282805
UNSW_NB15,6q_5k,QVE,linear,3,L3,qiskit_heavy,0.005,6,16,13312,1,0.8633333333333333,0.8630228761409979,0.7026707918967526,126.87658641999587,0.7575168372131884,127.63410325720906
UNSW_NB15,6q_5k,QVE,linear,3,L3,qiskit_heavy,0.005,6,17,14336,2,0.8786666666666667,0.8740750021394952,0.737799140629353,123.05013055121526,1.823574532289058,124.87370508350432
UNSW_NB15,6q_5k,QVE,linear,3,L3,qiskit_heavy,0.005,6,18,15360,0,0.884,0.8799309910013183,0.7489342998396776,128.12951961206272,1.7359783975407481,129.86549800960347
UNSW_NB15,6q_5k,QVE,linear,3,L3,qiskit_heavy,0.005,6,19,16384,1,0.888,0.8850867208672086,0.7558146181246039,115.30523198796436,1.8279979228973389,117.1332299108617
UNSW_NB15,6q_5k,QVE,linear,3,L3,qiskit_heavy,0.005,6,20,17408,2,0.8853333333333333,0.8808870791655603,0.7534243157290429,125.32380875572562,1.5703507494181395,126.89415950514376
UNSW_NB15,6q_5k,QVE,linear,3,L3,qiskit_heavy,0.005,6,21,18432,0,0.8853333333333333,0.8819547893280087,0.7502884105051628,126.50737195182592,1.4309791708365083,127.93835112266243
UNSW_NB15,6q_5k,QVE,linear,3,L3,qiskit_heavy,0.005,6,22,19456,1,0.8866666666666667,0.8852490923726446,0.7514094654446156,116.90896014403552,1.8044842253439128,118.71344436937943
UNSW_NB15,6q_5k,QVE,linear,3,L3,qiskit_heavy,0.005,6,23,20480,2,0.8673333333333333,0.8618339102527336,0.7120857000680451,127.85653618490323,1.1687239725142717,129.0252601574175
UNSW_NB15,6q_5k,QVE,linear,3,L3,qiskit_heavy,0.005,6,24,21504,0,0.8886666666666667,0.8844749050254684,0.7607835615574164,123.82921463390812,1.7672066306695342,125.59642126457766
UNSW_NB15,6q_5k,QVE,linear,3,L3,qiskit_heavy,0.005,6,25,22528,1,0.8833333333333333,0.8783147527115622,0.750493996398067,126.46091693779454,1.7277826284989715,128.1886995662935
UNSW_NB15,6q_5k,QVE,linear,3,L3,qiskit_heavy,0.005,6,26,23552,2,0.8793333333333333,0.8739762894792926,0.7419973238952513,123.78828407870606,1.6883605411276221,125.47664461983368
UNSW_NB15,6q_5k,QVE,linear,3,L3,qiskit_heavy,0.005,6,27,24576,0,0.864,0.8586235243685287,0.7036172636640416,124.08813318656757,1.5285222833044827,125.61665546987206
UNSW_NB15,6q_5k,QVE,linear,3,L3,qiskit_heavy,0.005,6,28,25600,1,0.8713333333333333,0.8666792694177218,0.7197698178257093,116.30726008629426,2.1214004922658205,118.42866057856008
UNSW_NB15,6q_5k,QVE,linear,3,L3,qiskit_heavy,0.005,6,29,26624,2,0.8873333333333333,0.8825752392658645,0.759600568665907,126.77833156939596,0.8050860073417425,127.5834175767377
UNSW_NB15,6q_5k,QVE,linear,3,L3,qiskit_heavy,0.008,6,0,42,0,0.8733333333333333,0.868445069542116,0.7255776564570078,113.11543038021773,2.493434693198651,115.60886507341638
UNSW_NB15,6q_5k,QVE,linear,3,L3,qiskit_heavy,0.008,6,1,123,1,0.874,0.8705992884114673,0.724024524482203,119.84843454696238,2.63726266566664,122.48569721262902
UNSW_NB15,6q_5k,QVE,linear,3,L3,qiskit_heavy,0.008,6,2,456,2,0.8793333333333333,0.8735587313493692,0.7432013025543047,126.08170568710193,1.3608057745732367,127.44251146167517
UNSW_NB15,6q_5k,QVE,linear,3,L3,qiskit_heavy,0.008,6,3,789,0,0.878,0.8734972172314571,0.7355686002760147,127.87112585408613,0.9164220108650625,128.7875478649512
UNSW_NB15,6q_5k,QVE,linear,3,L3,qiskit_heavy,0.008,6,4,1024,1,0.8833333333333333,0.878035741232878,0.7515809941868243,111.55796599481255,3.0190294892527163,114.57699548406526
UNSW_NB15,6q_5k,QVE,linear,3,L3,qiskit_heavy,0.008,6,5,2048,2,0.8826666666666667,0.8785508874496093,0.7458308523217985,127.88796093175188,0.8848970886319876,128.77285802038386
UNSW_NB15,6q_5k,QVE,linear,3,L3,qiskit_heavy,0.008,6,6,3072,0,0.8786666666666667,0.8736840046822282,0.7386603048296174,109.74304807977751,1.4539360934868455,111.19698417326435
UNSW_NB15,6q_5k,QVE,linear,3,L3,qiskit_heavy,0.008,6,7,4096,1,0.8853333333333333,0.8815574248665515,0.7513157560981408,127.85492369392887,1.1053585167974234,128.9602822107263
UNSW_NB15,6q_5k,QVE,linear,3,L3,qiskit_heavy,0.008,6,8,5120,2,0.866,0.8599153370731913,0.7103656986046879,128.23514965130016,0.7105657886713743,128.94571543997154
UNSW_NB15,6q_5k,QVE,linear,3,L3,qiskit_heavy,0.008,6,9,6144,0,0.8893333333333333,0.8841976323614255,0.7667173723524611,127.44313596840948,0.8352581020444632,128.27839407045394
UNSW_NB15,6q_5k,QVE,linear,3,L3,qiskit_heavy,0.008,6,10,7168,1,0.88,0.8760674661079817,0.7392310548277394,125.47716548014432,2.5664440970867872,128.0436095772311
UNSW_NB15,6q_5k,QVE,linear,3,L3,qiskit_heavy,0.008,6,11,8192,2,0.876,0.8710979192771879,0.7318056357471944,124.00538261746988,1.9271238800138235,125.9325064974837
UNSW_NB15,6q_5k,QVE,linear,3,L3,qiskit_heavy,0.008,6,12,9216,0,0.8573333333333333,0.8524319097150513,0.6867121679402025,128.81983453407884,0.882319719530642,129.70215425360948
UNSW_NB15,6q_5k,QVE,linear,3,L3,qiskit_heavy,0.008,6,13,10240,1,0.884,0.8808310365730451,0.7469773017742992,113.30421340884641,2.235947693698108,115.54016110254452
UNSW_NB15,6q_5k,QVE,linear,3,L3,qiskit_heavy,0.008,6,14,11264,2,0.8886666666666667,0.884899815376094,0.7596608112916342,128.4457319979556,0.6074182731099427,129.05315027106553
UNSW_NB15,6q_5k,QVE,linear,3,L3,qiskit_heavy,0.008,6,15,12288,0,0.8893333333333333,0.886295243123191,0.7589405337506834,127.556759593077,1.216168352868408,128.7729279459454
UNSW_NB15,6q_5k,QVE,linear,3,L3,qiskit_heavy,0.008,6,16,13312,1,0.8626666666666667,0.862325395842365,0.7011165283462277,105.85821255203336,2.0296904775314033,107.88790302956477
UNSW_NB15,6q_5k,QVE,linear,3,L3,qiskit_heavy,0.008,6,17,14336,2,0.8786666666666667,0.8740750021394952,0.737799140629353,127.8901897217147,0.7067527957260609,128.59694251744077
UNSW_NB15,6q_5k,QVE,linear,3,L3,qiskit_heavy,0.008,6,18,15360,0,0.886,0.8816225134258927,0.754837462301323,116.6002828576602,2.7439525350928307,119.34423539275303
UNSW_NB15,6q_5k,QVE,linear,3,L3,qiskit_heavy,0.008,6,19,16384,1,0.886,0.8832894839016555,0.7507889329500064,126.94041458517313,2.089369744528085,129.02978432970122
UNSW_NB15,6q_5k,QVE,linear,3,L3,qiskit_heavy,0.008,6,20,17408,2,0.8566666666666667,0.8484496272823044,0.6929236086023102,128.48426437564194,1.117843123152852,129.6021074987948
UNSW_NB15,6q_5k,QVE,linear,3,L3,qiskit_heavy,0.008,6,21,18432,0,0.8866666666666667,0.8832501481218153,0.7535489259197492,126.80244626384228,1.7775744930841029,128.5800207569264
UNSW_NB15,6q_5k,QVE,linear,3,L3,qiskit_heavy,0.008,6,22,19456,1,0.8853333333333333,0.8840190498303526,0.7485156905609691,127.95886431029066,0.8903934126719832,128.84925772296265
UNSW_NB15,6q_5k,QVE,linear,3,L3,qiskit_heavy,0.008,6,23,20480,2,0.8826666666666667,0.8787196078431372,0.7453588440102111,121.47302085068077,2.08799718786031,123.56101803854108
UNSW_NB15,6q_5k,QVE,linear,3,L3,qiskit_heavy,0.008,6,24,21504,0,0.888,0.8838248010269578,0.7590767106010571,117.10749465413392,2.5367797147482634,119.64427436888218
UNSW_NB15,6q_5k,QVE,linear,3,L3,qiskit_heavy,0.008,6,25,22528,1,0.8833333333333333,0.8783147527115622,0.750493996398067,126.53238826291636,0.9800352733582258,127.51242353627458
UNSW_NB15,6q_5k,QVE,linear,3,L3,qiskit_heavy,0.008,6,26,23552,2,0.8786666666666667,0.8732315908606658,0.74059261510278,117.10734842671081,2.018492548260838,119.12584097497165
UNSW_NB15,6q_5k,QVE,linear,3,L3,qiskit_heavy,0.008,6,27,24576,0,0.864,0.8586235243685287,0.7036172636640416,99.45269929943606,2.2458325452171266,101.69853184465319
UNSW_NB15,6q_5k,QVE,linear,3,L3,qiskit_heavy,0.008,6,28,25600,1,0.88,0.8764643144130323,0.738016396942901,125.95137900998816,0.9908200954087079,126.94219910539687
UNSW_NB15,6q_5k,QVE,linear,3,L3,qiskit_heavy,0.008,6,29,26624,2,0.8873333333333333,0.8825752392658645,0.759600568665907,121.25163583550602,2.1262808507308364,123.37791668623686
UNSW_NB15,6q_5k,QVE,linear,3,L3,qiskit_heavy,0.01,6,0,42,0,0.8733333333333333,0.8685398373983741,0.7253245169882508,112.71616514911875,2.974644960835576,115.69081010995433
UNSW_NB15,6q_5k,QVE,linear,3,L3,qiskit_heavy,0.01,6,1,123,1,0.874,0.8705992884114673,0.724024524482203,123.06142349820584,1.8352103224024177,124.89663382060826
UNSW_NB15,6q_5k,QVE,linear,3,L3,qiskit_heavy,0.01,6,2,456,2,0.8786666666666667,0.8728099867983077,0.7418043258488728,125.61899146530777,1.16572311706841,126.78471458237618
UNSW_NB15,6q_5k,QVE,linear,3,L3,qiskit_heavy,0.01,6,3,789,0,0.8773333333333333,0.8728512123599439,0.7338877650035357,118.79925019713119,2.351443714927882,121.15069391205907
UNSW_NB15,6q_5k,QVE,linear,3,L3,qiskit_heavy,0.01,6,4,1024,1,0.8586666666666667,0.8513688827534891,0.6952921740187807,122.77619626373053,1.7194273564964533,124.49562362022698
UNSW_NB15,6q_5k,QVE,linear,3,L3,qiskit_heavy,0.01,6,5,2048,2,0.866,0.8667202883337565,0.7134042556486813,128.0721639096737,1.0990536087192595,129.17121751839295
UNSW_NB15,6q_5k,QVE,linear,3,L3,qiskit_heavy,0.01,6,6,3072,0,0.898,0.8972091074344517,0.7766850168038136,127.87200865941122,1.30010048719123,129.17210914660245
UNSW_NB15,6q_5k,QVE,linear,3,L3,qiskit_heavy,0.01,6,7,4096,1,0.884,0.8802619080615314,0.7480075478943533,125.62761770794168,2.7181566362269223,128.3457743441686
UNSW_NB15,6q_5k,QVE,linear,3,L3,qiskit_heavy,0.01,6,8,5120,2,0.8666666666666667,0.8606659394317179,0.7117965090623954,117.6908351876773,1.302101877052337,118.99293706472963
UNSW_NB15,6q_5k,QVE,linear,3,L3,qiskit_heavy,0.01,6,9,6144,0,0.89,0.8849398349964838,0.7680957783738934,120.50586414616555,2.8332935897633433,123.3391577359289
UNSW_NB15,6q_5k,QVE,linear,3,L3,qiskit_heavy,0.01,6,10,7168,1,0.8786666666666667,0.8746904379536259,0.7361447184672767,128.52346305409446,0.5851763263344765,129.10863938042894
UNSW_NB15,6q_5k,QVE,linear,3,L3,qiskit_heavy,0.01,6,11,8192,2,0.8753333333333333,0.870452204585538,0.7301039994424747,128.33775216387585,0.9127595881000161,129.25051175197586
UNSW_NB15,6q_5k,QVE,linear,3,L3,qiskit_heavy,0.01,6,12,9216,0,0.868,0.861737407101569,0.7159432004567667,127.42316327709705,1.2951518702320755,128.71831514732912
UNSW_NB15,6q_5k,QVE,linear,3,L3,qiskit_heavy,0.01,6,13,10240,1,0.8873333333333333,0.8833594172521714,0.7570818313260306,118.35782800521702,2.539979202672839,120.89780720788985
UNSW_NB15,6q_5k,QVE,linear,3,L3,qiskit_heavy,0.01,6,14,11264,2,0.8893333333333333,0.8856284060916053,0.7610811062973419,126.34304983681068,1.829742528963834,128.1727923657745
UNSW_NB15,6q_5k,QVE,linear,3,L3,qiskit_heavy,0.01,6,15,12288,0,0.8893333333333333,0.8863682090658046,0.7587734180316839,124.18027399620041,1.9606385412625968,126.14091253746301
UNSW_NB15,6q_5k,QVE,linear,3,L3,qiskit_heavy,0.01,6,16,13312,1,0.8666666666666667,0.8662779849240553,0.7096314933743061,126.2832996584475,1.2482879078015685,127.53158756624907
UNSW_NB15,6q_5k,QVE,linear,3,L3,qiskit_heavy,0.01,6,17,14336,2,0.8626666666666667,0.8557246823588012,0.7049009808624974,111.36930080363527,1.0088858981616795,112.37818670179695
UNSW_NB15,6q_5k,QVE,linear,3,L3,qiskit_heavy,0.01,6,18,15360,0,0.8833333333333333,0.8790273935273496,0.7480291768074133,102.84673495637253,2.646526782307774,105.4932617386803
UNSW_NB15,6q_5k,QVE,linear,3,L3,qiskit_heavy,0.01,6,19,16384,1,0.886,0.8831448230876203,0.7510395445713585,123.86375876609236,2.016155355144292,125.87991412123665
UNSW_NB15,6q_5k,QVE,linear,3,L3,qiskit_heavy,0.01,6,20,17408,2,0.8853333333333333,0.8808870791655603,0.7534243157290429,126.26250891387463,0.5578326159156859,126.82034152979031
UNSW_NB15,6q_5k,QVE,linear,3,L3,qiskit_heavy,0.01,6,21,18432,0,0.8873333333333333,0.8838205073033994,0.7553931903696223,127.62257920159027,1.0922253546305,128.71480455622077
UNSW_NB15,6q_5k,QVE,linear,3,L3,qiskit_heavy,0.01,6,22,19456,1,0.8446666666666667,0.8435430701407945,0.6597093236490746,124.67370711965486,1.9318143771961331,126.605521496851
UNSW_NB15,6q_5k,QVE,linear,3,L3,qiskit_heavy,0.01,6,23,20480,2,0.8666666666666667,0.8610877991916542,0.7106466963125275,119.98234758200124,2.692866539116949,122.67521412111819
UNSW_NB15,6q_5k,QVE,linear,3,L3,qiskit_heavy,0.01,6,24,21504,0,0.888,0.8838248010269578,0.7590767106010571,121.12775952881202,2.263860860373825,123.39162038918585
UNSW_NB15,6q_5k,QVE,linear,3,L3,qiskit_heavy,0.01,6,25,22528,1,0.8833333333333333,0.8783147527115622,0.750493996398067,121.42416665609926,2.66151904175058,124.08568569784984
UNSW_NB15,6q_5k,QVE,linear,3,L3,qiskit_heavy,0.01,6,26,23552,2,0.8786666666666667,0.8732315908606658,0.74059261510278,127.67326250858605,0.8750885520130396,128.5483510605991
UNSW_NB15,6q_5k,QVE,linear,3,L3,qiskit_heavy,0.01,6,27,24576,0,0.8853333333333333,0.8833863682755294,0.748210881350076,100.28711904771626,1.9368186579085886,102.22393770562485
UNSW_NB15,6q_5k,QVE,linear,3,L3,qiskit_heavy,0.01,6,28,25600,1,0.8806666666666667,0.8771100329127411,0.739636002912401,113.5886192000471,2.583177695982158,116.17179689602926
UNSW_NB15,6q_5k,QVE,linear,3,L3,qiskit_heavy,0.01,6,29,26624,2,0.864,0.8567434249960566,0.7089110001609089,124.42773944931105,0.7878063572570682,125.21554580656812
UNSW_NB15,6q_5k,QVE,linear,3,L3,qiskit_heavy,0.02,6,0,42,0,0.8933333333333333,0.8908971810256688,0.7672566588033078,124.82085657352582,2.2595919957384467,127.08044856926426
UNSW_NB15,6q_5k,QVE,linear,3,L3,qiskit_heavy,0.02,6,1,123,1,0.8793333333333333,0.8756721611470615,0.7370127587463083,128.5958256185986,1.0610000025480986,129.6568256211467
UNSW_NB15,6q_5k,QVE,linear,3,L3,qiskit_heavy,0.02,6,2,456,2,0.872,0.8652809034079452,0.7278265900180865,124.11203889595345,2.534294890239835,126.64633378619328
UNSW_NB15,6q_5k,QVE,linear,3,L3,qiskit_heavy,0.02,6,3,789,0,0.8646666666666667,0.8580780369748882,0.7084857836237166,128.2999189682305,1.1718240496702492,129.47174301790074
UNSW_NB15,6q_5k,QVE,linear,3,L3,qiskit_heavy,0.02,6,4,1024,1,0.8773333333333333,0.8713102564102564,0.739009997092159,126.66423967853189,2.4109879629686475,129.07522764150053
UNSW_NB15,6q_5k,QVE,linear,3,L3,qiskit_heavy,0.02,6,5,2048,2,0.8606666666666667,0.8618995359705185,0.705797807948914,104.27704911492765,3.296784881968051,107.5738339968957
UNSW_NB15,6q_5k,QVE,linear,3,L3,qiskit_heavy,0.02,6,6,3072,0,0.8906666666666667,0.8901021832253174,0.7610758165825898,98.11016030330211,1.95285107428208,100.06301137758419
UNSW_NB15,6q_5k,QVE,linear,3,L3,qiskit_heavy,0.02,6,7,4096,1,0.8813333333333333,0.8776744701850286,0.7414436624074431,127.60026431689039,0.8482501800172031,128.4485144969076
UNSW_NB15,6q_5k,QVE,linear,3,L3,qiskit_heavy,0.02,6,8,5120,2,0.866,0.8595873204487471,0.7113350686451395,125.14962158538401,1.6338563477620482,126.78347793314606
UNSW_NB15,6q_5k,QVE,linear,3,L3,qiskit_heavy,0.02,6,9,6144,0,0.8713333333333333,0.863875602021081,0.7294775721712758,123.76571641582996,1.9554925439879298,125.72120895981789
UNSW_NB15,6q_5k,QVE,linear,3,L3,qiskit_heavy,0.02,6,10,7168,1,0.8786666666666667,0.8744309323278651,0.7368005454768995,119.84509084094316,2.1153366030193865,121.96042744396254
UNSW_NB15,6q_5k,QVE,linear,3,L3,qiskit_heavy,0.02,6,11,8192,2,0.8766666666666667,0.8718377425044092,0.73323358885072,126.37331285141408,1.1801393791101873,127.55345223052427
UNSW_NB15,6q_5k,QVE,linear,3,L3,qiskit_heavy,0.02,6,12,9216,0,0.86,0.8540327469687935,0.6951594679835754,127.89749238546938,0.7540977564640343,128.6515901419334
UNSW_NB15,6q_5k,QVE,linear,3,L3,qiskit_heavy,0.02,6,13,10240,1,0.886,0.8820613216343375,0.7537226261816189,115.75810679513961,2.4828941877931356,118.24100098293275
UNSW_NB15,6q_5k,QVE,linear,3,L3,qiskit_heavy,0.02,6,14,11264,2,0.8866666666666667,0.8824618675595238,0.7562192924515242,122.26126008108258,1.5390127832069993,123.80027286428958
UNSW_NB15,6q_5k,QVE,linear,3,L3,qiskit_heavy,0.02,6,15,12288,0,0.886,0.8829080618773563,0.7512224280250583,112.09707662416622,1.9232703857123852,114.0203470098786
UNSW_NB15,6q_5k,QVE,linear,3,L3,qiskit_heavy,0.02,6,16,13312,1,0.8773333333333333,0.8737366136191186,0.7321579505205457,128.92665677890182,1.2705746055580676,130.19723138445988
UNSW_NB15,6q_5k,QVE,linear,3,L3,qiskit_heavy,0.02,6,17,14336,2,0.8733333333333333,0.8683495446757149,0.7258398695179634,128.5540534928441,0.9785873107612133,129.53264080360532
UNSW_NB15,6q_5k,QVE,linear,3,L3,qiskit_heavy,0.02,6,18,15360,0,0.8853333333333333,0.8808870791655603,0.7534243157290429,125.81391945620999,1.6993356831371784,127.51325513934717
UNSW_NB15,6q_5k,QVE,linear,3,L3,qiskit_heavy,0.02,6,19,16384,1,0.8773333333333333,0.8743002605151816,0.7312390271840974,127.25508692581207,2.0506439013406634,129.30573082715273
UNSW_NB15,6q_5k,QVE,linear,3,L3,qiskit_heavy,0.02,6,20,17408,2,0.858,0.8497314727506738,0.6965970652677611,127.7946368069388,1.0878352224826813,128.88247202942148
UNSW_NB15,6q_5k,QVE,linear,3,L3,qiskit_heavy,0.02,6,21,18432,0,0.8873333333333333,0.8837421021586824,0.7556094923607214,127.79352962365374,1.5420270129106939,129.33555663656443
UNSW_NB15,6q_5k,QVE,linear,3,L3,qiskit_heavy,0.02,6,22,19456,1,0.84,0.8386494732577778,0.6489870737117569,129.5598531360738,1.261568473186344,130.82142160926014
UNSW_NB15,6q_5k,QVE,linear,3,L3,qiskit_heavy,0.02,6,23,20480,2,0.8653333333333333,0.8592725988260351,0.7086287547356211,124.64599421387538,2.0682260780595243,126.71422029193491
UNSW_NB15,6q_5k,QVE,linear,3,L3,qiskit_heavy,0.02,6,24,21504,0,0.884,0.8792363561247676,0.7512282190227422,128.3331669899635,2.5248758611269295,130.85804285109043
UNSW_NB15,6q_5k,QVE,linear,3,L3,qiskit_heavy,0.02,6,25,22528,1,0.878,0.8726555005390169,0.7382066449372644,129.59326598839834,1.2575350850820541,130.8508010734804
UNSW_NB15,6q_5k,QVE,linear,3,L3,qiskit_heavy,0.02,6,26,23552,2,0.88,0.8743332965378198,0.7448812515615595,129.548879140988,1.57275822898373,131.12163736997172
UNSW_NB15,6q_5k,QVE,linear,3,L3,qiskit_heavy,0.02,6,27,24576,0,0.8646666666666667,0.8589513229051509,0.7060578875230055,125.28906647861004,1.9549821317195892,127.24404861032963
UNSW_NB15,6q_5k,QVE,linear,3,L3,qiskit_heavy,0.02,6,28,25600,1,0.8793333333333333,0.8756543605080996,0.7367390522311351,127.48653453914449,1.5244936416856945,129.01102818083018
UNSW_NB15,6q_5k,QVE,linear,3,L3,qiskit_heavy,0.02,6,29,26624,2,0.864,0.8567434249960566,0.7089110001609089,121.63743785955012,2.378317774273455,124.01575563382357
UNSW_NB15,6q_5k,QVE,linear,3,L3,qiskit_heavy,0.05,6,0,42,0,0.8733333333333333,0.8667150039197092,0.7313488246336172,127.82860050024465,1.448096419684589,129.27669691992924
UNSW_NB15,6q_5k,QVE,linear,3,L3,qiskit_heavy,0.05,6,1,123,1,0.8686666666666667,0.8624109063280148,0.7180256352981973,116.984837571159,2.497562005184591,119.4823995763436
UNSW_NB15,6q_5k,QVE,linear,3,L3,qiskit_heavy,0.05,6,2,456,2,0.8653333333333333,0.8574308174701224,0.7147429081263335,128.09174789488316,1.060265847016126,129.15201374189928
UNSW_NB15,6q_5k,QVE,linear,3,L3,qiskit_heavy,0.05,6,3,789,0,0.8673333333333333,0.8594878601520046,0.7198733061183209,116.43712220154703,2.4969963720068336,118.93411857355386
UNSW_NB15,6q_5k,QVE,linear,3,L3,qiskit_heavy,0.05,6,4,1024,1,0.8646666666666667,0.8559069012034032,0.7163844254586974,126.97027962421998,1.5793040432035923,128.54958366742358
UNSW_NB15,6q_5k,QVE,linear,3,L3,qiskit_heavy,0.05,6,5,2048,2,0.8793333333333333,0.873256445655078,0.7444275459632913,127.1223331168294,1.5692555489949882,128.69158866582438
UNSW_NB15,6q_5k,QVE,linear,3,L3,qiskit_heavy,0.05,6,6,3072,0,0.872,0.8650588185746413,0.7286893878265531,123.61742360563949,1.7558970227837563,125.37332062842324
UNSW_NB15,6q_5k,QVE,linear,3,L3,qiskit_heavy,0.05,6,7,4096,1,0.8786666666666667,0.8722975230221147,0.7439152325179483,128.15920825256035,1.581457566935569,129.74066581949592
UNSW_NB15,6q_5k,QVE,linear,3,L3,qiskit_heavy,0.05,6,8,5120,2,0.8713333333333333,0.8641863350870483,0.7277463534206912,109.97952775936574,2.381083983927965,112.3606117432937
UNSW_NB15,6q_5k,QVE,linear,3,L3,qiskit_heavy,0.05,6,9,6144,0,0.8686666666666667,0.8608160789571196,0.7239521620516866,123.40405818354338,1.7966625783592463,125.20072076190263
UNSW_NB15,6q_5k,QVE,linear,3,L3,qiskit_heavy,0.05,6,10,7168,1,0.8753333333333333,0.8685497687980179,0.7372914988295071,124.08528665360063,1.652233149856329,125.73751980345696
UNSW_NB15,6q_5k,QVE,linear,3,L3,qiskit_heavy,0.05,6,11,8192,2,0.8666666666666667,0.8587209170740541,0.718483328659572,127.22094000596553,0.7115169861353934,127.93245699210092
UNSW_NB15,6q_5k,QVE,linear,3,L3,qiskit_heavy,0.05,6,12,9216,0,0.856,0.8460515439981425,0.6972864000129844,113.20159060694277,1.350691535975784,114.55228214291856
UNSW_NB15,6q_5k,QVE,linear,3,L3,qiskit_heavy,0.05,6,13,10240,1,0.8846666666666667,0.8807644794015823,0.7503816172296792,124.28739485098049,1.6326820370741189,125.92007688805461
UNSW_NB15,6q_5k,QVE,linear,3,L3,qiskit_heavy,0.05,6,14,11264,2,0.87,0.8626973456928493,0.7252792500734719,116.70011184364557,2.606213995721191,119.30632583936676
UNSW_NB15,6q_5k,QVE,linear,3,L3,qiskit_heavy,0.05,6,15,12288,0,0.8666666666666667,0.8590826303444593,0.717076710765542,111.84457308379933,1.748060711659491,113.59263379545882
UNSW_NB15,6q_5k,QVE,linear,3,L3,qiskit_heavy,0.05,6,16,13312,1,0.8726666666666667,0.8660679797145888,0.7295316527371579,114.4776071710512,1.8963372390717268,116.37394441012293
UNSW_NB15,6q_5k,QVE,linear,3,L3,qiskit_heavy,0.05,6,17,14336,2,0.858,0.8493815257633461,0.6982880377981995,125.47925030020997,0.8441363554447889,126.32338665565476
UNSW_NB15,6q_5k,QVE,linear,3,L3,qiskit_heavy,0.05,6,18,15360,0,0.8706666666666667,0.8644238320817127,0.72266806676581,117.64061954477802,2.485939346719533,120.12655889149755
UNSW_NB15,6q_5k,QVE,linear,3,L3,qiskit_heavy,0.05,6,19,16384,1,0.87,0.8626973456928493,0.7252792500734719,124.98381332587451,1.0378764891065657,126.02168981498107
UNSW_NB15,6q_5k,QVE,linear,3,L3,qiskit_heavy,0.05,6,20,17408,2,0.8606666666666667,0.8516479918793658,0.7064773279081309,113.05461108544841,1.8250222415663302,114.87963332701474
UNSW_NB15,6q_5k,QVE,linear,3,L3,qiskit_heavy,0.05,6,21,18432,0,0.8706666666666667,0.8630771217287315,0.7277831633352138,122.13286391459405,1.7628536648117006,123.89571757940575
UNSW_NB15,6q_5k,QVE,linear,3,L3,qiskit_heavy,0.05,6,22,19456,1,0.872,0.8646384287432439,0.730858428968358,125.74055583262816,1.0854411418549716,126.82599697448313
UNSW_NB15,6q_5k,QVE,linear,3,L3,qiskit_heavy,0.05,6,23,20480,2,0.8693333333333333,0.8619009777375701,0.7235719904381759,111.91402034740895,1.5014119041152298,113.41543225152418
UNSW_NB15,6q_5k,QVE,linear,3,L3,qiskit_heavy,0.05,6,24,21504,0,0.8746666666666667,0.8675376725237918,0.7365625497834434,125.37711582146585,1.5007944288663566,126.8779102503322
UNSW_NB15,6q_5k,QVE,linear,3,L3,qiskit_heavy,0.05,6,25,22528,1,0.8646666666666667,0.8570292592222926,0.7119853579260509,124.37251929799095,1.3729837341234088,125.74550303211436
UNSW_NB15,6q_5k,QVE,linear,3,L3,qiskit_heavy,0.05,6,26,23552,2,0.8773333333333333,0.8708184445788801,0.7414387622468949,103.41365061793476,1.5959647363051772,105.00961535423994
UNSW_NB15,6q_5k,QVE,linear,3,L3,qiskit_heavy,0.05,6,27,24576,0,0.8613333333333333,0.8531960892761659,0.7049627167196733,128.38573994720355,1.8871578513644636,130.272897798568
UNSW_NB15,6q_5k,QVE,linear,3,L3,qiskit_heavy,0.05,6,28,25600,1,0.87,0.8625473363723225,0.7254308148606284,127.92121166177094,1.6689711418002844,129.59018280357122
UNSW_NB15,6q_5k,QVE,linear,3,L3,qiskit_heavy,0.05,6,29,26624,2,0.8706666666666667,0.8626004650584873,0.729852248805709,127.3964710929431,1.7747052181512117,129.1711763110943
UNSW_NB15,6q_5k,QWE,linear,0,L0,baseline_unoptimized,0.0,6,0,42,0,0.8313333333333334,0.834360070072182,0.667215474772187,454.20217337133363,8.255766947753727,462.45794031908736
UNSW_NB15,6q_5k,QWE,linear,0,L0,baseline_unoptimized,0.0,6,1,123,1,0.84,0.8426992935961956,0.6802813167735894,487.09424008382484,6.6882418631576,493.78248194698244
UNSW_NB15,6q_5k,QWE,linear,0,L0,baseline_unoptimized,0.0,6,2,456,2,0.8633333333333333,0.8620036787291222,0.699831605947776,484.8164411969483,8.232322212308645,493.04876340925694
UNSW_NB15,6q_5k,QWE,linear,0,L0,baseline_unoptimized,0.0,6,3,789,0,0.832,0.8347797941510163,0.6616299090871964,485.7298555439338,8.546667994000018,494.2765235379338
UNSW_NB15,6q_5k,QWE,linear,0,L0,baseline_unoptimized,0.0,6,4,1024,1,0.88,0.8762168599644553,0.7385550224226364,496.66951667284593,10.460728430654854,507.1302451035008
UNSW_NB15,6q_5k,QWE,linear,0,L0,baseline_unoptimized,0.0,6,5,2048,2,0.834,0.837087690243259,0.6757733662946699,503.082485773135,6.967631414067,510.050117187202
UNSW_NB15,6q_5k,QWE,linear,0,L0,baseline_unoptimized,0.0,6,6,3072,0,0.8466666666666667,0.8492727304083886,0.69408277713371,428.9641188355163,9.435326725710183,438.39944556122646
UNSW_NB15,6q_5k,QWE,linear,0,L0,baseline_unoptimized,0.0,6,7,4096,1,0.8366666666666667,0.8394996411597115,0.6745869983886422,469.9980367035605,9.412740254309028,479.41077695786953
UNSW_NB15,6q_5k,QWE,linear,0,L0,baseline_unoptimized,0.0,6,8,5120,2,0.8433333333333334,0.8459846809826733,0.6868121889820344,469.14265628438443,10.134270842652768,479.2769271270372
UNSW_NB15,6q_5k,QWE,linear,0,L0,baseline_unoptimized,0.0,6,9,6144,0,0.8893333333333333,0.8854699712440967,0.7615997380949346,489.23812803812325,6.133955045603216,495.37208308372647
UNSW_NB15,6q_5k,QWE,linear,0,L0,baseline_unoptimized,0.0,6,10,7168,1,0.846,0.8487283583133443,0.6966509263151034,487.2555002528243,6.566340874880552,493.82184112770483
UNSW_NB15,6q_5k,QWE,linear,0,L0,baseline_unoptimized,0.0,6,11,8192,2,0.84,0.8426474230009681,0.6784083986906746,454.92190008983016,8.453036209568381,463.37493629939854
UNSW_NB15,6q_5k,QWE,linear,0,L0,baseline_unoptimized,0.0,6,12,9216,0,0.8706666666666667,0.8652551652159047,0.7200877739287695,461.4277862664312,9.837410420645028,471.26519668707624
UNSW_NB15,6q_5k,QWE,linear,0,L0,baseline_unoptimized,0.0,6,13,10240,1,0.8553333333333333,0.8569598212364096,0.6982811954720661,477.3000628994778,8.68685869127512,485.9869215907529
UNSW_NB15,6q_5k,QWE,linear,0,L0,baseline_unoptimized,0.0,6,14,11264,2,0.8366666666666667,0.8393621131389252,0.6718755889518008,472.2928568790667,11.180218130350113,483.4730750094168
UNSW_NB15,6q_5k,QWE,linear,0,L0,baseline_unoptimized,0.0,6,15,12288,0,0.8466666666666667,0.8491295696173744,0.6907405413211959,446.47165890363976,8.501174881588668,454.97283378522843
UNSW_NB15,6q_5k,QWE,linear,0,L0,baseline_unoptimized,0.0,6,16,13312,1,0.8253333333333334,0.8284959625189472,0.6556136782189593,489.4640997117385,8.700351645238698,498.1644513569772
UNSW_NB15,6q_5k,QWE,linear,0,L0,baseline_unoptimized,0.0,6,17,14336,2,0.838,0.8405968475487856,0.6730002604413015,488.9888146938756,8.911632088478655,497.90044678235427
UNSW_NB15,6q_5k,QWE,linear,0,L0,baseline_unoptimized,0.0,6,18,15360,0,0.85,0.8523711226389319,0.6969331133645674,452.71395231736824,8.746858392842114,461.46081071021035
UNSW_NB15,6q_5k,QWE,linear,0,L0,baseline_unoptimized,0.0,6,19,16384,1,0.844,0.8463799433585589,0.6831797840322841,490.4413852840662,8.322968237102032,498.76435352116823
UNSW_NB15,6q_5k,QWE,linear,0,L0,baseline_unoptimized,0.0,6,20,17408,2,0.85,0.8521754257999337,0.6933157389098952,489.0361017663963,8.500302603002638,497.53640436939895
UNSW_NB15,6q_5k,QWE,linear,0,L0,baseline_unoptimized,0.0,6,21,18432,0,0.84,0.8428271770800506,0.6830481798504326,454.7294355677441,8.559502554591745,463.2889381223358
UNSW_NB15,6q_5k,QWE,linear,0,L0,baseline_unoptimized,0.0,6,22,19456,1,0.8353333333333334,0.8383401267997455,0.6774402626386474,486.839154434856,6.928018011618406,493.76717244647443
UNSW_NB15,6q_5k,QWE,linear,0,L0,baseline_unoptimized,0.0,6,23,20480,2,0.8506666666666667,0.8529052664999802,0.6959836201055511,487.1204273328185,6.048509900458157,493.16893723327667
UNSW_NB15,6q_5k,QWE,linear,0,L0,baseline_unoptimized,0.0,6,24,21504,0,0.844,0.8466285961496863,0.6879246393105983,454.06207885267213,8.303103136830032,462.36518198950216
UNSW_NB15,6q_5k,QWE,linear,0,L0,baseline_unoptimized,0.0,6,25,22528,1,0.8406666666666667,0.8427390378625752,0.6702143666410583,488.2773469481617,6.726523392368108,495.00387034052983
UNSW_NB15,6q_5k,QWE,linear,0,L0,baseline_unoptimized,0.0,6,26,23552,2,0.888,0.8841705882352942,0.7582405233097562,488.72827386204153,6.71686787949875,495.4451417415403
UNSW_NB15,6q_5k,QWE,linear,0,L0,baseline_unoptimized,0.0,6,27,24576,0,0.84,0.8428068208638188,0.6824520291227535,487.9473332101479,9.489828884601593,497.4371620947495
UNSW_NB15,6q_5k,QWE,linear,0,L0,baseline_unoptimized,0.0,6,28,25600,1,0.826,0.8290635680449566,0.6534516808039579,475.4088673549704,8.667807465419173,484.0766748203896
UNSW_NB15,6q_5k,QWE,linear,0,L0,baseline_unoptimized,0.0,6,29,26624,2,0.8453333333333334,0.8478431965472111,0.6884875629534688,489.44222291046754,8.533083172049373,497.9753060825169
UNSW_NB15,6q_5k,QWE,linear,0,L0,baseline_unoptimized,0.0003,6,0,42,0,0.8313333333333334,0.834360070072182,0.667215474772187,245.01857436215505,3.359879858791828,248.37845422094688
UNSW_NB15,6q_5k,QWE,linear,0,L0,baseline_unoptimized,0.0003,6,1,123,1,0.836,0.8388552409701835,0.6742454584153192,240.76347920671105,5.164655903354287,245.92813511006534
UNSW_NB15,6q_5k,QWE,linear,0,L0,baseline_unoptimized,0.0003,6,2,456,2,0.8353333333333334,0.8378173728074765,0.6639846325305433,249.61713756481186,1.7027815035544336,251.3199190683663
UNSW_NB15,6q_5k,QWE,linear,0,L0,baseline_unoptimized,0.0003,6,3,789,0,0.832,0.8347797941510163,0.6616299090871964,243.20888128690422,4.528543589171022,247.73742487607524
UNSW_NB15,6q_5k,QWE,linear,0,L0,baseline_unoptimized,0.0003,6,4,1024,1,0.88,0.8762168599644553,0.7385550224226364,230.31902775121853,4.38705167081207,234.7060794220306
UNSW_NB15,6q_5k,QWE,linear,0,L0,baseline_unoptimized,0.0003,6,5,2048,2,0.834,0.8371029410348624,0.6764162882173521,247.68421483319253,3.7089167879894376,251.39313162118196
UNSW_NB15,6q_5k,QWE,linear,0,L0,baseline_unoptimized,0.0003,6,6,3072,0,0.8473333333333334,0.850001581537965,0.6975063151694968,223.7820722698234,5.4645260432735085,229.2465983130969
UNSW_NB15,6q_5k,QWE,linear,0,L0,baseline_unoptimized,0.0003,6,7,4096,1,0.8413333333333334,0.8439337037037037,0.6806464996548699,250.73836428392678,3.562036670744419,254.3004009546712
UNSW_NB15,6q_5k,QWE,linear,0,L0,baseline_unoptimized,0.0003,6,8,5120,2,0.8353333333333334,0.8383114381527259,0.6754151163705066,249.7165155801922,4.014385030604899,253.7309006107971
UNSW_NB15,6q_5k,QWE,linear,0,L0,baseline_unoptimized,0.0003,6,9,6144,0,0.8593333333333333,0.8610193800901931,0.7080417046382713,252.36364919273183,3.527683694846928,255.89133288757876
UNSW_NB15,6q_5k,QWE,linear,0,L0,baseline_unoptimized,0.0003,6,10,7168,1,0.846,0.8487283583133443,0.6966509263151034,246.89306796435267,4.447563410270959,251.34063137462363
UNSW_NB15,6q_5k,QWE,linear,0,L0,baseline_unoptimized,0.0003,6,11,8192,2,0.8393333333333334,0.8420042103977674,0.6772917510969229,249.21938132401556,4.272211077157408,253.49159240117297
UNSW_NB15,6q_5k,QWE,linear,0,L0,baseline_unoptimized,0.0003,6,12,9216,0,0.8633333333333333,0.8623394845139015,0.7004804253901048,251.1137364213355,5.296417682431638,256.4101541037671
UNSW_NB15,6q_5k,QWE,linear,0,L0,baseline_unoptimized,0.0003,6,13,10240,1,0.8553333333333333,0.856996238810873,0.6987095778783377,243.41377647593617,4.698028266429901,248.11180474236608
UNSW_NB15,6q_5k,QWE,linear,0,L0,baseline_unoptimized,0.0003,6,14,11264,2,0.838,0.8406977405920382,0.6752357199193479,252.8003966305405,2.748071650508791,255.54846828104928
UNSW_NB15,6q_5k,QWE,linear,0,L0,baseline_unoptimized,0.0003,6,15,12288,0,0.846,0.8484864018059569,0.689613228171714,234.00980994524434,4.794736798852682,238.80454674409702
UNSW_NB15,6q_5k,QWE,linear,0,L0,baseline_unoptimized,0.0003,6,16,13312,1,0.832,0.8348100165562914,0.6629512852579473,248.77477057557553,3.628484843764454,252.40325541933998
UNSW_NB15,6q_5k,QWE,linear,0,L0,baseline_unoptimized,0.0003,6,17,14336,2,0.8386666666666667,0.841239574898848,0.674124770119252,248.0829494483769,3.8335405569523573,251.91649000532925
UNSW_NB15,6q_5k,QWE,linear,0,L0,baseline_unoptimized,0.0003,6,18,15360,0,0.882,0.8786426590693257,0.7423676908493403,246.29613166395575,4.043220836203545,250.3393525001593
UNSW_NB15,6q_5k,QWE,linear,0,L0,baseline_unoptimized,0.0003,6,19,16384,1,0.844,0.8463799433585589,0.6831797840322841,247.48888614261523,3.6020477418787777,251.090933884494
UNSW_NB15,6q_5k,QWE,linear,0,L0,baseline_unoptimized,0.0003,6,20,17408,2,0.85,0.8521754257999337,0.6933157389098952,213.25475051626563,5.807487801648676,219.0622383179143
UNSW_NB15,6q_5k,QWE,linear,0,L0,baseline_unoptimized,0.0003,6,21,18432,0,0.84,0.8428271770800506,0.6830481798504326,247.57072767149657,4.33730003843084,251.9080277099274
UNSW_NB15,6q_5k,QWE,linear,0,L0,baseline_unoptimized,0.0003,6,22,19456,1,0.8313333333333334,0.8344752239241737,0.6716478857849202,246.75401124404743,5.429875820409507,252.18388706445694
UNSW_NB15,6q_5k,QWE,linear,0,L0,baseline_unoptimized,0.0003,6,23,20480,2,0.8506666666666667,0.8529052664999802,0.6959836201055511,239.36428753333166,5.031493288464844,244.3957808217965
UNSW_NB15,6q_5k,QWE,linear,0,L0,baseline_unoptimized,0.0003,6,24,21504,0,0.844,0.8466285961496863,0.6879246393105983,246.3805197691545,3.2569615175016224,249.6374812866561
UNSW_NB15,6q_5k,QWE,linear,0,L0,baseline_unoptimized,0.0003,6,25,22528,1,0.8406666666666667,0.8427390378625752,0.6702143666410583,247.95557515788823,1.375285787973553,249.3308609458618
UNSW_NB15,6q_5k,QWE,linear,0,L0,baseline_unoptimized,0.0003,6,26,23552,2,0.8753333333333333,0.8738068408209564,0.7262573916741782,182.07916070520878,4.081898217089474,186.16105892229825
UNSW_NB15,6q_5k,QWE,linear,0,L0,baseline_unoptimized,0.0003,6,27,24576,0,0.8393333333333334,0.8421414024045831,0.6807601796530044,248.27882052399218,3.224674564320594,251.50349508831277
UNSW_NB15,6q_5k,QWE,linear,0,L0,baseline_unoptimized,0.0003,6,28,25600,1,0.828,0.8308981957547824,0.6543886974102077,220.51218388974667,3.9578258581459522,224.47000974789262
UNSW_NB15,6q_5k,QWE,linear,0,L0,baseline_unoptimized,0.0003,6,29,26624,2,0.846,0.8485115404795501,0.6901613229532741,245.38453746493906,4.686247566249222,250.07078503118828
UNSW_NB15,6q_5k,QWE,linear,0,L0,baseline_unoptimized,0.0005,6,0,42,0,0.8313333333333334,0.834360070072182,0.667215474772187,236.07570266909897,4.830752343870699,240.90645501296967
UNSW_NB15,6q_5k,QWE,linear,0,L0,baseline_unoptimized,0.0005,6,1,123,1,0.836,0.8388552409701835,0.6742454584153192,247.6437775134109,4.409988449886441,252.05376596329734
UNSW_NB15,6q_5k,QWE,linear,0,L0,baseline_unoptimized,0.0005,6,2,456,2,0.8653333333333333,0.8639206829756728,0.704095298320769,235.34639969700947,3.292151584289968,238.63855128129944
UNSW_NB15,6q_5k,QWE,linear,0,L0,baseline_unoptimized,0.0005,6,3,789,0,0.8366666666666667,0.8391610312924551,0.6673168889769298,231.73056213604286,4.015283351298422,235.74584548734128
UNSW_NB15,6q_5k,QWE,linear,0,L0,baseline_unoptimized,0.0005,6,4,1024,1,0.88,0.8762168599644553,0.7385550224226364,240.69059448922053,3.6503925905562937,244.34098707977682
UNSW_NB15,6q_5k,QWE,linear,0,L0,baseline_unoptimized,0.0005,6,5,2048,2,0.834,0.8371029410348624,0.6764162882173521,248.02082026051357,2.677179146092385,250.69799940660596
UNSW_NB15,6q_5k,QWE,linear,0,L0,baseline_unoptimized,0.0005,6,6,3072,0,0.8473333333333334,0.850001581537965,0.6975063151694968,240.10583006264642,5.253018848598003,245.35884891124442
UNSW_NB15,6q_5k,QWE,linear,0,L0,baseline_unoptimized,0.0005,6,7,4096,1,0.836,0.8388334108578643,0.6728970508327178,245.9718700502999,2.5245868866331875,248.4964569369331
UNSW_NB15,6q_5k,QWE,linear,0,L0,baseline_unoptimized,0.0005,6,8,5120,2,0.8353333333333334,0.8383114381527259,0.6754151163705066,243.78270221222192,4.374119859188795,248.15682207141072
UNSW_NB15,6q_5k,QWE,linear,0,L0,baseline_unoptimized,0.0005,6,9,6144,0,0.89,0.886120141104191,0.763286233473101,246.1076977448538,4.103551832027733,250.21124957688153
UNSW_NB15,6q_5k,QWE,linear,0,L0,baseline_unoptimized,0.0005,6,10,7168,1,0.846,0.8487283583133443,0.6966509263151034,235.15946439374238,3.16594714904204,238.32541154278442
UNSW_NB15,6q_5k,QWE,linear,0,L0,baseline_unoptimized,0.0005,6,11,8192,2,0.8393333333333334,0.8420042103977674,0.6772917510969229,227.73322333209217,4.350402773823589,232.08362610591576
UNSW_NB15,6q_5k,QWE,linear,0,L0,baseline_unoptimized,0.0005,6,12,9216,0,0.8626666666666667,0.8617008058608059,0.6990874447809551,246.687743043527,2.8654236015863717,249.55316664511338
UNSW_NB15,6q_5k,QWE,linear,0,L0,baseline_unoptimized,0.0005,6,13,10240,1,0.8546666666666667,0.8563553080285323,0.6975144356162012,205.08714578999206,4.806719878688455,209.89386566868052
UNSW_NB15,6q_5k,QWE,linear,0,L0,baseline_unoptimized,0.0005,6,14,11264,2,0.838,0.8406977405920382,0.6752357199193479,241.1165776727721,4.267654171679169,245.38423184445128
UNSW_NB15,6q_5k,QWE,linear,0,L0,baseline_unoptimized,0.0005,6,15,12288,0,0.846,0.8484864018059569,0.689613228171714,247.6549470354803,3.528776483144611,251.1837235186249
UNSW_NB15,6q_5k,QWE,linear,0,L0,baseline_unoptimized,0.0005,6,16,13312,1,0.8253333333333334,0.8284959625189472,0.6556136782189593,237.7141457675025,4.36620828229934,242.08035404980183
UNSW_NB15,6q_5k,QWE,linear,0,L0,baseline_unoptimized,0.0005,6,17,14336,2,0.8386666666666667,0.841239574898848,0.674124770119252,246.06821467215195,4.8685551434755325,250.93676981562749
UNSW_NB15,6q_5k,QWE,linear,0,L0,baseline_unoptimized,0.0005,6,18,15360,0,0.8506666666666667,0.8530142741185089,0.6980675946996353,247.4160661092028,4.863385839853436,252.27945194905624
UNSW_NB15,6q_5k,QWE,linear,0,L0,baseline_unoptimized,0.0005,6,19,16384,1,0.844,0.8463799433585589,0.6831797840322841,244.57579525653273,4.873116275295615,249.44891153182834
UNSW_NB15,6q_5k,QWE,linear,0,L0,baseline_unoptimized,0.0005,6,20,17408,2,0.8806666666666667,0.8766096897507936,0.7408286437893122,230.70225980319083,4.6393465381115675,235.3416063413024
UNSW_NB15,6q_5k,QWE,linear,0,L0,baseline_unoptimized,0.0005,6,21,18432,0,0.84,0.8428271770800506,0.6830481798504326,248.71314373938367,4.419708161149174,253.13285190053284
UNSW_NB15,6q_5k,QWE,linear,0,L0,baseline_unoptimized,0.0005,6,22,19456,1,0.8346666666666667,0.8376937714791612,0.6763634734971107,246.25182633986697,5.317846700549126,251.5696730404161
UNSW_NB15,6q_5k,QWE,linear,0,L0,baseline_unoptimized,0.0005,6,23,20480,2,0.8426666666666667,0.8447660365695598,0.6751556108778196,237.32750542182475,4.2485620835796,241.57606750540435
UNSW_NB15,6q_5k,QWE,linear,0,L0,baseline_unoptimized,0.0005,6,24,21504,0,0.844,0.8466285961496863,0.6879246393105983,233.2890787892975,3.9489587801508605,237.23803756944835
UNSW_NB15,6q_5k,QWE,linear,0,L0,baseline_unoptimized,0.0005,6,25,22528,1,0.8406666666666667,0.8427390378625752,0.6702143666410583,246.70613782247528,2.075302709825337,248.78144053230062
UNSW_NB15,6q_5k,QWE,linear,0,L0,baseline_unoptimized,0.0005,6,26,23552,2,0.8833333333333333,0.8789616539883269,0.7485733338220176,215.94567742804065,5.0600388664752245,221.00571629451588
UNSW_NB15,6q_5k,QWE,linear,0,L0,baseline_unoptimized,0.0005,6,27,24576,0,0.8393333333333334,0.8421414024045831,0.6807601796530044,247.39146063942462,3.678745985031128,251.07020662445575
UNSW_NB15,6q_5k,QWE,linear,0,L0,baseline_unoptimized,0.0005,6,28,25600,1,0.826,0.8290635680449566,0.6534516808039579,241.57806481746957,4.927745040971786,246.50580985844135
UNSW_NB15,6q_5k,QWE,linear,0,L0,baseline_unoptimized,0.0005,6,29,26624,2,0.846,0.8485115404795501,0.6901613229532741,226.97719832882285,4.595178556628525,231.57237688545138
UNSW_NB15,6q_5k,QWE,linear,0,L0,baseline_unoptimized,0.001,6,0,42,0,0.8313333333333334,0.834360070072182,0.667215474772187,243.76512885652483,5.135169195011258,248.90029805153608
UNSW_NB15,6q_5k,QWE,linear,0,L0,baseline_unoptimized,0.001,6,1,123,1,0.84,0.8426992935961956,0.6802813167735894,250.0349378325045,3.8800833113491535,253.91502114385366
UNSW_NB15,6q_5k,QWE,linear,0,L0,baseline_unoptimized,0.001,6,2,456,2,0.8653333333333333,0.8639206829756728,0.704095298320769,220.36775941355154,6.287772549781948,226.6555319633335
UNSW_NB15,6q_5k,QWE,linear,0,L0,baseline_unoptimized,0.001,6,3,789,0,0.832,0.8347797941510163,0.6616299090871964,245.7420526756905,5.009809311013669,250.75186198670417
UNSW_NB15,6q_5k,QWE,linear,0,L0,baseline_unoptimized,0.001,6,4,1024,1,0.88,0.8762168599644553,0.7385550224226364,237.6298285452649,4.942993817385286,242.5728223626502
UNSW_NB15,6q_5k,QWE,linear,0,L0,baseline_unoptimized,0.001,6,5,2048,2,0.834,0.8371029410348624,0.6764162882173521,245.83462843252346,4.767902143765241,250.6025305762887
UNSW_NB15,6q_5k,QWE,linear,0,L0,baseline_unoptimized,0.001,6,6,3072,0,0.8473333333333334,0.850001581537965,0.6975063151694968,239.6287240809761,4.6799651104956865,244.30868919147179
UNSW_NB15,6q_5k,QWE,linear,0,L0,baseline_unoptimized,0.001,6,7,4096,1,0.836,0.8388334108578643,0.6728970508327178,245.73023545835167,5.465227799024433,251.1954632573761
UNSW_NB15,6q_5k,QWE,linear,0,L0,baseline_unoptimized,0.001,6,8,5120,2,0.8433333333333334,0.8459846809826733,0.6868121889820344,239.23766564577818,3.1007093493826687,242.33837499516085
UNSW_NB15,6q_5k,QWE,linear,0,L0,baseline_unoptimized,0.001,6,9,6144,0,0.8593333333333333,0.8610193800901931,0.7080417046382713,247.3278013835661,3.281103854533285,250.6089052380994
UNSW_NB15,6q_5k,QWE,linear,0,L0,baseline_unoptimized,0.001,6,10,7168,1,0.846,0.8487283583133443,0.6966509263151034,247.45685611618683,3.865498262923211,251.32235437911004
UNSW_NB15,6q_5k,QWE,linear,0,L0,baseline_unoptimized,0.001,6,11,8192,2,0.8393333333333334,0.8420042103977674,0.6772917510969229,218.91240644967183,4.408450172282755,223.3208566219546
UNSW_NB15,6q_5k,QWE,linear,0,L0,baseline_unoptimized,0.001,6,12,9216,0,0.8626666666666667,0.8617659866282535,0.6992394670297926,222.4464967069216,4.710255576297641,227.15675228321925
UNSW_NB15,6q_5k,QWE,linear,0,L0,baseline_unoptimized,0.001,6,13,10240,1,0.8546666666666667,0.8563553080285323,0.6975144356162012,247.0982393398881,3.8948924327269197,250.99313177261502
UNSW_NB15,6q_5k,QWE,linear,0,L0,baseline_unoptimized,0.001,6,14,11264,2,0.8386666666666667,0.8413651746294545,0.6769168571776688,240.3479795777239,4.543088704813272,244.89106828253716
UNSW_NB15,6q_5k,QWE,linear,0,L0,baseline_unoptimized,0.001,6,15,12288,0,0.846,0.8484864018059569,0.689613228171714,244.74195747589692,3.44808769878,248.19004517467692
UNSW_NB15,6q_5k,QWE,linear,0,L0,baseline_unoptimized,0.001,6,16,13312,1,0.8253333333333334,0.8284959625189472,0.6556136782189593,223.63087856583297,4.1447866428643465,227.77566520869732
UNSW_NB15,6q_5k,QWE,linear,0,L0,baseline_unoptimized,0.001,6,17,14336,2,0.8386666666666667,0.841239574898848,0.674124770119252,244.67690603155643,3.2504366780631244,247.92734270961955
UNSW_NB15,6q_5k,QWE,linear,0,L0,baseline_unoptimized,0.001,6,18,15360,0,0.882,0.8786426590693257,0.7423676908493403,229.28105491725728,4.5205666013062,233.80162151856348
UNSW_NB15,6q_5k,QWE,linear,0,L0,baseline_unoptimized,0.001,6,19,16384,1,0.8446666666666667,0.8470223344644764,0.6843191446832791,244.67561680776998,3.612564196344465,248.28818100411445
UNSW_NB15,6q_5k,QWE,linear,0,L0,baseline_unoptimized,0.001,6,20,17408,2,0.8806666666666667,0.8766096897507936,0.7408286437893122,228.2493174346164,4.519899470265955,232.76921690488234
UNSW_NB15,6q_5k,QWE,linear,0,L0,baseline_unoptimized,0.001,6,21,18432,0,0.8406666666666667,0.8434919753475947,0.6847427636499434,233.85312564950436,3.5430022389627993,237.39612788846716
UNSW_NB15,6q_5k,QWE,linear,0,L0,baseline_unoptimized,0.001,6,22,19456,1,0.8313333333333334,0.8344752239241737,0.6716478857849202,248.92765865614638,3.150929453317076,252.07858810946345
UNSW_NB15,6q_5k,QWE,linear,0,L0,baseline_unoptimized,0.001,6,23,20480,2,0.8506666666666667,0.8529052664999802,0.6959836201055511,248.48862713575363,4.3971370426006615,252.8857641783543
UNSW_NB15,6q_5k,QWE,linear,0,L0,baseline_unoptimized,0.001,6,24,21504,0,0.848,0.8504414864033104,0.6935397438282723,244.12872992735356,3.69682046957314,247.8255503969267
UNSW_NB15,6q_5k,QWE,linear,0,L0,baseline_unoptimized,0.001,6,25,22528,1,0.8406666666666667,0.8427390378625752,0.6702143666410583,244.51700450386852,3.559110689442605,248.07611519331113
UNSW_NB15,6q_5k,QWE,linear,0,L0,baseline_unoptimized,0.001,6,26,23552,2,0.884,0.8796101668806162,0.7502737642704553,250.59099316271022,2.2186212530359626,252.80961441574618
UNSW_NB15,6q_5k,QWE,linear,0,L0,baseline_unoptimized,0.001,6,27,24576,0,0.8393333333333334,0.8421414024045831,0.6807601796530044,240.4516766392626,3.8590426123701036,244.3107192516327
UNSW_NB15,6q_5k,QWE,linear,0,L0,baseline_unoptimized,0.001,6,28,25600,1,0.826,0.8290635680449566,0.6534516808039579,246.14179930230603,4.2094168099574745,250.3512161122635
UNSW_NB15,6q_5k,QWE,linear,0,L0,baseline_unoptimized,0.001,6,29,26624,2,0.846,0.8485115404795501,0.6901613229532741,237.06063772412017,5.212181704584509,242.27281942870468
UNSW_NB15,6q_5k,QWE,linear,0,L0,baseline_unoptimized,0.002,6,0,42,0,0.8313333333333334,0.834360070072182,0.667215474772187,220.95618570782244,4.273385507054627,225.22957121487707
UNSW_NB15,6q_5k,QWE,linear,0,L0,baseline_unoptimized,0.002,6,1,123,1,0.8353333333333334,0.8381896203730629,0.6725540788909956,247.9959397027269,3.7707608388736844,251.76670054160058
UNSW_NB15,6q_5k,QWE,linear,0,L0,baseline_unoptimized,0.002,6,2,456,2,0.8353333333333334,0.8378173728074765,0.6639846325305433,246.96284250169992,4.676051307935268,251.6388938096352
UNSW_NB15,6q_5k,QWE,linear,0,L0,baseline_unoptimized,0.002,6,3,789,0,0.832,0.8347797941510163,0.6616299090871964,252.09590102173388,2.2155971522442997,254.31149817397818
UNSW_NB15,6q_5k,QWE,linear,0,L0,baseline_unoptimized,0.002,6,4,1024,1,0.8446666666666667,0.8471486441273852,0.6862701388568976,242.92732754023746,2.98663183581084,245.9139593760483
UNSW_NB15,6q_5k,QWE,linear,0,L0,baseline_unoptimized,0.002,6,5,2048,2,0.8333333333333334,0.8364561615191041,0.6753476704089677,242.55545709608123,4.335298468824476,246.8907555649057
UNSW_NB15,6q_5k,QWE,linear,0,L0,baseline_unoptimized,0.002,6,6,3072,0,0.8473333333333334,0.850001581537965,0.6975063151694968,225.07886309176683,6.216634107287973,231.2954971990548
UNSW_NB15,6q_5k,QWE,linear,0,L0,baseline_unoptimized,0.002,6,7,4096,1,0.836,0.8388334108578643,0.6728970508327178,243.02912669302896,2.69427203387022,245.72339872689918
UNSW_NB15,6q_5k,QWE,linear,0,L0,baseline_unoptimized,0.002,6,8,5120,2,0.8433333333333334,0.8459846809826733,0.6868121889820344,245.42591190850362,4.697558068204671,250.1234699767083
UNSW_NB15,6q_5k,QWE,linear,0,L0,baseline_unoptimized,0.002,6,9,6144,0,0.89,0.886120141104191,0.763286233473101,204.8965486958623,5.941502642817795,210.8380513386801
UNSW_NB15,6q_5k,QWE,linear,0,L0,baseline_unoptimized,0.002,6,10,7168,1,0.846,0.8487283583133443,0.6966509263151034,246.83210702752694,3.1672148699872196,249.99932189751416
UNSW_NB15,6q_5k,QWE,linear,0,L0,baseline_unoptimized,0.002,6,11,8192,2,0.8393333333333334,0.8420042103977674,0.6772917510969229,242.05508405296132,4.587902391795069,246.6429864447564
UNSW_NB15,6q_5k,QWE,linear,0,L0,baseline_unoptimized,0.002,6,12,9216,0,0.8606666666666667,0.8599791235206291,0.6954377559511538,246.30611627921462,2.609128270763904,248.91524454997852
UNSW_NB15,6q_5k,QWE,linear,0,L0,baseline_unoptimized,0.002,6,13,10240,1,0.8473333333333334,0.8495916309237368,0.6888935612357246,238.05122820986435,4.339247696567327,242.39047590643167
UNSW_NB15,6q_5k,QWE,linear,0,L0,baseline_unoptimized,0.002,6,14,11264,2,0.8386666666666667,0.8413651746294545,0.6769168571776688,228.59601663565263,4.164930913131684,232.76094754878432
UNSW_NB15,6q_5k,QWE,linear,0,L0,baseline_unoptimized,0.002,6,15,12288,0,0.846,0.8484864018059569,0.689613228171714,246.5128226946108,3.453861110843718,249.96668380545452
UNSW_NB15,6q_5k,QWE,linear,0,L0,baseline_unoptimized,0.002,6,16,13312,1,0.8253333333333334,0.8284959625189472,0.6556136782189593,236.5606734282337,4.979902123101056,241.54057555133477
UNSW_NB15,6q_5k,QWE,linear,0,L0,baseline_unoptimized,0.002,6,17,14336,2,0.8466666666666667,0.8490863607936779,0.6903714603811804,237.1026178598404,4.485862095374614,241.588479955215
UNSW_NB15,6q_5k,QWE,linear,0,L0,baseline_unoptimized,0.002,6,18,15360,0,0.8813333333333333,0.8780756221441445,0.7406078003630727,248.6261115516536,3.235003021080047,251.86111457273364
UNSW_NB15,6q_5k,QWE,linear,0,L0,baseline_unoptimized,0.002,6,19,16384,1,0.8446666666666667,0.8470223344644764,0.6843191446832791,248.28555354196578,3.737362422514707,252.0229159644805
UNSW_NB15,6q_5k,QWE,linear,0,L0,baseline_unoptimized,0.002,6,20,17408,2,0.8806666666666667,0.8766096897507936,0.7408286437893122,232.32755465433002,4.1727419048547745,236.5002965591848
UNSW_NB15,6q_5k,QWE,linear,0,L0,baseline_unoptimized,0.002,6,21,18432,0,0.8406666666666667,0.8434919753475947,0.6847427636499434,228.18171172728762,5.4490075767971575,233.63071930408478
UNSW_NB15,6q_5k,QWE,linear,0,L0,baseline_unoptimized,0.002,6,22,19456,1,0.8313333333333334,0.8344752239241737,0.6716478857849202,244.5565211721696,4.503584366757423,249.06010553892702
UNSW_NB15,6q_5k,QWE,linear,0,L0,baseline_unoptimized,0.002,6,23,20480,2,0.8433333333333334,0.8454410925360015,0.6768037354474175,238.729618224781,4.489624519832432,243.21924274461344
UNSW_NB15,6q_5k,QWE,linear,0,L0,baseline_unoptimized,0.002,6,24,21504,0,0.844,0.8466285961496863,0.6879246393105983,243.1101551586762,4.308962660841644,247.41911781951785
UNSW_NB15,6q_5k,QWE,linear,0,L0,baseline_unoptimized,0.002,6,25,22528,1,0.84,0.8420627540821598,0.6685683014716145,231.13440578058362,4.000905522145331,235.13531130272895
UNSW_NB15,6q_5k,QWE,linear,0,L0,baseline_unoptimized,0.002,6,26,23552,2,0.8833333333333333,0.878874715136345,0.7488578788829943,231.49666159786284,5.029713261406869,236.5263748592697
UNSW_NB15,6q_5k,QWE,linear,0,L0,baseline_unoptimized,0.002,6,27,24576,0,0.838,0.840911387489181,0.680376646693444,237.3400046643801,4.809389376547188,242.1493940409273
UNSW_NB15,6q_5k,QWE,linear,0,L0,baseline_unoptimized,0.002,6,28,25600,1,0.826,0.8290635680449566,0.6534516808039579,228.6058218376711,4.569675975013524,233.17549781268463
UNSW_NB15,6q_5k,QWE,linear,0,L0,baseline_unoptimized,0.002,6,29,26624,2,0.846,0.8485115404795501,0.6901613229532741,249.48538923915476,3.6429469222202897,253.12833616137505
UNSW_NB15,6q_5k,QWE,linear,0,L0,baseline_unoptimized,0.005,6,0,42,0,0.8333333333333334,0.8363511092738046,0.672324117930689,248.08082406502217,3.530254487413913,251.61107855243608
UNSW_NB15,6q_5k,QWE,linear,0,L0,baseline_unoptimized,0.005,6,1,123,1,0.8353333333333334,0.8381896203730629,0.6725540788909956,230.25844483543187,3.9575528097338974,234.21599764516577
UNSW_NB15,6q_5k,QWE,linear,0,L0,baseline_unoptimized,0.005,6,2,456,2,0.866,0.8643507003149161,0.7052618313252119,240.37066289642826,5.322239572647959,245.69290246907622
UNSW_NB15,6q_5k,QWE,linear,0,L0,baseline_unoptimized,0.005,6,3,789,0,0.8366666666666667,0.8391610312924551,0.6673168889769298,244.90147541463375,3.0752721186727285,247.97674753330648
UNSW_NB15,6q_5k,QWE,linear,0,L0,baseline_unoptimized,0.005,6,4,1024,1,0.8446666666666667,0.8471486441273852,0.6862701388568976,250.40421685017645,3.7464096429757774,254.15062649315223
UNSW_NB15,6q_5k,QWE,linear,0,L0,baseline_unoptimized,0.005,6,5,2048,2,0.83,0.8332208094412374,0.6700256763423318,248.53951255604625,4.304581586737186,252.84409414278343
UNSW_NB15,6q_5k,QWE,linear,0,L0,baseline_unoptimized,0.005,6,6,3072,0,0.8473333333333334,0.850001581537965,0.6975063151694968,250.76913111610338,3.4009896060451865,254.17012072214857
UNSW_NB15,6q_5k,QWE,linear,0,L0,baseline_unoptimized,0.005,6,7,4096,1,0.8353333333333334,0.8381669347668113,0.6712078466250343,250.1384396017529,3.5851324829272926,253.7235720846802
UNSW_NB15,6q_5k,QWE,linear,0,L0,baseline_unoptimized,0.005,6,8,5120,2,0.8353333333333334,0.8382926448964103,0.67480036789157,242.7473638919182,5.072699755430222,247.82006364734843
UNSW_NB15,6q_5k,QWE,linear,0,L0,baseline_unoptimized,0.005,6,9,6144,0,0.89,0.8860401182810841,0.7635663039484447,216.8548379149288,4.2994222566485405,221.15426017157733
UNSW_NB15,6q_5k,QWE,linear,0,L0,baseline_unoptimized,0.005,6,10,7168,1,0.854,0.8561871868946126,0.703421826976114,247.0817742771469,4.738773210439831,251.82054748758674
UNSW_NB15,6q_5k,QWE,linear,0,L0,baseline_unoptimized,0.005,6,11,8192,2,0.8393333333333334,0.8420042103977674,0.6772917510969229,250.74831235362217,3.570102377794683,254.31841473141685
UNSW_NB15,6q_5k,QWE,linear,0,L0,baseline_unoptimized,0.005,6,12,9216,0,0.8626666666666667,0.8623822743130819,0.701077665291039,249.01947115315124,4.575110509060323,253.59458166221157
UNSW_NB15,6q_5k,QWE,linear,0,L0,baseline_unoptimized,0.005,6,13,10240,1,0.8533333333333334,0.8550735008691835,0.6951299104773401,240.9801646969281,4.199262485373765,245.17942718230188
UNSW_NB15,6q_5k,QWE,linear,0,L0,baseline_unoptimized,0.005,6,14,11264,2,0.838,0.8407444927922219,0.6763809144710715,227.11887744721025,4.330518370028585,231.44939581723884
UNSW_NB15,6q_5k,QWE,linear,0,L0,baseline_unoptimized,0.005,6,15,12288,0,0.846,0.8484864018059569,0.689613228171714,243.36154500441626,3.9919427945278585,247.35348779894412
UNSW_NB15,6q_5k,QWE,linear,0,L0,baseline_unoptimized,0.005,6,16,13312,1,0.8253333333333334,0.8284959625189472,0.6556136782189593,249.86106155021116,3.7799050924368203,253.64096664264798
UNSW_NB15,6q_5k,QWE,linear,0,L0,baseline_unoptimized,0.005,6,17,14336,2,0.8386666666666667,0.841265925925926,0.6746740235180887,244.6538040456362,4.624010659754276,249.27781470539048
UNSW_NB15,6q_5k,QWE,linear,0,L0,baseline_unoptimized,0.005,6,18,15360,0,0.8813333333333333,0.8781538627332122,0.7404652613182028,234.22383492905647,4.218359030317515,238.44219395937398
UNSW_NB15,6q_5k,QWE,linear,0,L0,baseline_unoptimized,0.005,6,19,16384,1,0.8533333333333334,0.8556962962962963,0.7054372975327696,247.21554772742093,3.6907076071947813,250.9062553346157
UNSW_NB15,6q_5k,QWE,linear,0,L0,baseline_unoptimized,0.005,6,20,17408,2,0.8493333333333334,0.8514412514546337,0.6906746884748705,229.67066917335615,3.8916043140925467,233.5622734874487
UNSW_NB15,6q_5k,QWE,linear,0,L0,baseline_unoptimized,0.005,6,21,18432,0,0.8413333333333334,0.8441369506043835,0.6858380826389832,241.31868871906772,3.3956852885894477,244.71437400765717
UNSW_NB15,6q_5k,QWE,linear,0,L0,baseline_unoptimized,0.005,6,22,19456,1,0.8313333333333334,0.8344752239241737,0.6716478857849202,247.8451911569573,3.3510005534626544,251.19619171041995
UNSW_NB15,6q_5k,QWE,linear,0,L0,baseline_unoptimized,0.005,6,23,20480,2,0.8513333333333334,0.8535477256610148,0.6971314281036547,221.0106889246963,4.52918931748718,225.53987824218348
UNSW_NB15,6q_5k,QWE,linear,0,L0,baseline_unoptimized,0.005,6,24,21504,0,0.844,0.8466285961496863,0.6879246393105983,224.93216263363138,4.059933518059552,228.99209615169093
UNSW_NB15,6q_5k,QWE,linear,0,L0,baseline_unoptimized,0.005,6,25,22528,1,0.8393333333333334,0.8413861578804402,0.6669227309607182,243.17892866022885,2.6224519689567387,245.8013806291856
UNSW_NB15,6q_5k,QWE,linear,0,L0,baseline_unoptimized,0.005,6,26,23552,2,0.868,0.8662789086116132,0.7098741835262183,214.06910414528102,4.154163736850023,218.22326788213104
UNSW_NB15,6q_5k,QWE,linear,0,L0,baseline_unoptimized,0.005,6,27,24576,0,0.8393333333333334,0.8421414024045831,0.6807601796530044,184.26379105402157,5.091392009984702,189.35518306400627
UNSW_NB15,6q_5k,QWE,linear,0,L0,baseline_unoptimized,0.005,6,28,25600,1,0.826,0.8290635680449566,0.6534516808039579,249.36604783125222,3.2898659561760724,252.6559137874283
UNSW_NB15,6q_5k,QWE,linear,0,L0,baseline_unoptimized,0.005,6,29,26624,2,0.846,0.8485115404795501,0.6901613229532741,252.02379159023985,1.5062713967636228,253.53006298700348
UNSW_NB15,6q_5k,QWE,linear,0,L0,baseline_unoptimized,0.008,6,0,42,0,0.8313333333333334,0.834360070072182,0.667215474772187,209.70174679951742,4.985783347859979,214.6875301473774
UNSW_NB15,6q_5k,QWE,linear,0,L0,baseline_unoptimized,0.008,6,1,123,1,0.8346666666666667,0.8375451209780711,0.6714563081824976,248.3929890957661,2.8359685144387186,251.22895761020482
UNSW_NB15,6q_5k,QWE,linear,0,L0,baseline_unoptimized,0.008,6,2,456,2,0.864,0.8621443889170041,0.700631079232902,242.7733068591915,4.378589691594243,247.15189655078575
UNSW_NB15,6q_5k,QWE,linear,0,L0,baseline_unoptimized,0.008,6,3,789,0,0.832,0.8347797941510163,0.6616299090871964,249.09736073063686,2.9576631169766188,252.05502384761348
UNSW_NB15,6q_5k,QWE,linear,0,L0,baseline_unoptimized,0.008,6,4,1024,1,0.8806666666666667,0.8768629366059417,0.7401937563951884,196.40131214959547,3.8185479510575533,200.21986010065302
UNSW_NB15,6q_5k,QWE,linear,0,L0,baseline_unoptimized,0.008,6,5,2048,2,0.8473333333333334,0.8498474660653519,0.6935109773994835,249.04233482200652,2.7105328449979424,251.75286766700447
UNSW_NB15,6q_5k,QWE,linear,0,L0,baseline_unoptimized,0.008,6,6,3072,0,0.8473333333333334,0.850001581537965,0.6975063151694968,239.68396203499287,3.5781518793664873,243.26211391435936
UNSW_NB15,6q_5k,QWE,linear,0,L0,baseline_unoptimized,0.008,6,7,4096,1,0.8346666666666667,0.837523113385164,0.6701048619244825,246.55564179178327,3.619695996399969,250.17533778818324
UNSW_NB15,6q_5k,QWE,linear,0,L0,baseline_unoptimized,0.008,6,8,5120,2,0.836,0.8389377424384964,0.675888952404438,213.29534871410578,3.7293657488189638,217.02471446292475
UNSW_NB15,6q_5k,QWE,linear,0,L0,baseline_unoptimized,0.008,6,9,6144,0,0.89,0.8860401182810841,0.7635663039484447,251.03013283992186,2.6150902048684657,253.64522304479033
UNSW_NB15,6q_5k,QWE,linear,0,L0,baseline_unoptimized,0.008,6,10,7168,1,0.8526666666666667,0.854901012517808,0.7011316895262593,249.1440011789091,4.697842350695282,253.84184352960438
UNSW_NB15,6q_5k,QWE,linear,0,L0,baseline_unoptimized,0.008,6,11,8192,2,0.838,0.8407176319652331,0.6750632242764517,248.49146310100332,4.636602983344346,253.12806608434767
UNSW_NB15,6q_5k,QWE,linear,0,L0,baseline_unoptimized,0.008,6,12,9216,0,0.8706666666666667,0.865355477518419,0.7198084335399303,242.25444254791364,2.197890323586762,244.4523328715004
UNSW_NB15,6q_5k,QWE,linear,0,L0,baseline_unoptimized,0.008,6,13,10240,1,0.8533333333333334,0.8550735008691835,0.6951299104773401,244.25673343474045,3.117349094245583,247.37408252898604
UNSW_NB15,6q_5k,QWE,linear,0,L0,baseline_unoptimized,0.008,6,14,11264,2,0.838,0.8407669497252991,0.67696039116712,189.06908523337916,6.560954582411796,195.63003981579095
UNSW_NB15,6q_5k,QWE,linear,0,L0,baseline_unoptimized,0.008,6,15,12288,0,0.846,0.8484864018059569,0.689613228171714,237.0627465606667,4.889579948503524,241.95232650917023
UNSW_NB15,6q_5k,QWE,linear,0,L0,baseline_unoptimized,0.008,6,16,13312,1,0.826,0.8291413483392822,0.6566934901501965,223.6694236639887,5.126483520492911,228.79590718448162
UNSW_NB15,6q_5k,QWE,linear,0,L0,baseline_unoptimized,0.008,6,17,14336,2,0.8386666666666667,0.8412916601116541,0.6752278559878037,245.594695919659,3.9526979411020875,249.54739386076108
UNSW_NB15,6q_5k,QWE,linear,0,L0,baseline_unoptimized,0.008,6,18,15360,0,0.8506666666666667,0.8530142741185089,0.6980675946996353,241.94473952287808,3.731748189777136,245.67648771265522
UNSW_NB15,6q_5k,QWE,linear,0,L0,baseline_unoptimized,0.008,6,19,16384,1,0.8453333333333334,0.8476646970068603,0.6854601947213739,206.74100483953953,4.304412830621004,211.04541767016053
UNSW_NB15,6q_5k,QWE,linear,0,L0,baseline_unoptimized,0.008,6,20,17408,2,0.8813333333333333,0.8773414215686274,0.7422645365494897,246.94124738732353,2.726874299813062,249.6681216871366
UNSW_NB15,6q_5k,QWE,linear,0,L0,baseline_unoptimized,0.008,6,21,18432,0,0.842,0.8447818606385239,0.6869349315482879,226.5689123403281,5.103106087073684,231.67201842740178
UNSW_NB15,6q_5k,QWE,linear,0,L0,baseline_unoptimized,0.008,6,22,19456,1,0.8346666666666667,0.8376937714791612,0.6763634734971107,231.94700285745785,4.5451460727490485,236.4921489302069
UNSW_NB15,6q_5k,QWE,linear,0,L0,baseline_unoptimized,0.008,6,23,20480,2,0.844,0.8461158469945355,0.678452395048131,245.02218542108312,3.5122574139386415,248.53444283502176
UNSW_NB15,6q_5k,QWE,linear,0,L0,baseline_unoptimized,0.008,6,24,21504,0,0.844,0.8466285961496863,0.6879246393105983,241.9652277873829,3.7716731247492135,245.7369009121321
UNSW_NB15,6q_5k,QWE,linear,0,L0,baseline_unoptimized,0.008,6,25,22528,1,0.8393333333333334,0.8413861578804402,0.6669227309607182,246.28119392460212,3.8896914389915764,250.1708853635937
UNSW_NB15,6q_5k,QWE,linear,0,L0,baseline_unoptimized,0.008,6,26,23552,2,0.878,0.8728720107023328,0.7378405567462214,234.79741087602451,4.409865721128881,239.2072765971534
UNSW_NB15,6q_5k,QWE,linear,0,L0,baseline_unoptimized,0.008,6,27,24576,0,0.8373333333333334,0.8402660601778249,0.6792888724156669,246.2406448489055,4.565486867912114,250.80613171681762
UNSW_NB15,6q_5k,QWE,linear,0,L0,baseline_unoptimized,0.008,6,28,25600,1,0.826,0.8290635680449566,0.6534516808039579,227.44588376907632,4.995370785240084,232.4412545543164
UNSW_NB15,6q_5k,QWE,linear,0,L0,baseline_unoptimized,0.008,6,29,26624,2,0.8453333333333334,0.847868148148148,0.6890384686846192,248.5292042158544,4.765100008808076,253.29430422466248
UNSW_NB15,6q_5k,QWE,linear,0,L0,baseline_unoptimized,0.01,6,0,42,0,0.8313333333333334,0.834360070072182,0.667215474772187,245.84671549499035,4.925968122668564,250.7726836176589
UNSW_NB15,6q_5k,QWE,linear,0,L0,baseline_unoptimized,0.01,6,1,123,1,0.8386666666666667,0.8413884543761639,0.677489036765817,229.92244193004444,4.569848100654781,234.49229003069922
UNSW_NB15,6q_5k,QWE,linear,0,L0,baseline_unoptimized,0.01,6,2,456,2,0.8666666666666667,0.8647019211725094,0.7064669198696618,242.37763351667672,2.660190988332033,245.03782450500876
UNSW_NB15,6q_5k,QWE,linear,0,L0,baseline_unoptimized,0.01,6,3,789,0,0.836,0.8385195888242245,0.6661807037993029,242.00138271180913,4.1181888659484684,246.1195715777576
UNSW_NB15,6q_5k,QWE,linear,0,L0,baseline_unoptimized,0.01,6,4,1024,1,0.8453333333333334,0.8477915157181255,0.687399794152558,245.28229627897963,2.0434865271672606,247.3257828061469
UNSW_NB15,6q_5k,QWE,linear,0,L0,baseline_unoptimized,0.01,6,5,2048,2,0.8273333333333334,0.8306306799372305,0.6657930101967448,228.91330513963476,3.012188632041216,231.92549377167597
UNSW_NB15,6q_5k,QWE,linear,0,L0,baseline_unoptimized,0.01,6,6,3072,0,0.8466666666666667,0.8492727304083886,0.69408277713371,250.00896293111145,2.6956679611466825,252.70463089225814
UNSW_NB15,6q_5k,QWE,linear,0,L0,baseline_unoptimized,0.01,6,7,4096,1,0.8346666666666667,0.837523113385164,0.6701048619244825,214.9256109269336,3.8827935606241226,218.8084044875577
UNSW_NB15,6q_5k,QWE,linear,0,L0,baseline_unoptimized,0.01,6,8,5120,2,0.8353333333333334,0.8382926448964103,0.67480036789157,243.65021487185732,5.083105862606317,248.73332073446363
UNSW_NB15,6q_5k,QWE,linear,0,L0,baseline_unoptimized,0.01,6,9,6144,0,0.89,0.8860401182810841,0.7635663039484447,242.46343681961298,5.1134243118576705,247.57686113147065
UNSW_NB15,6q_5k,QWE,linear,0,L0,baseline_unoptimized,0.01,6,10,7168,1,0.8526666666666667,0.8549276270016649,0.7016494941650834,246.2650087112561,3.346174642909318,249.6111833541654
UNSW_NB15,6q_5k,QWE,linear,0,L0,baseline_unoptimized,0.01,6,11,8192,2,0.836,0.8387633959522344,0.671156668360403,249.0296401376836,4.835404340643436,253.86504447832704
UNSW_NB15,6q_5k,QWE,linear,0,L0,baseline_unoptimized,0.01,6,12,9216,0,0.856,0.8562268696863442,0.688801192369192,247.40079231886193,4.082685983274132,251.48347830213606
UNSW_NB15,6q_5k,QWE,linear,0,L0,baseline_unoptimized,0.01,6,13,10240,1,0.852,0.8537917541229385,0.6927530032649333,246.13900511618704,4.030045599211007,250.16905071539804
UNSW_NB15,6q_5k,QWE,linear,0,L0,baseline_unoptimized,0.01,6,14,11264,2,0.8386666666666667,0.8414331837164154,0.6786471881031002,248.142363733612,2.4940123707056046,250.6363761043176
UNSW_NB15,6q_5k,QWE,linear,0,L0,baseline_unoptimized,0.01,6,15,12288,0,0.8453333333333334,0.8478431965472111,0.6884875629534688,240.76013543270528,3.87451036227867,244.63464579498395
UNSW_NB15,6q_5k,QWE,linear,0,L0,baseline_unoptimized,0.01,6,16,13312,1,0.826,0.8291413483392822,0.6566934901501965,234.4344165935181,6.198883056174964,240.63329964969307
UNSW_NB15,6q_5k,QWE,linear,0,L0,baseline_unoptimized,0.01,6,17,14336,2,0.8393333333333334,0.8419347424795933,0.676348466959338,247.6984141152352,4.556725812610239,252.25513992784545
UNSW_NB15,6q_5k,QWE,linear,0,L0,baseline_unoptimized,0.01,6,18,15360,0,0.8813333333333333,0.8779967223914125,0.7407584568017148,226.13841429678723,4.01357761118561,230.15199190797284
UNSW_NB15,6q_5k,QWE,linear,0,L0,baseline_unoptimized,0.01,6,19,16384,1,0.8513333333333334,0.8537638763414225,0.7020617623691598,247.67874609446153,3.8834943589754403,251.56224045343697
UNSW_NB15,6q_5k,QWE,linear,0,L0,baseline_unoptimized,0.01,6,20,17408,2,0.8806666666666667,0.8766947942114545,0.7406083138011541,247.48211422143504,3.8419235656037927,251.32403778703883
UNSW_NB15,6q_5k,QWE,linear,0,L0,baseline_unoptimized,0.01,6,21,18432,0,0.842,0.8447818606385239,0.6869349315482879,242.0438697785139,4.216991768684238,246.26086154719815
UNSW_NB15,6q_5k,QWE,linear,0,L0,baseline_unoptimized,0.01,6,22,19456,1,0.8313333333333334,0.8344752239241737,0.6716478857849202,247.61428794264793,3.2238167761825025,250.83810471883044
UNSW_NB15,6q_5k,QWE,linear,0,L0,baseline_unoptimized,0.01,6,23,20480,2,0.8513333333333334,0.8535477256610148,0.6971314281036547,241.262522240635,5.159795294050127,246.42231753468513
UNSW_NB15,6q_5k,QWE,linear,0,L0,baseline_unoptimized,0.01,6,24,21504,0,0.844,0.8466285961496863,0.6879246393105983,226.88332947483286,3.4385975883342326,230.3219270631671
UNSW_NB15,6q_5k,QWE,linear,0,L0,baseline_unoptimized,0.01,6,25,22528,1,0.8433333333333334,0.8455415525114155,0.6782725754755721,244.75080481823534,4.040303155314177,248.79110797354952
UNSW_NB15,6q_5k,QWE,linear,0,L0,baseline_unoptimized,0.01,6,26,23552,2,0.8633333333333333,0.8614413502109703,0.699393302803242,247.49099252698943,3.022255692165345,250.51324821915478
UNSW_NB15,6q_5k,QWE,linear,0,L0,baseline_unoptimized,0.01,6,27,24576,0,0.8393333333333334,0.8421414024045831,0.6807601796530044,217.6400438756682,4.740687962155789,222.380731837824
UNSW_NB15,6q_5k,QWE,linear,0,L0,baseline_unoptimized,0.01,6,28,25600,1,0.8266666666666667,0.8297294418367216,0.6551491519649277,244.8346842811443,4.225139076821506,249.0598233579658
UNSW_NB15,6q_5k,QWE,linear,0,L0,baseline_unoptimized,0.01,6,29,26624,2,0.8446666666666667,0.8471999520854336,0.6873635379987852,248.52742937253788,3.739920186344534,252.26734955888242
UNSW_NB15,6q_5k,QWE,linear,0,L0,baseline_unoptimized,0.02,6,0,42,0,0.83,0.8330506635114879,0.6644294512993192,247.26575439888984,3.2829706463962793,250.54872504528612
UNSW_NB15,6q_5k,QWE,linear,0,L0,baseline_unoptimized,0.02,6,1,123,1,0.834,0.8369210651706437,0.670960082307482,248.23221263708547,3.480526425410062,251.71273906249553
UNSW_NB15,6q_5k,QWE,linear,0,L0,baseline_unoptimized,0.02,6,2,456,2,0.8693333333333333,0.8667330484176792,0.7123333484613537,230.57197292614728,4.599536864086986,235.17150979023427
UNSW_NB15,6q_5k,QWE,linear,0,L0,baseline_unoptimized,0.02,6,3,789,0,0.8346666666666667,0.837265803488349,0.6644535920817384,221.52549205021933,5.062335338909179,226.5878273891285
UNSW_NB15,6q_5k,QWE,linear,0,L0,baseline_unoptimized,0.02,6,4,1024,1,0.884,0.8798465728496161,0.7491884127974241,249.20069735404104,2.186301517765969,251.386998871807
UNSW_NB15,6q_5k,QWE,linear,0,L0,baseline_unoptimized,0.02,6,5,2048,2,0.824,0.8274206757578135,0.662602024553686,238.10771313263103,4.3712293691933155,242.47894250182435
UNSW_NB15,6q_5k,QWE,linear,0,L0,baseline_unoptimized,0.02,6,6,3072,0,0.8473333333333334,0.849916987000137,0.6951948988997959,241.38061203807592,5.249740705825388,246.6303527439013
UNSW_NB15,6q_5k,QWE,linear,0,L0,baseline_unoptimized,0.02,6,7,4096,1,0.8406666666666667,0.8432905868542319,0.6795266457048658,248.2820896524936,3.419744811952114,251.7018344644457
UNSW_NB15,6q_5k,QWE,linear,0,L0,baseline_unoptimized,0.02,6,8,5120,2,0.8353333333333334,0.8382926448964103,0.67480036789157,227.91048839362338,4.038131247740239,231.94861964136362
UNSW_NB15,6q_5k,QWE,linear,0,L0,baseline_unoptimized,0.02,6,9,6144,0,0.8906666666666667,0.8866907746566907,0.7652644406980744,250.44005542527884,3.0621995669789612,253.5022549922578
UNSW_NB15,6q_5k,QWE,linear,0,L0,baseline_unoptimized,0.02,6,10,7168,1,0.8453333333333334,0.848064307837134,0.6949573354105044,230.92361395899206,4.508239877410233,235.4318538364023
UNSW_NB15,6q_5k,QWE,linear,0,L0,baseline_unoptimized,0.02,6,11,8192,2,0.8353333333333334,0.8381894341487703,0.6717952034343786,247.12519670231268,4.781010052654892,251.90620675496757
UNSW_NB15,6q_5k,QWE,linear,0,L0,baseline_unoptimized,0.02,6,12,9216,0,0.8346666666666667,0.8363403869730428,0.6522975692135218,232.9874380636029,4.556464034598321,237.54390209820122
UNSW_NB15,6q_5k,QWE,linear,0,L0,baseline_unoptimized,0.02,6,13,10240,1,0.844,0.8463799433585589,0.6831797840322841,229.24584321677685,4.680003026500344,233.9258462432772
UNSW_NB15,6q_5k,QWE,linear,0,L0,baseline_unoptimized,0.02,6,14,11264,2,0.8373333333333334,0.8401443434820235,0.6764432670515861,246.57761982036754,3.6058952431194484,250.183515063487
UNSW_NB15,6q_5k,QWE,linear,0,L0,baseline_unoptimized,0.02,6,15,12288,0,0.8466666666666667,0.8491548931287006,0.6912858151338017,241.92770572425798,3.4263294939883053,245.35403521824628
UNSW_NB15,6q_5k,QWE,linear,0,L0,baseline_unoptimized,0.02,6,16,13312,1,0.8273333333333334,0.8304687281347674,0.6601048209174207,193.84304224094376,4.972123074810952,198.8151653157547
UNSW_NB15,6q_5k,QWE,linear,0,L0,baseline_unoptimized,0.02,6,17,14336,2,0.84,0.8426525122436868,0.6791432392271781,232.91774107143283,4.295317240059376,237.2130583114922
UNSW_NB15,6q_5k,QWE,linear,0,L0,baseline_unoptimized,0.02,6,18,15360,0,0.882,0.8781559773474216,0.7434842876880102,248.37921033240855,4.566378149203956,252.9455884816125
UNSW_NB15,6q_5k,QWE,linear,0,L0,baseline_unoptimized,0.02,6,19,16384,1,0.848,0.8504731343200709,0.694798057179898,229.01606659963727,4.890272843185812,233.90633944282308
UNSW_NB15,6q_5k,QWE,linear,0,L0,baseline_unoptimized,0.02,6,20,17408,2,0.8433333333333334,0.8449407057828057,0.6709232758580079,249.17653278587386,3.9563506403937936,253.13288342626765
UNSW_NB15,6q_5k,QWE,linear,0,L0,baseline_unoptimized,0.02,6,21,18432,0,0.8413333333333334,0.844095981128467,0.6846519162189488,248.95280956849456,2.240688479039818,251.19349804753438
UNSW_NB15,6q_5k,QWE,linear,0,L0,baseline_unoptimized,0.02,6,22,19456,1,0.834,0.8370473282792948,0.6752881245381481,247.68983559589833,3.914755742996931,251.60459133889526
UNSW_NB15,6q_5k,QWE,linear,0,L0,baseline_unoptimized,0.02,6,23,20480,2,0.8506666666666667,0.8528765661676151,0.6954745262294119,241.12114100996405,6.511024294421077,247.63216530438513
UNSW_NB15,6q_5k,QWE,linear,0,L0,baseline_unoptimized,0.02,6,24,21504,0,0.8446666666666667,0.8472488839115344,0.6884756262464491,207.6326121436432,3.9657525457441807,211.59836468938738
UNSW_NB15,6q_5k,QWE,linear,0,L0,baseline_unoptimized,0.02,6,25,22528,1,0.8366666666666667,0.8388641177502996,0.6627330497246616,246.42893488006666,3.7051625726744533,250.13409745274112
UNSW_NB15,6q_5k,QWE,linear,0,L0,baseline_unoptimized,0.02,6,26,23552,2,0.878,0.8725837622912185,0.7388361039785201,241.57322601089254,5.840456367470324,247.41368237836286
UNSW_NB15,6q_5k,QWE,linear,0,L0,baseline_unoptimized,0.02,6,27,24576,0,0.84,0.8428068208638188,0.6824520291227535,248.89041292993352,3.1892902003601193,252.07970313029364
UNSW_NB15,6q_5k,QWE,linear,0,L0,baseline_unoptimized,0.02,6,28,25600,1,0.8246666666666667,0.827797009334952,0.6518795644810919,249.2221534876153,4.396059894002974,253.61821338161826
UNSW_NB15,6q_5k,QWE,linear,0,L0,baseline_unoptimized,0.02,6,29,26624,2,0.846,0.8483231300345223,0.6864231156178395,240.15148590644822,3.94941950077191,244.10090540722013
UNSW_NB15,6q_5k,QWE,linear,0,L0,baseline_unoptimized,0.05,6,0,42,0,0.828,0.8311320738085444,0.6618117069518598,248.9323868616484,3.0876315711066127,252.02001843275502
UNSW_NB15,6q_5k,QWE,linear,0,L0,baseline_unoptimized,0.05,6,1,123,1,0.8633333333333333,0.8584134802886195,0.7014294788537669,240.5819395640865,3.609899669419974,244.19183923350647
UNSW_NB15,6q_5k,QWE,linear,0,L0,baseline_unoptimized,0.05,6,2,456,2,0.868,0.8610709316394435,0.7181734045181694,242.0120350155048,5.6819529314525425,247.69398794695735
UNSW_NB15,6q_5k,QWE,linear,0,L0,baseline_unoptimized,0.05,6,3,789,0,0.8626666666666667,0.8564859176146692,0.7022932460820727,248.54425125941634,3.1728869788348675,251.7171382382512
UNSW_NB15,6q_5k,QWE,linear,0,L0,baseline_unoptimized,0.05,6,4,1024,1,0.872,0.8646044444444445,0.7305494186879075,233.20078728860244,3.7654653023928404,236.96625259099528
UNSW_NB15,6q_5k,QWE,linear,0,L0,baseline_unoptimized,0.05,6,5,2048,2,0.8386666666666667,0.8404295673070892,0.6620928508003989,241.23144701961428,4.844886955339462,246.07633397495374
UNSW_NB15,6q_5k,QWE,linear,0,L0,baseline_unoptimized,0.05,6,6,3072,0,0.8833333333333333,0.8789407687392633,0.74830392569315,246.52381121274084,4.953812221530825,251.47762343427166
UNSW_NB15,6q_5k,QWE,linear,0,L0,baseline_unoptimized,0.05,6,7,4096,1,0.8353333333333334,0.8381200689477459,0.6700467691465114,251.6468471395783,3.9555429415777326,255.60239008115605
UNSW_NB15,6q_5k,QWE,linear,0,L0,baseline_unoptimized,0.05,6,8,5120,2,0.8746666666666667,0.8698068074600308,0.7284071135299296,234.173623025883,5.47768233763054,239.65130536351353
UNSW_NB15,6q_5k,QWE,linear,0,L0,baseline_unoptimized,0.05,6,9,6144,0,0.878,0.8714677257223689,0.7432787655879717,248.48398054251447,2.4268477810546756,250.91082832356915
UNSW_NB15,6q_5k,QWE,linear,0,L0,baseline_unoptimized,0.05,6,10,7168,1,0.8606666666666667,0.8621975532676533,0.7091614212295148,210.12572844186798,5.95583704020828,216.08156548207626
UNSW_NB15,6q_5k,QWE,linear,0,L0,baseline_unoptimized,0.05,6,11,8192,2,0.8326666666666667,0.833945837037037,0.6445391654046523,246.95902446378022,4.200191314332187,251.1592157781124
UNSW_NB15,6q_5k,QWE,linear,0,L0,baseline_unoptimized,0.05,6,12,9216,0,0.8633333333333333,0.8581877576659942,0.7015052912021504,244.49715081742033,4.289011524058878,248.7861623414792
UNSW_NB15,6q_5k,QWE,linear,0,L0,baseline_unoptimized,0.05,6,13,10240,1,0.8473333333333334,0.8495622765673991,0.6883857411121158,238.0418690079823,4.162672686390579,242.2045416943729
UNSW_NB15,6q_5k,QWE,linear,0,L0,baseline_unoptimized,0.05,6,14,11264,2,0.862,0.8592264148965222,0.6960837939005208,236.97150637535378,3.768826091196388,240.74033246655017
UNSW_NB15,6q_5k,QWE,linear,0,L0,baseline_unoptimized,0.05,6,15,12288,0,0.8753333333333333,0.8698720142120008,0.7318868875696688,242.4204962523654,3.0675981706008315,245.48809442296624
UNSW_NB15,6q_5k,QWE,linear,0,L0,baseline_unoptimized,0.05,6,16,13312,1,0.8226666666666667,0.8259467572769721,0.6525913118218891,250.1592795578763,2.839012749027461,252.99829230690375
UNSW_NB15,6q_5k,QWE,linear,0,L0,baseline_unoptimized,0.05,6,17,14336,2,0.8653333333333333,0.8642621595127852,0.7049376882542033,242.69489382905886,3.13423966569826,245.82913349475712
UNSW_NB15,6q_5k,QWE,linear,0,L0,baseline_unoptimized,0.05,6,18,15360,0,0.872,0.8668420642142206,0.7226753473805647,246.29704557033256,4.262111708056182,250.55915727838874
UNSW_NB15,6q_5k,QWE,linear,0,L0,baseline_unoptimized,0.05,6,19,16384,1,0.8726666666666667,0.867013653538922,0.7261912243115954,249.45437034638599,4.782611575908959,254.23698192229494
UNSW_NB15,6q_5k,QWE,linear,0,L0,baseline_unoptimized,0.05,6,20,17408,2,0.8653333333333333,0.8583797845104,0.711351856455996,244.86356735788286,5.905954834539443,250.7695221924223
UNSW_NB15,6q_5k,QWE,linear,0,L0,baseline_unoptimized,0.05,6,21,18432,0,0.8773333333333333,0.8722007752563219,0.7358229032891731,213.91736116120592,4.234531150199473,218.1518923114054
UNSW_NB15,6q_5k,QWE,linear,0,L0,baseline_unoptimized,0.05,6,22,19456,1,0.836,0.83881224460429,0.6730658407438734,246.24964232370257,2.676973362453282,248.92661568615586
UNSW_NB15,6q_5k,QWE,linear,0,L0,baseline_unoptimized,0.05,6,23,20480,2,0.8493333333333334,0.8499067264105179,0.6761857694790615,231.72925248835236,3.7780446587130427,235.5072971470654
UNSW_NB15,6q_5k,QWE,linear,0,L0,baseline_unoptimized,0.05,6,24,21504,0,0.8766666666666667,0.8710663550176138,0.7357289574244642,248.42729738727212,2.3104585595428944,250.737755946815
UNSW_NB15,6q_5k,QWE,linear,0,L0,baseline_unoptimized,0.05,6,25,22528,1,0.878,0.8734972172314571,0.7355686002760147,243.9577213912271,3.599803476128727,247.55752486735582
UNSW_NB15,6q_5k,QWE,linear,0,L0,baseline_unoptimized,0.05,6,26,23552,2,0.878,0.8724861702000634,0.7391877928363106,188.76082855230197,4.664571424480528,193.4253999767825
UNSW_NB15,6q_5k,QWE,linear,0,L0,baseline_unoptimized,0.05,6,27,24576,0,0.826,0.8277852094013289,0.6341027267182764,239.64029698260128,3.8738180682994425,243.51411505090073
UNSW_NB15,6q_5k,QWE,linear,0,L0,baseline_unoptimized,0.05,6,28,25600,1,0.872,0.8670367395336486,0.7221528129801513,246.6305552907288,2.9012916586361825,249.531846949365
UNSW_NB15,6q_5k,QWE,linear,0,L0,baseline_unoptimized,0.05,6,29,26624,2,0.878,0.8726555005390169,0.7382066449372644,244.97768925316632,3.4207089142873883,248.3983981674537
UNSW_NB15,6q_5k,QWE,linear,3,L3,qiskit_heavy,0.0,6,0,42,0,0.8313333333333334,0.834360070072182,0.667215474772187,467.89501054864377,8.197418032214046,476.0924285808578
UNSW_NB15,6q_5k,QWE,linear,3,L3,qiskit_heavy,0.0,6,1,123,1,0.84,0.8426992935961956,0.6802813167735894,491.73400289658457,8.850799065083265,500.58480196166784
UNSW_NB15,6q_5k,QWE,linear,3,L3,qiskit_heavy,0.0,6,2,456,2,0.8353333333333334,0.8378173728074765,0.6639846325305433,492.85984177095816,7.87526395265013,500.7351057236083
UNSW_NB15,6q_5k,QWE,linear,3,L3,qiskit_heavy,0.0,6,3,789,0,0.832,0.8347797941510163,0.6616299090871964,473.07131564617157,8.690676780417562,481.76199242658913
UNSW_NB15,6q_5k,QWE,linear,3,L3,qiskit_heavy,0.0,6,4,1024,1,0.88,0.8762168599644553,0.7385550224226364,489.97619706206024,7.8461648020893335,497.82236186414957
UNSW_NB15,6q_5k,QWE,linear,3,L3,qiskit_heavy,0.0,6,5,2048,2,0.8473333333333334,0.8498474660653519,0.6935109773994835,487.306168013718,9.791984086856246,497.0981521005742
UNSW_NB15,6q_5k,QWE,linear,3,L3,qiskit_heavy,0.0,6,6,3072,0,0.8466666666666667,0.8492727304083886,0.69408277713371,492.9972640280612,6.7484468929469585,499.74571092100814
UNSW_NB15,6q_5k,QWE,linear,3,L3,qiskit_heavy,0.0,6,7,4096,1,0.8366666666666667,0.8394996411597115,0.6745869983886422,458.6236716462299,8.919560944661498,467.5432325908914
UNSW_NB15,6q_5k,QWE,linear,3,L3,qiskit_heavy,0.0,6,8,5120,2,0.836,0.8389567655891186,0.6765010703034101,493.5357437110506,6.057312197051942,499.59305590810254
UNSW_NB15,6q_5k,QWE,linear,3,L3,qiskit_heavy,0.0,6,9,6144,0,0.86,0.8616949025487256,0.7096703239359642,483.8911097785458,9.104004395660013,492.9951141742058
UNSW_NB15,6q_5k,QWE,linear,3,L3,qiskit_heavy,0.0,6,10,7168,1,0.846,0.8487283583133443,0.6966509263151034,460.6991587234661,8.543523251079023,469.2426819745451
UNSW_NB15,6q_5k,QWE,linear,3,L3,qiskit_heavy,0.0,6,11,8192,2,0.84,0.8426474230009681,0.6784083986906746,484.75975763378665,7.941800474654883,492.70155810844153
UNSW_NB15,6q_5k,QWE,linear,3,L3,qiskit_heavy,0.0,6,12,9216,0,0.864,0.862978319359279,0.7018762968239715,482.7021317454055,8.272288148291409,490.9744198936969
UNSW_NB15,6q_5k,QWE,linear,3,L3,qiskit_heavy,0.0,6,13,10240,1,0.8473333333333334,0.8495916309237368,0.6888935612357246,488.7106240494177,8.893481981009245,497.6041060304269
UNSW_NB15,6q_5k,QWE,linear,3,L3,qiskit_heavy,0.0,6,14,11264,2,0.8366666666666667,0.8393621131389252,0.6718755889518008,493.08701298292726,7.536075330339372,500.62308831326663
UNSW_NB15,6q_5k,QWE,linear,3,L3,qiskit_heavy,0.0,6,15,12288,0,0.846,0.8484864018059569,0.689613228171714,431.2359042870812,8.158886262215674,439.3947905492969
UNSW_NB15,6q_5k,QWE,linear,3,L3,qiskit_heavy,0.0,6,16,13312,1,0.83,0.8328800233004798,0.6596296906741754,477.03976399218664,9.181833046488464,486.2215970386751
UNSW_NB15,6q_5k,QWE,linear,3,L3,qiskit_heavy,0.0,6,17,14336,2,0.838,0.8405968475487856,0.6730002604413015,476.7405538619496,8.923877221532166,485.66443108348176
UNSW_NB15,6q_5k,QWE,linear,3,L3,qiskit_heavy,0.0,6,18,15360,0,0.882,0.8785632136760111,0.7425327558640176,439.61119139008224,7.934560340829194,447.54575173091143
UNSW_NB15,6q_5k,QWE,linear,3,L3,qiskit_heavy,0.0,6,19,16384,1,0.844,0.8463799433585589,0.6831797840322841,480.25583321694285,8.367868943605572,488.6237021605484
UNSW_NB15,6q_5k,QWE,linear,3,L3,qiskit_heavy,0.0,6,20,17408,2,0.85,0.8521754257999337,0.6933157389098952,481.41639873897657,7.885119087528437,489.301517826505
UNSW_NB15,6q_5k,QWE,linear,3,L3,qiskit_heavy,0.0,6,21,18432,0,0.84,0.8428271770800506,0.6830481798504326,458.6238207942806,8.936442806851119,467.56026360113174
UNSW_NB15,6q_5k,QWE,linear,3,L3,qiskit_heavy,0.0,6,22,19456,1,0.8353333333333334,0.8383401267997455,0.6774402626386474,485.0596420909278,9.190635974984616,494.2502780659124
UNSW_NB15,6q_5k,QWE,linear,3,L3,qiskit_heavy,0.0,6,23,20480,2,0.8506666666666667,0.8529052664999802,0.6959836201055511,487.1968654859811,6.7581628686748445,493.95502835465595
UNSW_NB15,6q_5k,QWE,linear,3,L3,qiskit_heavy,0.0,6,24,21504,0,0.844,0.8466285961496863,0.6879246393105983,448.25566353974864,8.627309483010322,456.88297302275896
UNSW_NB15,6q_5k,QWE,linear,3,L3,qiskit_heavy,0.0,6,25,22528,1,0.8406666666666667,0.8427390378625752,0.6702143666410583,480.6688601956703,5.768406924791634,486.4372671204619
UNSW_NB15,6q_5k,QWE,linear,3,L3,qiskit_heavy,0.0,6,26,23552,2,0.888,0.8841705882352942,0.7582405233097562,478.3190765334293,7.737820915877819,486.05689744930714
UNSW_NB15,6q_5k,QWE,linear,3,L3,qiskit_heavy,0.0,6,27,24576,0,0.8373333333333334,0.8402471916869638,0.6786774342161122,460.7643238529563,8.870736899320036,469.63506075227633
UNSW_NB15,6q_5k,QWE,linear,3,L3,qiskit_heavy,0.0,6,28,25600,1,0.826,0.8290635680449566,0.6534516808039579,491.17026451742277,7.614419730845839,498.7846842482686
UNSW_NB15,6q_5k,QWE,linear,3,L3,qiskit_heavy,0.0,6,29,26624,2,0.8453333333333334,0.8478431965472111,0.6884875629534688,490.4714673226699,8.049075631424785,498.5205429540947
UNSW_NB15,6q_5k,QWE,linear,3,L3,qiskit_heavy,0.0003,6,0,42,0,0.8313333333333334,0.834360070072182,0.667215474772187,214.0305231148377,5.4173705615103245,219.44789367634803
UNSW_NB15,6q_5k,QWE,linear,3,L3,qiskit_heavy,0.0003,6,1,123,1,0.84,0.8426992935961956,0.6802813167735894,241.11347684217617,5.099186263978481,246.21266310615465
UNSW_NB15,6q_5k,QWE,linear,3,L3,qiskit_heavy,0.0003,6,2,456,2,0.8653333333333333,0.8639206829756728,0.704095298320769,250.4843522212468,2.998059642035514,253.48241186328232
UNSW_NB15,6q_5k,QWE,linear,3,L3,qiskit_heavy,0.0003,6,3,789,0,0.832,0.8347797941510163,0.6616299090871964,239.0013577300124,4.429496628697962,243.43085435871035
UNSW_NB15,6q_5k,QWE,linear,3,L3,qiskit_heavy,0.0003,6,4,1024,1,0.88,0.8762168599644553,0.7385550224226364,247.80457325140014,2.729667419102043,250.5342406705022
UNSW_NB15,6q_5k,QWE,linear,3,L3,qiskit_heavy,0.0003,6,5,2048,2,0.834,0.8371029410348624,0.6764162882173521,217.58925513271242,4.841874704696238,222.43112983740866
UNSW_NB15,6q_5k,QWE,linear,3,L3,qiskit_heavy,0.0003,6,6,3072,0,0.8473333333333334,0.850001581537965,0.6975063151694968,238.44756276486441,3.578122140839696,242.0256849057041
UNSW_NB15,6q_5k,QWE,linear,3,L3,qiskit_heavy,0.0003,6,7,4096,1,0.8413333333333334,0.8439337037037037,0.6806464996548699,209.11291368305683,4.356785790994763,213.4696994740516
UNSW_NB15,6q_5k,QWE,linear,3,L3,qiskit_heavy,0.0003,6,8,5120,2,0.8353333333333334,0.8383114381527259,0.6754151163705066,246.25550759676844,3.0392073118127882,249.29471490858123
UNSW_NB15,6q_5k,QWE,linear,3,L3,qiskit_heavy,0.0003,6,9,6144,0,0.89,0.886120141104191,0.763286233473101,222.45993973547593,4.455547472927719,226.91548720840365
UNSW_NB15,6q_5k,QWE,linear,3,L3,qiskit_heavy,0.0003,6,10,7168,1,0.846,0.8487283583133443,0.6966509263151034,238.84070252627134,4.390347687527537,243.23105021379888
UNSW_NB15,6q_5k,QWE,linear,3,L3,qiskit_heavy,0.0003,6,11,8192,2,0.8393333333333334,0.8420042103977674,0.6772917510969229,246.72893735021353,4.11992880422622,250.84886615443975
UNSW_NB15,6q_5k,QWE,linear,3,L3,qiskit_heavy,0.0003,6,12,9216,0,0.8633333333333333,0.8623394845139015,0.7004804253901048,247.17207842273638,3.7185959154739976,250.89067433821037
UNSW_NB15,6q_5k,QWE,linear,3,L3,qiskit_heavy,0.0003,6,13,10240,1,0.8473333333333334,0.8495916309237368,0.6888935612357246,250.5497421398759,2.9533126279711723,253.50305476784706
UNSW_NB15,6q_5k,QWE,linear,3,L3,qiskit_heavy,0.0003,6,14,11264,2,0.838,0.8406977405920382,0.6752357199193479,226.36880904529244,3.466716214083135,229.83552525937557
UNSW_NB15,6q_5k,QWE,linear,3,L3,qiskit_heavy,0.0003,6,15,12288,0,0.8466666666666667,0.8491295696173744,0.6907405413211959,237.76474694162607,4.472948167473078,242.23769510909915
UNSW_NB15,6q_5k,QWE,linear,3,L3,qiskit_heavy,0.0003,6,16,13312,1,0.832,0.8348100165562914,0.6629512852579473,229.35138907656074,5.013522213324904,234.36491128988564
UNSW_NB15,6q_5k,QWE,linear,3,L3,qiskit_heavy,0.0003,6,17,14336,2,0.8386666666666667,0.841239574898848,0.674124770119252,246.81383558176458,3.7143850992433727,250.52822068100795
UNSW_NB15,6q_5k,QWE,linear,3,L3,qiskit_heavy,0.0003,6,18,15360,0,0.8506666666666667,0.8530142741185089,0.6980675946996353,247.98438627412543,3.196263541933149,251.18064981605858
UNSW_NB15,6q_5k,QWE,linear,3,L3,qiskit_heavy,0.0003,6,19,16384,1,0.844,0.8463799433585589,0.6831797840322841,242.55145640391856,3.3006284083239734,245.85208481224254
UNSW_NB15,6q_5k,QWE,linear,3,L3,qiskit_heavy,0.0003,6,20,17408,2,0.8806666666666667,0.8766096897507936,0.7408286437893122,248.65262646786869,3.258902046829462,251.91152851469815
UNSW_NB15,6q_5k,QWE,linear,3,L3,qiskit_heavy,0.0003,6,21,18432,0,0.84,0.8428271770800506,0.6830481798504326,251.7934927609749,3.8514823927544057,255.64497515372932
UNSW_NB15,6q_5k,QWE,linear,3,L3,qiskit_heavy,0.0003,6,22,19456,1,0.8313333333333334,0.8344752239241737,0.6716478857849202,214.04038132587448,4.92829907219857,218.96868039807305
UNSW_NB15,6q_5k,QWE,linear,3,L3,qiskit_heavy,0.0003,6,23,20480,2,0.8506666666666667,0.8529052664999802,0.6959836201055511,250.55849159974605,4.187845963519067,254.74633756326512
UNSW_NB15,6q_5k,QWE,linear,3,L3,qiskit_heavy,0.0003,6,24,21504,0,0.844,0.8466285961496863,0.6879246393105983,234.25968822371215,4.505066776648164,238.7647550003603
UNSW_NB15,6q_5k,QWE,linear,3,L3,qiskit_heavy,0.0003,6,25,22528,1,0.8406666666666667,0.8427390378625752,0.6702143666410583,227.93580336589366,4.140565504319966,232.07636887021363
UNSW_NB15,6q_5k,QWE,linear,3,L3,qiskit_heavy,0.0003,6,26,23552,2,0.8846666666666667,0.8804302104462582,0.7514096335828195,251.20498851826414,1.9223087229765952,253.12729724124074
UNSW_NB15,6q_5k,QWE,linear,3,L3,qiskit_heavy,0.0003,6,27,24576,0,0.8393333333333334,0.8421414024045831,0.6807601796530044,235.58508833497763,4.04433620441705,239.62942453939468
UNSW_NB15,6q_5k,QWE,linear,3,L3,qiskit_heavy,0.0003,6,28,25600,1,0.826,0.8290635680449566,0.6534516808039579,250.05154147790745,3.917390891816467,253.96893236972392
UNSW_NB15,6q_5k,QWE,linear,3,L3,qiskit_heavy,0.0003,6,29,26624,2,0.846,0.8485115404795501,0.6901613229532741,243.44656794611365,5.7985487137921154,249.24511665990576
UNSW_NB15,6q_5k,QWE,linear,3,L3,qiskit_heavy,0.0005,6,0,42,0,0.8313333333333334,0.834360070072182,0.667215474772187,234.31168558588251,4.6030308380723,238.91471642395481
UNSW_NB15,6q_5k,QWE,linear,3,L3,qiskit_heavy,0.0005,6,1,123,1,0.84,0.8426992935961956,0.6802813167735894,248.20007346756756,4.529508222825825,252.7295816903934
UNSW_NB15,6q_5k,QWE,linear,3,L3,qiskit_heavy,0.0005,6,2,456,2,0.8653333333333333,0.8639206829756728,0.704095298320769,252.6949834995903,3.593426395673305,256.2884098952636
UNSW_NB15,6q_5k,QWE,linear,3,L3,qiskit_heavy,0.0005,6,3,789,0,0.832,0.8347797941510163,0.6616299090871964,233.326392671559,5.321802159305662,238.64819483086467
UNSW_NB15,6q_5k,QWE,linear,3,L3,qiskit_heavy,0.0005,6,4,1024,1,0.88,0.8762168599644553,0.7385550224226364,210.16722611896694,4.582657482009381,214.74988360097632
UNSW_NB15,6q_5k,QWE,linear,3,L3,qiskit_heavy,0.0005,6,5,2048,2,0.834,0.8371029410348624,0.6764162882173521,244.96709860535339,3.663568737450987,248.63066734280437
UNSW_NB15,6q_5k,QWE,linear,3,L3,qiskit_heavy,0.0005,6,6,3072,0,0.8466666666666667,0.8492727304083886,0.69408277713371,241.74142277613282,3.9753591837361455,245.71678195986897
UNSW_NB15,6q_5k,QWE,linear,3,L3,qiskit_heavy,0.0005,6,7,4096,1,0.836,0.8388334108578643,0.6728970508327178,246.5898892423138,3.343655531294644,249.93354477360845
UNSW_NB15,6q_5k,QWE,linear,3,L3,qiskit_heavy,0.0005,6,8,5120,2,0.8433333333333334,0.8459846809826733,0.6868121889820344,238.765044036787,3.889977316837758,242.65502135362476
UNSW_NB15,6q_5k,QWE,linear,3,L3,qiskit_heavy,0.0005,6,9,6144,0,0.89,0.886120141104191,0.763286233473101,251.26491751568392,2.56913089659065,253.83404841227457
UNSW_NB15,6q_5k,QWE,linear,3,L3,qiskit_heavy,0.0005,6,10,7168,1,0.846,0.8487283583133443,0.6966509263151034,228.41032902756706,5.278634929098189,233.68896395666525
UNSW_NB15,6q_5k,QWE,linear,3,L3,qiskit_heavy,0.0005,6,11,8192,2,0.8393333333333334,0.8420042103977674,0.6772917510969229,238.021749407053,5.112435789313167,243.13418519636616
UNSW_NB15,6q_5k,QWE,linear,3,L3,qiskit_heavy,0.0005,6,12,9216,0,0.8713333333333333,0.8659997220039074,0.7215191868300936,201.32010931894183,4.133257826324552,205.45336714526638
UNSW_NB15,6q_5k,QWE,linear,3,L3,qiskit_heavy,0.0005,6,13,10240,1,0.8546666666666667,0.8563553080285323,0.6975144356162012,249.23395816190168,1.5536793232895434,250.78763748519123
UNSW_NB15,6q_5k,QWE,linear,3,L3,qiskit_heavy,0.0005,6,14,11264,2,0.838,0.8406977405920382,0.6752357199193479,244.002174094785,4.434805646538734,248.43697974132374
UNSW_NB15,6q_5k,QWE,linear,3,L3,qiskit_heavy,0.0005,6,15,12288,0,0.846,0.8484864018059569,0.689613228171714,224.76641682395712,5.466449216008186,230.2328660399653
UNSW_NB15,6q_5k,QWE,linear,3,L3,qiskit_heavy,0.0005,6,16,13312,1,0.832,0.8348100165562914,0.6629512852579473,246.35615415126085,3.749283262062818,250.10543741332367
UNSW_NB15,6q_5k,QWE,linear,3,L3,qiskit_heavy,0.0005,6,17,14336,2,0.8466666666666667,0.8490863607936779,0.6903714603811804,240.83850900735706,3.618095604237169,244.45660461159423
UNSW_NB15,6q_5k,QWE,linear,3,L3,qiskit_heavy,0.0005,6,18,15360,0,0.8506666666666667,0.8530142741185089,0.6980675946996353,250.10691663715988,3.0298483977094293,253.1367650348693
UNSW_NB15,6q_5k,QWE,linear,3,L3,qiskit_heavy,0.0005,6,19,16384,1,0.844,0.8463799433585589,0.6831797840322841,245.93186534196138,3.631224592216313,249.5630899341777
UNSW_NB15,6q_5k,QWE,linear,3,L3,qiskit_heavy,0.0005,6,20,17408,2,0.85,0.8521754257999337,0.6933157389098952,249.7053627166897,4.050181183498353,253.75554390018806
UNSW_NB15,6q_5k,QWE,linear,3,L3,qiskit_heavy,0.0005,6,21,18432,0,0.84,0.8428271770800506,0.6830481798504326,227.94796013087034,6.27251668041572,234.22047681128606
UNSW_NB15,6q_5k,QWE,linear,3,L3,qiskit_heavy,0.0005,6,22,19456,1,0.8346666666666667,0.8376937714791612,0.6763634734971107,245.50592361344025,3.822874367237091,249.32879798067734
UNSW_NB15,6q_5k,QWE,linear,3,L3,qiskit_heavy,0.0005,6,23,20480,2,0.8426666666666667,0.8447660365695598,0.6751556108778196,236.6841041506268,2.78063887078315,239.46474302140996
UNSW_NB15,6q_5k,QWE,linear,3,L3,qiskit_heavy,0.0005,6,24,21504,0,0.848,0.8504414864033104,0.6935397438282723,244.1704207281582,4.856579366605729,249.02700009476393
UNSW_NB15,6q_5k,QWE,linear,3,L3,qiskit_heavy,0.0005,6,25,22528,1,0.8406666666666667,0.8427390378625752,0.6702143666410583,235.20199051033705,5.421079702209681,240.62307021254674
UNSW_NB15,6q_5k,QWE,linear,3,L3,qiskit_heavy,0.0005,6,26,23552,2,0.8833333333333333,0.8789616539883269,0.7485733338220176,247.63919077580795,3.360492490231991,250.99968326603994
UNSW_NB15,6q_5k,QWE,linear,3,L3,qiskit_heavy,0.0005,6,27,24576,0,0.8373333333333334,0.8402471916869638,0.6786774342161122,245.19746947521344,4.412150152027607,249.60961962724105
UNSW_NB15,6q_5k,QWE,linear,3,L3,qiskit_heavy,0.0005,6,28,25600,1,0.826,0.8290635680449566,0.6534516808039579,250.7676363135688,2.5975314266979694,253.36516774026677
UNSW_NB15,6q_5k,QWE,linear,3,L3,qiskit_heavy,0.0005,6,29,26624,2,0.846,0.8485115404795501,0.6901613229532741,238.19639697484672,3.0110921054147184,241.20748908026144
UNSW_NB15,6q_5k,QWE,linear,3,L3,qiskit_heavy,0.001,6,0,42,0,0.834,0.8369969185305797,0.6734057996669216,250.33093106606975,3.512447273824364,253.84337833989412
UNSW_NB15,6q_5k,QWE,linear,3,L3,qiskit_heavy,0.001,6,1,123,1,0.84,0.8426992935961956,0.6802813167735894,248.01170808076859,4.876847234554589,252.88855531532317
UNSW_NB15,6q_5k,QWE,linear,3,L3,qiskit_heavy,0.001,6,2,456,2,0.8353333333333334,0.8378173728074765,0.6639846325305433,237.5688702329062,5.340081917587668,242.90895215049386
UNSW_NB15,6q_5k,QWE,linear,3,L3,qiskit_heavy,0.001,6,3,789,0,0.832,0.8347797941510163,0.6616299090871964,240.43523535551503,4.354303488042206,244.78953884355724
UNSW_NB15,6q_5k,QWE,linear,3,L3,qiskit_heavy,0.001,6,4,1024,1,0.844,0.8465057360455027,0.6851421363070431,248.84059560438618,2.893623690120876,251.73421929450706
UNSW_NB15,6q_5k,QWE,linear,3,L3,qiskit_heavy,0.001,6,5,2048,2,0.834,0.8371029410348624,0.6764162882173521,221.3223728579469,5.291863700374961,226.61423655832186
UNSW_NB15,6q_5k,QWE,linear,3,L3,qiskit_heavy,0.001,6,6,3072,0,0.8466666666666667,0.8492727304083886,0.69408277713371,208.4724775655195,5.701062226202339,214.17353979172185
UNSW_NB15,6q_5k,QWE,linear,3,L3,qiskit_heavy,0.001,6,7,4096,1,0.836,0.8388334108578643,0.6728970508327178,247.54683710308746,3.342059693299234,250.8888967963867
UNSW_NB15,6q_5k,QWE,linear,3,L3,qiskit_heavy,0.001,6,8,5120,2,0.8353333333333334,0.8383114381527259,0.6754151163705066,242.20463389670476,4.394646678119898,246.59928057482466
UNSW_NB15,6q_5k,QWE,linear,3,L3,qiskit_heavy,0.001,6,9,6144,0,0.89,0.886120141104191,0.763286233473101,245.76983346883208,2.467644276097417,248.2374777449295
UNSW_NB15,6q_5k,QWE,linear,3,L3,qiskit_heavy,0.001,6,10,7168,1,0.846,0.8487283583133443,0.6966509263151034,242.7231340529397,3.9857978601939976,246.7089319131337
UNSW_NB15,6q_5k,QWE,linear,3,L3,qiskit_heavy,0.001,6,11,8192,2,0.8373333333333334,0.8400742626518097,0.6739513301854355,220.16737786773592,4.2820870680734515,224.44946493580937
UNSW_NB15,6q_5k,QWE,linear,3,L3,qiskit_heavy,0.001,6,12,9216,0,0.8713333333333333,0.8659997220039074,0.7215191868300936,227.160215230193,3.792009310796857,230.95222454098985
UNSW_NB15,6q_5k,QWE,linear,3,L3,qiskit_heavy,0.001,6,13,10240,1,0.8546666666666667,0.8563553080285323,0.6975144356162012,238.38171127671376,4.939153139013797,243.32086441572756
UNSW_NB15,6q_5k,QWE,linear,3,L3,qiskit_heavy,0.001,6,14,11264,2,0.8386666666666667,0.8413651746294545,0.6769168571776688,243.85434749349952,2.8457003869116306,246.70004788041115
UNSW_NB15,6q_5k,QWE,linear,3,L3,qiskit_heavy,0.001,6,15,12288,0,0.846,0.8484864018059569,0.689613228171714,247.1026024762541,3.7450071973726153,250.84760967362672
UNSW_NB15,6q_5k,QWE,linear,3,L3,qiskit_heavy,0.001,6,16,13312,1,0.8253333333333334,0.8284959625189472,0.6556136782189593,240.66987465741113,3.488735273014754,244.15860993042588
UNSW_NB15,6q_5k,QWE,linear,3,L3,qiskit_heavy,0.001,6,17,14336,2,0.8386666666666667,0.841239574898848,0.674124770119252,236.6844191630371,5.206888451240957,241.89130761427805
UNSW_NB15,6q_5k,QWE,linear,3,L3,qiskit_heavy,0.001,6,18,15360,0,0.882,0.8786426590693257,0.7423676908493403,242.80484876874834,4.544762299861759,247.3496110686101
UNSW_NB15,6q_5k,QWE,linear,3,L3,qiskit_heavy,0.001,6,19,16384,1,0.8446666666666667,0.8470223344644764,0.6843191446832791,220.66649360768497,5.257968387566507,225.92446199525148
UNSW_NB15,6q_5k,QWE,linear,3,L3,qiskit_heavy,0.001,6,20,17408,2,0.85,0.8521754257999337,0.6933157389098952,246.00032131932676,3.6259865015745163,249.62630782090127
UNSW_NB15,6q_5k,QWE,linear,3,L3,qiskit_heavy,0.001,6,21,18432,0,0.8406666666666667,0.8434919753475947,0.6847427636499434,195.33392689749599,5.234958448912948,200.56888534640893
UNSW_NB15,6q_5k,QWE,linear,3,L3,qiskit_heavy,0.001,6,22,19456,1,0.8346666666666667,0.8376937714791612,0.6763634734971107,247.18168397480622,2.536125218961388,249.7178091937676
UNSW_NB15,6q_5k,QWE,linear,3,L3,qiskit_heavy,0.001,6,23,20480,2,0.8506666666666667,0.8529052664999802,0.6959836201055511,246.633533696644,3.1409581266343594,249.77449182327837
UNSW_NB15,6q_5k,QWE,linear,3,L3,qiskit_heavy,0.001,6,24,21504,0,0.844,0.8466285961496863,0.6879246393105983,241.3204260841012,3.5401043258607388,244.86053040996194
UNSW_NB15,6q_5k,QWE,linear,3,L3,qiskit_heavy,0.001,6,25,22528,1,0.8406666666666667,0.8427390378625752,0.6702143666410583,236.68690399313346,3.836463959887624,240.52336795302108
UNSW_NB15,6q_5k,QWE,linear,3,L3,qiskit_heavy,0.001,6,26,23552,2,0.884,0.8796101668806162,0.7502737642704553,246.08440222311765,3.754372115712613,249.83877433883026
UNSW_NB15,6q_5k,QWE,linear,3,L3,qiskit_heavy,0.001,6,27,24576,0,0.8393333333333334,0.8421414024045831,0.6807601796530044,244.00518133724108,4.767511758487672,248.77269309572875
UNSW_NB15,6q_5k,QWE,linear,3,L3,qiskit_heavy,0.001,6,28,25600,1,0.826,0.8290635680449566,0.6534516808039579,249.35187108581886,4.093986246269196,253.44585733208805
UNSW_NB15,6q_5k,QWE,linear,3,L3,qiskit_heavy,0.001,6,29,26624,2,0.846,0.8485115404795501,0.6901613229532741,248.11226315237582,3.6837327387183905,251.7959958910942
UNSW_NB15,6q_5k,QWE,linear,3,L3,qiskit_heavy,0.002,6,0,42,0,0.8313333333333334,0.834360070072182,0.667215474772187,248.9248852757737,3.261150007136166,252.18603528290987
UNSW_NB15,6q_5k,QWE,linear,3,L3,qiskit_heavy,0.002,6,1,123,1,0.8386666666666667,0.8414111236627018,0.6780658123197606,231.35611282894388,3.6697219242341816,235.02583475317806
UNSW_NB15,6q_5k,QWE,linear,3,L3,qiskit_heavy,0.002,6,2,456,2,0.866,0.864490917171077,0.7054294191492347,231.59887569304556,3.1928083086386323,234.7916840016842
UNSW_NB15,6q_5k,QWE,linear,3,L3,qiskit_heavy,0.002,6,3,789,0,0.832,0.8347797941510163,0.6616299090871964,240.07400803547353,4.8391303601674736,244.913138395641
UNSW_NB15,6q_5k,QWE,linear,3,L3,qiskit_heavy,0.002,6,4,1024,1,0.88,0.8762168599644553,0.7385550224226364,248.6636231429875,4.375799953006208,253.0394230959937
UNSW_NB15,6q_5k,QWE,linear,3,L3,qiskit_heavy,0.002,6,5,2048,2,0.8333333333333334,0.8364561615191041,0.6753476704089677,234.7838054667227,3.7534976922906935,238.5373031590134
UNSW_NB15,6q_5k,QWE,linear,3,L3,qiskit_heavy,0.002,6,6,3072,0,0.8466666666666667,0.8492727304083886,0.69408277713371,247.24919627653435,2.9230253361165524,250.1722216126509
UNSW_NB15,6q_5k,QWE,linear,3,L3,qiskit_heavy,0.002,6,7,4096,1,0.836,0.8388334108578643,0.6728970508327178,249.15729723963886,2.0897131259553134,251.24701036559418
UNSW_NB15,6q_5k,QWE,linear,3,L3,qiskit_heavy,0.002,6,8,5120,2,0.8346666666666667,0.8376474710004123,0.6737132681911534,241.1580739603378,3.9972132495604455,245.15528720989823
UNSW_NB15,6q_5k,QWE,linear,3,L3,qiskit_heavy,0.002,6,9,6144,0,0.89,0.886120141104191,0.763286233473101,220.9932983769104,4.110276524443179,225.10357490135357
UNSW_NB15,6q_5k,QWE,linear,3,L3,qiskit_heavy,0.002,6,10,7168,1,0.846,0.8487283583133443,0.6966509263151034,246.1692474540323,4.037224615458399,250.2064720694907
UNSW_NB15,6q_5k,QWE,linear,3,L3,qiskit_heavy,0.002,6,11,8192,2,0.8373333333333334,0.8400742626518097,0.6739513301854355,243.6761997253634,3.2864625118672848,246.9626622372307
UNSW_NB15,6q_5k,QWE,linear,3,L3,qiskit_heavy,0.002,6,12,9216,0,0.8606666666666667,0.8599791235206291,0.6954377559511538,249.88156596198678,2.644148442428559,252.52571440441534
UNSW_NB15,6q_5k,QWE,linear,3,L3,qiskit_heavy,0.002,6,13,10240,1,0.8473333333333334,0.8495916309237368,0.6888935612357246,242.85299898404628,3.6471467944793403,246.50014577852562
UNSW_NB15,6q_5k,QWE,linear,3,L3,qiskit_heavy,0.002,6,14,11264,2,0.8386666666666667,0.8413651746294545,0.6769168571776688,243.67784898215905,4.7176921255886555,248.3955411077477
UNSW_NB15,6q_5k,QWE,linear,3,L3,qiskit_heavy,0.002,6,15,12288,0,0.846,0.8484864018059569,0.689613228171714,246.24893179070204,4.11450216639787,250.36343395709991
UNSW_NB15,6q_5k,QWE,linear,3,L3,qiskit_heavy,0.002,6,16,13312,1,0.832,0.8348100165562914,0.6629512852579473,244.94914362486452,4.418520245701075,249.3676638705656
UNSW_NB15,6q_5k,QWE,linear,3,L3,qiskit_heavy,0.002,6,17,14336,2,0.8466666666666667,0.8490863607936779,0.6903714603811804,215.13747077807784,4.98926305770874,220.12673383578658
UNSW_NB15,6q_5k,QWE,linear,3,L3,qiskit_heavy,0.002,6,18,15360,0,0.8506666666666667,0.8530142741185089,0.6980675946996353,243.40516413142905,4.369501554407179,247.77466568583623
UNSW_NB15,6q_5k,QWE,linear,3,L3,qiskit_heavy,0.002,6,19,16384,1,0.8446666666666667,0.8470223344644764,0.6843191446832791,248.5996907092631,3.428761633578688,252.02845234284177
UNSW_NB15,6q_5k,QWE,linear,3,L3,qiskit_heavy,0.002,6,20,17408,2,0.85,0.8521754257999337,0.6933157389098952,228.29991725366563,5.343844688031822,233.64376194169745
UNSW_NB15,6q_5k,QWE,linear,3,L3,qiskit_heavy,0.002,6,21,18432,0,0.8406666666666667,0.8434919753475947,0.6847427636499434,249.18974555004388,4.406203994061798,253.59594954410568
UNSW_NB15,6q_5k,QWE,linear,3,L3,qiskit_heavy,0.002,6,22,19456,1,0.8313333333333334,0.8344752239241737,0.6716478857849202,249.51281402492896,3.5605872869491577,253.07340131187811
UNSW_NB15,6q_5k,QWE,linear,3,L3,qiskit_heavy,0.002,6,23,20480,2,0.8433333333333334,0.8454410925360015,0.6768037354474175,225.00865361234173,4.8183303866535425,229.82698399899527
UNSW_NB15,6q_5k,QWE,linear,3,L3,qiskit_heavy,0.002,6,24,21504,0,0.844,0.8466285961496863,0.6879246393105983,242.2164452164434,5.015824548434466,247.23226976487786
UNSW_NB15,6q_5k,QWE,linear,3,L3,qiskit_heavy,0.002,6,25,22528,1,0.84,0.8420627540821598,0.6685683014716145,240.1982242790982,3.9067092975601554,244.10493357665837
UNSW_NB15,6q_5k,QWE,linear,3,L3,qiskit_heavy,0.002,6,26,23552,2,0.8833333333333333,0.878874715136345,0.7488578788829943,250.44762477697805,4.332675661891699,254.78030043886974
UNSW_NB15,6q_5k,QWE,linear,3,L3,qiskit_heavy,0.002,6,27,24576,0,0.8393333333333334,0.8421414024045831,0.6807601796530044,253.76603929838166,2.0767293637618423,255.8427686621435
UNSW_NB15,6q_5k,QWE,linear,3,L3,qiskit_heavy,0.002,6,28,25600,1,0.826,0.8290635680449566,0.6534516808039579,252.6175239039585,3.224664938636124,255.84218884259462
UNSW_NB15,6q_5k,QWE,linear,3,L3,qiskit_heavy,0.002,6,29,26624,2,0.846,0.8485115404795501,0.6901613229532741,252.63852602709085,2.84373303828761,255.48225906537846
UNSW_NB15,6q_5k,QWE,linear,3,L3,qiskit_heavy,0.005,6,0,42,0,0.8333333333333334,0.8363511092738046,0.672324117930689,244.31473669409752,3.1794518008828163,247.49418849498034
UNSW_NB15,6q_5k,QWE,linear,3,L3,qiskit_heavy,0.005,6,1,123,1,0.8393333333333334,0.8420552377075122,0.6791727851038876,246.98416154971346,3.8617895375937223,250.84595108730718
UNSW_NB15,6q_5k,QWE,linear,3,L3,qiskit_heavy,0.005,6,2,456,2,0.836,0.8384893437029958,0.6656504623980247,230.10358105180785,4.596333469264209,234.69991452107206
UNSW_NB15,6q_5k,QWE,linear,3,L3,qiskit_heavy,0.005,6,3,789,0,0.832,0.8347797941510163,0.6616299090871964,247.85747206863016,4.418055708985776,252.27552777761593
UNSW_NB15,6q_5k,QWE,linear,3,L3,qiskit_heavy,0.005,6,4,1024,1,0.8446666666666667,0.8471486441273852,0.6862701388568976,249.58627629838884,3.356295212171972,252.9425715105608
UNSW_NB15,6q_5k,QWE,linear,3,L3,qiskit_heavy,0.005,6,5,2048,2,0.83,0.8332208094412374,0.6700256763423318,223.14887373847887,4.115403959993273,227.26427769847214
UNSW_NB15,6q_5k,QWE,linear,3,L3,qiskit_heavy,0.005,6,6,3072,0,0.8473333333333334,0.850001581537965,0.6975063151694968,194.29841181077063,5.444071457721293,199.74248326849192
UNSW_NB15,6q_5k,QWE,linear,3,L3,qiskit_heavy,0.005,6,7,4096,1,0.8353333333333334,0.8381669347668113,0.6712078466250343,245.2780099650845,3.2982958522625268,248.57630581734702
UNSW_NB15,6q_5k,QWE,linear,3,L3,qiskit_heavy,0.005,6,8,5120,2,0.8353333333333334,0.8382926448964103,0.67480036789157,247.150971876923,2.7994472244754434,249.95041910139844
UNSW_NB15,6q_5k,QWE,linear,3,L3,qiskit_heavy,0.005,6,9,6144,0,0.8573333333333333,0.8588823815119467,0.7018877913302308,241.95722457580268,3.3041833085007966,245.26140788430348
UNSW_NB15,6q_5k,QWE,linear,3,L3,qiskit_heavy,0.005,6,10,7168,1,0.846,0.8487283583133443,0.6966509263151034,244.85549647640437,4.139159240759909,248.99465571716428
UNSW_NB15,6q_5k,QWE,linear,3,L3,qiskit_heavy,0.005,6,11,8192,2,0.8393333333333334,0.8420042103977674,0.6772917510969229,238.21639237971976,4.64519319916144,242.8615855788812
UNSW_NB15,6q_5k,QWE,linear,3,L3,qiskit_heavy,0.005,6,12,9216,0,0.8626666666666667,0.8623822743130819,0.701077665291039,233.5190654369071,3.7241825056262314,237.24324794253334
UNSW_NB15,6q_5k,QWE,linear,3,L3,qiskit_heavy,0.005,6,13,10240,1,0.8533333333333334,0.8550735008691835,0.6951299104773401,209.02764449920505,4.767424841877073,213.79506934108213
UNSW_NB15,6q_5k,QWE,linear,3,L3,qiskit_heavy,0.005,6,14,11264,2,0.838,0.8407444927922219,0.6763809144710715,243.47301435517147,3.0453005940653384,246.5183149492368
UNSW_NB15,6q_5k,QWE,linear,3,L3,qiskit_heavy,0.005,6,15,12288,0,0.8466666666666667,0.8491295696173744,0.6907405413211959,244.78474122658372,2.9749702480621636,247.75971147464588
UNSW_NB15,6q_5k,QWE,linear,3,L3,qiskit_heavy,0.005,6,16,13312,1,0.8253333333333334,0.8284959625189472,0.6556136782189593,230.4468456050381,4.524630319327116,234.97147592436522
UNSW_NB15,6q_5k,QWE,linear,3,L3,qiskit_heavy,0.005,6,17,14336,2,0.8466666666666667,0.8490863607936779,0.6903714603811804,234.61065157596022,4.01011653104797,238.6207681070082
UNSW_NB15,6q_5k,QWE,linear,3,L3,qiskit_heavy,0.005,6,18,15360,0,0.8813333333333333,0.8781538627332122,0.7404652613182028,240.5241941944696,3.351819484960288,243.8760136794299
UNSW_NB15,6q_5k,QWE,linear,3,L3,qiskit_heavy,0.005,6,19,16384,1,0.8453333333333334,0.8476646970068603,0.6854601947213739,225.33142888685688,4.2800791170448065,229.6115080039017
UNSW_NB15,6q_5k,QWE,linear,3,L3,qiskit_heavy,0.005,6,20,17408,2,0.8493333333333334,0.8514412514546337,0.6906746884748705,203.29648640519008,4.83551689889282,208.1320033040829
UNSW_NB15,6q_5k,QWE,linear,3,L3,qiskit_heavy,0.005,6,21,18432,0,0.8413333333333334,0.8441369506043835,0.6858380826389832,247.97276916820556,4.1359860030934215,252.10875517129898
UNSW_NB15,6q_5k,QWE,linear,3,L3,qiskit_heavy,0.005,6,22,19456,1,0.8313333333333334,0.8344752239241737,0.6716478857849202,239.04412079555914,4.702368333004415,243.74648912856355
UNSW_NB15,6q_5k,QWE,linear,3,L3,qiskit_heavy,0.005,6,23,20480,2,0.8433333333333334,0.8454410925360015,0.6768037354474175,242.84227064764127,3.7456122813746333,246.5878829290159
UNSW_NB15,6q_5k,QWE,linear,3,L3,qiskit_heavy,0.005,6,24,21504,0,0.844,0.8466285961496863,0.6879246393105983,244.24354394571856,4.887010418344289,249.13055436406285
UNSW_NB15,6q_5k,QWE,linear,3,L3,qiskit_heavy,0.005,6,25,22528,1,0.8393333333333334,0.8413861578804402,0.6669227309607182,242.88080831756815,4.195663952734321,247.07647227030247
UNSW_NB15,6q_5k,QWE,linear,3,L3,qiskit_heavy,0.005,6,26,23552,2,0.868,0.8662789086116132,0.7098741835262183,250.05322200711817,2.2959333611652255,252.3491553682834
UNSW_NB15,6q_5k,QWE,linear,3,L3,qiskit_heavy,0.005,6,27,24576,0,0.8373333333333334,0.8402660601778249,0.6792888724156669,214.99631491396576,5.502614556346089,220.49892947031185
UNSW_NB15,6q_5k,QWE,linear,3,L3,qiskit_heavy,0.005,6,28,25600,1,0.826,0.8290635680449566,0.6534516808039579,251.4066581740044,2.530029313173145,253.93668748717755
UNSW_NB15,6q_5k,QWE,linear,3,L3,qiskit_heavy,0.005,6,29,26624,2,0.846,0.8485115404795501,0.6901613229532741,250.91204886185005,3.3954448215663433,254.3074936834164
UNSW_NB15,6q_5k,QWE,linear,3,L3,qiskit_heavy,0.008,6,0,42,0,0.8306666666666667,0.8337670078859152,0.6680118407529883,242.5352040817961,3.823007356375456,246.35821143817157
UNSW_NB15,6q_5k,QWE,linear,3,L3,qiskit_heavy,0.008,6,1,123,1,0.8346666666666667,0.8375451209780711,0.6714563081824976,246.58477865019813,3.442683296278119,250.02746194647625
UNSW_NB15,6q_5k,QWE,linear,3,L3,qiskit_heavy,0.008,6,2,456,2,0.864,0.8621443889170041,0.700631079232902,220.9764467603527,5.181802342180163,226.15824910253286
UNSW_NB15,6q_5k,QWE,linear,3,L3,qiskit_heavy,0.008,6,3,789,0,0.836,0.8385195888242245,0.6661807037993029,174.88993951305747,4.909448042046279,179.79938755510375
UNSW_NB15,6q_5k,QWE,linear,3,L3,qiskit_heavy,0.008,6,4,1024,1,0.8806666666666667,0.8768629366059417,0.7401937563951884,244.50921509135514,2.6981064518913627,247.2073215432465
UNSW_NB15,6q_5k,QWE,linear,3,L3,qiskit_heavy,0.008,6,5,2048,2,0.828,0.831278373120096,0.666849124733446,236.63037717016414,2.6765660573728383,239.30694322753698
UNSW_NB15,6q_5k,QWE,linear,3,L3,qiskit_heavy,0.008,6,6,3072,0,0.8473333333333334,0.850001581537965,0.6975063151694968,200.15457780566067,4.913028283044696,205.06760608870536
UNSW_NB15,6q_5k,QWE,linear,3,L3,qiskit_heavy,0.008,6,7,4096,1,0.8346666666666667,0.837523113385164,0.6701048619244825,252.03966922219843,3.18155509699136,255.2212243191898
UNSW_NB15,6q_5k,QWE,linear,3,L3,qiskit_heavy,0.008,6,8,5120,2,0.836,0.8389377424384964,0.675888952404438,251.78587211901322,3.252181252464652,255.03805337147787
UNSW_NB15,6q_5k,QWE,linear,3,L3,qiskit_heavy,0.008,6,9,6144,0,0.8573333333333333,0.8588823815119467,0.7018877913302308,214.1129191829823,5.389636361505836,219.50255554448813
UNSW_NB15,6q_5k,QWE,linear,3,L3,qiskit_heavy,0.008,6,10,7168,1,0.8446666666666667,0.8474000328705218,0.6932645766803033,238.60992605099455,3.6772151687182486,242.2871412197128
UNSW_NB15,6q_5k,QWE,linear,3,L3,qiskit_heavy,0.008,6,11,8192,2,0.8373333333333334,0.8400742626518097,0.6739513301854355,248.8382235430181,3.0285605122335255,251.86678405525163
UNSW_NB15,6q_5k,QWE,linear,3,L3,qiskit_heavy,0.008,6,12,9216,0,0.8593333333333333,0.8593615871213051,0.6951038800640653,241.91757673444226,4.953799461945891,246.87137619638816
UNSW_NB15,6q_5k,QWE,linear,3,L3,qiskit_heavy,0.008,6,13,10240,1,0.8466666666666667,0.8489493434674906,0.6877473949525367,244.89531213138252,5.050568525213748,249.94588065659627
UNSW_NB15,6q_5k,QWE,linear,3,L3,qiskit_heavy,0.008,6,14,11264,2,0.838,0.8407669497252991,0.67696039116712,249.0860785767436,3.1406636647880077,252.2267422415316
UNSW_NB15,6q_5k,QWE,linear,3,L3,qiskit_heavy,0.008,6,15,12288,0,0.8453333333333334,0.8478176528314385,0.6879413388141195,250.3344018328935,3.3131282017566264,253.64753003465012
UNSW_NB15,6q_5k,QWE,linear,3,L3,qiskit_heavy,0.008,6,16,13312,1,0.832,0.834785137855871,0.6623794213795905,248.47237019520253,4.301965009886771,252.7743352050893
UNSW_NB15,6q_5k,QWE,linear,3,L3,qiskit_heavy,0.008,6,17,14336,2,0.8386666666666667,0.8412916601116541,0.6752278559878037,231.48222787119448,5.6132278917357326,237.09545576293021
UNSW_NB15,6q_5k,QWE,linear,3,L3,qiskit_heavy,0.008,6,18,15360,0,0.8506666666666667,0.8530142741185089,0.6980675946996353,248.56139250379056,3.153850933536887,251.71524343732744
UNSW_NB15,6q_5k,QWE,linear,3,L3,qiskit_heavy,0.008,6,19,16384,1,0.8453333333333334,0.8476646970068603,0.6854601947213739,250.3416685196571,2.546109793242067,252.88777831289917
UNSW_NB15,6q_5k,QWE,linear,3,L3,qiskit_heavy,0.008,6,20,17408,2,0.85,0.8520827821383428,0.6918366858714747,230.66627778485417,3.7396424440667033,234.40592022892088
UNSW_NB15,6q_5k,QWE,linear,3,L3,qiskit_heavy,0.008,6,21,18432,0,0.842,0.8447818606385239,0.6869349315482879,245.5334627260454,3.140272685326636,248.67373541137204
UNSW_NB15,6q_5k,QWE,linear,3,L3,qiskit_heavy,0.008,6,22,19456,1,0.8346666666666667,0.8376937714791612,0.6763634734971107,238.20951826963574,5.275297516025603,243.48481578566134
UNSW_NB15,6q_5k,QWE,linear,3,L3,qiskit_heavy,0.008,6,23,20480,2,0.8513333333333334,0.8535477256610148,0.6971314281036547,227.06799099314958,4.071790979243815,231.1397819723934
UNSW_NB15,6q_5k,QWE,linear,3,L3,qiskit_heavy,0.008,6,24,21504,0,0.844,0.8466285961496863,0.6879246393105983,223.40035256231204,3.625827125273645,227.02617968758568
UNSW_NB15,6q_5k,QWE,linear,3,L3,qiskit_heavy,0.008,6,25,22528,1,0.8393333333333334,0.8413861578804402,0.6669227309607182,244.86021297844127,3.3250741218216717,248.18528710026294
UNSW_NB15,6q_5k,QWE,linear,3,L3,qiskit_heavy,0.008,6,26,23552,2,0.866,0.8642170331609148,0.7053937142193577,236.61240138486028,3.9103760956786573,240.52277748053893
UNSW_NB15,6q_5k,QWE,linear,3,L3,qiskit_heavy,0.008,6,27,24576,0,0.8393333333333334,0.8421414024045831,0.6807601796530044,242.32734014745802,2.4858406092971563,244.81318075675517
UNSW_NB15,6q_5k,QWE,linear,3,L3,qiskit_heavy,0.008,6,28,25600,1,0.826,0.8290635680449566,0.6534516808039579,226.98137449659407,3.894909600261599,230.87628409685567
UNSW_NB15,6q_5k,QWE,linear,3,L3,qiskit_heavy,0.008,6,29,26624,2,0.8453333333333334,0.847868148148148,0.6890384686846192,206.56918844766915,4.369078398216516,210.93826684588566
UNSW_NB15,6q_5k,QWE,linear,3,L3,qiskit_heavy,0.01,6,0,42,0,0.8313333333333334,0.834360070072182,0.667215474772187,246.05183572182432,3.6121658626943827,249.6640015845187
UNSW_NB15,6q_5k,QWE,linear,3,L3,qiskit_heavy,0.01,6,1,123,1,0.8346666666666667,0.8375451209780711,0.6714563081824976,222.69238617410883,4.994774871971458,227.6871610460803
UNSW_NB15,6q_5k,QWE,linear,3,L3,qiskit_heavy,0.01,6,2,456,2,0.8666666666666667,0.8647019211725094,0.7064669198696618,240.8397489222698,4.636186998337507,245.4759359206073
UNSW_NB15,6q_5k,QWE,linear,3,L3,qiskit_heavy,0.01,6,3,789,0,0.8326666666666667,0.8354223318008879,0.6627454476713245,243.22946433955804,3.3133597900159657,246.542824129574
UNSW_NB15,6q_5k,QWE,linear,3,L3,qiskit_heavy,0.01,6,4,1024,1,0.8806666666666667,0.8768629366059417,0.7401937563951884,211.63655137689784,4.634178316686302,216.27072969358414
UNSW_NB15,6q_5k,QWE,linear,3,L3,qiskit_heavy,0.01,6,5,2048,2,0.848,0.8504911111111111,0.694633114704452,243.12187552871183,4.055658620316535,247.17753414902836
UNSW_NB15,6q_5k,QWE,linear,3,L3,qiskit_heavy,0.01,6,6,3072,0,0.8466666666666667,0.8493565366611595,0.6964052499185571,236.44361606659368,4.665542557369918,241.1091586239636
UNSW_NB15,6q_5k,QWE,linear,3,L3,qiskit_heavy,0.01,6,7,4096,1,0.8346666666666667,0.837523113385164,0.6701048619244825,227.61011200677603,4.6549426186829805,232.26505462545902
UNSW_NB15,6q_5k,QWE,linear,3,L3,qiskit_heavy,0.01,6,8,5120,2,0.8353333333333334,0.8382926448964103,0.67480036789157,244.2771303677,3.756377110257745,248.03350747795776
UNSW_NB15,6q_5k,QWE,linear,3,L3,qiskit_heavy,0.01,6,9,6144,0,0.89,0.8860401182810841,0.7635663039484447,237.88572752522305,3.980054619256407,241.86578214447945
UNSW_NB15,6q_5k,QWE,linear,3,L3,qiskit_heavy,0.01,6,10,7168,1,0.8446666666666667,0.8474186471299099,0.6938635644474149,235.0104706757702,4.941905229818076,239.95237590558827
UNSW_NB15,6q_5k,QWE,linear,3,L3,qiskit_heavy,0.01,6,11,8192,2,0.836,0.8387633959522344,0.671156668360403,247.57603995967656,3.2884648563340306,250.8645048160106
UNSW_NB15,6q_5k,QWE,linear,3,L3,qiskit_heavy,0.01,6,12,9216,0,0.87,0.8647115512157558,0.7181025082560317,249.3721327446401,4.934574693907052,254.30670743854716
UNSW_NB15,6q_5k,QWE,linear,3,L3,qiskit_heavy,0.01,6,13,10240,1,0.852,0.8537917541229385,0.6927530032649333,249.37340018572286,4.985321483574808,254.35872166929767
UNSW_NB15,6q_5k,QWE,linear,3,L3,qiskit_heavy,0.01,6,14,11264,2,0.8386666666666667,0.8414331837164154,0.6786471881031002,250.89117445144802,4.298594949301332,255.18976940074936
UNSW_NB15,6q_5k,QWE,linear,3,L3,qiskit_heavy,0.01,6,15,12288,0,0.846,0.8484864018059569,0.689613228171714,248.13717331876978,3.2132254182361066,251.3503987370059
UNSW_NB15,6q_5k,QWE,linear,3,L3,qiskit_heavy,0.01,6,16,13312,1,0.826,0.8291413483392822,0.6566934901501965,247.0067189396359,3.8148825871758163,250.82160152681172
UNSW_NB15,6q_5k,QWE,linear,3,L3,qiskit_heavy,0.01,6,17,14336,2,0.8466666666666667,0.8490863607936779,0.6903714603811804,235.1585187818855,4.982832542620599,240.1413513245061
UNSW_NB15,6q_5k,QWE,linear,3,L3,qiskit_heavy,0.01,6,18,15360,0,0.8513333333333334,0.8536573982406281,0.6992037681721178,246.0165696986951,3.700098446570337,249.71666814526543
UNSW_NB15,6q_5k,QWE,linear,3,L3,qiskit_heavy,0.01,6,19,16384,1,0.846,0.8483354474733651,0.6871212354904426,241.44674475025386,5.584899244830012,247.03164399508387
UNSW_NB15,6q_5k,QWE,linear,3,L3,qiskit_heavy,0.01,6,20,17408,2,0.8806666666666667,0.8766947942114545,0.7406083138011541,222.67419012775645,6.016105388756841,228.6902955165133
UNSW_NB15,6q_5k,QWE,linear,3,L3,qiskit_heavy,0.01,6,21,18432,0,0.842,0.8447818606385239,0.6869349315482879,243.62165268836543,4.387106314301491,248.00875900266692
UNSW_NB15,6q_5k,QWE,linear,3,L3,qiskit_heavy,0.01,6,22,19456,1,0.8346666666666667,0.8376937714791612,0.6763634734971107,247.66149469232187,3.6114862337708473,251.2729809260927
UNSW_NB15,6q_5k,QWE,linear,3,L3,qiskit_heavy,0.01,6,23,20480,2,0.844,0.8461158469945355,0.678452395048131,229.08203556155786,4.743143163155764,233.82517872471362
UNSW_NB15,6q_5k,QWE,linear,3,L3,qiskit_heavy,0.01,6,24,21504,0,0.844,0.8466285961496863,0.6879246393105983,246.88647839939222,3.0749554275535047,249.96143382694572
UNSW_NB15,6q_5k,QWE,linear,3,L3,qiskit_heavy,0.01,6,25,22528,1,0.8386666666666667,0.8407092470613061,0.6652776470268387,222.66561771277338,6.268609969411045,228.93422768218443
UNSW_NB15,6q_5k,QWE,linear,3,L3,qiskit_heavy,0.01,6,26,23552,2,0.8766666666666667,0.8714826337701179,0.7346947948209535,230.06870116852224,5.093014322221279,235.16171549074352
UNSW_NB15,6q_5k,QWE,linear,3,L3,qiskit_heavy,0.01,6,27,24576,0,0.8393333333333334,0.8421414024045831,0.6807601796530044,245.74353345949203,3.5466321352869272,249.29016559477895
UNSW_NB15,6q_5k,QWE,linear,3,L3,qiskit_heavy,0.01,6,28,25600,1,0.8266666666666667,0.8297294418367216,0.6551491519649277,246.82865372439846,3.3720827801153064,250.20073650451377
UNSW_NB15,6q_5k,QWE,linear,3,L3,qiskit_heavy,0.01,6,29,26624,2,0.8446666666666667,0.8471999520854336,0.6873635379987852,222.14714865852147,4.214851941913366,226.36200060043484
UNSW_NB15,6q_5k,QWE,linear,3,L3,qiskit_heavy,0.02,6,0,42,0,0.83,0.8330506635114879,0.6644294512993192,245.47318565379828,3.9066915758885443,249.37987722968683
UNSW_NB15,6q_5k,QWE,linear,3,L3,qiskit_heavy,0.02,6,1,123,1,0.836,0.8388340512154826,0.6736533654299465,239.39574780967087,4.827130791731179,244.22287860140204
UNSW_NB15,6q_5k,QWE,linear,3,L3,qiskit_heavy,0.02,6,2,456,2,0.8693333333333333,0.8667330484176792,0.7123333484613537,225.69409019686282,3.945887191221118,229.63997738808393
UNSW_NB15,6q_5k,QWE,linear,3,L3,qiskit_heavy,0.02,6,3,789,0,0.8346666666666667,0.837265803488349,0.6644535920817384,237.8713089376688,3.9878047392703593,241.85911367693916
UNSW_NB15,6q_5k,QWE,linear,3,L3,qiskit_heavy,0.02,6,4,1024,1,0.848,0.8503626723617624,0.6919350984700903,247.05310981627554,3.0697483816184103,250.12285819789395
UNSW_NB15,6q_5k,QWE,linear,3,L3,qiskit_heavy,0.02,6,5,2048,2,0.824,0.8274206757578135,0.662602024553686,230.5966019583866,3.2425144710578024,233.8391164294444
UNSW_NB15,6q_5k,QWE,linear,3,L3,qiskit_heavy,0.02,6,6,3072,0,0.846,0.848730737679056,0.6959009229806903,244.7583579197526,4.653876761905849,249.41223468165845
UNSW_NB15,6q_5k,QWE,linear,3,L3,qiskit_heavy,0.02,6,7,4096,1,0.8346666666666667,0.837523113385164,0.6701048619244825,246.6748857027851,4.974524367600679,251.64941007038578
UNSW_NB15,6q_5k,QWE,linear,3,L3,qiskit_heavy,0.02,6,8,5120,2,0.8353333333333334,0.8382926448964103,0.67480036789157,247.40333190374076,4.061936788260937,251.4652686920017
UNSW_NB15,6q_5k,QWE,linear,3,L3,qiskit_heavy,0.02,6,9,6144,0,0.8906666666666667,0.8866907746566907,0.7652644406980744,232.46852677781135,5.001228823792189,237.46975560160354
UNSW_NB15,6q_5k,QWE,linear,3,L3,qiskit_heavy,0.02,6,10,7168,1,0.8453333333333334,0.848064307837134,0.6949573354105044,247.11576278042048,4.089118244126439,251.20488102454692
UNSW_NB15,6q_5k,QWE,linear,3,L3,qiskit_heavy,0.02,6,11,8192,2,0.8373333333333334,0.8401211751850656,0.6751053621683604,235.59445440908894,5.1451652543619275,240.73961966345087
UNSW_NB15,6q_5k,QWE,linear,3,L3,qiskit_heavy,0.02,6,12,9216,0,0.8346666666666667,0.8363403869730428,0.6522975692135218,241.6374677992426,4.718094946350902,246.3555627455935
UNSW_NB15,6q_5k,QWE,linear,3,L3,qiskit_heavy,0.02,6,13,10240,1,0.844,0.8463799433585589,0.6831797840322841,241.14032554626465,4.5733538921922445,245.7136794384569
UNSW_NB15,6q_5k,QWE,linear,3,L3,qiskit_heavy,0.02,6,14,11264,2,0.8373333333333334,0.8401443434820235,0.6764432670515861,248.24387295823544,3.0847106059081852,251.32858356414363
UNSW_NB15,6q_5k,QWE,linear,3,L3,qiskit_heavy,0.02,6,15,12288,0,0.8466666666666667,0.8491548931287006,0.6912858151338017,249.2866378664039,3.310099225025624,252.59673709142953
UNSW_NB15,6q_5k,QWE,linear,3,L3,qiskit_heavy,0.02,6,16,13312,1,0.8293333333333334,0.8321626797265993,0.6567914820970614,235.06217884132639,4.269474208820611,239.331653050147
UNSW_NB15,6q_5k,QWE,linear,3,L3,qiskit_heavy,0.02,6,17,14336,2,0.8446666666666667,0.8471309796028248,0.6864432119394729,228.86746758082882,5.658570408355445,234.52603798918426
UNSW_NB15,6q_5k,QWE,linear,3,L3,qiskit_heavy,0.02,6,18,15360,0,0.882,0.8781559773474216,0.7434842876880102,244.69644445134327,5.0022997804917395,249.698744231835
UNSW_NB15,6q_5k,QWE,linear,3,L3,qiskit_heavy,0.02,6,19,16384,1,0.848,0.8504731343200709,0.694798057179898,247.4917001677677,4.3257411499507725,251.81744131771848
UNSW_NB15,6q_5k,QWE,linear,3,L3,qiskit_heavy,0.02,6,20,17408,2,0.8793333333333333,0.8752310270664447,0.737732069157047,244.08423067815602,5.458026085048914,249.54225676320493
UNSW_NB15,6q_5k,QWE,linear,3,L3,qiskit_heavy,0.02,6,21,18432,0,0.8353333333333334,0.8382732369039283,0.6741901992816539,249.98779819440097,1.4814144345000386,251.469212628901
UNSW_NB15,6q_5k,QWE,linear,3,L3,qiskit_heavy,0.02,6,22,19456,1,0.834,0.8370473282792948,0.6752881245381481,182.47801489010453,3.7419469505548477,186.21996184065938
UNSW_NB15,6q_5k,QWE,linear,3,L3,qiskit_heavy,0.02,6,23,20480,2,0.842,0.8442595402557057,0.6759621780723024,248.10885412665084,3.004624515771866,251.1134786424227
UNSW_NB15,6q_5k,QWE,linear,3,L3,qiskit_heavy,0.02,6,24,21504,0,0.8446666666666667,0.8472488839115344,0.6884756262464491,188.07605536095798,5.350058854557574,193.42611421551555
UNSW_NB15,6q_5k,QWE,linear,3,L3,qiskit_heavy,0.02,6,25,22528,1,0.8366666666666667,0.8388641177502996,0.6627330497246616,247.43533200677484,1.5388185484334826,248.97415055520833
UNSW_NB15,6q_5k,QWE,linear,3,L3,qiskit_heavy,0.02,6,26,23552,2,0.878,0.8725837622912185,0.7388361039785201,245.59607461467385,3.469364589545876,249.06543920421973
UNSW_NB15,6q_5k,QWE,linear,3,L3,qiskit_heavy,0.02,6,27,24576,0,0.84,0.8428068208638188,0.6824520291227535,234.7497242987156,3.891103573143482,238.64082787185907
UNSW_NB15,6q_5k,QWE,linear,3,L3,qiskit_heavy,0.02,6,28,25600,1,0.8246666666666667,0.827797009334952,0.6518795644810919,247.5664031743072,4.218239887151867,251.78464306145906
UNSW_NB15,6q_5k,QWE,linear,3,L3,qiskit_heavy,0.02,6,29,26624,2,0.846,0.8485600522899761,0.6912715950338306,240.17479713167995,3.635097102727741,243.8098942344077
UNSW_NB15,6q_5k,QWE,linear,3,L3,qiskit_heavy,0.05,6,0,42,0,0.8146666666666667,0.8170821419313673,0.6157775933734702,204.08694321895018,5.538254836574197,209.62519805552438
UNSW_NB15,6q_5k,QWE,linear,3,L3,qiskit_heavy,0.05,6,1,123,1,0.84,0.8406053935057788,0.6563617394048763,233.29455939820036,4.976220414508134,238.2707798127085
UNSW_NB15,6q_5k,QWE,linear,3,L3,qiskit_heavy,0.05,6,2,456,2,0.868,0.8610709316394435,0.7181734045181694,246.16898133046925,2.841944308951497,249.01092563942075
UNSW_NB15,6q_5k,QWE,linear,3,L3,qiskit_heavy,0.05,6,3,789,0,0.8626666666666667,0.8564859176146692,0.7022932460820727,240.32562584616244,4.489402068313211,244.81502791447565
UNSW_NB15,6q_5k,QWE,linear,3,L3,qiskit_heavy,0.05,6,4,1024,1,0.8706666666666667,0.8650521622986762,0.7206746484807762,248.77511101216078,3.6890522581525147,252.4641632703133
UNSW_NB15,6q_5k,QWE,linear,3,L3,qiskit_heavy,0.05,6,5,2048,2,0.8113333333333334,0.8150613260074554,0.6506912547021,251.47759568225592,3.714554186910391,255.19214986916631
UNSW_NB15,6q_5k,QWE,linear,3,L3,qiskit_heavy,0.05,6,6,3072,0,0.83,0.8316502923319993,0.6417338606966716,234.30368031095713,5.377539777196944,239.68122008815408
UNSW_NB15,6q_5k,QWE,linear,3,L3,qiskit_heavy,0.05,6,7,4096,1,0.824,0.8262690294903756,0.6347602026661716,242.4958808212541,4.190717004239559,246.68659782549366
UNSW_NB15,6q_5k,QWE,linear,3,L3,qiskit_heavy,0.05,6,8,5120,2,0.8746666666666667,0.8698068074600308,0.7284071135299296,247.77292851917446,3.3704202263616025,251.14334874553606
UNSW_NB15,6q_5k,QWE,linear,3,L3,qiskit_heavy,0.05,6,9,6144,0,0.8866666666666667,0.8817698602000926,0.7588245627622884,249.96942092385143,4.509339398238808,254.47876032209024
UNSW_NB15,6q_5k,QWE,linear,3,L3,qiskit_heavy,0.05,6,10,7168,1,0.8406666666666667,0.8432961022049108,0.6802588043058052,250.3895007101819,3.8559724553488195,254.2454731655307
UNSW_NB15,6q_5k,QWE,linear,3,L3,qiskit_heavy,0.05,6,11,8192,2,0.8693333333333333,0.8633472351662006,0.7184538567451461,250.59892392437905,4.138015182688832,254.73693910706788
UNSW_NB15,6q_5k,QWE,linear,3,L3,qiskit_heavy,0.05,6,12,9216,0,0.8633333333333333,0.8581877576659942,0.7015052912021504,249.7244532490149,3.261401314754039,252.98585456376895
UNSW_NB15,6q_5k,QWE,linear,3,L3,qiskit_heavy,0.05,6,13,10240,1,0.8473333333333334,0.8495622765673991,0.6883857411121158,232.65544432168826,3.1967515191063285,235.8521958407946
UNSW_NB15,6q_5k,QWE,linear,3,L3,qiskit_heavy,0.05,6,14,11264,2,0.8746666666666667,0.8698298582837779,0.7287011253381191,249.17048264667392,2.9836848387494683,252.1541674854234
UNSW_NB15,6q_5k,QWE,linear,3,L3,qiskit_heavy,0.05,6,15,12288,0,0.8753333333333333,0.8698720142120008,0.7318868875696688,229.1125766192563,3.118916865438223,232.2314934846945
UNSW_NB15,6q_5k,QWE,linear,3,L3,qiskit_heavy,0.05,6,16,13312,1,0.824,0.8265524339235953,0.6390306339410778,242.71938184602186,4.032268166076392,246.75165001209825
UNSW_NB15,6q_5k,QWE,linear,3,L3,qiskit_heavy,0.05,6,17,14336,2,0.848,0.8467909523213616,0.6667798499845753,240.57094988413155,3.5720729059539735,244.14302279008552
UNSW_NB15,6q_5k,QWE,linear,3,L3,qiskit_heavy,0.05,6,18,15360,0,0.872,0.8668420642142206,0.7226753473805647,233.18823938444257,3.999685426708311,237.18792481115088
UNSW_NB15,6q_5k,QWE,linear,3,L3,qiskit_heavy,0.05,6,19,16384,1,0.8726666666666667,0.867013653538922,0.7261912243115954,244.70470731705427,3.6024682009592652,248.30717551801354
UNSW_NB15,6q_5k,QWE,linear,3,L3,qiskit_heavy,0.05,6,20,17408,2,0.8653333333333333,0.8583797845104,0.711351856455996,207.4650759762153,4.022191252093762,211.48726722830907
UNSW_NB15,6q_5k,QWE,linear,3,L3,qiskit_heavy,0.05,6,21,18432,0,0.8773333333333333,0.8722007752563219,0.7358229032891731,219.63833510596305,7.160352734848857,226.7986878408119
UNSW_NB15,6q_5k,QWE,linear,3,L3,qiskit_heavy,0.05,6,22,19456,1,0.836,0.83881224460429,0.6730658407438734,242.21709590079263,4.018942427355796,246.23603832814842
UNSW_NB15,6q_5k,QWE,linear,3,L3,qiskit_heavy,0.05,6,23,20480,2,0.8493333333333334,0.8499067264105179,0.6761857694790615,250.651679424569,3.2787871100008488,253.93046653456986
UNSW_NB15,6q_5k,QWE,linear,3,L3,qiskit_heavy,0.05,6,24,21504,0,0.8766666666666667,0.8710663550176138,0.7357289574244642,229.90715691959485,4.200262393336743,234.1074193129316
UNSW_NB15,6q_5k,QWE,linear,3,L3,qiskit_heavy,0.05,6,25,22528,1,0.8353333333333334,0.8358706362262921,0.6455599923157296,214.82380511704832,7.0891298172064126,221.91293493425474
UNSW_NB15,6q_5k,QWE,linear,3,L3,qiskit_heavy,0.05,6,26,23552,2,0.878,0.8724861702000634,0.7391877928363106,245.23580021271482,2.7394704408943653,247.9752706536092
UNSW_NB15,6q_5k,QWE,linear,3,L3,qiskit_heavy,0.05,6,27,24576,0,0.826,0.8277852094013289,0.6341027267182764,249.26735293213278,2.2790151638910174,251.5463680960238
UNSW_NB15,6q_5k,QWE,linear,3,L3,qiskit_heavy,0.05,6,28,25600,1,0.872,0.8670367395336486,0.7221528129801513,246.7161325342022,3.065725983120501,249.7818585173227
UNSW_NB15,6q_5k,QWE,linear,3,L3,qiskit_heavy,0.05,6,29,26624,2,0.878,0.8726555005390169,0.7382066449372644,243.53265682375059,3.8902635127305984,247.42292033648118
