dataset,config,model,entanglement,optimization_level,optimization_name,optimization_description,noise_level,num_qubits,run_idx,seed,gpu_id,accuracy,f1_score,mcc,kernel_time,classifier_time,total_time
IoT_Original_Distribution,6q_5k,QSVC,full,0,L0,baseline_unoptimized,0.0,6,0,42,0,0.9546666666666667,0.9575561457269323,0.7795008184186926,276.9810689960141,0.3466389380628243,277.3277079340769
IoT_Original_Distribution,6q_5k,QSVC,full,0,L0,baseline_unoptimized,0.0,6,1,123,1,0.96,0.9621857416538717,0.7993956907456233,276.356027834001,0.36357765702996403,276.71960549103096
IoT_Original_Distribution,6q_5k,QSVC,full,0,L0,baseline_unoptimized,0.0,6,2,456,2,0.9613333333333334,0.9632625047486387,0.8027363297881122,274.9008617120562,1.3969655720284209,276.29782728408463
IoT_Original_Distribution,6q_5k,QSVC,full,0,L0,baseline_unoptimized,0.0,6,3,789,0,0.956,0.9580884000830047,0.7724579348032709,279.5895001629833,0.06890781898982823,279.65840798197314
IoT_Original_Distribution,6q_5k,QSVC,full,0,L0,baseline_unoptimized,0.0,6,4,1024,1,0.952,0.954844349817144,0.7615061436964442,270.7314926889958,1.048076968989335,271.7795696579851
IoT_Original_Distribution,6q_5k,QSVC,full,0,L0,baseline_unoptimized,0.0,6,5,2048,2,0.9573333333333334,0.9588164839803776,0.7701949411529486,279.2049929910572,0.32972183905076236,279.534714830108
IoT_Original_Distribution,6q_5k,QSVC,full,0,L0,baseline_unoptimized,0.0,6,6,3072,0,0.9613333333333334,0.9626774386072172,0.7920982952477333,271.9462858630577,1.0223239349434152,272.9686097980011
IoT_Original_Distribution,6q_5k,QSVC,full,0,L0,baseline_unoptimized,0.0,6,7,4096,1,0.9533333333333334,0.956307797071842,0.7726168364131227,280.88325886405073,0.3353516759816557,281.2186105400324
IoT_Original_Distribution,6q_5k,QSVC,full,0,L0,baseline_unoptimized,0.0,6,8,5120,2,0.944,0.9473184081200012,0.7198216544876251,280.98568339296617,0.08205759804695845,281.0677409910131
IoT_Original_Distribution,6q_5k,QSVC,full,0,L0,baseline_unoptimized,0.0,6,9,6144,0,0.9666666666666667,0.9676468711186604,0.8182144150258319,275.08012430998497,1.2238496899371967,276.30397399992216
IoT_Original_Distribution,6q_5k,QSVC,full,0,L0,baseline_unoptimized,0.0,6,10,7168,1,0.9533333333333334,0.9553165064102563,0.7542139235406125,282.206492117024,0.32718995900359005,282.5336820760276
IoT_Original_Distribution,6q_5k,QSVC,full,0,L0,baseline_unoptimized,0.0,6,11,8192,2,0.9673333333333334,0.9685966382006906,0.8272975674665805,282.4326426029438,0.06511345901526511,282.4977560619591
IoT_Original_Distribution,6q_5k,QSVC,full,0,L0,baseline_unoptimized,0.0,6,12,9216,0,0.9626666666666667,0.9638652194283929,0.7977266593203619,275.78546064405236,0.3589502910617739,276.14441093511414
IoT_Original_Distribution,6q_5k,QSVC,full,0,L0,baseline_unoptimized,0.0,6,13,10240,1,0.96,0.9615982731742415,0.7883518137678861,275.6704863840714,0.36133327102288604,276.0318196550943
IoT_Original_Distribution,6q_5k,QSVC,full,0,L0,baseline_unoptimized,0.0,6,14,11264,2,0.958,0.9599418994413407,0.7821867577091114,274.3252772949636,0.865035571041517,275.1903128660051
IoT_Original_Distribution,6q_5k,QSVC,full,0,L0,baseline_unoptimized,0.0,6,15,12288,0,0.9446666666666667,0.9486105873320623,0.7359341918993468,274.4011652210029,1.0304584510158747,275.43162367201876
IoT_Original_Distribution,6q_5k,QSVC,full,0,L0,baseline_unoptimized,0.0,6,16,13312,1,0.95,0.9527904833167758,0.7478659806542033,281.9173862639582,0.08378929004538804,282.00117555400357
IoT_Original_Distribution,6q_5k,QSVC,full,0,L0,baseline_unoptimized,0.0,6,17,14336,2,0.9686666666666667,0.9697970150625762,0.8330112268534177,281.9347973969998,0.08455026405863464,282.0193476610584
IoT_Original_Distribution,6q_5k,QSVC,full,0,L0,baseline_unoptimized,0.0,6,18,15360,0,0.9446666666666667,0.948725949722807,0.7382501928382417,275.4653158710571,1.2280004060594365,276.69331627711654
IoT_Original_Distribution,6q_5k,QSVC,full,0,L0,baseline_unoptimized,0.0,6,19,16384,1,0.962,0.9635667952920018,0.8000606601147365,282.51368637708947,0.06833994400221854,282.5820263210917
IoT_Original_Distribution,6q_5k,QSVC,full,0,L0,baseline_unoptimized,0.0,6,20,17408,2,0.9433333333333334,0.9472524432247766,0.7268157963603983,282.6784290689975,0.3279287420446053,283.0063578110421
IoT_Original_Distribution,6q_5k,QSVC,full,0,L0,baseline_unoptimized,0.0,6,21,18432,0,0.9686666666666667,0.9694588081461221,0.8271205771613618,275.9814890680136,1.229153897962533,277.21064296597615
IoT_Original_Distribution,6q_5k,QSVC,full,0,L0,baseline_unoptimized,0.0,6,22,19456,1,0.9506666666666667,0.9533624147064417,0.7503039616278425,283.19514315994456,0.05279393191449344,283.24793709185906
IoT_Original_Distribution,6q_5k,QSVC,full,0,L0,baseline_unoptimized,0.0,6,23,20480,2,0.956,0.9583005597014926,0.776377905173032,283.3501382090617,0.3021752490894869,283.6523134581512
IoT_Original_Distribution,6q_5k,QSVC,full,0,L0,baseline_unoptimized,0.0,6,24,21504,0,0.956,0.9587066233386886,0.7843612123097239,274.5378696840489,1.2281377540202811,275.7660074380692
IoT_Original_Distribution,6q_5k,QSVC,full,0,L0,baseline_unoptimized,0.0,6,25,22528,1,0.9446666666666667,0.9484935622077233,0.7336234824377313,283.6143648190191,0.33269309299066663,283.94705791200977
IoT_Original_Distribution,6q_5k,QSVC,full,0,L0,baseline_unoptimized,0.0,6,26,23552,2,0.9506666666666667,0.9532460820895523,0.748190568590062,283.5433673609514,0.07045468606520444,283.6138220470166
IoT_Original_Distribution,6q_5k,QSVC,full,0,L0,baseline_unoptimized,0.0,6,27,24576,0,0.9553333333333334,0.956462556293408,0.7527044313772395,277.55826027097646,0.322537619038485,277.88079789001495
IoT_Original_Distribution,6q_5k,QSVC,full,0,L0,baseline_unoptimized,0.0,6,28,25600,1,0.9393333333333334,0.9436573909303333,0.708821968501935,277.4388095160248,0.06380333798006177,277.50261285400484
IoT_Original_Distribution,6q_5k,QSVC,full,0,L0,baseline_unoptimized,0.0,6,29,26624,2,0.9686666666666667,0.9693709720213604,0.8257094905011013,270.1811985920649,1.1734155820449814,271.3546141741099
IoT_Original_Distribution,6q_5k,QSVC,full,0,L0,baseline_unoptimized,0.0003,6,0,42,0,0.9473333333333334,0.9508628043116232,0.7449938624712318,227.99926153593697,0.0474305140087381,228.0466920499457
IoT_Original_Distribution,6q_5k,QSVC,full,0,L0,baseline_unoptimized,0.0003,6,1,123,1,0.9593333333333334,0.9616029264309779,0.7968412254300464,227.7432754440233,0.3722596439765766,228.1155350879999
IoT_Original_Distribution,6q_5k,QSVC,full,0,L0,baseline_unoptimized,0.0003,6,2,456,2,0.9453333333333334,0.9497300791476274,0.7497209841861407,227.4650101059815,0.3745039050700143,227.8395140110515
IoT_Original_Distribution,6q_5k,QSVC,full,0,L0,baseline_unoptimized,0.0003,6,3,789,0,0.9513333333333334,0.9544888147342375,0.763360912760723,218.55646760901436,1.3719062709715217,219.92837387998588
IoT_Original_Distribution,6q_5k,QSVC,full,0,L0,baseline_unoptimized,0.0003,6,4,1024,1,0.954,0.9564595660955929,0.7668208015558766,226.80953442200553,0.05206537805497646,226.8615998000605
IoT_Original_Distribution,6q_5k,QSVC,full,0,L0,baseline_unoptimized,0.0003,6,5,2048,2,0.9573333333333334,0.958928156538855,0.7720405290038411,226.04958635591902,0.7754512010142207,226.82503755693324
IoT_Original_Distribution,6q_5k,QSVC,full,0,L0,baseline_unoptimized,0.0003,6,6,3072,0,0.952,0.9541599328435719,0.7490619520845443,227.0755398789188,0.08026541396975517,227.15580529288854
IoT_Original_Distribution,6q_5k,QSVC,full,0,L0,baseline_unoptimized,0.0003,6,7,4096,1,0.9526666666666667,0.9554175125808769,0.7639370639604357,226.72444540599827,0.104106524027884,226.82855193002615
IoT_Original_Distribution,6q_5k,QSVC,full,0,L0,baseline_unoptimized,0.0003,6,8,5120,2,0.9473333333333334,0.950272642427004,0.733873053575391,226.89460257603787,0.4022550960071385,227.296857672045
IoT_Original_Distribution,6q_5k,QSVC,full,0,L0,baseline_unoptimized,0.0003,6,9,6144,0,0.9513333333333334,0.954903546141746,0.7719947622991625,220.73126007302199,1.0603022479917854,221.79156232101377
IoT_Original_Distribution,6q_5k,QSVC,full,0,L0,baseline_unoptimized,0.0003,6,10,7168,1,0.9546666666666667,0.9564780429308071,0.7594516977876128,224.1879297379637,0.04792787996120751,224.23585761792492
IoT_Original_Distribution,6q_5k,QSVC,full,0,L0,baseline_unoptimized,0.0003,6,11,8192,2,0.9653333333333334,0.9668065476190476,0.8189064240825706,220.63760066905525,1.0741583720082417,221.7117590410635
IoT_Original_Distribution,6q_5k,QSVC,full,0,L0,baseline_unoptimized,0.0003,6,12,9216,0,0.9626666666666667,0.9638652194283929,0.7977266593203619,221.29759218601976,0.8906629780540243,222.18825516407378
IoT_Original_Distribution,6q_5k,QSVC,full,0,L0,baseline_unoptimized,0.0003,6,13,10240,1,0.9586666666666667,0.9603182156133828,0.7811267847728178,220.83206945902202,1.06660825596191,221.89867771498393
IoT_Original_Distribution,6q_5k,QSVC,full,0,L0,baseline_unoptimized,0.0003,6,14,11264,2,0.9586666666666667,0.9604231913919414,0.782966146003705,223.99032975698356,0.05265967198647559,224.04298942897003
IoT_Original_Distribution,6q_5k,QSVC,full,0,L0,baseline_unoptimized,0.0003,6,15,12288,0,0.9433333333333334,0.9474904304390191,0.7315012789460575,188.25736570497975,1.4680265709757805,189.72539227595553
IoT_Original_Distribution,6q_5k,QSVC,full,0,L0,baseline_unoptimized,0.0003,6,16,13312,1,0.9506666666666667,0.9533624147064417,0.7503039616278425,221.93773163994774,1.3063310749130324,223.24406271486077
IoT_Original_Distribution,6q_5k,QSVC,full,0,L0,baseline_unoptimized,0.0003,6,17,14336,2,0.97,0.9710031326986831,0.8388239080675961,223.45817465195432,0.04445077199488878,223.5026254239492
IoT_Original_Distribution,6q_5k,QSVC,full,0,L0,baseline_unoptimized,0.0003,6,18,15360,0,0.946,0.9498488864324945,0.7427122477486998,220.81849057902582,0.977741579990834,221.79623215901665
IoT_Original_Distribution,6q_5k,QSVC,full,0,L0,baseline_unoptimized,0.0003,6,19,16384,1,0.9526666666666667,0.9549709715688568,0.7556867226603413,224.49274282797705,0.044901903020218015,224.53764473099727
IoT_Original_Distribution,6q_5k,QSVC,full,0,L0,baseline_unoptimized,0.0003,6,20,17408,2,0.9433333333333334,0.9472524432247766,0.7268157963603983,220.60991644102614,1.1209906020667404,221.73090704309288
IoT_Original_Distribution,6q_5k,QSVC,full,0,L0,baseline_unoptimized,0.0003,6,21,18432,0,0.968,0.9688533333333333,0.8241252662962564,224.80550658900756,0.7364142829319462,225.5419208719395
IoT_Original_Distribution,6q_5k,QSVC,full,0,L0,baseline_unoptimized,0.0003,6,22,19456,1,0.9526666666666667,0.9550850838186752,0.7577333966758897,217.91107748099603,1.487212399020791,219.39828988001682
IoT_Original_Distribution,6q_5k,QSVC,full,0,L0,baseline_unoptimized,0.0003,6,23,20480,2,0.9653333333333334,0.9669787394593371,0.8222709752788389,227.04196636308916,0.047422430012375116,227.08938879310153
IoT_Original_Distribution,6q_5k,QSVC,full,0,L0,baseline_unoptimized,0.0003,6,24,21504,0,0.9606666666666667,0.9628618468758638,0.8038376889694526,226.29761128802784,0.08996629202738404,226.38757758005522
IoT_Original_Distribution,6q_5k,QSVC,full,0,L0,baseline_unoptimized,0.0003,6,25,22528,1,0.9413333333333334,0.9456976559044671,0.7225738232500313,226.61166670999955,0.4011369430227205,227.01280365302227
IoT_Original_Distribution,6q_5k,QSVC,full,0,L0,baseline_unoptimized,0.0003,6,26,23552,2,0.9593333333333334,0.9606931354359924,0.7802590886814622,226.0858337819809,0.39643515401985496,226.48226893600076
IoT_Original_Distribution,6q_5k,QSVC,full,0,L0,baseline_unoptimized,0.0003,6,27,24576,0,0.956,0.9571733333333333,0.7573367904496745,224.7947411540663,1.005022038007155,225.79976319207344
IoT_Original_Distribution,6q_5k,QSVC,full,0,L0,baseline_unoptimized,0.0003,6,28,25600,1,0.954,0.9567779322274735,0.772956409598325,228.4842563610291,0.04718715697526932,228.53144351800438
IoT_Original_Distribution,6q_5k,QSVC,full,0,L0,baseline_unoptimized,0.0003,6,29,26624,2,0.9486666666666667,0.9514113998458067,0.7387012268746931,225.0666941109812,0.9560291210655123,226.0227232320467
IoT_Original_Distribution,6q_5k,QSVC,full,0,L0,baseline_unoptimized,0.0005,6,0,42,0,0.9473333333333334,0.9508628043116232,0.7449938624712318,225.3150722970022,0.045211515040136874,225.36028381204233
IoT_Original_Distribution,6q_5k,QSVC,full,0,L0,baseline_unoptimized,0.0005,6,1,123,1,0.9593333333333334,0.9616029264309779,0.7968412254300464,219.13093582703732,0.9008413410047069,220.03177716804203
IoT_Original_Distribution,6q_5k,QSVC,full,0,L0,baseline_unoptimized,0.0005,6,2,456,2,0.9593333333333334,0.9614111283512563,0.7930530351829883,219.44871583697386,2.0042665969813243,221.45298243395519
IoT_Original_Distribution,6q_5k,QSVC,full,0,L0,baseline_unoptimized,0.0005,6,3,789,0,0.9506666666666667,0.9539192572388504,0.7610065361418865,222.67934156698175,0.7411274820333347,223.42046904901508
IoT_Original_Distribution,6q_5k,QSVC,full,0,L0,baseline_unoptimized,0.0005,6,4,1024,1,0.9533333333333334,0.9558833652628502,0.7643301699472085,225.3146193540888,0.04780570208095014,225.36242505616974
IoT_Original_Distribution,6q_5k,QSVC,full,0,L0,baseline_unoptimized,0.0005,6,5,2048,2,0.9533333333333334,0.9554332680423616,0.7562137208034863,195.39712903799955,1.3954726919764653,196.792601729976
IoT_Original_Distribution,6q_5k,QSVC,full,0,L0,baseline_unoptimized,0.0005,6,6,3072,0,0.952,0.9542782546360052,0.7511094888851704,223.60982534999494,0.10206045105587691,223.7118858010508
IoT_Original_Distribution,6q_5k,QSVC,full,0,L0,baseline_unoptimized,0.0005,6,7,4096,1,0.9566666666666667,0.9584533630522828,0.7712348391774375,223.17872204002924,0.08679372700862586,223.26551576703787
IoT_Original_Distribution,6q_5k,QSVC,full,0,L0,baseline_unoptimized,0.0005,6,8,5120,2,0.9486666666666667,0.9518816922500936,0.747423687177894,223.24801956198644,0.364516734960489,223.61253629694693
IoT_Original_Distribution,6q_5k,QSVC,full,0,L0,baseline_unoptimized,0.0005,6,9,6144,0,0.96,0.9619956945675573,0.795655153293448,226.1086190090282,0.045419803936965764,226.15403881296515
IoT_Original_Distribution,6q_5k,QSVC,full,0,L0,baseline_unoptimized,0.0005,6,10,7168,1,0.9553333333333334,0.9570607093764544,0.7621035520981367,214.13518569106236,1.0931029830826446,215.228288674145
IoT_Original_Distribution,6q_5k,QSVC,full,0,L0,baseline_unoptimized,0.0005,6,11,8192,2,0.9566666666666667,0.9591850467289721,0.7848279265714736,220.15864113799762,0.7431307680672035,220.90177190606482
IoT_Original_Distribution,6q_5k,QSVC,full,0,L0,baseline_unoptimized,0.0005,6,12,9216,0,0.9626666666666667,0.9638652194283929,0.7977266593203619,203.6953470109729,1.3787161480868235,205.07406315905973
IoT_Original_Distribution,6q_5k,QSVC,full,0,L0,baseline_unoptimized,0.0005,6,13,10240,1,0.9666666666666667,0.96736866304174,0.8137564443489762,225.02412256703246,0.04765185201540589,225.07177441904787
IoT_Original_Distribution,6q_5k,QSVC,full,0,L0,baseline_unoptimized,0.0005,6,14,11264,2,0.9633333333333334,0.9645593844095015,0.8022208959512624,222.61849402997177,0.728011803003028,223.3465058329748
IoT_Original_Distribution,6q_5k,QSVC,full,0,L0,baseline_unoptimized,0.0005,6,15,12288,0,0.9433333333333334,0.9474904304390191,0.7315012789460575,211.60253655700944,1.2868665390415117,212.88940309605096
IoT_Original_Distribution,6q_5k,QSVC,full,0,L0,baseline_unoptimized,0.0005,6,16,13312,1,0.9506666666666667,0.9533624147064417,0.7503039616278425,224.5270587040577,0.7375460179755464,225.26460472203325
IoT_Original_Distribution,6q_5k,QSVC,full,0,L0,baseline_unoptimized,0.0005,6,17,14336,2,0.9713333333333334,0.9722151271856886,0.8447386398365784,226.4376368690282,0.047422479023225605,226.48505934805144
IoT_Original_Distribution,6q_5k,QSVC,full,0,L0,baseline_unoptimized,0.0005,6,18,15360,0,0.9453333333333334,0.9492869266778994,0.7404732531424497,223.44476187205873,0.7368414279771969,224.18160330003593
IoT_Original_Distribution,6q_5k,QSVC,full,0,L0,baseline_unoptimized,0.0005,6,19,16384,1,0.952,0.9543948334810689,0.7531680943254634,217.5346592090791,0.7714362110709772,218.3060954201501
IoT_Original_Distribution,6q_5k,QSVC,full,0,L0,baseline_unoptimized,0.0005,6,20,17408,2,0.9433333333333334,0.9472524432247766,0.7268157963603983,225.94608089106623,0.048527137958444655,225.99460802902468
IoT_Original_Distribution,6q_5k,QSVC,full,0,L0,baseline_unoptimized,0.0005,6,21,18432,0,0.9686666666666667,0.9694588081461221,0.8271205771613618,208.728870893945,1.1346360859461129,209.8635069798911
IoT_Original_Distribution,6q_5k,QSVC,full,0,L0,baseline_unoptimized,0.0005,6,22,19456,1,0.9526666666666667,0.9550850838186752,0.7577333966758897,226.88938033604063,0.04770524601917714,226.9370855820598
IoT_Original_Distribution,6q_5k,QSVC,full,0,L0,baseline_unoptimized,0.0005,6,23,20480,2,0.9653333333333334,0.9669787394593371,0.8222709752788389,222.20022503298242,1.108454788918607,223.30867982190102
IoT_Original_Distribution,6q_5k,QSVC,full,0,L0,baseline_unoptimized,0.0005,6,24,21504,0,0.9473333333333334,0.9508628043116232,0.7449938624712318,220.77174583007582,0.9997369409538805,221.7714827710297
IoT_Original_Distribution,6q_5k,QSVC,full,0,L0,baseline_unoptimized,0.0005,6,25,22528,1,0.9413333333333334,0.9456976559044671,0.7225738232500313,226.3319947560085,0.04801136604510248,226.3800061220536
IoT_Original_Distribution,6q_5k,QSVC,full,0,L0,baseline_unoptimized,0.0005,6,26,23552,2,0.9593333333333334,0.9606931354359924,0.7802590886814622,220.38450208096765,1.0250446930294856,221.40954677399714
IoT_Original_Distribution,6q_5k,QSVC,full,0,L0,baseline_unoptimized,0.0005,6,27,24576,0,0.956,0.9571733333333333,0.7573367904496745,226.27811613108497,0.19401864788960665,226.47213477897458
IoT_Original_Distribution,6q_5k,QSVC,full,0,L0,baseline_unoptimized,0.0005,6,28,25600,1,0.954,0.9567779322274735,0.772956409598325,225.91300872003194,0.19368229492101818,226.10669101495296
IoT_Original_Distribution,6q_5k,QSVC,full,0,L0,baseline_unoptimized,0.0005,6,29,26624,2,0.9653333333333334,0.9663527459634068,0.8108342045462816,225.8220714200288,0.19421889889054,226.01629031891935
IoT_Original_Distribution,6q_5k,QSVC,full,0,L0,baseline_unoptimized,0.001,6,0,42,0,0.9466666666666667,0.950298233240945,0.7427041951409588,217.3810987280449,1.7224862650036812,219.10358499304857
IoT_Original_Distribution,6q_5k,QSVC,full,0,L0,baseline_unoptimized,0.001,6,1,123,1,0.96,0.9622786912473011,0.8012865702142257,221.29590267606545,0.7687773950165138,222.06468007108197
IoT_Original_Distribution,6q_5k,QSVC,full,0,L0,baseline_unoptimized,0.001,6,2,456,2,0.9446666666666667,0.9490623434045687,0.745228427266977,224.79403780109715,0.04880717897322029,224.84284498007037
IoT_Original_Distribution,6q_5k,QSVC,full,0,L0,baseline_unoptimized,0.001,6,3,789,0,0.952,0.9550594484167518,0.7657328544075529,212.3890401580138,0.7216819259338081,213.11072208394762
IoT_Original_Distribution,6q_5k,QSVC,full,0,L0,baseline_unoptimized,0.001,6,4,1024,1,0.946,0.9492610508757298,0.731368310513082,224.1281552159926,0.07944636000320315,224.2076015759958
IoT_Original_Distribution,6q_5k,QSVC,full,0,L0,baseline_unoptimized,0.001,6,5,2048,2,0.9566666666666667,0.958342479245814,0.7693473315835193,223.8391723879613,0.0819329849909991,223.9211053729523
IoT_Original_Distribution,6q_5k,QSVC,full,0,L0,baseline_unoptimized,0.001,6,6,3072,0,0.956,0.9580884000830047,0.7724579348032709,225.52406730793882,0.3530906439991668,225.877157951938
IoT_Original_Distribution,6q_5k,QSVC,full,0,L0,baseline_unoptimized,0.001,6,7,4096,1,0.9553333333333334,0.9577216076580395,0.7738506952261726,195.32061156490818,1.0786382079822943,196.39924977289047
IoT_Original_Distribution,6q_5k,QSVC,full,0,L0,baseline_unoptimized,0.001,6,8,5120,2,0.9493333333333334,0.9524500511172777,0.7497840926896447,225.04609348694794,0.06847971701063216,225.11457320395857
IoT_Original_Distribution,6q_5k,QSVC,full,0,L0,baseline_unoptimized,0.001,6,9,6144,0,0.9493333333333334,0.9528912483912485,0.7585529977280968,219.0260577299632,1.6662571970373392,220.69231492700055
IoT_Original_Distribution,6q_5k,QSVC,full,0,L0,baseline_unoptimized,0.001,6,10,7168,1,0.9506666666666667,0.9527631639194141,0.7398378123090661,220.93294965405948,0.7387309919577092,221.6716806460172
IoT_Original_Distribution,6q_5k,QSVC,full,0,L0,baseline_unoptimized,0.001,6,11,8192,2,0.9546666666666667,0.9576555336789438,0.7815657603230876,223.8351131749805,0.047382037970237434,223.88249521295074
IoT_Original_Distribution,6q_5k,QSVC,full,0,L0,baseline_unoptimized,0.001,6,12,9216,0,0.9626666666666667,0.9638652194283929,0.7977266593203619,223.28128521889448,1.0021136360010132,224.2833988548955
IoT_Original_Distribution,6q_5k,QSVC,full,0,L0,baseline_unoptimized,0.001,6,13,10240,1,0.9586666666666667,0.9603182156133828,0.7811267847728178,222.90250128309708,1.0603065829491243,223.9628078660462
IoT_Original_Distribution,6q_5k,QSVC,full,0,L0,baseline_unoptimized,0.001,6,14,11264,2,0.9633333333333334,0.9645593844095015,0.8022208959512624,225.88143171102274,0.04881833307445049,225.9302500440972
IoT_Original_Distribution,6q_5k,QSVC,full,0,L0,baseline_unoptimized,0.001,6,15,12288,0,0.9446666666666667,0.9486105873320623,0.7359341918993468,224.37021326995455,0.3402927959105,224.71050606586505
IoT_Original_Distribution,6q_5k,QSVC,full,0,L0,baseline_unoptimized,0.001,6,16,13312,1,0.95,0.9526734414082532,0.7457311205449889,224.17387088795658,0.06725512107368559,224.24112600903027
IoT_Original_Distribution,6q_5k,QSVC,full,0,L0,baseline_unoptimized,0.001,6,17,14336,2,0.9533333333333334,0.9560986734333344,0.7684535585645808,201.38030883891042,1.7527502889279276,203.13305912783835
IoT_Original_Distribution,6q_5k,QSVC,full,0,L0,baseline_unoptimized,0.001,6,18,15360,0,0.9446666666666667,0.948725949722807,0.7382501928382417,220.8043614779599,1.1893026599427685,221.99366413790267
IoT_Original_Distribution,6q_5k,QSVC,full,0,L0,baseline_unoptimized,0.001,6,19,16384,1,0.952,0.9545097014925372,0.7552374027358045,222.8281064640032,0.731854063924402,223.55996052792761
IoT_Original_Distribution,6q_5k,QSVC,full,0,L0,baseline_unoptimized,0.001,6,20,17408,2,0.944,0.9479324324324323,0.7313817611299739,226.46192521497142,0.04943363892380148,226.51135885389522
IoT_Original_Distribution,6q_5k,QSVC,full,0,L0,baseline_unoptimized,0.001,6,21,18432,0,0.9693333333333334,0.9700658026120348,0.8301430382805061,219.03042291803285,1.1753167379647493,220.2057396559976
IoT_Original_Distribution,6q_5k,QSVC,full,0,L0,baseline_unoptimized,0.001,6,22,19456,1,0.9526666666666667,0.9550850838186752,0.7577333966758897,221.52155348903034,0.7386090129148215,222.26016250194516
IoT_Original_Distribution,6q_5k,QSVC,full,0,L0,baseline_unoptimized,0.001,6,23,20480,2,0.9546666666666667,0.9568183516006715,0.765341786163904,227.2199067560723,0.04790067207068205,227.267807428143
IoT_Original_Distribution,6q_5k,QSVC,full,0,L0,baseline_unoptimized,0.001,6,24,21504,0,0.944,0.9478131449029923,0.7290588186846403,215.64770217298064,0.9575153709156439,216.6052175438963
IoT_Original_Distribution,6q_5k,QSVC,full,0,L0,baseline_unoptimized,0.001,6,25,22528,1,0.9413333333333334,0.9456976559044671,0.7225738232500313,222.5285005919868,0.048170136054977775,222.5766707280418
IoT_Original_Distribution,6q_5k,QSVC,full,0,L0,baseline_unoptimized,0.001,6,26,23552,2,0.9493333333333334,0.9521019394282375,0.7432908574681596,202.671045892057,1.0956728829769418,203.76671877503395
IoT_Original_Distribution,6q_5k,QSVC,full,0,L0,baseline_unoptimized,0.001,6,27,24576,0,0.9566666666666667,0.9577621814786794,0.7601460459556517,218.88847459095996,1.4836554270004854,220.37213001796044
IoT_Original_Distribution,6q_5k,QSVC,full,0,L0,baseline_unoptimized,0.001,6,28,25600,1,0.9533333333333334,0.9562039944501242,0.7705303644616922,223.68804753106087,0.04699842003174126,223.73504595109262
IoT_Original_Distribution,6q_5k,QSVC,full,0,L0,baseline_unoptimized,0.001,6,29,26624,2,0.9566666666666667,0.9587762415771225,0.7769824708378139,220.34493032097816,0.7504535699263215,221.0953838909045
IoT_Original_Distribution,6q_5k,QSVC,full,0,L0,baseline_unoptimized,0.002,6,0,42,0,0.946,0.9496188246739429,0.7381560452446436,222.3784377699485,0.9220341129694134,223.30047188291792
IoT_Original_Distribution,6q_5k,QSVC,full,0,L0,baseline_unoptimized,0.002,6,1,123,1,0.9586666666666667,0.9613918101190371,0.8021249845042887,222.52822336601093,1.0150270209414884,223.54325038695242
IoT_Original_Distribution,6q_5k,QSVC,full,0,L0,baseline_unoptimized,0.002,6,2,456,2,0.954,0.9567779322274735,0.772956409598325,225.55040099204052,0.047945637023076415,225.5983466290636
IoT_Original_Distribution,6q_5k,QSVC,full,0,L0,baseline_unoptimized,0.002,6,3,789,0,0.9506666666666667,0.9539192572388504,0.7610065361418865,220.3394970849622,0.7310864470200613,221.07058353198227
IoT_Original_Distribution,6q_5k,QSVC,full,0,L0,baseline_unoptimized,0.002,6,4,1024,1,0.9506666666666667,0.9538110997616617,0.7588488724019831,225.86496211308986,0.04733711504377425,225.91229922813363
IoT_Original_Distribution,6q_5k,QSVC,full,0,L0,baseline_unoptimized,0.002,6,5,2048,2,0.9526666666666667,0.954855156513257,0.753651251609038,213.58476730401162,0.7313941488973796,214.316161452909
IoT_Original_Distribution,6q_5k,QSVC,full,0,L0,baseline_unoptimized,0.002,6,6,3072,0,0.9506666666666667,0.9531280232999874,0.7460869178307993,226.80586411303375,0.09145365399308503,226.89731776702683
IoT_Original_Distribution,6q_5k,QSVC,full,0,L0,baseline_unoptimized,0.002,6,7,4096,1,0.9593333333333334,0.9610100791721422,0.7856477496460871,226.6453320629662,0.3856435540365055,227.0309756170027
IoT_Original_Distribution,6q_5k,QSVC,full,0,L0,baseline_unoptimized,0.002,6,8,5120,2,0.9506666666666667,0.9535900262009535,0.7545587288283078,226.185863686027,0.4039077260531485,226.58977141208015
IoT_Original_Distribution,6q_5k,QSVC,full,0,L0,baseline_unoptimized,0.002,6,9,6144,0,0.9586666666666667,0.9609252663756674,0.7923825865859404,206.11640772700775,0.7704157289117575,206.8868234559195
IoT_Original_Distribution,6q_5k,QSVC,full,0,L0,baseline_unoptimized,0.002,6,10,7168,1,0.9553333333333334,0.9570607093764544,0.7621035520981367,227.07567226095125,0.04762324097100645,227.12329550192226
IoT_Original_Distribution,6q_5k,QSVC,full,0,L0,baseline_unoptimized,0.002,6,11,8192,2,0.9506666666666667,0.9535900262009535,0.7545587288283078,224.7440888179699,0.7276408550096676,225.47172967297956
IoT_Original_Distribution,6q_5k,QSVC,full,0,L0,baseline_unoptimized,0.002,6,12,9216,0,0.9633333333333334,0.964461209190997,0.8005777657643354,227.21756195800845,0.04439096199348569,227.26195292000193
IoT_Original_Distribution,6q_5k,QSVC,full,0,L0,baseline_unoptimized,0.002,6,13,10240,1,0.9653333333333334,0.9661613420831697,0.8077555487096469,220.9540998849552,1.476451972965151,222.43055185792036
IoT_Original_Distribution,6q_5k,QSVC,full,0,L0,baseline_unoptimized,0.002,6,14,11264,2,0.9566666666666667,0.9586702137093198,0.7750528811840931,223.70418933406472,0.7182986009865999,224.42248793505132
IoT_Original_Distribution,6q_5k,QSVC,full,0,L0,baseline_unoptimized,0.002,6,15,12288,0,0.948,0.9515407774099214,0.749526883369118,222.82971936790273,0.06664937501773238,222.89636874292046
IoT_Original_Distribution,6q_5k,QSVC,full,0,L0,baseline_unoptimized,0.002,6,16,13312,1,0.9513333333333334,0.953819874912159,0.75066946897447,216.78180152806453,0.7271123299142346,217.50891385797877
IoT_Original_Distribution,6q_5k,QSVC,full,0,L0,baseline_unoptimized,0.002,6,17,14336,2,0.966,0.967401869471791,0.8216800258177109,222.31600103306118,0.3410520200850442,222.65705305314623
IoT_Original_Distribution,6q_5k,QSVC,full,0,L0,baseline_unoptimized,0.002,6,18,15360,0,0.946,0.949961469006595,0.7449991067304259,226.21389861998614,0.3960910759633407,226.60998969594948
IoT_Original_Distribution,6q_5k,QSVC,full,0,L0,baseline_unoptimized,0.002,6,19,16384,1,0.9513333333333334,0.9540494037616619,0.7548624441936095,225.89112612803,0.39045372302643955,226.28157985105645
IoT_Original_Distribution,6q_5k,QSVC,full,0,L0,baseline_unoptimized,0.002,6,20,17408,2,0.9446666666666667,0.9484935622077233,0.7336234824377313,225.51298947795294,0.09492351696826518,225.6079129949212
IoT_Original_Distribution,6q_5k,QSVC,full,0,L0,baseline_unoptimized,0.002,6,21,18432,0,0.9633333333333334,0.9646560814562063,0.8038839417436789,224.35903857299127,1.7911312790820375,226.1501698520733
IoT_Original_Distribution,6q_5k,QSVC,full,0,L0,baseline_unoptimized,0.002,6,22,19456,1,0.9526666666666667,0.9550850838186752,0.7577333966758897,226.96552508103196,0.044276355067268014,227.00980143609922
IoT_Original_Distribution,6q_5k,QSVC,full,0,L0,baseline_unoptimized,0.002,6,23,20480,2,0.9666666666666667,0.9681666200302582,0.8277314079929059,223.31596765702125,0.8957037259824574,224.2116713830037
IoT_Original_Distribution,6q_5k,QSVC,full,0,L0,baseline_unoptimized,0.002,6,24,21504,0,0.9586666666666667,0.9611159678980964,0.7962432180371268,226.33292597800028,0.39786836807616055,226.73079434607644
IoT_Original_Distribution,6q_5k,QSVC,full,0,L0,baseline_unoptimized,0.002,6,25,22528,1,0.9393333333333334,0.9440314917084637,0.7161292691580746,226.00940849201288,0.39225204999092966,226.4016605420038
IoT_Original_Distribution,6q_5k,QSVC,full,0,L0,baseline_unoptimized,0.002,6,26,23552,2,0.9486666666666667,0.9515315628718899,0.7408695171147972,225.6470250240527,0.09237937594298273,225.7394043999957
IoT_Original_Distribution,6q_5k,QSVC,full,0,L0,baseline_unoptimized,0.002,6,27,24576,0,0.9586666666666667,0.9596539078683947,0.7704430660915482,222.4997553479625,1.677715081954375,224.17747042991687
IoT_Original_Distribution,6q_5k,QSVC,full,0,L0,baseline_unoptimized,0.002,6,28,25600,1,0.9533333333333334,0.956307797071842,0.7726168364131227,227.27674094901886,0.04399822698906064,227.32073917600792
IoT_Original_Distribution,6q_5k,QSVC,full,0,L0,baseline_unoptimized,0.002,6,29,26624,2,0.948,0.950841464150033,0.7362777533084766,221.21965725591872,0.9970831050304696,222.2167403609492
IoT_Original_Distribution,6q_5k,QSVC,full,0,L0,baseline_unoptimized,0.005,6,0,42,0,0.9413333333333334,0.9452012788786329,0.7130350130524172,216.68482108402532,0.7326820360030979,217.4175031200284
IoT_Original_Distribution,6q_5k,QSVC,full,0,L0,baseline_unoptimized,0.005,6,1,123,1,0.9633333333333334,0.9652067550708048,0.8142448182872474,225.50099782797042,0.049756214022636414,225.55075404199306
IoT_Original_Distribution,6q_5k,QSVC,full,0,L0,baseline_unoptimized,0.005,6,2,456,2,0.9406666666666667,0.9458378730103352,0.7349253614681347,222.410993847996,0.7335762210423127,223.1445700690383
IoT_Original_Distribution,6q_5k,QSVC,full,0,L0,baseline_unoptimized,0.005,6,3,789,0,0.954,0.9566733572969086,0.7709006848307817,219.27738230698742,1.3530908660031855,220.6304731729906
IoT_Original_Distribution,6q_5k,QSVC,full,0,L0,baseline_unoptimized,0.005,6,4,1024,1,0.9473333333333334,0.9505138644343538,0.7382996603606226,227.99244370905217,0.04918625997379422,228.04162996902596
IoT_Original_Distribution,6q_5k,QSVC,full,0,L0,baseline_unoptimized,0.005,6,5,2048,2,0.946,0.9492610508757298,0.731368310513082,225.87320604291745,0.7488315199734643,226.6220375628909
IoT_Original_Distribution,6q_5k,QSVC,full,0,L0,baseline_unoptimized,0.005,6,6,3072,0,0.9506666666666667,0.9533624147064417,0.7503039616278425,226.12263708002865,0.103682701010257,226.2263197810389
IoT_Original_Distribution,6q_5k,QSVC,full,0,L0,baseline_unoptimized,0.005,6,7,4096,1,0.9533333333333334,0.9554332680423616,0.7562137208034863,225.81515787600074,0.09934460604563355,225.91450248204637
IoT_Original_Distribution,6q_5k,QSVC,full,0,L0,baseline_unoptimized,0.005,6,8,5120,2,0.9533333333333334,0.9558833652628502,0.7643301699472085,224.58180731895845,0.8015983559889719,225.38340567494743
IoT_Original_Distribution,6q_5k,QSVC,full,0,L0,baseline_unoptimized,0.005,6,9,6144,0,0.9486666666666667,0.9523254846333591,0.7562683594474058,225.52672647498548,0.845945936976932,226.3726724119624
IoT_Original_Distribution,6q_5k,QSVC,full,0,L0,baseline_unoptimized,0.005,6,10,7168,1,0.942,0.9451011920335738,0.7035517585232136,226.44136459298898,0.35797007102519274,226.79933466401417
IoT_Original_Distribution,6q_5k,QSVC,full,0,L0,baseline_unoptimized,0.005,6,11,8192,2,0.9486666666666667,0.9524325075741703,0.7584969345147942,226.20507402601652,0.09056241798680276,226.29563644400332
IoT_Original_Distribution,6q_5k,QSVC,full,0,L0,baseline_unoptimized,0.005,6,12,9216,0,0.9526666666666667,0.9549709715688568,0.7556867226603413,227.17983683897182,0.07964475196786225,227.25948159093969
IoT_Original_Distribution,6q_5k,QSVC,full,0,L0,baseline_unoptimized,0.005,6,13,10240,1,0.9513333333333334,0.9540494037616619,0.7548624441936095,221.5848158969311,1.166816572076641,222.75163246900775
IoT_Original_Distribution,6q_5k,QSVC,full,0,L0,baseline_unoptimized,0.005,6,14,11264,2,0.96,0.9615982731742415,0.7883518137678861,227.05929825699423,0.08135838690213859,227.14065664389636
IoT_Original_Distribution,6q_5k,QSVC,full,0,L0,baseline_unoptimized,0.005,6,15,12288,0,0.9426666666666667,0.9465706007340159,0.722236130456481,223.02031621499918,0.7261071840766817,223.74642339907587
IoT_Original_Distribution,6q_5k,QSVC,full,0,L0,baseline_unoptimized,0.005,6,16,13312,1,0.9493333333333334,0.9519824626865672,0.7411437344443195,227.1323916169349,0.04853118699975312,227.18092280393466
IoT_Original_Distribution,6q_5k,QSVC,full,0,L0,baseline_unoptimized,0.005,6,17,14336,2,0.9546666666666667,0.9572491834136079,0.773366691114791,220.53873872896656,1.1111274879658595,221.64986621693242
IoT_Original_Distribution,6q_5k,QSVC,full,0,L0,baseline_unoptimized,0.005,6,18,15360,0,0.9446666666666667,0.9488396780038799,0.7405713297428941,217.25253927404992,1.3511551360134035,218.60369441006333
IoT_Original_Distribution,6q_5k,QSVC,full,0,L0,baseline_unoptimized,0.005,6,19,16384,1,0.9466666666666667,0.9505238309052676,0.7472366777523624,223.5747238509357,0.7342492350144312,224.30897308595013
IoT_Original_Distribution,6q_5k,QSVC,full,0,L0,baseline_unoptimized,0.005,6,20,17408,2,0.9433333333333334,0.94737228823163,0.729156136049994,226.04696668998804,0.049542747903615236,226.09650943789165
IoT_Original_Distribution,6q_5k,QSVC,full,0,L0,baseline_unoptimized,0.005,6,21,18432,0,0.9506666666666667,0.9535900262009535,0.7545587288283078,226.10289758595172,0.04581197805237025,226.1487095640041
IoT_Original_Distribution,6q_5k,QSVC,full,0,L0,baseline_unoptimized,0.005,6,22,19456,1,0.95,0.9527904833167758,0.7478659806542033,207.5890521039255,1.2287332790438086,208.8177853829693
IoT_Original_Distribution,6q_5k,QSVC,full,0,L0,baseline_unoptimized,0.005,6,23,20480,2,0.9506666666666667,0.9533624147064417,0.7503039616278425,220.81846264610067,1.2613194839796051,222.07978213008028
IoT_Original_Distribution,6q_5k,QSVC,full,0,L0,baseline_unoptimized,0.005,6,24,21504,0,0.96,0.9621857416538717,0.7993956907456233,222.40021952590905,1.2367174080573022,223.63693693396635
IoT_Original_Distribution,6q_5k,QSVC,full,0,L0,baseline_unoptimized,0.005,6,25,22528,1,0.9433333333333334,0.9480566018770017,0.743294271125954,222.07029393897392,0.9032629879657179,222.97355692693964
IoT_Original_Distribution,6q_5k,QSVC,full,0,L0,baseline_unoptimized,0.005,6,26,23552,2,0.9413333333333334,0.9459354160829365,0.7273670532447268,225.0149652219843,0.045774937025271356,225.06074015900958
IoT_Original_Distribution,6q_5k,QSVC,full,0,L0,baseline_unoptimized,0.005,6,27,24576,0,0.9586666666666667,0.9595371421717576,0.7687270367487378,218.64640150091145,0.7323464109795168,219.37874791189097
IoT_Original_Distribution,6q_5k,QSVC,full,0,L0,baseline_unoptimized,0.005,6,28,25600,1,0.948,0.9507188432835819,0.734096900298577,227.27221916499548,0.04850110597908497,227.32072027097456
IoT_Original_Distribution,6q_5k,QSVC,full,0,L0,baseline_unoptimized,0.005,6,29,26624,2,0.9546666666666667,0.9569284538432317,0.7673304473147916,224.0825460109627,0.7748058509314433,224.85735186189413
IoT_Original_Distribution,6q_5k,QSVC,full,0,L0,baseline_unoptimized,0.008,6,0,42,0,0.92,0.9271950908565505,0.6375226612142042,222.3829745539697,1.0338538370560855,223.41682839102577
IoT_Original_Distribution,6q_5k,QSVC,full,0,L0,baseline_unoptimized,0.008,6,1,123,1,0.9293333333333333,0.9347345715681228,0.6646137440234319,227.93148315907456,0.08573984808754176,228.0172230071621
IoT_Original_Distribution,6q_5k,QSVC,full,0,L0,baseline_unoptimized,0.008,6,2,456,2,0.922,0.9296400301525823,0.6598172528013454,227.51593663101085,0.08802109304815531,227.603957724059
IoT_Original_Distribution,6q_5k,QSVC,full,0,L0,baseline_unoptimized,0.008,6,3,789,0,0.918,0.926172327542582,0.6434339297598293,225.64973149599973,0.9979211669415236,226.64765266294125
IoT_Original_Distribution,6q_5k,QSVC,full,0,L0,baseline_unoptimized,0.008,6,4,1024,1,0.9166666666666666,0.9229513222949998,0.5994461217156638,227.94762951799203,0.08270193194039166,228.03033144993242
IoT_Original_Distribution,6q_5k,QSVC,full,0,L0,baseline_unoptimized,0.008,6,5,2048,2,0.9386666666666666,0.9427104279185708,0.6993288635982832,227.86473506700713,0.08822298294398934,227.95295804995112
IoT_Original_Distribution,6q_5k,QSVC,full,0,L0,baseline_unoptimized,0.008,6,6,3072,0,0.93,0.9345387061245881,0.6534655141268237,220.48259182006586,1.238923252094537,221.7215150721604
IoT_Original_Distribution,6q_5k,QSVC,full,0,L0,baseline_unoptimized,0.008,6,7,4096,1,0.926,0.9311178964464731,0.638315877355067,223.0245589860715,0.7821308929705992,223.8066898790421
IoT_Original_Distribution,6q_5k,QSVC,full,0,L0,baseline_unoptimized,0.008,6,8,5120,2,0.9293333333333333,0.9345903582485625,0.6619631235906814,225.84738196595572,0.05293521308340132,225.90031717903912
IoT_Original_Distribution,6q_5k,QSVC,full,0,L0,baseline_unoptimized,0.008,6,9,6144,0,0.912,0.9222350136562415,0.645408448236703,219.41553076403216,1.0315935289254412,220.4471242929576
IoT_Original_Distribution,6q_5k,QSVC,full,0,L0,baseline_unoptimized,0.008,6,10,7168,1,0.9193333333333333,0.9250829044238497,0.6071511307616406,225.12532006704714,0.05217586399521679,225.17749593104236
IoT_Original_Distribution,6q_5k,QSVC,full,0,L0,baseline_unoptimized,0.008,6,11,8192,2,0.914,0.9225709776666103,0.624275747723231,219.0096931910375,1.1157084580045193,220.12540164904203
IoT_Original_Distribution,6q_5k,QSVC,full,0,L0,baseline_unoptimized,0.008,6,12,9216,0,0.9353333333333333,0.9381626456099716,0.6584196086180485,224.43212164798751,1.1983287609182298,225.63045040890574
IoT_Original_Distribution,6q_5k,QSVC,full,0,L0,baseline_unoptimized,0.008,6,13,10240,1,0.9333333333333333,0.9382927908005307,0.682166690143798,227.29233071696945,0.049035078031010926,227.34136579500046
IoT_Original_Distribution,6q_5k,QSVC,full,0,L0,baseline_unoptimized,0.008,6,14,11264,2,0.9286666666666666,0.9334470893840973,0.6492644212989976,223.71078512701206,0.9955159600358456,224.7063010870479
IoT_Original_Distribution,6q_5k,QSVC,full,0,L0,baseline_unoptimized,0.008,6,15,12288,0,0.9146666666666666,0.922650505050505,0.61728746076607,227.83332576905377,0.344406993011944,228.17773276206572
IoT_Original_Distribution,6q_5k,QSVC,full,0,L0,baseline_unoptimized,0.008,6,16,13312,1,0.926,0.931274399926011,0.6410414100084054,227.6262075199047,0.07385715399868786,227.7000646739034
IoT_Original_Distribution,6q_5k,QSVC,full,0,L0,baseline_unoptimized,0.008,6,17,14336,2,0.926,0.9327231659973865,0.6682148380139621,221.43797060404904,1.0772957709850743,222.51526637503412
IoT_Original_Distribution,6q_5k,QSVC,full,0,L0,baseline_unoptimized,0.008,6,18,15360,0,0.9093333333333333,0.9191867591684524,0.6183154111783368,226.63690508599393,0.04933996603358537,226.68624505202752
IoT_Original_Distribution,6q_5k,QSVC,full,0,L0,baseline_unoptimized,0.008,6,19,16384,1,0.9106666666666666,0.9203751891806812,0.624578608957741,223.6710681640543,1.0896557569503784,224.76072392100468
IoT_Original_Distribution,6q_5k,QSVC,full,0,L0,baseline_unoptimized,0.008,6,20,17408,2,0.908,0.9179983291562239,0.6120522133989327,223.24169151601382,0.9957467280328274,224.23743824404664
IoT_Original_Distribution,6q_5k,QSVC,full,0,L0,baseline_unoptimized,0.008,6,21,18432,0,0.9206666666666666,0.9269689019896832,0.6252710684638079,215.05754059599712,0.7759157069958746,215.833456302993
IoT_Original_Distribution,6q_5k,QSVC,full,0,L0,baseline_unoptimized,0.008,6,22,19456,1,0.93,0.9349892972273076,0.6613755775564644,220.9150290719699,0.70940683898516,221.62443591095507
IoT_Original_Distribution,6q_5k,QSVC,full,0,L0,baseline_unoptimized,0.008,6,23,20480,2,0.9226666666666666,0.929621921161332,0.6505612676405097,226.38669060205575,0.05269179597962648,226.43938239803538
IoT_Original_Distribution,6q_5k,QSVC,full,0,L0,baseline_unoptimized,0.008,6,24,21504,0,0.908,0.9177039314791208,0.6060661878438066,221.02467695099767,1.3286353470757604,222.35331229807343
IoT_Original_Distribution,6q_5k,QSVC,full,0,L0,baseline_unoptimized,0.008,6,25,22528,1,0.906,0.9168633042301908,0.6161930466132476,225.07475910999347,0.05160779901780188,225.12636690901127
IoT_Original_Distribution,6q_5k,QSVC,full,0,L0,baseline_unoptimized,0.008,6,26,23552,2,0.9353333333333333,0.9379996340934067,0.6559315554282411,206.70744051900692,1.2373960519907996,207.94483657099772
IoT_Original_Distribution,6q_5k,QSVC,full,0,L0,baseline_unoptimized,0.008,6,27,24576,0,0.9293333333333333,0.9335208483419064,0.6434000909381233,211.37501175398938,1.6755305610131472,213.05054231500253
IoT_Original_Distribution,6q_5k,QSVC,full,0,L0,baseline_unoptimized,0.008,6,28,25600,1,0.922,0.9278824376681198,0.6263271137208506,225.09366728598252,0.07891143893357366,225.1725787249161
IoT_Original_Distribution,6q_5k,QSVC,full,0,L0,baseline_unoptimized,0.008,6,29,26624,2,0.9026666666666666,0.9101061080089238,0.5304919463475228,225.390954318922,0.35445153806358576,225.7454058569856
IoT_Original_Distribution,6q_5k,QSVC,full,0,L0,baseline_unoptimized,0.01,6,0,42,0,0.7806666666666666,0.8240119185820446,0.44565971321688885,228.48263890203089,0.07767145498655736,228.56031035701744
IoT_Original_Distribution,6q_5k,QSVC,full,0,L0,baseline_unoptimized,0.01,6,1,123,1,0.8013333333333333,0.839749967511371,0.48366262038134084,227.91465000400785,0.35270427097566426,228.26735427498352
IoT_Original_Distribution,6q_5k,QSVC,full,0,L0,baseline_unoptimized,0.01,6,2,456,2,0.8733333333333333,0.8910528243290754,0.5278278356829517,220.28395263303537,1.467786687077023,221.7517393201124
IoT_Original_Distribution,6q_5k,QSVC,full,0,L0,baseline_unoptimized,0.01,6,3,789,0,0.736,0.7904606751649478,0.4172721549281851,221.68191226001363,1.0031212560134009,222.68503351602703
IoT_Original_Distribution,6q_5k,QSVC,full,0,L0,baseline_unoptimized,0.01,6,4,1024,1,0.7193333333333334,0.7772141212320585,0.3557197534798591,224.2659401249839,0.3422626239480451,224.60820274893194
IoT_Original_Distribution,6q_5k,QSVC,full,0,L0,baseline_unoptimized,0.01,6,5,2048,2,0.852,0.8762264267324609,0.5171917139029352,223.9603197129909,0.08629991998896003,224.04661963297985
IoT_Original_Distribution,6q_5k,QSVC,full,0,L0,baseline_unoptimized,0.01,6,6,3072,0,0.7713333333333333,0.8168861242390467,0.42838056628158633,218.91944325203076,1.0455193360103294,219.9649625880411
IoT_Original_Distribution,6q_5k,QSVC,full,0,L0,baseline_unoptimized,0.01,6,7,4096,1,0.804,0.841125959079284,0.4628520402647607,218.52243492600974,0.9740078080212697,219.496442734031
IoT_Original_Distribution,6q_5k,QSVC,full,0,L0,baseline_unoptimized,0.01,6,8,5120,2,0.8226666666666667,0.8549496479177199,0.48721383221011266,221.5237215659581,0.055126413935795426,221.5788479798939
IoT_Original_Distribution,6q_5k,QSVC,full,0,L0,baseline_unoptimized,0.01,6,9,6144,0,0.724,0.7811247839805272,0.39555365257477015,224.9128949450096,0.05186846200376749,224.96476340701338
IoT_Original_Distribution,6q_5k,QSVC,full,0,L0,baseline_unoptimized,0.01,6,10,7168,1,0.7626666666666667,0.8096859596422071,0.3837904516124719,222.3042777229566,0.7793722749920562,223.08364999794867
IoT_Original_Distribution,6q_5k,QSVC,full,0,L0,baseline_unoptimized,0.01,6,11,8192,2,0.7613333333333333,0.8099346974961446,0.4527319687801808,209.4494864740409,1.2779328890610486,210.72741936310194
IoT_Original_Distribution,6q_5k,QSVC,full,0,L0,baseline_unoptimized,0.01,6,12,9216,0,0.7846666666666666,0.8263498805660441,0.4222291612386361,222.52868010802194,1.0397853299509734,223.56846543797292
IoT_Original_Distribution,6q_5k,QSVC,full,0,L0,baseline_unoptimized,0.01,6,13,10240,1,0.7713333333333333,0.8169546196449214,0.4318819235750191,222.37665078404825,1.0592545410618186,223.43590532511007
IoT_Original_Distribution,6q_5k,QSVC,full,0,L0,baseline_unoptimized,0.01,6,14,11264,2,0.8253333333333334,0.857622242270155,0.5146256682930099,228.17650826496538,0.055020431987941265,228.23152869695332
IoT_Original_Distribution,6q_5k,QSVC,full,0,L0,baseline_unoptimized,0.01,6,15,12288,0,0.78,0.823725,0.45534266001487045,226.6402344229864,0.3636001779232174,227.0038346009096
IoT_Original_Distribution,6q_5k,QSVC,full,0,L0,baseline_unoptimized,0.01,6,16,13312,1,0.9286666666666666,0.9306669702941536,0.6065429142467478,226.1865639250027,0.07740965206176043,226.26397357706446
IoT_Original_Distribution,6q_5k,QSVC,full,0,L0,baseline_unoptimized,0.01,6,17,14336,2,0.7553333333333333,0.8052783627868676,0.43964089733731093,214.10904609202407,0.8254678399534896,214.93451393197756
IoT_Original_Distribution,6q_5k,QSVC,full,0,L0,baseline_unoptimized,0.01,6,18,15360,0,0.7473333333333333,0.7990961621083978,0.42466646802798275,225.74887017905712,0.05182518798392266,225.80069536704104
IoT_Original_Distribution,6q_5k,QSVC,full,0,L0,baseline_unoptimized,0.01,6,19,16384,1,0.9073333333333333,0.917330737780762,0.607420676982822,222.5336355130421,0.7948808539658785,223.32851636700798
IoT_Original_Distribution,6q_5k,QSVC,full,0,L0,baseline_unoptimized,0.01,6,20,17408,2,0.7713333333333333,0.8168861242390467,0.42838056628158633,216.44676266191527,0.7236885050078854,217.17045116692316
IoT_Original_Distribution,6q_5k,QSVC,full,0,L0,baseline_unoptimized,0.01,6,21,18432,0,0.8573333333333333,0.8801938703361254,0.5259543307503116,224.08698416594416,0.3536943360231817,224.44067850196734
IoT_Original_Distribution,6q_5k,QSVC,full,0,L0,baseline_unoptimized,0.01,6,22,19456,1,0.8866666666666667,0.901412037037037,0.5608021212563822,220.24143044895027,2.283499894896522,222.5249303438468
IoT_Original_Distribution,6q_5k,QSVC,full,0,L0,baseline_unoptimized,0.01,6,23,20480,2,0.9073333333333333,0.9143218703920398,0.5524043857065871,224.27337423304562,0.07898954197298735,224.3523637750186
IoT_Original_Distribution,6q_5k,QSVC,full,0,L0,baseline_unoptimized,0.01,6,24,21504,0,0.7506666666666667,0.8016805870496347,0.4314684462183443,224.12302524293773,0.7379158729454502,224.86094111588318
IoT_Original_Distribution,6q_5k,QSVC,full,0,L0,baseline_unoptimized,0.01,6,25,22528,1,0.822,0.854558485533707,0.4897218374477899,226.62795388803352,0.05322688794694841,226.68118077598047
IoT_Original_Distribution,6q_5k,QSVC,full,0,L0,baseline_unoptimized,0.01,6,26,23552,2,0.766,0.8123208721326368,0.39444169058692496,215.5606466269819,1.8735932019772008,217.4342398289591
IoT_Original_Distribution,6q_5k,QSVC,full,0,L0,baseline_unoptimized,0.01,6,27,24576,0,0.8206666666666667,0.8531549948550551,0.4742012725747983,224.518985087052,0.07635019498411566,224.5953352820361
IoT_Original_Distribution,6q_5k,QSVC,full,0,L0,baseline_unoptimized,0.01,6,28,25600,1,0.9086666666666666,0.918806577012925,0.6196439255113455,224.2488854950061,0.35788304393645376,224.60676853894256
IoT_Original_Distribution,6q_5k,QSVC,full,0,L0,baseline_unoptimized,0.01,6,29,26624,2,0.7333333333333333,0.788075418296845,0.38292061635981484,224.03013726102654,0.6475931409513578,224.6777304019779
IoT_Original_Distribution,6q_5k,QSVC,full,0,L0,baseline_unoptimized,0.02,6,0,42,0,0.906,0.8613179433368311,0.0,216.3470181960147,1.2980783079983667,217.64509650401305
IoT_Original_Distribution,6q_5k,QSVC,full,0,L0,baseline_unoptimized,0.02,6,1,123,1,0.906,0.8613179433368311,0.0,226.03601716295816,0.05239329591859132,226.08841045887675
IoT_Original_Distribution,6q_5k,QSVC,full,0,L0,baseline_unoptimized,0.02,6,2,456,2,0.906,0.8613179433368311,0.0,218.28432929492556,1.665370422997512,219.94969971792307
IoT_Original_Distribution,6q_5k,QSVC,full,0,L0,baseline_unoptimized,0.02,6,3,789,0,0.906,0.8613179433368311,0.0,223.99329180899076,0.7337826279690489,224.7270744369598
IoT_Original_Distribution,6q_5k,QSVC,full,0,L0,baseline_unoptimized,0.02,6,4,1024,1,0.906,0.8613179433368311,0.0,217.03653825703077,1.1846493859775364,218.2211876430083
IoT_Original_Distribution,6q_5k,QSVC,full,0,L0,baseline_unoptimized,0.02,6,5,2048,2,0.906,0.8613179433368311,0.0,226.67775685701054,0.05573897797148675,226.73349583498202
IoT_Original_Distribution,6q_5k,QSVC,full,0,L0,baseline_unoptimized,0.02,6,6,3072,0,0.906,0.8613179433368311,0.0,227.70129445998464,0.34893677895888686,228.05023123894352
IoT_Original_Distribution,6q_5k,QSVC,full,0,L0,baseline_unoptimized,0.02,6,7,4096,1,0.906,0.8613179433368311,0.0,227.17741510702763,0.08027351798955351,227.25768862501718
IoT_Original_Distribution,6q_5k,QSVC,full,0,L0,baseline_unoptimized,0.02,6,8,5120,2,0.906,0.8613179433368311,0.0,222.58874807402026,1.8007433750899509,224.3894914491102
IoT_Original_Distribution,6q_5k,QSVC,full,0,L0,baseline_unoptimized,0.02,6,9,6144,0,0.906,0.8613179433368311,0.0,226.04787305602804,0.4156746710650623,226.4635477270931
IoT_Original_Distribution,6q_5k,QSVC,full,0,L0,baseline_unoptimized,0.02,6,10,7168,1,0.906,0.8613179433368311,0.0,225.7742100780597,0.4110487049911171,226.1852587830508
IoT_Original_Distribution,6q_5k,QSVC,full,0,L0,baseline_unoptimized,0.02,6,11,8192,2,0.906,0.8613179433368311,0.0,225.57167496799957,0.1059407499851659,225.67761571798474
IoT_Original_Distribution,6q_5k,QSVC,full,0,L0,baseline_unoptimized,0.02,6,12,9216,0,0.906,0.8613179433368311,0.0,224.93278560694307,0.3904926219256595,225.32327822886873
IoT_Original_Distribution,6q_5k,QSVC,full,0,L0,baseline_unoptimized,0.02,6,13,10240,1,0.906,0.8613179433368311,0.0,225.5114725730382,0.39168829401023686,225.90316086704843
IoT_Original_Distribution,6q_5k,QSVC,full,0,L0,baseline_unoptimized,0.02,6,14,11264,2,0.906,0.8613179433368311,0.0,225.19991613004822,0.10054920602124184,225.30046533606946
IoT_Original_Distribution,6q_5k,QSVC,full,0,L0,baseline_unoptimized,0.02,6,15,12288,0,0.906,0.8613179433368311,0.0,226.54032215604093,0.6632545150350779,227.203576671076
IoT_Original_Distribution,6q_5k,QSVC,full,0,L0,baseline_unoptimized,0.02,6,16,13312,1,0.906,0.8613179433368311,0.0,226.20220273197629,0.07048384204972535,226.272686574026
IoT_Original_Distribution,6q_5k,QSVC,full,0,L0,baseline_unoptimized,0.02,6,17,14336,2,0.906,0.8613179433368311,0.0,226.03233558300417,0.4034509990597144,226.43578658206388
IoT_Original_Distribution,6q_5k,QSVC,full,0,L0,baseline_unoptimized,0.02,6,18,15360,0,0.906,0.8613179433368311,0.0,225.46235943795182,0.07544307899661362,225.53780251694843
IoT_Original_Distribution,6q_5k,QSVC,full,0,L0,baseline_unoptimized,0.02,6,19,16384,1,0.906,0.8613179433368311,0.0,225.24665588594507,0.41149735206272453,225.6581532380078
IoT_Original_Distribution,6q_5k,QSVC,full,0,L0,baseline_unoptimized,0.02,6,20,17408,2,0.906,0.8613179433368311,0.0,225.04892089695204,0.4047936829738319,225.45371457992587
IoT_Original_Distribution,6q_5k,QSVC,full,0,L0,baseline_unoptimized,0.02,6,21,18432,0,0.906,0.8613179433368311,0.0,224.54633440996986,0.7441228700336069,225.29045728000347
IoT_Original_Distribution,6q_5k,QSVC,full,0,L0,baseline_unoptimized,0.02,6,22,19456,1,0.906,0.8613179433368311,0.0,226.52613401401322,0.05548476800322533,226.58161878201645
IoT_Original_Distribution,6q_5k,QSVC,full,0,L0,baseline_unoptimized,0.02,6,23,20480,2,0.906,0.8613179433368311,0.0,204.43661012104712,1.24453068501316,205.68114080606028
IoT_Original_Distribution,6q_5k,QSVC,full,0,L0,baseline_unoptimized,0.02,6,24,21504,0,0.906,0.8613179433368311,0.0,226.96600098302588,0.08578203106299043,227.05178301408887
IoT_Original_Distribution,6q_5k,QSVC,full,0,L0,baseline_unoptimized,0.02,6,25,22528,1,0.906,0.8613179433368311,0.0,226.4792479199823,0.08680762501899153,226.5660555450013
IoT_Original_Distribution,6q_5k,QSVC,full,0,L0,baseline_unoptimized,0.02,6,26,23552,2,0.906,0.8613179433368311,0.0,189.6643091189908,1.0965355989756063,190.7608447179664
IoT_Original_Distribution,6q_5k,QSVC,full,0,L0,baseline_unoptimized,0.02,6,27,24576,0,0.906,0.8613179433368311,0.0,225.3118945210008,1.0682570249773562,226.38015154597815
IoT_Original_Distribution,6q_5k,QSVC,full,0,L0,baseline_unoptimized,0.02,6,28,25600,1,0.906,0.8613179433368311,0.0,227.71157152100932,0.0554935319814831,227.7670650529908
IoT_Original_Distribution,6q_5k,QSVC,full,0,L0,baseline_unoptimized,0.02,6,29,26624,2,0.906,0.8613179433368311,0.0,223.44532793597318,1.1319756640587002,224.57730360003188
IoT_Original_Distribution,6q_5k,QSVC,full,0,L0,baseline_unoptimized,0.05,6,0,42,0,0.906,0.8613179433368311,0.0,224.19570848008152,1.2482606759294868,225.443969156011
IoT_Original_Distribution,6q_5k,QSVC,full,0,L0,baseline_unoptimized,0.05,6,1,123,1,0.906,0.8613179433368311,0.0,227.20386484393384,0.062008640030398965,227.26587348396424
IoT_Original_Distribution,6q_5k,QSVC,full,0,L0,baseline_unoptimized,0.05,6,2,456,2,0.906,0.8613179433368311,0.0,226.9346232910175,0.3353137639351189,227.2699370549526
IoT_Original_Distribution,6q_5k,QSVC,full,0,L0,baseline_unoptimized,0.05,6,3,789,0,0.906,0.8613179433368311,0.0,215.8690120439278,0.8100457560503855,216.67905779997818
IoT_Original_Distribution,6q_5k,QSVC,full,0,L0,baseline_unoptimized,0.05,6,4,1024,1,0.906,0.8613179433368311,0.0,224.27264197694603,0.05534110695589334,224.32798308390193
IoT_Original_Distribution,6q_5k,QSVC,full,0,L0,baseline_unoptimized,0.05,6,5,2048,2,0.906,0.8613179433368311,0.0,203.04025504400488,1.134742930997163,204.17499797500204
IoT_Original_Distribution,6q_5k,QSVC,full,0,L0,baseline_unoptimized,0.05,6,6,3072,0,0.906,0.8613179433368311,0.0,215.24883625900839,1.998320839018561,217.24715709802695
IoT_Original_Distribution,6q_5k,QSVC,full,0,L0,baseline_unoptimized,0.05,6,7,4096,1,0.906,0.8613179433368311,0.0,225.91320196003653,0.09467045206110924,226.00787241209764
IoT_Original_Distribution,6q_5k,QSVC,full,0,L0,baseline_unoptimized,0.05,6,8,5120,2,0.906,0.8613179433368311,0.0,226.2296191379428,0.09115437197033316,226.32077350991312
IoT_Original_Distribution,6q_5k,QSVC,full,0,L0,baseline_unoptimized,0.05,6,9,6144,0,0.906,0.8613179433368311,0.0,224.87612554105,1.2479661949910223,226.124091736041
IoT_Original_Distribution,6q_5k,QSVC,full,0,L0,baseline_unoptimized,0.05,6,10,7168,1,0.906,0.8613179433368311,0.0,224.04984071897343,0.9703312349738553,225.02017195394728
IoT_Original_Distribution,6q_5k,QSVC,full,0,L0,baseline_unoptimized,0.05,6,11,8192,2,0.906,0.8613179433368311,0.0,226.9508241020376,0.051823933026753366,227.00264803506434
IoT_Original_Distribution,6q_5k,QSVC,full,0,L0,baseline_unoptimized,0.05,6,12,9216,0,0.906,0.8613179433368311,0.0,217.09645809605718,1.0093787759542465,218.10583687201142
IoT_Original_Distribution,6q_5k,QSVC,full,0,L0,baseline_unoptimized,0.05,6,13,10240,1,0.906,0.8613179433368311,0.0,223.25236977392342,0.7553402780322358,224.00771005195566
IoT_Original_Distribution,6q_5k,QSVC,full,0,L0,baseline_unoptimized,0.05,6,14,11264,2,0.906,0.8613179433368311,0.0,225.81154374207836,0.05557712202426046,225.86712086410262
IoT_Original_Distribution,6q_5k,QSVC,full,0,L0,baseline_unoptimized,0.05,6,15,12288,0,0.906,0.8613179433368311,0.0,217.1215864350088,1.2033081710105762,218.32489460601937
IoT_Original_Distribution,6q_5k,QSVC,full,0,L0,baseline_unoptimized,0.05,6,16,13312,1,0.906,0.8613179433368311,0.0,224.37563033006154,1.2229076239746064,225.59853795403615
IoT_Original_Distribution,6q_5k,QSVC,full,0,L0,baseline_unoptimized,0.05,6,17,14336,2,0.906,0.8613179433368311,0.0,225.82720886392053,0.05525186995510012,225.88246073387563
IoT_Original_Distribution,6q_5k,QSVC,full,0,L0,baseline_unoptimized,0.05,6,18,15360,0,0.906,0.8613179433368311,0.0,223.70884514704812,1.3531788219697773,225.0620239690179
IoT_Original_Distribution,6q_5k,QSVC,full,0,L0,baseline_unoptimized,0.05,6,19,16384,1,0.906,0.8613179433368311,0.0,215.75970477203373,0.8276391670806333,216.58734393911436
IoT_Original_Distribution,6q_5k,QSVC,full,0,L0,baseline_unoptimized,0.05,6,20,17408,2,0.906,0.8613179433368311,0.0,225.28995947097428,0.055037778918631375,225.3449972498929
IoT_Original_Distribution,6q_5k,QSVC,full,0,L0,baseline_unoptimized,0.05,6,21,18432,0,0.906,0.8613179433368311,0.0,226.2679767810041,1.274162736022845,227.54213951702695
IoT_Original_Distribution,6q_5k,QSVC,full,0,L0,baseline_unoptimized,0.05,6,22,19456,1,0.906,0.8613179433368311,0.0,218.16690408589784,1.071025553974323,219.23792963987216
IoT_Original_Distribution,6q_5k,QSVC,full,0,L0,baseline_unoptimized,0.05,6,23,20480,2,0.906,0.8613179433368311,0.0,227.33975718403235,0.05211069097276777,227.39186787500512
IoT_Original_Distribution,6q_5k,QSVC,full,0,L0,baseline_unoptimized,0.05,6,24,21504,0,0.906,0.8613179433368311,0.0,222.95136916905176,0.9953318519983441,223.9467010210501
IoT_Original_Distribution,6q_5k,QSVC,full,0,L0,baseline_unoptimized,0.05,6,25,22528,1,0.906,0.8613179433368311,0.0,225.7660669699544,0.05551310000009835,225.8215800699545
IoT_Original_Distribution,6q_5k,QSVC,full,0,L0,baseline_unoptimized,0.05,6,26,23552,2,0.906,0.8613179433368311,0.0,222.6468062220374,1.0855200859950855,223.7323263080325
IoT_Original_Distribution,6q_5k,QSVC,full,0,L0,baseline_unoptimized,0.05,6,27,24576,0,0.906,0.8613179433368311,0.0,205.1838582350174,0.7341319640399888,205.91799019905739
IoT_Original_Distribution,6q_5k,QSVC,full,0,L0,baseline_unoptimized,0.05,6,28,25600,1,0.906,0.8613179433368311,0.0,224.5157500889618,1.3439461319940165,225.8596962209558
IoT_Original_Distribution,6q_5k,QSVC,full,0,L0,baseline_unoptimized,0.05,6,29,26624,2,0.906,0.8613179433368311,0.0,225.71834901103284,0.06164922402240336,225.77999823505525
IoT_Original_Distribution,6q_5k,QSVC,full,3,L3,qiskit_heavy,0.0,6,0,42,0,0.9486666666666667,0.9519950511580313,0.7496239879314855,269.08694535004906,1.235680544981733,270.3226258950308
IoT_Original_Distribution,6q_5k,QSVC,full,3,L3,qiskit_heavy,0.0,6,1,123,1,0.96,0.9621857416538717,0.7993956907456233,276.9228421889711,0.0805712949950248,277.00341348396614
IoT_Original_Distribution,6q_5k,QSVC,full,3,L3,qiskit_heavy,0.0,6,2,456,2,0.9406666666666667,0.9456122066712134,0.7300740400658026,276.9768215121003,0.08470276091247797,277.06152427301276
IoT_Original_Distribution,6q_5k,QSVC,full,3,L3,qiskit_heavy,0.0,6,3,789,0,0.9546666666666667,0.9573529970495248,0.7754009734327173,269.5219627569895,1.2202564850449562,270.7422192420345
IoT_Original_Distribution,6q_5k,QSVC,full,3,L3,qiskit_heavy,0.0,6,4,1024,1,0.9546666666666667,0.9569284538432317,0.7673304473147916,276.0028921450721,0.08079699100926518,276.0836891360814
IoT_Original_Distribution,6q_5k,QSVC,full,3,L3,qiskit_heavy,0.0,6,5,2048,2,0.9573333333333334,0.9588164839803776,0.7701949411529486,275.6384369430598,0.08245079393964261,275.72088773699943
IoT_Original_Distribution,6q_5k,QSVC,full,3,L3,qiskit_heavy,0.0,6,6,3072,0,0.9533333333333334,0.9551979853699486,0.7522266687925445,276.8249355040025,0.07032650196924806,276.89526200597174
IoT_Original_Distribution,6q_5k,QSVC,full,3,L3,qiskit_heavy,0.0,6,7,4096,1,0.954,0.9558966469324232,0.756821928708788,268.1433264919324,0.9914172569988295,269.1347437489312
IoT_Original_Distribution,6q_5k,QSVC,full,3,L3,qiskit_heavy,0.0,6,8,5120,2,0.9466666666666667,0.9495809888718288,0.7292646491487936,276.5986162709305,0.33961338293738663,276.9382296538679
IoT_Original_Distribution,6q_5k,QSVC,full,3,L3,qiskit_heavy,0.0,6,9,6144,0,0.9613333333333334,0.9631685940123375,0.8009225293607383,268.8464296628954,1.0128578550647944,269.8592875179602
IoT_Original_Distribution,6q_5k,QSVC,full,3,L3,qiskit_heavy,0.0,6,10,7168,1,0.9533333333333334,0.9553165064102563,0.7542139235406125,276.50856914103497,0.31159590103197843,276.82016504206695
IoT_Original_Distribution,6q_5k,QSVC,full,3,L3,qiskit_heavy,0.0,6,11,8192,2,0.9593333333333334,0.9614111283512563,0.7930530351829883,275.7837239219807,0.07344487705267966,275.8571687990334
IoT_Original_Distribution,6q_5k,QSVC,full,3,L3,qiskit_heavy,0.0,6,12,9216,0,0.9626666666666667,0.9638652194283929,0.7977266593203619,268.8027896389831,1.1982414149679244,270.001031053951
IoT_Original_Distribution,6q_5k,QSVC,full,3,L3,qiskit_heavy,0.0,6,13,10240,1,0.9686666666666667,0.9692817694789937,0.8243248278795551,277.8026522839209,0.33130471396725625,278.13395699788816
IoT_Original_Distribution,6q_5k,QSVC,full,3,L3,qiskit_heavy,0.0,6,14,11264,2,0.9653333333333334,0.9666291271878196,0.8156167850857873,277.70380202599335,0.07226148701738566,277.77606351301074
IoT_Original_Distribution,6q_5k,QSVC,full,3,L3,qiskit_heavy,0.0,6,15,12288,0,0.9446666666666667,0.9486105873320623,0.7359341918993468,270.5876745409332,1.0193453188985586,271.6070198598318
IoT_Original_Distribution,6q_5k,QSVC,full,3,L3,qiskit_heavy,0.0,6,16,13312,1,0.95,0.9527904833167758,0.7478659806542033,279.2148412329843,0.07602632301859558,279.2908675560029
IoT_Original_Distribution,6q_5k,QSVC,full,3,L3,qiskit_heavy,0.0,6,17,14336,2,0.9686666666666667,0.9697970150625762,0.8330112268534177,279.72673315997235,0.0790371490875259,279.8057703090599
IoT_Original_Distribution,6q_5k,QSVC,full,3,L3,qiskit_heavy,0.0,6,18,15360,0,0.9446666666666667,0.948725949722807,0.7382501928382417,268.27635867509525,1.1843894019257277,269.460748077021
IoT_Original_Distribution,6q_5k,QSVC,full,3,L3,qiskit_heavy,0.0,6,19,16384,1,0.9553333333333334,0.9570607093764544,0.7621035520981367,277.9511136600049,0.3331375269917771,278.2842511869967
IoT_Original_Distribution,6q_5k,QSVC,full,3,L3,qiskit_heavy,0.0,6,20,17408,2,0.954,0.9556594476450588,0.7529111928016362,277.36576366901863,0.0700755330035463,277.4358392020222
IoT_Original_Distribution,6q_5k,QSVC,full,3,L3,qiskit_heavy,0.0,6,21,18432,0,0.9686666666666667,0.9694588081461221,0.8271205771613618,272.900320552988,0.08146798401139677,272.9817885369994
IoT_Original_Distribution,6q_5k,QSVC,full,3,L3,qiskit_heavy,0.0,6,22,19456,1,0.9573333333333334,0.9591465201465201,0.7757780903879318,272.69423773197923,0.08005075703840703,272.77428848901764
IoT_Original_Distribution,6q_5k,QSVC,full,3,L3,qiskit_heavy,0.0,6,23,20480,2,0.9526666666666667,0.9555251186688496,0.7660250597507845,264.03100549289957,1.219847638043575,265.25085313094314
IoT_Original_Distribution,6q_5k,QSVC,full,3,L3,qiskit_heavy,0.0,6,24,21504,0,0.9453333333333334,0.9492869266778994,0.7404732531424497,272.0448031590786,0.9999253440182656,273.04472850309685
IoT_Original_Distribution,6q_5k,QSVC,full,3,L3,qiskit_heavy,0.0,6,25,22528,1,0.9446666666666667,0.9484935622077233,0.7336234824377313,279.392627076013,0.3316765649942681,279.7243036410073
IoT_Original_Distribution,6q_5k,QSVC,full,3,L3,qiskit_heavy,0.0,6,26,23552,2,0.9506666666666667,0.9532460820895523,0.748190568590062,279.26492828293703,0.07273510901723057,279.33766339195427
IoT_Original_Distribution,6q_5k,QSVC,full,3,L3,qiskit_heavy,0.0,6,27,24576,0,0.9553333333333334,0.956462556293408,0.7527044313772395,269.01654805103317,1.2384603249374777,270.25500837597065
IoT_Original_Distribution,6q_5k,QSVC,full,3,L3,qiskit_heavy,0.0,6,28,25600,1,0.954,0.9568809969513825,0.7750222281710959,276.0055765249999,0.059564060997217894,276.06514058599714
IoT_Original_Distribution,6q_5k,QSVC,full,3,L3,qiskit_heavy,0.0,6,29,26624,2,0.9686666666666667,0.9693709720213604,0.8257094905011013,274.89072184602264,0.5967835920164362,275.4875054380391
IoT_Original_Distribution,6q_5k,QSVC,full,3,L3,qiskit_heavy,0.0003,6,0,42,0,0.9473333333333334,0.9508628043116232,0.7449938624712318,220.35404314799234,1.0226300499634817,221.37667319795582
IoT_Original_Distribution,6q_5k,QSVC,full,3,L3,qiskit_heavy,0.0003,6,1,123,1,0.9593333333333334,0.9616029264309779,0.7968412254300464,222.28965646098368,0.808621903997846,223.09827836498152
IoT_Original_Distribution,6q_5k,QSVC,full,3,L3,qiskit_heavy,0.0003,6,2,456,2,0.9433333333333334,0.947946547380976,0.7409271226482088,224.94691384991165,0.04929531004745513,224.9962091599591
IoT_Original_Distribution,6q_5k,QSVC,full,3,L3,qiskit_heavy,0.0003,6,3,789,0,0.9513333333333334,0.9544888147342375,0.763360912760723,224.4530744079966,0.044922564062289894,224.4979969720589
IoT_Original_Distribution,6q_5k,QSVC,full,3,L3,qiskit_heavy,0.0003,6,4,1024,1,0.9533333333333334,0.9558833652628502,0.7643301699472085,211.5335508499993,1.209628465003334,212.74317931500264
IoT_Original_Distribution,6q_5k,QSVC,full,3,L3,qiskit_heavy,0.0003,6,5,2048,2,0.9573333333333334,0.958928156538855,0.7720405290038411,218.06653566192836,0.7472064049215987,218.81374206684995
IoT_Original_Distribution,6q_5k,QSVC,full,3,L3,qiskit_heavy,0.0003,6,6,3072,0,0.9573333333333334,0.9591465201465201,0.7757780903879318,210.58422052499373,1.3163389540277421,211.90055947902147
IoT_Original_Distribution,6q_5k,QSVC,full,3,L3,qiskit_heavy,0.0003,6,7,4096,1,0.956,0.9578698489010989,0.7685900347721587,223.54468401602935,1.3090786420507357,224.8537626580801
IoT_Original_Distribution,6q_5k,QSVC,full,3,L3,qiskit_heavy,0.0003,6,8,5120,2,0.948,0.9511987366729955,0.7428686687656288,224.99886349600274,0.04493640502914786,225.0437999010319
IoT_Original_Distribution,6q_5k,QSVC,full,3,L3,qiskit_heavy,0.0003,6,9,6144,0,0.9613333333333334,0.9628783307351,0.7955768427629545,223.3925020409515,0.736940996022895,224.1294430369744
IoT_Original_Distribution,6q_5k,QSVC,full,3,L3,qiskit_heavy,0.0003,6,10,7168,1,0.9546666666666667,0.9564780429308071,0.7594516977876128,225.53788719093427,0.04769365210086107,225.58558084303513
IoT_Original_Distribution,6q_5k,QSVC,full,3,L3,qiskit_heavy,0.0003,6,11,8192,2,0.9646666666666667,0.9662125795600877,0.8161558159270156,200.49928925698623,1.337543110945262,201.8368323679315
IoT_Original_Distribution,6q_5k,QSVC,full,3,L3,qiskit_heavy,0.0003,6,12,9216,0,0.962,0.9632706347516652,0.7949002935279957,216.77160374098457,0.7301640759687871,217.50176781695336
IoT_Original_Distribution,6q_5k,QSVC,full,3,L3,qiskit_heavy,0.0003,6,13,10240,1,0.9586666666666667,0.9603182156133828,0.7811267847728178,222.14639921602793,0.04879299399908632,222.19519221002702
IoT_Original_Distribution,6q_5k,QSVC,full,3,L3,qiskit_heavy,0.0003,6,14,11264,2,0.9586666666666667,0.9604231913919414,0.782966146003705,196.94548720202874,1.1709992920514196,198.11648649408016
IoT_Original_Distribution,6q_5k,QSVC,full,3,L3,qiskit_heavy,0.0003,6,15,12288,0,0.9433333333333334,0.9474904304390191,0.7315012789460575,213.90518569096457,0.733350225025788,214.63853591599036
IoT_Original_Distribution,6q_5k,QSVC,full,3,L3,qiskit_heavy,0.0003,6,16,13312,1,0.9506666666666667,0.9533624147064417,0.7503039616278425,225.7423760109814,0.04813174903392792,225.79050776001532
IoT_Original_Distribution,6q_5k,QSVC,full,3,L3,qiskit_heavy,0.0003,6,17,14336,2,0.9533333333333334,0.9560986734333344,0.7684535585645808,220.87740293191746,1.34076225804165,222.2181651899591
IoT_Original_Distribution,6q_5k,QSVC,full,3,L3,qiskit_heavy,0.0003,6,18,15360,0,0.9553333333333334,0.9575078182410339,0.7698838881119897,219.10346151492558,1.2291818800149485,220.33264339494053
IoT_Original_Distribution,6q_5k,QSVC,full,3,L3,qiskit_heavy,0.0003,6,19,16384,1,0.9533333333333334,0.9555483031183384,0.7582256375245372,224.54470503190532,0.8312771979253739,225.3759822298307
IoT_Original_Distribution,6q_5k,QSVC,full,3,L3,qiskit_heavy,0.0003,6,20,17408,2,0.9433333333333334,0.9472524432247766,0.7268157963603983,225.37474580993876,0.05360502004623413,225.428350829985
IoT_Original_Distribution,6q_5k,QSVC,full,3,L3,qiskit_heavy,0.0003,6,21,18432,0,0.968,0.9688533333333333,0.8241252662962564,220.67527960194275,1.1414088050369173,221.81668840697967
IoT_Original_Distribution,6q_5k,QSVC,full,3,L3,qiskit_heavy,0.0003,6,22,19456,1,0.9526666666666667,0.9550850838186752,0.7577333966758897,226.14429347706027,0.07917433499824256,226.22346781205852
IoT_Original_Distribution,6q_5k,QSVC,full,3,L3,qiskit_heavy,0.0003,6,23,20480,2,0.958,0.9601459194447399,0.7859891074815686,225.99162554589566,0.08210683008655906,226.07373237598222
IoT_Original_Distribution,6q_5k,QSVC,full,3,L3,qiskit_heavy,0.0003,6,24,21504,0,0.96,0.9622786912473011,0.8012865702142257,225.80760932096746,0.3440458570839837,226.15165517805144
IoT_Original_Distribution,6q_5k,QSVC,full,3,L3,qiskit_heavy,0.0003,6,25,22528,1,0.948,0.9514284062787883,0.7473003866877523,213.9940324369818,0.7408741529798135,214.7349065899616
IoT_Original_Distribution,6q_5k,QSVC,full,3,L3,qiskit_heavy,0.0003,6,26,23552,2,0.948,0.9509622986214916,0.7384668422404976,225.28856778307818,0.06793319096323103,225.3565009740414
IoT_Original_Distribution,6q_5k,QSVC,full,3,L3,qiskit_heavy,0.0003,6,27,24576,0,0.956,0.9571733333333333,0.7573367904496745,224.34021744003985,0.07621885708067566,224.41643629712053
IoT_Original_Distribution,6q_5k,QSVC,full,3,L3,qiskit_heavy,0.0003,6,28,25600,1,0.954,0.9568809969513825,0.7750222281710959,217.72347758803517,1.2264903109753504,218.94996789901052
IoT_Original_Distribution,6q_5k,QSVC,full,3,L3,qiskit_heavy,0.0003,6,29,26624,2,0.9486666666666667,0.9514113998458067,0.7387012268746931,223.59964988101274,0.07733818097040057,223.67698806198314
IoT_Original_Distribution,6q_5k,QSVC,full,3,L3,qiskit_heavy,0.0005,6,0,42,0,0.9526666666666667,0.955838722862345,0.7723451313775843,223.51875345699955,0.7360371429240331,224.25479059992358
IoT_Original_Distribution,6q_5k,QSVC,full,3,L3,qiskit_heavy,0.0005,6,1,123,1,0.9593333333333334,0.9616029264309779,0.7968412254300464,221.52574215794448,1.2822448710212484,222.80798702896573
IoT_Original_Distribution,6q_5k,QSVC,full,3,L3,qiskit_heavy,0.0005,6,2,456,2,0.944,0.9485039835170819,0.7430703944213387,226.00276055501308,0.04878219508100301,226.0515427500941
IoT_Original_Distribution,6q_5k,QSVC,full,3,L3,qiskit_heavy,0.0005,6,3,789,0,0.9506666666666667,0.9539192572388504,0.7610065361418865,225.36526997503825,0.40685297502204776,225.7721229500603
IoT_Original_Distribution,6q_5k,QSVC,full,3,L3,qiskit_heavy,0.0005,6,4,1024,1,0.9533333333333334,0.9558833652628502,0.7643301699472085,224.87006338406354,0.07775647996459156,224.94781986402813
IoT_Original_Distribution,6q_5k,QSVC,full,3,L3,qiskit_heavy,0.0005,6,5,2048,2,0.9573333333333334,0.958928156538855,0.7720405290038411,225.56168125302065,0.40050299605354667,225.9621842490742
IoT_Original_Distribution,6q_5k,QSVC,full,3,L3,qiskit_heavy,0.0005,6,6,3072,0,0.952,0.9541599328435719,0.7490619520845443,224.36322216398548,0.04528096504509449,224.40850312903058
IoT_Original_Distribution,6q_5k,QSVC,full,3,L3,qiskit_heavy,0.0005,6,7,4096,1,0.954,0.9568809969513825,0.7750222281710959,220.89938976592384,0.9780137990601361,221.87740356498398
IoT_Original_Distribution,6q_5k,QSVC,full,3,L3,qiskit_heavy,0.0005,6,8,5120,2,0.948,0.950841464150033,0.7362777533084766,220.73820605501533,1.1221866650739685,221.8603927200893
IoT_Original_Distribution,6q_5k,QSVC,full,3,L3,qiskit_heavy,0.0005,6,9,6144,0,0.9493333333333334,0.9528912483912485,0.7585529977280968,216.3192416819511,1.4022989668883383,217.72154064883944
IoT_Original_Distribution,6q_5k,QSVC,full,3,L3,qiskit_heavy,0.0005,6,10,7168,1,0.9553333333333334,0.9570607093764544,0.7621035520981367,223.230573458015,0.08040652400813997,223.31097998202313
IoT_Original_Distribution,6q_5k,QSVC,full,3,L3,qiskit_heavy,0.0005,6,11,8192,2,0.9573333333333334,0.9597639373304546,0.7873266306645084,222.86867433798034,0.0824115650029853,222.95108590298332
IoT_Original_Distribution,6q_5k,QSVC,full,3,L3,qiskit_heavy,0.0005,6,12,9216,0,0.962,0.9632706347516652,0.7949002935279957,224.00470153905917,0.07317700900603086,224.0778785480652
IoT_Original_Distribution,6q_5k,QSVC,full,3,L3,qiskit_heavy,0.0005,6,13,10240,1,0.9586666666666667,0.9603182156133828,0.7811267847728178,222.4986027489649,1.0070902039296925,223.5056929528946
IoT_Original_Distribution,6q_5k,QSVC,full,3,L3,qiskit_heavy,0.0005,6,14,11264,2,0.9586666666666667,0.9605266088375203,0.7848207956792541,223.43376126792282,0.32966281997505575,223.76342408789787
IoT_Original_Distribution,6q_5k,QSVC,full,3,L3,qiskit_heavy,0.0005,6,15,12288,0,0.9433333333333334,0.9474904304390191,0.7315012789460575,219.76645829097833,0.7316835320089012,220.49814182298724
IoT_Original_Distribution,6q_5k,QSVC,full,3,L3,qiskit_heavy,0.0005,6,16,13312,1,0.9506666666666667,0.9533624147064417,0.7503039616278425,222.966919717961,0.04906092002056539,223.01598063798156
IoT_Original_Distribution,6q_5k,QSVC,full,3,L3,qiskit_heavy,0.0005,6,17,14336,2,0.9713333333333334,0.9722151271856886,0.8447386398365784,201.58368121599779,0.9467589030973613,202.53044011909515
IoT_Original_Distribution,6q_5k,QSVC,full,3,L3,qiskit_heavy,0.0005,6,18,15360,0,0.9453333333333334,0.9492869266778994,0.7404732531424497,221.35576477798168,0.04524472798220813,221.40100950596388
IoT_Original_Distribution,6q_5k,QSVC,full,3,L3,qiskit_heavy,0.0005,6,19,16384,1,0.9626666666666667,0.9642532051282051,0.8045303128510244,218.97890578699298,0.7346388220321387,219.71354460902512
IoT_Original_Distribution,6q_5k,QSVC,full,3,L3,qiskit_heavy,0.0005,6,20,17408,2,0.9433333333333334,0.9472524432247766,0.7268157963603983,202.45508442807477,1.4093552690465003,203.86443969712127
IoT_Original_Distribution,6q_5k,QSVC,full,3,L3,qiskit_heavy,0.0005,6,21,18432,0,0.9693333333333334,0.9700658026120348,0.8301430382805061,218.0791137299966,2.0104690860025585,220.08958281599917
IoT_Original_Distribution,6q_5k,QSVC,full,3,L3,qiskit_heavy,0.0005,6,22,19456,1,0.952,0.9545097014925372,0.7552374027358045,220.31430216901936,0.7719706119969487,221.0862727810163
IoT_Original_Distribution,6q_5k,QSVC,full,3,L3,qiskit_heavy,0.0005,6,23,20480,2,0.9653333333333334,0.9669787394593371,0.8222709752788389,223.11061052104924,0.04764271201565862,223.1582532330649
IoT_Original_Distribution,6q_5k,QSVC,full,3,L3,qiskit_heavy,0.0005,6,24,21504,0,0.96,0.9622786912473011,0.8012865702142257,221.0700977720553,0.7245033449726179,221.79460111702792
IoT_Original_Distribution,6q_5k,QSVC,full,3,L3,qiskit_heavy,0.0005,6,25,22528,1,0.948,0.9513144024514811,0.7450809083908434,224.159201695933,0.04847930697724223,224.20768100291025
IoT_Original_Distribution,6q_5k,QSVC,full,3,L3,qiskit_heavy,0.0005,6,26,23552,2,0.9593333333333334,0.9606931354359924,0.7802590886814622,209.50099881005008,0.7279787659645081,210.2289775760146
IoT_Original_Distribution,6q_5k,QSVC,full,3,L3,qiskit_heavy,0.0005,6,27,24576,0,0.956,0.9571733333333333,0.7573367904496745,222.92213608999737,0.34088644094299525,223.26302253094036
IoT_Original_Distribution,6q_5k,QSVC,full,3,L3,qiskit_heavy,0.0005,6,28,25600,1,0.94,0.9442133204633205,0.7110033336813817,215.812657843926,1.3091823640279472,217.12184020795394
IoT_Original_Distribution,6q_5k,QSVC,full,3,L3,qiskit_heavy,0.0005,6,29,26624,2,0.9646666666666667,0.9657535288567788,0.8079379114430426,223.0163270860212,0.06811097101308405,223.08443805703428
IoT_Original_Distribution,6q_5k,QSVC,full,3,L3,qiskit_heavy,0.001,6,0,42,0,0.952,0.9552684099168505,0.7699949480535957,225.53375503292773,0.3632129669422284,225.89696799986996
IoT_Original_Distribution,6q_5k,QSVC,full,3,L3,qiskit_heavy,0.001,6,1,123,1,0.9593333333333334,0.9616029264309779,0.7968412254300464,225.21393554005772,0.06823067099321634,225.28216621105094
IoT_Original_Distribution,6q_5k,QSVC,full,3,L3,qiskit_heavy,0.001,6,2,456,2,0.9453333333333334,0.9497300791476274,0.7497209841861407,208.28592073195614,1.6163941159611568,209.9023148479173
IoT_Original_Distribution,6q_5k,QSVC,full,3,L3,qiskit_heavy,0.001,6,3,789,0,0.9626666666666667,0.9641583882959587,0.8028018717580228,223.5765874600038,0.726459976984188,224.30304743698798
IoT_Original_Distribution,6q_5k,QSVC,full,3,L3,qiskit_heavy,0.001,6,4,1024,1,0.954,0.956567244651434,0.7688553712724218,217.79936361592263,1.645369851961732,219.44473346788436
IoT_Original_Distribution,6q_5k,QSVC,full,3,L3,qiskit_heavy,0.001,6,5,2048,2,0.9546666666666667,0.9565931776556776,0.7614019791563855,226.27826718892902,0.04857200908008963,226.3268391980091
IoT_Original_Distribution,6q_5k,QSVC,full,3,L3,qiskit_heavy,0.001,6,6,3072,0,0.952,0.9542782546360052,0.7511094888851704,225.5863232560223,1.3085499659646302,226.89487322198693
IoT_Original_Distribution,6q_5k,QSVC,full,3,L3,qiskit_heavy,0.001,6,7,4096,1,0.9546666666666667,0.9571438405410545,0.7713432741068915,226.74871822702698,0.05373907694593072,226.80245730397291
IoT_Original_Distribution,6q_5k,QSVC,full,3,L3,qiskit_heavy,0.001,6,8,5120,2,0.9486666666666667,0.9517666779929778,0.7452310102081631,218.3733172150096,0.7110555040417239,219.08437271905132
IoT_Original_Distribution,6q_5k,QSVC,full,3,L3,qiskit_heavy,0.001,6,9,6144,0,0.9593333333333334,0.9612135851733616,0.7893206342341298,215.5619941400364,0.7669147240230814,216.32890886405949
IoT_Original_Distribution,6q_5k,QSVC,full,3,L3,qiskit_heavy,0.001,6,10,7168,1,0.9506666666666667,0.9527631639194141,0.7398378123090661,225.60280414810404,0.048624195042066276,225.6514283431461
IoT_Original_Distribution,6q_5k,QSVC,full,3,L3,qiskit_heavy,0.001,6,11,8192,2,0.964,0.9656199496326789,0.813427870555022,218.08637943898793,1.2450705140363425,219.33144995302428
IoT_Original_Distribution,6q_5k,QSVC,full,3,L3,qiskit_heavy,0.001,6,12,9216,0,0.9626666666666667,0.9638652194283929,0.7977266593203619,224.43269392789807,0.08710159198381007,224.51979551988188
IoT_Original_Distribution,6q_5k,QSVC,full,3,L3,qiskit_heavy,0.001,6,13,10240,1,0.9586666666666667,0.9603182156133828,0.7811267847728178,223.93365615105722,0.36635428003501147,224.30001043109223
IoT_Original_Distribution,6q_5k,QSVC,full,3,L3,qiskit_heavy,0.001,6,14,11264,2,0.9586666666666667,0.9604231913919414,0.782966146003705,224.14817530708387,0.366094037075527,224.5142693441594
IoT_Original_Distribution,6q_5k,QSVC,full,3,L3,qiskit_heavy,0.001,6,15,12288,0,0.944,0.9480500224505309,0.7337098285325372,223.24864070198964,0.751717087929137,224.00035778991878
IoT_Original_Distribution,6q_5k,QSVC,full,3,L3,qiskit_heavy,0.001,6,16,13312,1,0.9493333333333334,0.9521019394282375,0.7432908574681596,220.86166673200205,1.5480294430162758,222.40969617501833
IoT_Original_Distribution,6q_5k,QSVC,full,3,L3,qiskit_heavy,0.001,6,17,14336,2,0.9713333333333334,0.9722151271856886,0.8447386398365784,225.69885494897608,0.04829311603680253,225.74714806501288
IoT_Original_Distribution,6q_5k,QSVC,full,3,L3,qiskit_heavy,0.001,6,18,15360,0,0.9446666666666667,0.948725949722807,0.7382501928382417,223.9590470099356,0.731178100919351,224.69022511085495
IoT_Original_Distribution,6q_5k,QSVC,full,3,L3,qiskit_heavy,0.001,6,19,16384,1,0.9626666666666667,0.9642532051282051,0.8045303128510244,216.28685087303165,1.2269357980694622,217.51378667110112
IoT_Original_Distribution,6q_5k,QSVC,full,3,L3,qiskit_heavy,0.001,6,20,17408,2,0.9446666666666667,0.9484935622077233,0.7336234824377313,225.90291590895504,0.048165223095566034,225.9510811320506
IoT_Original_Distribution,6q_5k,QSVC,full,3,L3,qiskit_heavy,0.001,6,21,18432,0,0.9693333333333334,0.9700658026120348,0.8301430382805061,225.99190772499423,0.07711219100747257,226.0690199160017
IoT_Original_Distribution,6q_5k,QSVC,full,3,L3,qiskit_heavy,0.001,6,22,19456,1,0.952,0.9545097014925372,0.7552374027358045,225.5921085679438,0.07919168495573103,225.67130025289953
IoT_Original_Distribution,6q_5k,QSVC,full,3,L3,qiskit_heavy,0.001,6,23,20480,2,0.966,0.9675720138334664,0.8249900168592215,219.3969245540211,1.115968263009563,220.51289281703066
IoT_Original_Distribution,6q_5k,QSVC,full,3,L3,qiskit_heavy,0.001,6,24,21504,0,0.9486666666666667,0.9521067839493036,0.7518316796978198,223.1623858900275,0.04841653606854379,223.21080242609605
IoT_Original_Distribution,6q_5k,QSVC,full,3,L3,qiskit_heavy,0.001,6,25,22528,1,0.9413333333333334,0.9456976559044671,0.7225738232500313,222.00226861902047,0.09224749903660268,222.09451611805707
IoT_Original_Distribution,6q_5k,QSVC,full,3,L3,qiskit_heavy,0.001,6,26,23552,2,0.9486666666666667,0.9515315628718899,0.7408695171147972,215.46250287396833,0.48747587599791586,215.94997874996625
IoT_Original_Distribution,6q_5k,QSVC,full,3,L3,qiskit_heavy,0.001,6,27,24576,0,0.9553333333333334,0.9565858599038157,0.7545524101585944,224.62111592898145,0.11454355996102095,224.73565948894247
IoT_Original_Distribution,6q_5k,QSVC,full,3,L3,qiskit_heavy,0.001,6,28,25600,1,0.954,0.9568809969513825,0.7750222281710959,224.93444707198068,0.11198672605678439,225.04643379803747
IoT_Original_Distribution,6q_5k,QSVC,full,3,L3,qiskit_heavy,0.001,6,29,26624,2,0.9493333333333334,0.9519824626865672,0.7411437344443195,224.5550386350369,0.11511291295755655,224.67015154799446
IoT_Original_Distribution,6q_5k,QSVC,full,3,L3,qiskit_heavy,0.002,6,0,42,0,0.9466666666666667,0.9501829807987573,0.7404473119606854,219.23778718605172,1.3630734520265833,220.6008606380783
IoT_Original_Distribution,6q_5k,QSVC,full,3,L3,qiskit_heavy,0.002,6,1,123,1,0.9553333333333334,0.9575078182410339,0.7698838881119897,203.60742308199406,1.6958857220597565,205.3033088040538
IoT_Original_Distribution,6q_5k,QSVC,full,3,L3,qiskit_heavy,0.002,6,2,456,2,0.9426666666666667,0.947390024444791,0.7387984345228015,223.5548639210174,0.0454874150454998,223.6003513360629
IoT_Original_Distribution,6q_5k,QSVC,full,3,L3,qiskit_heavy,0.002,6,3,789,0,0.9586666666666667,0.9605266088375203,0.7848207956792541,225.41541575896554,0.07164876698516309,225.4870645259507
IoT_Original_Distribution,6q_5k,QSVC,full,3,L3,qiskit_heavy,0.002,6,4,1024,1,0.9466666666666667,0.9498270553523821,0.7337164842238981,225.23516758799087,0.39141499903053045,225.6265825870214
IoT_Original_Distribution,6q_5k,QSVC,full,3,L3,qiskit_heavy,0.002,6,5,2048,2,0.956,0.9578698489010989,0.7685900347721587,224.95512377808336,0.3842594139277935,225.33938319201116
IoT_Original_Distribution,6q_5k,QSVC,full,3,L3,qiskit_heavy,0.002,6,6,3072,0,0.9553333333333334,0.9573985279772991,0.7679190046590747,223.48574769496918,0.74557759903837,224.23132529400755
IoT_Original_Distribution,6q_5k,QSVC,full,3,L3,qiskit_heavy,0.002,6,7,4096,1,0.9586666666666667,0.9603182156133828,0.7811267847728178,218.29708734492306,0.7417405969463289,219.03882794186939
IoT_Original_Distribution,6q_5k,QSVC,full,3,L3,qiskit_heavy,0.002,6,8,5120,2,0.9506666666666667,0.953477052538338,0.7524267817902149,226.1599600960035,0.04804062598850578,226.208000721992
IoT_Original_Distribution,6q_5k,QSVC,full,3,L3,qiskit_heavy,0.002,6,9,6144,0,0.9453333333333334,0.9497300791476274,0.7497209841861407,223.81422839395236,1.015188995981589,224.82941738993395
IoT_Original_Distribution,6q_5k,QSVC,full,3,L3,qiskit_heavy,0.002,6,10,7168,1,0.9546666666666667,0.9564780429308071,0.7594516977876128,223.09993398399092,1.0296704700449482,224.12960445403587
IoT_Original_Distribution,6q_5k,QSVC,full,3,L3,qiskit_heavy,0.002,6,11,8192,2,0.9533333333333334,0.9562039944501242,0.7705303644616922,226.33282483904622,0.04839353810530156,226.38121837715153
IoT_Original_Distribution,6q_5k,QSVC,full,3,L3,qiskit_heavy,0.002,6,12,9216,0,0.9626666666666667,0.9638652194283929,0.7977266593203619,221.3078118530102,0.7249658739892766,222.03277772699948
IoT_Original_Distribution,6q_5k,QSVC,full,3,L3,qiskit_heavy,0.002,6,13,10240,1,0.9573333333333334,0.9591465201465201,0.7757780903879318,224.41359508503228,0.04906016506720334,224.4626552500995
IoT_Original_Distribution,6q_5k,QSVC,full,3,L3,qiskit_heavy,0.002,6,14,11264,2,0.9606666666666667,0.961981885093829,0.787579691104729,206.40127212693915,1.8909214169252664,208.2921935438644
IoT_Original_Distribution,6q_5k,QSVC,full,3,L3,qiskit_heavy,0.002,6,15,12288,0,0.946,0.9497346811906696,0.7404311685150645,225.9600027060369,0.04558364802505821,226.00558635406196
IoT_Original_Distribution,6q_5k,QSVC,full,3,L3,qiskit_heavy,0.002,6,16,13312,1,0.95,0.9526734414082532,0.7457311205449889,215.0628471369855,0.7368062919704244,215.79965342895593
IoT_Original_Distribution,6q_5k,QSVC,full,3,L3,qiskit_heavy,0.002,6,17,14336,2,0.9513333333333334,0.9543813446007381,0.7612229576744949,219.56526810699143,0.7381460510659963,220.30341415805742
IoT_Original_Distribution,6q_5k,QSVC,full,3,L3,qiskit_heavy,0.002,6,18,15360,0,0.946,0.9498488864324945,0.7427122477486998,214.36533151799813,1.5154330290388316,215.88076454703696
IoT_Original_Distribution,6q_5k,QSVC,full,3,L3,qiskit_heavy,0.002,6,19,16384,1,0.958,0.9602456907829326,0.7879104825667643,223.9462460440118,0.07666035706643015,224.02290640107822
IoT_Original_Distribution,6q_5k,QSVC,full,3,L3,qiskit_heavy,0.002,6,20,17408,2,0.944,0.9479324324324323,0.7313817611299739,224.48497026599944,0.3497748620575294,224.83474512805697
IoT_Original_Distribution,6q_5k,QSVC,full,3,L3,qiskit_heavy,0.002,6,21,18432,0,0.9553333333333334,0.9573985279772991,0.7679190046590747,221.103359615081,0.7416164689930156,221.844976084074
IoT_Original_Distribution,6q_5k,QSVC,full,3,L3,qiskit_heavy,0.002,6,22,19456,1,0.9526666666666667,0.9550850838186752,0.7577333966758897,223.90541894501075,0.047966141952201724,223.95338508696295
IoT_Original_Distribution,6q_5k,QSVC,full,3,L3,qiskit_heavy,0.002,6,23,20480,2,0.966,0.9675720138334664,0.8249900168592215,218.27101615793072,1.6610600790008903,219.9320762369316
IoT_Original_Distribution,6q_5k,QSVC,full,3,L3,qiskit_heavy,0.002,6,24,21504,0,0.946,0.9495012875818251,0.7358870631022482,223.32238452101592,0.72573549405206,224.04812001506798
IoT_Original_Distribution,6q_5k,QSVC,full,3,L3,qiskit_heavy,0.002,6,25,22528,1,0.9373333333333334,0.9423735053643536,0.7098174455973282,214.34721946297213,1.750789719983004,216.09800918295514
IoT_Original_Distribution,6q_5k,QSVC,full,3,L3,qiskit_heavy,0.002,6,26,23552,2,0.9493333333333334,0.9521019394282375,0.7432908574681596,225.96121274505276,0.04790003295056522,226.00911277800333
IoT_Original_Distribution,6q_5k,QSVC,full,3,L3,qiskit_heavy,0.002,6,27,24576,0,0.9566666666666667,0.9577621814786794,0.7601460459556517,224.90657200000715,0.07301921502221376,224.97959121502936
IoT_Original_Distribution,6q_5k,QSVC,full,3,L3,qiskit_heavy,0.002,6,28,25600,1,0.9546666666666667,0.9575561457269323,0.7795008184186926,224.66610523499548,0.38572539994493127,225.05183063494042
IoT_Original_Distribution,6q_5k,QSVC,full,3,L3,qiskit_heavy,0.002,6,29,26624,2,0.96,0.9614951467551764,0.7865659476978232,224.48317483393475,0.6391176528995857,225.12229248683434
IoT_Original_Distribution,6q_5k,QSVC,full,3,L3,qiskit_heavy,0.005,6,0,42,0,0.9453333333333334,0.9486961077844313,0.7290378209175973,224.5099350269884,0.3349605540279299,224.84489558101632
IoT_Original_Distribution,6q_5k,QSVC,full,3,L3,qiskit_heavy,0.005,6,1,123,1,0.9666666666666667,0.9682487879416704,0.8293871239182057,199.57535093207844,1.3382721540983766,200.9136230861768
IoT_Original_Distribution,6q_5k,QSVC,full,3,L3,qiskit_heavy,0.005,6,2,456,2,0.9453333333333334,0.9498370000520102,0.7520454344783841,223.92124845494982,0.06787910696584731,223.98912756191567
IoT_Original_Distribution,6q_5k,QSVC,full,3,L3,qiskit_heavy,0.005,6,3,789,0,0.9533333333333334,0.9560986734333344,0.7684535585645808,223.04449169000145,0.34773701790254563,223.392228707904
IoT_Original_Distribution,6q_5k,QSVC,full,3,L3,qiskit_heavy,0.005,6,4,1024,1,0.948,0.9513144024514811,0.7450809083908434,210.02414641494397,1.3106257290346548,211.33477214397863
IoT_Original_Distribution,6q_5k,QSVC,full,3,L3,qiskit_heavy,0.005,6,5,2048,2,0.9453333333333334,0.9488177051413007,0.7313129443797038,222.53657034097705,0.0691419750219211,222.60571231599897
IoT_Original_Distribution,6q_5k,QSVC,full,3,L3,qiskit_heavy,0.005,6,6,3072,0,0.9533333333333334,0.9557733208955224,0.762284236881547,221.16523544699885,1.0300428600749,222.19527830707375
IoT_Original_Distribution,6q_5k,QSVC,full,3,L3,qiskit_heavy,0.005,6,7,4096,1,0.9506666666666667,0.9531280232999874,0.7460869178307993,222.0112186059123,1.270347849931568,223.28156645584386
IoT_Original_Distribution,6q_5k,QSVC,full,3,L3,qiskit_heavy,0.005,6,8,5120,2,0.9493333333333334,0.9521019394282375,0.7432908574681596,224.99989742098842,0.04869936604518443,225.0485967870336
IoT_Original_Distribution,6q_5k,QSVC,full,3,L3,qiskit_heavy,0.005,6,9,6144,0,0.9513333333333334,0.9546991571224553,0.7676619128243972,201.93193954590242,1.100778847001493,203.03271839290392
IoT_Original_Distribution,6q_5k,QSVC,full,3,L3,qiskit_heavy,0.005,6,10,7168,1,0.948,0.9504681091890056,0.7297610429670698,222.2417661639629,0.048359420034103096,222.290125583997
IoT_Original_Distribution,6q_5k,QSVC,full,3,L3,qiskit_heavy,0.005,6,11,8192,2,0.958,0.9604408914450037,0.7917915474418197,214.23426706402097,0.7640188609948382,214.9982859250158
IoT_Original_Distribution,6q_5k,QSVC,full,3,L3,qiskit_heavy,0.005,6,12,9216,0,0.954,0.956126842245278,0.7607851281340564,222.0489963120781,1.3984055019682273,223.44740181404632
IoT_Original_Distribution,6q_5k,QSVC,full,3,L3,qiskit_heavy,0.005,6,13,10240,1,0.9546666666666667,0.9569284538432317,0.7673304473147916,223.51681920397095,0.04527421004604548,223.562093414017
IoT_Original_Distribution,6q_5k,QSVC,full,3,L3,qiskit_heavy,0.005,6,14,11264,2,0.9633333333333334,0.9652067550708048,0.8142448182872474,212.5900491999928,1.4073919740039855,213.99744117399678
IoT_Original_Distribution,6q_5k,QSVC,full,3,L3,qiskit_heavy,0.005,6,15,12288,0,0.944,0.9475693564862104,0.724428962374134,212.11217600898817,0.9486497880425304,213.0608257970307
IoT_Original_Distribution,6q_5k,QSVC,full,3,L3,qiskit_heavy,0.005,6,16,13312,1,0.95,0.9526734414082532,0.7457311205449889,220.82237599603832,0.048687153961509466,220.87106314999983
IoT_Original_Distribution,6q_5k,QSVC,full,3,L3,qiskit_heavy,0.005,6,17,14336,2,0.9566666666666667,0.9590850855412059,0.7828482983512342,211.64445862802677,1.079805802903138,212.7242644309299
IoT_Original_Distribution,6q_5k,QSVC,full,3,L3,qiskit_heavy,0.005,6,18,15360,0,0.9453333333333334,0.9495116497036421,0.7450868226289773,216.10301225504372,1.3871069609886035,217.49011921603233
IoT_Original_Distribution,6q_5k,QSVC,full,3,L3,qiskit_heavy,0.005,6,19,16384,1,0.948,0.9513144024514811,0.7450809083908434,222.53198638698086,0.738477103994228,223.2704634909751
IoT_Original_Distribution,6q_5k,QSVC,full,3,L3,qiskit_heavy,0.005,6,20,17408,2,0.9433333333333334,0.94737228823163,0.729156136049994,224.99974946992006,0.04966973001137376,225.04941919993144
IoT_Original_Distribution,6q_5k,QSVC,full,3,L3,qiskit_heavy,0.005,6,21,18432,0,0.9533333333333334,0.9556616436621502,0.7602492708201275,214.1372162270127,1.598201976972632,215.73541820398532
IoT_Original_Distribution,6q_5k,QSVC,full,3,L3,qiskit_heavy,0.005,6,22,19456,1,0.9513333333333334,0.953819874912159,0.75066946897447,221.2617039020406,0.7532323990017176,222.01493630104233
IoT_Original_Distribution,6q_5k,QSVC,full,3,L3,qiskit_heavy,0.005,6,23,20480,2,0.962,0.9639415461642885,0.8071808905858276,223.98566936899442,0.048290754901245236,224.03396012389567
IoT_Original_Distribution,6q_5k,QSVC,full,3,L3,qiskit_heavy,0.005,6,24,21504,0,0.9493333333333334,0.9524500511172777,0.7497840926896447,223.40795284800697,0.07734195806551725,223.4852948060725
IoT_Original_Distribution,6q_5k,QSVC,full,3,L3,qiskit_heavy,0.005,6,25,22528,1,0.9413333333333334,0.9462796765498653,0.7345841143297522,223.70765588898212,0.07716132700443268,223.78481721598655
IoT_Original_Distribution,6q_5k,QSVC,full,3,L3,qiskit_heavy,0.005,6,26,23552,2,0.944,0.9473184081200012,0.7198216544876251,220.4909645540174,0.89461846195627,221.38558301597368
IoT_Original_Distribution,6q_5k,QSVC,full,3,L3,qiskit_heavy,0.005,6,27,24576,0,0.9566666666666667,0.9577621814786794,0.7601460459556517,219.97410165308975,1.4894599799299613,221.4635616330197
IoT_Original_Distribution,6q_5k,QSVC,full,3,L3,qiskit_heavy,0.005,6,28,25600,1,0.9486666666666667,0.9514113998458067,0.7387012268746931,225.57827145699412,0.0818572259740904,225.6601286829682
IoT_Original_Distribution,6q_5k,QSVC,full,3,L3,qiskit_heavy,0.005,6,29,26624,2,0.948,0.9503399272472031,0.7276066459277183,225.28124027804006,0.07753722707275301,225.3587775051128
IoT_Original_Distribution,6q_5k,QSVC,full,3,L3,qiskit_heavy,0.008,6,0,42,0,0.9273333333333333,0.9326641990335658,0.6505143122398475,225.71691576903686,0.3439546780427918,226.06087044707965
IoT_Original_Distribution,6q_5k,QSVC,full,3,L3,qiskit_heavy,0.008,6,1,123,1,0.9293333333333333,0.9348767511908097,0.6672640080253642,220.21945051604416,0.7358868210576475,220.9553373371018
IoT_Original_Distribution,6q_5k,QSVC,full,3,L3,qiskit_heavy,0.008,6,2,456,2,0.9193333333333333,0.927094425483504,0.6441736424905438,225.14962141599972,0.0744446039898321,225.22406601998955
IoT_Original_Distribution,6q_5k,QSVC,full,3,L3,qiskit_heavy,0.008,6,3,789,0,0.924,0.9313783454784974,0.6680609534687311,221.65205091703683,0.7309733539586887,222.38302427099552
IoT_Original_Distribution,6q_5k,QSVC,full,3,L3,qiskit_heavy,0.008,6,4,1024,1,0.9226666666666666,0.927765322158198,0.6170919668734787,224.75326783105265,0.05240593908820301,224.80567377014086
IoT_Original_Distribution,6q_5k,QSVC,full,3,L3,qiskit_heavy,0.008,6,5,2048,2,0.9353333333333333,0.9396669875724993,0.6834535074319384,196.32594816200435,0.9481442329706624,197.274092394975
IoT_Original_Distribution,6q_5k,QSVC,full,3,L3,qiskit_heavy,0.008,6,6,3072,0,0.922,0.9270574153959696,0.6122547396391115,221.68850589904469,0.9430935820564628,222.63159948110115
IoT_Original_Distribution,6q_5k,QSVC,full,3,L3,qiskit_heavy,0.008,6,7,4096,1,0.9266666666666666,0.9318162805662806,0.6430752421860744,223.47776770498604,1.0428635618882254,224.52063126687426
IoT_Original_Distribution,6q_5k,QSVC,full,3,L3,qiskit_heavy,0.008,6,8,5120,2,0.9073333333333333,0.9179040202627201,0.6193841691952091,226.34820360294543,0.05093609890900552,226.39913970185444
IoT_Original_Distribution,6q_5k,QSVC,full,3,L3,qiskit_heavy,0.008,6,9,6144,0,0.9293333333333333,0.935817862716158,0.6858054351152391,221.15073684300296,1.1603858510497957,222.31112269405276
IoT_Original_Distribution,6q_5k,QSVC,full,3,L3,qiskit_heavy,0.008,6,10,7168,1,0.926,0.9304688474963705,0.6273980627999748,224.0890628179768,0.05180594592820853,224.14086876390502
IoT_Original_Distribution,6q_5k,QSVC,full,3,L3,qiskit_heavy,0.008,6,11,8192,2,0.9353333333333333,0.9405978246582901,0.7011051768969345,220.3691347730346,0.9392048410372809,221.30833961407188
IoT_Original_Distribution,6q_5k,QSVC,full,3,L3,qiskit_heavy,0.008,6,12,9216,0,0.934,0.9373721591274488,0.6588384088560137,222.7032720760908,1.0126372119411826,223.71590928803198
IoT_Original_Distribution,6q_5k,QSVC,full,3,L3,qiskit_heavy,0.008,6,13,10240,1,0.9386666666666666,0.9424395355630204,0.694460701297518,225.45479334704578,0.05516108695883304,225.5099544340046
IoT_Original_Distribution,6q_5k,QSVC,full,3,L3,qiskit_heavy,0.008,6,14,11264,2,0.9293333333333333,0.9359449494949494,0.6884527202502837,222.94884782796726,1.0925050739897415,224.041352901957
IoT_Original_Distribution,6q_5k,QSVC,full,3,L3,qiskit_heavy,0.008,6,15,12288,0,0.9213333333333333,0.9284085060089412,0.644041964427357,220.1778614220675,1.4166883450234309,221.59454976709094
IoT_Original_Distribution,6q_5k,QSVC,full,3,L3,qiskit_heavy,0.008,6,16,13312,1,0.9246666666666666,0.9305006435500701,0.642516758778502,226.1857008539373,0.08356808195821941,226.26926893589552
IoT_Original_Distribution,6q_5k,QSVC,full,3,L3,qiskit_heavy,0.008,6,17,14336,2,0.9333333333333333,0.9392059648718244,0.7001440033798231,225.77642651298083,0.08111390098929405,225.85754041397013
IoT_Original_Distribution,6q_5k,QSVC,full,3,L3,qiskit_heavy,0.008,6,18,15360,0,0.908,0.9177039314791208,0.6060661878438066,215.59425501106307,1.2344171779695898,216.82867218903266
IoT_Original_Distribution,6q_5k,QSVC,full,3,L3,qiskit_heavy,0.008,6,19,16384,1,0.914,0.9230010848366775,0.6329966346491659,224.3677751449868,0.05245976895093918,224.42023491393775
IoT_Original_Distribution,6q_5k,QSVC,full,3,L3,qiskit_heavy,0.008,6,20,17408,2,0.9026666666666666,0.9139872120743279,0.6022916997717288,222.14851095690392,0.7321971179917455,222.88070807489567
IoT_Original_Distribution,6q_5k,QSVC,full,3,L3,qiskit_heavy,0.008,6,21,18432,0,0.9353333333333333,0.9392385424067382,0.6759175117327582,211.73876249208115,2.2767060870537534,214.0154685791349
IoT_Original_Distribution,6q_5k,QSVC,full,3,L3,qiskit_heavy,0.008,6,22,19456,1,0.9266666666666666,0.931970267494743,0.6457853086036736,226.10615959798452,0.36006940994411707,226.46622900792863
IoT_Original_Distribution,6q_5k,QSVC,full,3,L3,qiskit_heavy,0.008,6,23,20480,2,0.9366666666666666,0.9414430049442,0.7002498417351141,225.73630092898384,0.07190172502305359,225.8082026540069
IoT_Original_Distribution,6q_5k,QSVC,full,3,L3,qiskit_heavy,0.008,6,24,21504,0,0.914,0.9228596773085602,0.6300937739156447,224.47211624495685,0.4043969960184768,224.87651324097533
IoT_Original_Distribution,6q_5k,QSVC,full,3,L3,qiskit_heavy,0.008,6,25,22528,1,0.912,0.9217015668943351,0.6337631394935482,224.21293998800684,0.39928846701513976,224.61222845502198
IoT_Original_Distribution,6q_5k,QSVC,full,3,L3,qiskit_heavy,0.008,6,26,23552,2,0.9306666666666666,0.934125870583766,0.6398692704108377,223.69136311498005,0.10051653708796948,223.79187965206802
IoT_Original_Distribution,6q_5k,QSVC,full,3,L3,qiskit_heavy,0.008,6,27,24576,0,0.938,0.9407126396054367,0.6727592638279546,224.6291891450528,0.0758162229321897,224.705005367985
IoT_Original_Distribution,6q_5k,QSVC,full,3,L3,qiskit_heavy,0.008,6,28,25600,1,0.9353333333333333,0.9399424936290367,0.6884878009538762,201.70877537794877,1.8661100019235164,203.57488537987228
IoT_Original_Distribution,6q_5k,QSVC,full,3,L3,qiskit_heavy,0.008,6,29,26624,2,0.926,0.9307980607602788,0.6328601268829676,224.22402736602817,0.3477816350059584,224.57180900103413
IoT_Original_Distribution,6q_5k,QSVC,full,3,L3,qiskit_heavy,0.01,6,0,42,0,0.764,0.8115710490647873,0.43106790172369935,225.51456017198507,0.08673292794264853,225.60129309992772
IoT_Original_Distribution,6q_5k,QSVC,full,3,L3,qiskit_heavy,0.01,6,1,123,1,0.702,0.7640209839705104,0.38691246032220006,224.98223189997952,0.08825898903887719,225.0704908890184
IoT_Original_Distribution,6q_5k,QSVC,full,3,L3,qiskit_heavy,0.01,6,2,456,2,0.6186666666666667,0.695705389876881,0.33107253985516794,219.3030625389656,0.743506794096902,220.0465693330625
IoT_Original_Distribution,6q_5k,QSVC,full,3,L3,qiskit_heavy,0.01,6,3,789,0,0.6833333333333333,0.7491942268763924,0.37512004446106406,221.96361085190438,0.09142726100981236,222.0550381129142
IoT_Original_Distribution,6q_5k,QSVC,full,3,L3,qiskit_heavy,0.01,6,4,1024,1,0.7246666666666667,0.7812942831511197,0.3605893070410047,221.6496187580051,0.0910611089784652,221.74067986698356
IoT_Original_Distribution,6q_5k,QSVC,full,3,L3,qiskit_heavy,0.01,6,5,2048,2,0.6386666666666667,0.7129254715617547,0.32318726327305847,215.00984738895204,1.1940988019341603,216.2039461908862
IoT_Original_Distribution,6q_5k,QSVC,full,3,L3,qiskit_heavy,0.01,6,6,3072,0,0.774,0.8188821352260708,0.43128561455225317,217.9456850719871,1.0861657779896632,219.03185084997676
IoT_Original_Distribution,6q_5k,QSVC,full,3,L3,qiskit_heavy,0.01,6,7,4096,1,0.8426666666666667,0.8694231492116528,0.5058896036482655,223.77870024507865,0.05348160001449287,223.83218184509315
IoT_Original_Distribution,6q_5k,QSVC,full,3,L3,qiskit_heavy,0.01,6,8,5120,2,0.758,0.8065572503589659,0.39665401067218703,218.22737177996896,0.945016962941736,219.1723887429107
IoT_Original_Distribution,6q_5k,QSVC,full,3,L3,qiskit_heavy,0.01,6,9,6144,0,0.6173333333333333,0.6946414227086183,0.3264968074857734,218.5390021710191,1.5890335839940235,220.12803575501312
IoT_Original_Distribution,6q_5k,QSVC,full,3,L3,qiskit_heavy,0.01,6,10,7168,1,0.796,0.8348308351681992,0.4391177635176183,226.08998421602882,0.08904111199080944,226.17902532801963
IoT_Original_Distribution,6q_5k,QSVC,full,3,L3,qiskit_heavy,0.01,6,11,8192,2,0.898,0.9107995344459167,0.6008407032055313,225.59886360203382,0.09300682810135186,225.69187043013517
IoT_Original_Distribution,6q_5k,QSVC,full,3,L3,qiskit_heavy,0.01,6,12,9216,0,0.7206666666666667,0.7783755316606931,0.37120576108868636,223.52675127994735,0.7687943020137027,224.29554558196105
IoT_Original_Distribution,6q_5k,QSVC,full,3,L3,qiskit_heavy,0.01,6,13,10240,1,0.6766666666666666,0.743914105336948,0.35186688028668617,226.31414496398065,0.054358692024834454,226.3685036560055
IoT_Original_Distribution,6q_5k,QSVC,full,3,L3,qiskit_heavy,0.01,6,14,11264,2,0.8146666666666667,0.849411118030274,0.4902062538604909,221.0427315790439,1.404040370020084,222.446771949064
IoT_Original_Distribution,6q_5k,QSVC,full,3,L3,qiskit_heavy,0.01,6,15,12288,0,0.7466666666666667,0.7985878074016786,0.4240120730829255,223.1035262820078,0.8751524389954284,223.97867872100323
IoT_Original_Distribution,6q_5k,QSVC,full,3,L3,qiskit_heavy,0.01,6,16,13312,1,0.7733333333333333,0.8183833333333332,0.4305564416675546,224.0421464650426,0.3803515989566222,224.42249806399923
IoT_Original_Distribution,6q_5k,QSVC,full,3,L3,qiskit_heavy,0.01,6,17,14336,2,0.7046666666666667,0.7661264128474994,0.39273714831063705,223.90198847604915,0.346934981062077,224.24892345711123
IoT_Original_Distribution,6q_5k,QSVC,full,3,L3,qiskit_heavy,0.01,6,18,15360,0,0.7133333333333334,0.7728745341614907,0.3895677415785848,219.6832479890436,0.9742492089280859,220.65749719797168
IoT_Original_Distribution,6q_5k,QSVC,full,3,L3,qiskit_heavy,0.01,6,19,16384,1,0.8293333333333334,0.8576917967077997,0.4341710105555557,219.5047902140068,1.04147404700052,220.5462642610073
IoT_Original_Distribution,6q_5k,QSVC,full,3,L3,qiskit_heavy,0.01,6,20,17408,2,0.7153333333333334,0.7744501979919161,0.39488031236799204,222.61400679301005,0.05448125896509737,222.66848805197515
IoT_Original_Distribution,6q_5k,QSVC,full,3,L3,qiskit_heavy,0.01,6,21,18432,0,0.72,0.7780553359683795,0.3954853030593299,223.53568386798725,0.3980620269430801,223.93374589493033
IoT_Original_Distribution,6q_5k,QSVC,full,3,L3,qiskit_heavy,0.01,6,22,19456,1,0.6573333333333333,0.7282581159958397,0.3405531068957161,223.2242712819716,0.39983600098639727,223.624107282958
IoT_Original_Distribution,6q_5k,QSVC,full,3,L3,qiskit_heavy,0.01,6,23,20480,2,0.9,0.9093560606060607,0.5461222012818563,223.02948917401955,0.09863535198383033,223.12812452600338
IoT_Original_Distribution,6q_5k,QSVC,full,3,L3,qiskit_heavy,0.01,6,24,21504,0,0.724,0.781202482497787,0.40617603177343203,217.94069515098818,1.5530579739715904,219.49375312495977
IoT_Original_Distribution,6q_5k,QSVC,full,3,L3,qiskit_heavy,0.01,6,25,22528,1,0.8593333333333333,0.8812944493620328,0.5193156502804276,225.2976770340465,0.05380039394367486,225.35147742799018
IoT_Original_Distribution,6q_5k,QSVC,full,3,L3,qiskit_heavy,0.01,6,26,23552,2,0.76,0.8078466318035579,0.38809676908390794,222.00985807308462,0.732525643077679,222.7423837161623
IoT_Original_Distribution,6q_5k,QSVC,full,3,L3,qiskit_heavy,0.01,6,27,24576,0,0.8013333333333333,0.8388699072356215,0.4491319360268085,210.15116728900466,0.7493435340002179,210.90051082300488
IoT_Original_Distribution,6q_5k,QSVC,full,3,L3,qiskit_heavy,0.01,6,28,25600,1,0.92,0.9274848484848485,0.6431657369421477,226.31540862692054,0.05428029503673315,226.36968892195728
IoT_Original_Distribution,6q_5k,QSVC,full,3,L3,qiskit_heavy,0.01,6,29,26624,2,0.894,0.9013310408557588,0.47493141149907103,223.1249318229966,0.7899705389281735,223.91490236192476
IoT_Original_Distribution,6q_5k,QSVC,full,3,L3,qiskit_heavy,0.02,6,0,42,0,0.906,0.8613179433368311,0.0,217.13428398605902,1.3094328329898417,218.44371681904886
IoT_Original_Distribution,6q_5k,QSVC,full,3,L3,qiskit_heavy,0.02,6,1,123,1,0.906,0.8613179433368311,0.0,225.2175926490454,0.055438657058402896,225.2730313061038
IoT_Original_Distribution,6q_5k,QSVC,full,3,L3,qiskit_heavy,0.02,6,2,456,2,0.906,0.8613179433368311,0.0,219.63085541897453,0.7551662879996002,220.38602170697413
IoT_Original_Distribution,6q_5k,QSVC,full,3,L3,qiskit_heavy,0.02,6,3,789,0,0.906,0.8613179433368311,0.0,219.32975521299522,0.9393865909660235,220.26914180396125
IoT_Original_Distribution,6q_5k,QSVC,full,3,L3,qiskit_heavy,0.02,6,4,1024,1,0.906,0.8613179433368311,0.0,224.8136984880548,0.05581312801223248,224.86951161606703
IoT_Original_Distribution,6q_5k,QSVC,full,3,L3,qiskit_heavy,0.02,6,5,2048,2,0.906,0.8613179433368311,0.0,219.4722430149559,1.8444914049468935,221.3167344199028
IoT_Original_Distribution,6q_5k,QSVC,full,3,L3,qiskit_heavy,0.02,6,6,3072,0,0.906,0.8613179433368311,0.0,210.2263451779727,1.8896849249722436,212.11603010294493
IoT_Original_Distribution,6q_5k,QSVC,full,3,L3,qiskit_heavy,0.02,6,7,4096,1,0.906,0.8613179433368311,0.0,224.59263822808862,0.09389628702774644,224.68653451511636
IoT_Original_Distribution,6q_5k,QSVC,full,3,L3,qiskit_heavy,0.02,6,8,5120,2,0.906,0.8613179433368311,0.0,224.8156044021016,0.09655388409737498,224.91215828619897
IoT_Original_Distribution,6q_5k,QSVC,full,3,L3,qiskit_heavy,0.02,6,9,6144,0,0.904,0.8615749872805292,0.021005946036533066,217.0132559160702,0.7438250619452447,217.75708097801544
IoT_Original_Distribution,6q_5k,QSVC,full,3,L3,qiskit_heavy,0.02,6,10,7168,1,0.906,0.8613179433368311,0.0,223.08472333406098,0.055416746996343136,223.14014008105733
IoT_Original_Distribution,6q_5k,QSVC,full,3,L3,qiskit_heavy,0.02,6,11,8192,2,0.906,0.8613179433368311,0.0,210.4984222879866,1.389714373042807,211.88813666102942
IoT_Original_Distribution,6q_5k,QSVC,full,3,L3,qiskit_heavy,0.02,6,12,9216,0,0.906,0.8613179433368311,0.0,221.06579717597924,0.35339994402602315,221.41919712000526
IoT_Original_Distribution,6q_5k,QSVC,full,3,L3,qiskit_heavy,0.02,6,13,10240,1,0.906,0.8613179433368311,0.0,220.75196257792413,0.07946205791085958,220.831424635835
IoT_Original_Distribution,6q_5k,QSVC,full,3,L3,qiskit_heavy,0.02,6,14,11264,2,0.906,0.8613179433368311,0.0,215.22936468094122,1.374712856952101,216.60407753789332
IoT_Original_Distribution,6q_5k,QSVC,full,3,L3,qiskit_heavy,0.02,6,15,12288,0,0.906,0.8613179433368311,0.0,225.2756755000446,0.10813559696543962,225.38381109701004
IoT_Original_Distribution,6q_5k,QSVC,full,3,L3,qiskit_heavy,0.02,6,16,13312,1,0.906,0.8613179433368311,0.0,225.89489929901902,0.3653138680383563,226.26021316705737
IoT_Original_Distribution,6q_5k,QSVC,full,3,L3,qiskit_heavy,0.02,6,17,14336,2,0.906,0.8613179433368311,0.0,223.73186869407073,1.6598031689645723,225.3916718630353
IoT_Original_Distribution,6q_5k,QSVC,full,3,L3,qiskit_heavy,0.02,6,18,15360,0,0.906,0.8613179433368311,0.0,223.98001487005968,0.09790070401504636,224.07791557407472
IoT_Original_Distribution,6q_5k,QSVC,full,3,L3,qiskit_heavy,0.02,6,19,16384,1,0.906,0.8613179433368311,0.0,224.35631217702758,0.4133658880600706,224.76967806508765
IoT_Original_Distribution,6q_5k,QSVC,full,3,L3,qiskit_heavy,0.02,6,20,17408,2,0.906,0.8613179433368311,0.0,223.84968214703258,0.415620114072226,224.2653022611048
IoT_Original_Distribution,6q_5k,QSVC,full,3,L3,qiskit_heavy,0.02,6,21,18432,0,0.906,0.8613179433368311,0.0,221.34013341006357,0.754815923050046,222.09494933311362
IoT_Original_Distribution,6q_5k,QSVC,full,3,L3,qiskit_heavy,0.02,6,22,19456,1,0.906,0.8613179433368311,0.0,223.22879369393922,0.05531950097065419,223.28411319490988
IoT_Original_Distribution,6q_5k,QSVC,full,3,L3,qiskit_heavy,0.02,6,23,20480,2,0.906,0.8613179433368311,0.0,214.32207710295916,1.2500510630197823,215.57212816597894
IoT_Original_Distribution,6q_5k,QSVC,full,3,L3,qiskit_heavy,0.02,6,24,21504,0,0.906,0.8613179433368311,0.0,222.4884860300226,0.7511772920843214,223.23966332210694
IoT_Original_Distribution,6q_5k,QSVC,full,3,L3,qiskit_heavy,0.02,6,25,22528,1,0.9133333333333333,0.893769619778985,0.32634077711275206,200.22733421705198,1.3520171419950202,201.579351359047
IoT_Original_Distribution,6q_5k,QSVC,full,3,L3,qiskit_heavy,0.02,6,26,23552,2,0.906,0.8613179433368311,0.0,224.9267133899266,0.05572085897438228,224.98243424890097
IoT_Original_Distribution,6q_5k,QSVC,full,3,L3,qiskit_heavy,0.02,6,27,24576,0,0.906,0.8613179433368311,0.0,217.35255949897692,2.056402907008305,219.40896240598522
IoT_Original_Distribution,6q_5k,QSVC,full,3,L3,qiskit_heavy,0.02,6,28,25600,1,0.906,0.8613179433368311,0.0,226.10449206503108,0.09220837103202939,226.1967004360631
IoT_Original_Distribution,6q_5k,QSVC,full,3,L3,qiskit_heavy,0.02,6,29,26624,2,0.8906666666666667,0.8568144668468094,0.004545871988667228,225.67870884388685,0.08929942199029028,225.76800826587714
IoT_Original_Distribution,6q_5k,QSVC,full,3,L3,qiskit_heavy,0.05,6,0,42,0,0.906,0.8613179433368311,0.0,224.8111882180674,0.35675036802422255,225.16793858609162
IoT_Original_Distribution,6q_5k,QSVC,full,3,L3,qiskit_heavy,0.05,6,1,123,1,0.906,0.8613179433368311,0.0,224.49230305291712,0.08075521292630583,224.57305826584343
IoT_Original_Distribution,6q_5k,QSVC,full,3,L3,qiskit_heavy,0.05,6,2,456,2,0.906,0.8613179433368311,0.0,199.51510403305292,1.291817841003649,200.80692187405657
IoT_Original_Distribution,6q_5k,QSVC,full,3,L3,qiskit_heavy,0.05,6,3,789,0,0.906,0.8613179433368311,0.0,221.70389508502558,0.7282578649464995,222.43215294997208
IoT_Original_Distribution,6q_5k,QSVC,full,3,L3,qiskit_heavy,0.05,6,4,1024,1,0.906,0.8613179433368311,0.0,215.39343886298593,1.1263832290424034,216.51982209202833
IoT_Original_Distribution,6q_5k,QSVC,full,3,L3,qiskit_heavy,0.05,6,5,2048,2,0.906,0.8613179433368311,0.0,223.88340085500386,0.055432983906939626,223.9388338389108
IoT_Original_Distribution,6q_5k,QSVC,full,3,L3,qiskit_heavy,0.05,6,6,3072,0,0.906,0.8613179433368311,0.0,223.38974181201775,0.3929780919570476,223.7827199039748
IoT_Original_Distribution,6q_5k,QSVC,full,3,L3,qiskit_heavy,0.05,6,7,4096,1,0.906,0.8613179433368311,0.0,223.88122140301857,0.09966716496273875,223.9808885679813
IoT_Original_Distribution,6q_5k,QSVC,full,3,L3,qiskit_heavy,0.05,6,8,5120,2,0.906,0.8613179433368311,0.0,223.59073460497893,0.3943720000097528,223.9851066049887
IoT_Original_Distribution,6q_5k,QSVC,full,3,L3,qiskit_heavy,0.05,6,9,6144,0,0.906,0.8613179433368311,0.0,225.88242933806032,0.10700809606350958,225.98943743412383
IoT_Original_Distribution,6q_5k,QSVC,full,3,L3,qiskit_heavy,0.05,6,10,7168,1,0.906,0.8613179433368311,0.0,224.52524108695798,0.12741995404940099,224.65266104100738
IoT_Original_Distribution,6q_5k,QSVC,full,3,L3,qiskit_heavy,0.05,6,11,8192,2,0.906,0.8613179433368311,0.0,225.3840539349476,0.23871768009848893,225.62277161504608
IoT_Original_Distribution,6q_5k,QSVC,full,3,L3,qiskit_heavy,0.05,6,12,9216,0,0.906,0.8613179433368311,0.0,210.8052459709579,1.0745869849342853,211.8798329558922
IoT_Original_Distribution,6q_5k,QSVC,full,3,L3,qiskit_heavy,0.05,6,13,10240,1,0.906,0.8613179433368311,0.0,225.74299632094335,0.05559774907305837,225.7985940700164
IoT_Original_Distribution,6q_5k,QSVC,full,3,L3,qiskit_heavy,0.05,6,14,11264,2,0.906,0.8613179433368311,0.0,222.48099539300893,0.7446724199689925,223.22566781297792
IoT_Original_Distribution,6q_5k,QSVC,full,3,L3,qiskit_heavy,0.05,6,15,12288,0,0.906,0.8613179433368311,0.0,218.70906999800354,0.9326423150487244,219.64171231305227
IoT_Original_Distribution,6q_5k,QSVC,full,3,L3,qiskit_heavy,0.05,6,16,13312,1,0.906,0.8613179433368311,0.0,224.86580979207065,0.0552622809773311,224.92107207304798
IoT_Original_Distribution,6q_5k,QSVC,full,3,L3,qiskit_heavy,0.05,6,17,14336,2,0.906,0.8613179433368311,0.0,218.75597787403967,1.1225679829949513,219.87854585703462
IoT_Original_Distribution,6q_5k,QSVC,full,3,L3,qiskit_heavy,0.05,6,18,15360,0,0.906,0.8613179433368311,0.0,224.32014541199896,0.35298262792639434,224.67312803992536
IoT_Original_Distribution,6q_5k,QSVC,full,3,L3,qiskit_heavy,0.05,6,19,16384,1,0.906,0.8613179433368311,0.0,218.65922488702927,0.7234578179195523,219.38268270494882
IoT_Original_Distribution,6q_5k,QSVC,full,3,L3,qiskit_heavy,0.05,6,20,17408,2,0.906,0.8613179433368311,0.0,223.92203471204266,0.07972717203665525,224.00176188407931
IoT_Original_Distribution,6q_5k,QSVC,full,3,L3,qiskit_heavy,0.05,6,21,18432,0,0.906,0.8613179433368311,0.0,211.12879563192837,1.4348926780512556,212.56368830997963
IoT_Original_Distribution,6q_5k,QSVC,full,3,L3,qiskit_heavy,0.05,6,22,19456,1,0.906,0.8613179433368311,0.0,224.21611885505263,0.07672931207343936,224.29284816712607
IoT_Original_Distribution,6q_5k,QSVC,full,3,L3,qiskit_heavy,0.05,6,23,20480,2,0.906,0.8613179433368311,0.0,223.78924059693236,0.36086137604434043,224.1501019729767
IoT_Original_Distribution,6q_5k,QSVC,full,3,L3,qiskit_heavy,0.05,6,24,21504,0,0.906,0.8613179433368311,0.0,203.9118165790569,1.6213942209724337,205.53321080002934
IoT_Original_Distribution,6q_5k,QSVC,full,3,L3,qiskit_heavy,0.05,6,25,22528,1,0.906,0.8613179433368311,0.0,218.03153997391928,0.728341924957931,218.7598818988772
IoT_Original_Distribution,6q_5k,QSVC,full,3,L3,qiskit_heavy,0.05,6,26,23552,2,0.906,0.8613179433368311,0.0,223.55922240496147,0.05545169999822974,223.6146741049597
IoT_Original_Distribution,6q_5k,QSVC,full,3,L3,qiskit_heavy,0.05,6,27,24576,0,0.906,0.8613179433368311,0.0,217.38531405699905,1.3638395289890468,218.7491535859881
IoT_Original_Distribution,6q_5k,QSVC,full,3,L3,qiskit_heavy,0.05,6,28,25600,1,0.906,0.8613179433368311,0.0,221.32406142901164,0.7236723169917241,222.04773374600336
IoT_Original_Distribution,6q_5k,QSVC,full,3,L3,qiskit_heavy,0.05,6,29,26624,2,0.906,0.8613179433368311,0.0,224.2273233619053,0.055574703961610794,224.2828980658669
IoT_Original_Distribution,6q_5k,QVE,full,0,L0,baseline_unoptimized,0.0,6,0,42,0,0.942,0.9469454753124061,0.7390818032083202,373.722326665069,4.912828832049854,378.63515549711883
IoT_Original_Distribution,6q_5k,QVE,full,0,L0,baseline_unoptimized,0.0,6,1,123,1,0.962,0.9642948135792173,0.8145445086835679,388.1105944570154,4.52530332095921,392.6358977779746
IoT_Original_Distribution,6q_5k,QVE,full,0,L0,baseline_unoptimized,0.0,6,2,456,2,0.9506666666666667,0.9545365998879238,0.7741138661931201,388.3099378179759,3.7922185589559376,392.1021563769318
IoT_Original_Distribution,6q_5k,QVE,full,0,L0,baseline_unoptimized,0.0,6,3,789,0,0.9486666666666667,0.9522169191565624,0.7540465406697309,369.8559560229769,4.313806496094912,374.1697625190718
IoT_Original_Distribution,6q_5k,QVE,full,0,L0,baseline_unoptimized,0.0,6,4,1024,1,0.9413333333333334,0.9463912386706949,0.7369966615990751,386.2216261778958,3.4149787770584226,389.63660495495424
IoT_Original_Distribution,6q_5k,QVE,full,0,L0,baseline_unoptimized,0.0,6,5,2048,2,0.948,0.9509622986214916,0.7384668422404976,386.4269346720539,3.4075547870015725,389.8344894590555
IoT_Original_Distribution,6q_5k,QVE,full,0,L0,baseline_unoptimized,0.0,6,6,3072,0,0.9546666666666667,0.9569284538432317,0.7673304473147916,368.63510706310626,4.560767454095185,373.19587451720145
IoT_Original_Distribution,6q_5k,QVE,full,0,L0,baseline_unoptimized,0.0,6,7,4096,1,0.9526666666666667,0.955838722862345,0.7723451313775843,384.4715630779974,4.440500059979968,388.9120631379774
IoT_Original_Distribution,6q_5k,QVE,full,0,L0,baseline_unoptimized,0.0,6,8,5120,2,0.9513333333333334,0.9543813446007381,0.7612229576744949,382.24216201889794,4.927707858965732,387.1698698778637
IoT_Original_Distribution,6q_5k,QVE,full,0,L0,baseline_unoptimized,0.0,6,9,6144,0,0.9426666666666667,0.947390024444791,0.7387984345228015,373.97721242695116,4.347011844976805,378.32422427192796
IoT_Original_Distribution,6q_5k,QVE,full,0,L0,baseline_unoptimized,0.0,6,10,7168,1,0.954,0.9562393949049455,0.7627853053861655,388.2581733119441,4.195400529075414,392.45357384101953
IoT_Original_Distribution,6q_5k,QVE,full,0,L0,baseline_unoptimized,0.0,6,11,8192,2,0.9546666666666667,0.9576555336789438,0.7815657603230876,387.2030310489936,3.958326185005717,391.1613572339993
IoT_Original_Distribution,6q_5k,QVE,full,0,L0,baseline_unoptimized,0.0,6,12,9216,0,0.956,0.9586073206657152,0.7823483883008538,369.1038417799864,4.740690120961517,373.8445319009479
IoT_Original_Distribution,6q_5k,QVE,full,0,L0,baseline_unoptimized,0.0,6,13,10240,1,0.9486666666666667,0.9518816922500936,0.747423687177894,381.26340661989525,4.998678746982478,386.2620853668777
IoT_Original_Distribution,6q_5k,QVE,full,0,L0,baseline_unoptimized,0.0,6,14,11264,2,0.96,0.9623702915142867,0.8031906329052634,381.11836077691987,4.463484650012106,385.581845426932
IoT_Original_Distribution,6q_5k,QVE,full,0,L0,baseline_unoptimized,0.0,6,15,12288,0,0.95,0.9531315184254159,0.7543233224261945,373.79423382901587,4.774216586025432,378.5684504150413
IoT_Original_Distribution,6q_5k,QVE,full,0,L0,baseline_unoptimized,0.0,6,16,13312,1,0.9506666666666667,0.9538110997616617,0.7588488724019831,389.7141054510139,3.7455889619886875,393.4596944130026
IoT_Original_Distribution,6q_5k,QVE,full,0,L0,baseline_unoptimized,0.0,6,17,14336,2,0.96,0.9620914179104478,0.7975184076102594,387.2114746290026,4.727154780179262,391.9386294091819
IoT_Original_Distribution,6q_5k,QVE,full,0,L0,baseline_unoptimized,0.0,6,18,15360,0,0.942,0.9470549994595411,0.7414829794411175,366.80114812706597,4.193005681154318,370.9941538082203
IoT_Original_Distribution,6q_5k,QVE,full,0,L0,baseline_unoptimized,0.0,6,19,16384,1,0.9506666666666667,0.9538110997616617,0.7588488724019831,381.9955669869669,3.9047264140099287,385.9002934009768
IoT_Original_Distribution,6q_5k,QVE,full,0,L0,baseline_unoptimized,0.0,6,20,17408,2,0.94,0.9448256966254448,0.7231186251269324,382.79691755597014,3.560008911998011,386.35692646796815
IoT_Original_Distribution,6q_5k,QVE,full,0,L0,baseline_unoptimized,0.0,6,21,18432,0,0.9533333333333334,0.9562039944501242,0.7705303644616922,381.706098762108,3.752300856052898,385.4583996181609
IoT_Original_Distribution,6q_5k,QVE,full,0,L0,baseline_unoptimized,0.0,6,22,19456,1,0.954,0.9568809969513825,0.7750222281710959,365.0118709090166,4.560992557089776,369.57286346610636
IoT_Original_Distribution,6q_5k,QVE,full,0,L0,baseline_unoptimized,0.0,6,23,20480,2,0.9553333333333334,0.9582294600985467,0.7839663000045791,381.1855390719138,4.9195945070823655,386.1051335789962
IoT_Original_Distribution,6q_5k,QVE,full,0,L0,baseline_unoptimized,0.0,6,24,21504,0,0.958,0.9603440059860919,0.7898447618906402,384.0840629041195,3.775929795112461,387.85999269923195
IoT_Original_Distribution,6q_5k,QVE,full,0,L0,baseline_unoptimized,0.0,6,25,22528,1,0.9633333333333334,0.9655476271378411,0.8214758585311084,372.2900229730876,4.294643189990893,376.5846661630785
IoT_Original_Distribution,6q_5k,QVE,full,0,L0,baseline_unoptimized,0.0,6,26,23552,2,0.9553333333333334,0.9575078182410339,0.7698838881119897,383.3021082789637,3.74551176012028,387.047620039084
IoT_Original_Distribution,6q_5k,QVE,full,0,L0,baseline_unoptimized,0.0,6,27,24576,0,0.9573333333333334,0.9590381580525243,0.7739017557777494,366.488671722007,4.771056576981209,371.2597282989882
IoT_Original_Distribution,6q_5k,QVE,full,0,L0,baseline_unoptimized,0.0,6,28,25600,1,0.9513333333333334,0.954903546141746,0.7719947622991625,381.300149604911,4.624248270993121,385.9243978759041
IoT_Original_Distribution,6q_5k,QVE,full,0,L0,baseline_unoptimized,0.0,6,29,26624,2,0.95,0.9532419329461342,0.7564924503461042,383.00555364601314,4.142823649919592,387.14837729593273
IoT_Original_Distribution,6q_5k,QVE,full,0,L0,baseline_unoptimized,0.0003,6,0,42,0,0.9466666666666667,0.9508503782572149,0.7540795177866658,262.2899628110463,0.7708772870246321,263.0608400980709
IoT_Original_Distribution,6q_5k,QVE,full,0,L0,baseline_unoptimized,0.0003,6,1,123,1,0.962,0.964463869039062,0.8183086120776727,255.62751427385956,2.134205842972733,257.7617201168323
IoT_Original_Distribution,6q_5k,QVE,full,0,L0,baseline_unoptimized,0.0003,6,2,456,2,0.95,0.9539719970523214,0.7718856181121257,259.1567633531522,1.8039607771206647,260.96072413027287
IoT_Original_Distribution,6q_5k,QVE,full,0,L0,baseline_unoptimized,0.0003,6,3,789,0,0.948,0.9516515444015443,0.7517601885785661,265.6687196539715,1.0845766998827457,266.75329635385424
IoT_Original_Distribution,6q_5k,QVE,full,0,L0,baseline_unoptimized,0.0003,6,4,1024,1,0.9533333333333334,0.9564101081989126,0.7747126855960206,262.44840164796915,2.1760854980675504,264.6244871460367
IoT_Original_Distribution,6q_5k,QVE,full,0,L0,baseline_unoptimized,0.0003,6,5,2048,2,0.9486666666666667,0.9519950511580313,0.7496239879314855,265.11561398697086,1.5300550820538774,266.64566906902473
IoT_Original_Distribution,6q_5k,QVE,full,0,L0,baseline_unoptimized,0.0003,6,6,3072,0,0.952,0.9546228899846461,0.7573170657875256,264.93434602196794,1.1994275689357892,266.13377359090373
IoT_Original_Distribution,6q_5k,QVE,full,0,L0,baseline_unoptimized,0.0003,6,7,4096,1,0.9573333333333334,0.9596647910974632,0.7853694824262574,260.89350529992953,2.2190827319864184,263.11258803191595
IoT_Original_Distribution,6q_5k,QVE,full,0,L0,baseline_unoptimized,0.0003,6,8,5120,2,0.9513333333333334,0.9542723051102255,0.759093709903244,262.924382733996,2.4438651790842414,265.36824791308027
IoT_Original_Distribution,6q_5k,QVE,full,0,L0,baseline_unoptimized,0.0003,6,9,6144,0,0.944,0.9486135122484006,0.7454219345005928,263.63431449991185,1.6393450018949807,265.27365950180683
IoT_Original_Distribution,6q_5k,QVE,full,0,L0,baseline_unoptimized,0.0003,6,10,7168,1,0.9533333333333334,0.9556616436621502,0.7602492708201275,257.2933928729035,1.907869721064344,259.20126259396784
IoT_Original_Distribution,6q_5k,QVE,full,0,L0,baseline_unoptimized,0.0003,6,11,8192,2,0.9486666666666667,0.95253801453372,0.7607320737467842,264.4394949800335,0.9060262850252911,265.3455212650588
IoT_Original_Distribution,6q_5k,QVE,full,0,L0,baseline_unoptimized,0.0003,6,12,9216,0,0.9533333333333334,0.956307797071842,0.7726168364131227,264.1669548850041,2.3493620508816093,266.5163169358857
IoT_Original_Distribution,6q_5k,QVE,full,0,L0,baseline_unoptimized,0.0003,6,13,10240,1,0.946,0.9497346811906696,0.7404311685150645,260.41725119098555,2.113043311983347,262.5302945029689
IoT_Original_Distribution,6q_5k,QVE,full,0,L0,baseline_unoptimized,0.0003,6,14,11264,2,0.9633333333333334,0.9652938570327191,0.816030057247948,265.9187384999823,1.3791728920768946,267.2979113920592
IoT_Original_Distribution,6q_5k,QVE,full,0,L0,baseline_unoptimized,0.0003,6,15,12288,0,0.9473333333333334,0.9513052356904398,0.7540118257454874,260.6215915780049,2.183960427995771,262.80555200600065
IoT_Original_Distribution,6q_5k,QVE,full,0,L0,baseline_unoptimized,0.0003,6,16,13312,1,0.9486666666666667,0.9519950511580313,0.7496239879314855,263.75724994402844,1.312875090050511,265.07012503407896
IoT_Original_Distribution,6q_5k,QVE,full,0,L0,baseline_unoptimized,0.0003,6,17,14336,2,0.96,0.9618985455300044,0.7938063807213714,264.89616931101773,1.0632655979134142,265.95943490893114
IoT_Original_Distribution,6q_5k,QVE,full,0,L0,baseline_unoptimized,0.0003,6,18,15360,0,0.954,0.9570827025000254,0.7791829486041725,258.3825035740156,2.1701547240372747,260.55265829805285
IoT_Original_Distribution,6q_5k,QVE,full,0,L0,baseline_unoptimized,0.0003,6,19,16384,1,0.9486666666666667,0.9521067839493036,0.7518316796978198,253.1673433840042,1.572695683920756,254.74003906792495
IoT_Original_Distribution,6q_5k,QVE,full,0,L0,baseline_unoptimized,0.0003,6,20,17408,2,0.9393333333333334,0.9442721860196329,0.7210161497725717,260.92949688096996,1.2225894018774852,262.15208628284745
IoT_Original_Distribution,6q_5k,QVE,full,0,L0,baseline_unoptimized,0.0003,6,21,18432,0,0.9526666666666667,0.9556311707760604,0.7681225929227954,261.5071926799137,0.9242793370503932,262.4314720169641
IoT_Original_Distribution,6q_5k,QVE,full,0,L0,baseline_unoptimized,0.0003,6,22,19456,1,0.9526666666666667,0.9557356965223406,0.7702293751753417,249.8756118429592,2.5750848561292514,252.45069669908844
IoT_Original_Distribution,6q_5k,QVE,full,0,L0,baseline_unoptimized,0.0003,6,23,20480,2,0.9546666666666667,0.9576555336789438,0.7815657603230876,261.15685207396746,0.8925375840626657,262.0493896580301
IoT_Original_Distribution,6q_5k,QVE,full,0,L0,baseline_unoptimized,0.0003,6,24,21504,0,0.9573333333333334,0.9597639373304546,0.7873266306645084,253.86949093500152,2.0442840829491615,255.91377501795068
IoT_Original_Distribution,6q_5k,QVE,full,0,L0,baseline_unoptimized,0.0003,6,25,22528,1,0.95,0.953770793377,0.7674523217480809,260.6585581860272,0.9605795600218698,261.6191377460491
IoT_Original_Distribution,6q_5k,QVE,full,0,L0,baseline_unoptimized,0.0003,6,26,23552,2,0.954,0.9563502927251915,0.7647973243773094,262.37999464804307,1.533842136966996,263.91383678501006
IoT_Original_Distribution,6q_5k,QVE,full,0,L0,baseline_unoptimized,0.0003,6,27,24576,0,0.956,0.9577581004916655,0.7666767267826812,261.9820317119593,2.042520625051111,264.0245523370104
IoT_Original_Distribution,6q_5k,QVE,full,0,L0,baseline_unoptimized,0.0003,6,28,25600,1,0.9506666666666667,0.9543366651923928,0.7697154785406367,263.8044928278541,1.0718855978921056,264.8763784257462
IoT_Original_Distribution,6q_5k,QVE,full,0,L0,baseline_unoptimized,0.0003,6,29,26624,2,0.9506666666666667,0.9538110997616617,0.7588488724019831,257.6820891239913,2.0968557151500136,259.77894483914133
IoT_Original_Distribution,6q_5k,QVE,full,0,L0,baseline_unoptimized,0.0005,6,0,42,0,0.948,0.951974496059562,0.7584990023965682,264.402741241036,0.9956982069415972,265.3984394479776
IoT_Original_Distribution,6q_5k,QVE,full,0,L0,baseline_unoptimized,0.0005,6,1,123,1,0.962,0.964463869039062,0.8183086120776727,254.64328431803733,2.298087919014506,256.94137223705184
IoT_Original_Distribution,6q_5k,QVE,full,0,L0,baseline_unoptimized,0.0005,6,2,456,2,0.9453333333333334,0.950046381488602,0.7567084279524907,262.31962572899647,1.3066029249457642,263.62622865394223
IoT_Original_Distribution,6q_5k,QVE,full,0,L0,baseline_unoptimized,0.0005,6,3,789,0,0.9466666666666667,0.9505238309052676,0.7472366777523624,263.595469962107,1.5086387749761343,265.10410873708315
IoT_Original_Distribution,6q_5k,QVE,full,0,L0,baseline_unoptimized,0.0005,6,4,1024,1,0.942,0.9469454753124061,0.7390818032083202,261.68738082202617,2.2151803779415786,263.90256119996775
IoT_Original_Distribution,6q_5k,QVE,full,0,L0,baseline_unoptimized,0.0005,6,5,2048,2,0.9493333333333334,0.9525627511065713,0.7519648903964132,263.49610332609154,0.6152177890762687,264.1113211151678
IoT_Original_Distribution,6q_5k,QVE,full,0,L0,baseline_unoptimized,0.0005,6,6,3072,0,0.952,0.9546228899846461,0.7573170657875256,257.920826646965,1.7197058650199324,259.64053251198493
IoT_Original_Distribution,6q_5k,QVE,full,0,L0,baseline_unoptimized,0.0005,6,7,4096,1,0.9546666666666667,0.9576555336789438,0.7815657603230876,258.08143486699555,1.3451020679203793,259.42653693491593
IoT_Original_Distribution,6q_5k,QVE,full,0,L0,baseline_unoptimized,0.0005,6,8,5120,2,0.952,0.9551646827188816,0.7678596108689535,262.9638228879776,1.4391625539865345,264.4029854419641
IoT_Original_Distribution,6q_5k,QVE,full,0,L0,baseline_unoptimized,0.0005,6,9,6144,0,0.9613333333333334,0.9633550373134327,0.8045652417560019,264.8575759589439,0.7801016541197896,265.6376776130637
IoT_Original_Distribution,6q_5k,QVE,full,0,L0,baseline_unoptimized,0.0005,6,10,7168,1,0.9533333333333334,0.9556616436621502,0.7602492708201275,264.3431013079826,1.4408526489278302,265.7839539569104
IoT_Original_Distribution,6q_5k,QVE,full,0,L0,baseline_unoptimized,0.0005,6,11,8192,2,0.954,0.9571813950883481,0.7812772849790636,262.17591454309877,2.1532359779812396,264.32915052108
IoT_Original_Distribution,6q_5k,QVE,full,0,L0,baseline_unoptimized,0.0005,6,12,9216,0,0.9533333333333334,0.956307797071842,0.7726168364131227,260.07110912096687,1.555403679027222,261.6265127999941
IoT_Original_Distribution,6q_5k,QVE,full,0,L0,baseline_unoptimized,0.0005,6,13,10240,1,0.946,0.9497346811906696,0.7404311685150645,253.26068234595004,1.7707530149491504,255.0314353608992
IoT_Original_Distribution,6q_5k,QVE,full,0,L0,baseline_unoptimized,0.0005,6,14,11264,2,0.9606666666666667,0.9631301278279939,0.8095204044125982,260.7928320079809,1.7819444769993424,262.57477648498025
IoT_Original_Distribution,6q_5k,QVE,full,0,L0,baseline_unoptimized,0.0005,6,15,12288,0,0.95,0.9531315184254159,0.7543233224261945,259.17942384595517,2.2407247009687126,261.4201485469239
IoT_Original_Distribution,6q_5k,QVE,full,0,L0,baseline_unoptimized,0.0005,6,16,13312,1,0.9486666666666667,0.9522169191565624,0.7540465406697309,257.8563086350914,2.3472736960975453,260.20358233118895
IoT_Original_Distribution,6q_5k,QVE,full,0,L0,baseline_unoptimized,0.0005,6,17,14336,2,0.9586666666666667,0.960728884386476,0.7885739767987839,261.8386155880289,0.7125315049197525,262.55114709294867
IoT_Original_Distribution,6q_5k,QVE,full,0,L0,baseline_unoptimized,0.0005,6,18,15360,0,0.9453333333333334,0.9498370000520102,0.7520454344783841,262.8439142340794,1.397172878147103,264.2410871122265
IoT_Original_Distribution,6q_5k,QVE,full,0,L0,baseline_unoptimized,0.0005,6,19,16384,1,0.9473333333333334,0.950975800173616,0.7472388545923977,257.23499378806446,2.020437909057364,259.2554316971218
IoT_Original_Distribution,6q_5k,QVE,full,0,L0,baseline_unoptimized,0.0005,6,20,17408,2,0.9473333333333334,0.9507481693699283,0.7427555255168669,264.16064854408614,0.7522993569727987,264.91294790105894
IoT_Original_Distribution,6q_5k,QVE,full,0,L0,baseline_unoptimized,0.0005,6,21,18432,0,0.952,0.9550594484167518,0.7657328544075529,260.9025154620176,2.0228957110084593,262.9254111730261
IoT_Original_Distribution,6q_5k,QVE,full,0,L0,baseline_unoptimized,0.0005,6,22,19456,1,0.9526666666666667,0.9557356965223406,0.7702293751753417,261.33295307308435,0.7829595080111176,262.1159125810955
IoT_Original_Distribution,6q_5k,QVE,full,0,L0,baseline_unoptimized,0.0005,6,23,20480,2,0.954,0.9570827025000254,0.7791829486041725,254.01339659804944,1.6255728059913963,255.63896940404084
IoT_Original_Distribution,6q_5k,QVE,full,0,L0,baseline_unoptimized,0.0005,6,24,21504,0,0.956,0.9587066233386886,0.7843612123097239,259.2072544210823,2.1008626599796116,261.30811708106194
IoT_Original_Distribution,6q_5k,QVE,full,0,L0,baseline_unoptimized,0.0005,6,25,22528,1,0.9593333333333334,0.9621458710201338,0.8085080292883963,254.56283732596785,2.654865648946725,257.2177029749146
IoT_Original_Distribution,6q_5k,QVE,full,0,L0,baseline_unoptimized,0.0005,6,26,23552,2,0.9526666666666667,0.9551975245331462,0.7597909078855808,259.89465572405607,1.229236401966773,261.12389212602284
IoT_Original_Distribution,6q_5k,QVE,full,0,L0,baseline_unoptimized,0.0005,6,27,24576,0,0.956,0.9577581004916655,0.7666767267826812,266.09854546911083,0.3020733140874654,266.4006187831983
IoT_Original_Distribution,6q_5k,QVE,full,0,L0,baseline_unoptimized,0.0005,6,28,25600,1,0.95,0.953770793377,0.7674523217480809,252.7517548429314,1.0727757078129798,253.82453055074438
IoT_Original_Distribution,6q_5k,QVE,full,0,L0,baseline_unoptimized,0.0005,6,29,26624,2,0.9493333333333334,0.9526738317588194,0.7541534614148194,264.2323317548726,1.398068527923897,265.6304002827965
IoT_Original_Distribution,6q_5k,QVE,full,0,L0,baseline_unoptimized,0.001,6,0,42,0,0.948,0.951974496059562,0.7584990023965682,264.4104895249475,1.8164251748239622,266.22691469977144
IoT_Original_Distribution,6q_5k,QVE,full,0,L0,baseline_unoptimized,0.001,6,1,123,1,0.958,0.9610811425606849,0.8057393317600834,264.1566110381391,1.433955249027349,265.59056628716644
IoT_Original_Distribution,6q_5k,QVE,full,0,L0,baseline_unoptimized,0.001,6,2,456,2,0.944,0.9489330104923326,0.7525019837780226,260.94320328196045,1.375240780878812,262.31844406283926
IoT_Original_Distribution,6q_5k,QVE,full,0,L0,baseline_unoptimized,0.001,6,3,789,0,0.948,0.951760735132636,0.7540001023622749,256.05282027705107,1.793526393128559,257.8463466701796
IoT_Original_Distribution,6q_5k,QVE,full,0,L0,baseline_unoptimized,0.001,6,4,1024,1,0.946,0.9498488864324945,0.7427122477486998,263.5854327940615,1.4767865859903395,265.06221938005183
IoT_Original_Distribution,6q_5k,QVE,full,0,L0,baseline_unoptimized,0.001,6,5,2048,2,0.948,0.9510813789685726,0.7406638990920347,260.2183743289206,1.6954486559843644,261.913822984905
IoT_Original_Distribution,6q_5k,QVE,full,0,L0,baseline_unoptimized,0.001,6,6,3072,0,0.952,0.9546228899846461,0.7573170657875256,258.8452336679911,2.1525391989853233,260.99777286697645
IoT_Original_Distribution,6q_5k,QVE,full,0,L0,baseline_unoptimized,0.001,6,7,4096,1,0.956,0.9585065603720313,0.7803466608896497,266.51970950793475,1.4616837970679626,267.9813933050027
IoT_Original_Distribution,6q_5k,QVE,full,0,L0,baseline_unoptimized,0.001,6,8,5120,2,0.952,0.9551646827188816,0.7678596108689535,266.79107645805925,1.5915508201578632,268.3826272782171
IoT_Original_Distribution,6q_5k,QVE,full,0,L0,baseline_unoptimized,0.001,6,9,6144,0,0.9513333333333334,0.9546991571224553,0.7676619128243972,261.06832714402117,1.5565306250937283,262.6248577691149
IoT_Original_Distribution,6q_5k,QVE,full,0,L0,baseline_unoptimized,0.001,6,10,7168,1,0.9533333333333334,0.9556616436621502,0.7602492708201275,263.9407896850025,1.121334132971242,265.06212381797377
IoT_Original_Distribution,6q_5k,QVE,full,0,L0,baseline_unoptimized,0.001,6,11,8192,2,0.9546666666666667,0.9577534982548032,0.7836403245099142,256.3948797099292,2.304477319121361,258.6993570290506
IoT_Original_Distribution,6q_5k,QVE,full,0,L0,baseline_unoptimized,0.001,6,12,9216,0,0.9513333333333334,0.9544888147342375,0.763360912760723,256.7849360050168,3.216898464015685,260.0018344690325
IoT_Original_Distribution,6q_5k,QVE,full,0,L0,baseline_unoptimized,0.001,6,13,10240,1,0.954,0.9562393949049455,0.7627853053861655,264.614431448048,1.7018379799555987,266.3162694280036
IoT_Original_Distribution,6q_5k,QVE,full,0,L0,baseline_unoptimized,0.001,6,14,11264,2,0.9606666666666667,0.9631301278279939,0.8095204044125982,264.8244426440215,0.579708319157362,265.40415096317884
IoT_Original_Distribution,6q_5k,QVE,full,0,L0,baseline_unoptimized,0.001,6,15,12288,0,0.9473333333333334,0.9513052356904398,0.7540118257454874,264.44337284890935,1.4943285001209006,265.93770134903025
IoT_Original_Distribution,6q_5k,QVE,full,0,L0,baseline_unoptimized,0.001,6,16,13312,1,0.9486666666666667,0.9519950511580313,0.7496239879314855,263.09544714097865,1.6725612800801173,264.76800842105877
IoT_Original_Distribution,6q_5k,QVE,full,0,L0,baseline_unoptimized,0.001,6,17,14336,2,0.9446666666666667,0.9490623434045687,0.745228427266977,260.3387394050369,1.9127425820333883,262.2514819870703
IoT_Original_Distribution,6q_5k,QVE,full,0,L0,baseline_unoptimized,0.001,6,18,15360,0,0.9446666666666667,0.9492787994798958,0.7499043866560298,255.88209671410732,1.5089410399086773,257.391037754016
IoT_Original_Distribution,6q_5k,QVE,full,0,L0,baseline_unoptimized,0.001,6,19,16384,1,0.9473333333333334,0.950975800173616,0.7472388545923977,266.3080451730639,0.8508543550269678,267.15889952809084
IoT_Original_Distribution,6q_5k,QVE,full,0,L0,baseline_unoptimized,0.001,6,20,17408,2,0.938,0.9431678114654254,0.7168538090056512,263.9447137840325,1.3011692599393427,265.24588304397184
IoT_Original_Distribution,6q_5k,QVE,full,0,L0,baseline_unoptimized,0.001,6,21,18432,0,0.9506666666666667,0.9539192572388504,0.7610065361418865,263.7168915440561,1.6315799789736047,265.34847152302973
IoT_Original_Distribution,6q_5k,QVE,full,0,L0,baseline_unoptimized,0.001,6,22,19456,1,0.9526666666666667,0.9557356965223406,0.7702293751753417,264.09684396209195,1.1212539949920028,265.21809795708396
IoT_Original_Distribution,6q_5k,QVE,full,0,L0,baseline_unoptimized,0.001,6,23,20480,2,0.9566666666666667,0.959380649302027,0.7888214986676968,264.1383367871167,1.0952752348966897,265.2336120220134
IoT_Original_Distribution,6q_5k,QVE,full,0,L0,baseline_unoptimized,0.001,6,24,21504,0,0.948,0.951974496059562,0.7584990023965682,261.82381816999987,1.2544947760179639,263.07831294601783
IoT_Original_Distribution,6q_5k,QVE,full,0,L0,baseline_unoptimized,0.001,6,25,22528,1,0.95,0.953770793377,0.7674523217480809,249.59803349291906,2.336248608888127,251.93428210180718
IoT_Original_Distribution,6q_5k,QVE,full,0,L0,baseline_unoptimized,0.001,6,26,23552,2,0.9446666666666667,0.9486105873320623,0.7359341918993468,257.4555022181012,2.589467955986038,260.0449701740872
IoT_Original_Distribution,6q_5k,QVE,full,0,L0,baseline_unoptimized,0.001,6,27,24576,0,0.956,0.9577581004916655,0.7666767267826812,256.87237824487966,2.077278459095396,258.94965670397505
IoT_Original_Distribution,6q_5k,QVE,full,0,L0,baseline_unoptimized,0.001,6,28,25600,1,0.946,0.9501818772350061,0.7495895011487894,259.26871563703753,1.5418764859205112,260.81059212295804
IoT_Original_Distribution,6q_5k,QVE,full,0,L0,baseline_unoptimized,0.001,6,29,26624,2,0.962,0.9637569566374035,0.8035883872841665,263.571069835918,1.3242312129586935,264.8953010488767
IoT_Original_Distribution,6q_5k,QVE,full,0,L0,baseline_unoptimized,0.002,6,0,42,0,0.9426666666666667,0.9476096196099973,0.7435672503835469,263.65978783206083,0.9315333850681782,264.591321217129
IoT_Original_Distribution,6q_5k,QVE,full,0,L0,baseline_unoptimized,0.002,6,1,123,1,0.9613333333333334,0.963882661079099,0.8158311339584228,259.6937748870114,2.482064734096639,262.175839621108
IoT_Original_Distribution,6q_5k,QVE,full,0,L0,baseline_unoptimized,0.002,6,2,456,2,0.9446666666666667,0.9494892523579529,0.7545982153870833,260.9290639141109,1.3274438719963655,262.25650778610725
IoT_Original_Distribution,6q_5k,QVE,full,0,L0,baseline_unoptimized,0.002,6,3,789,0,0.9473333333333334,0.9511969882903826,0.75174802062261,264.52488183707464,2.1867901909863576,266.711672028061
IoT_Original_Distribution,6q_5k,QVE,full,0,L0,baseline_unoptimized,0.002,6,4,1024,1,0.9393333333333334,0.944620746561129,0.7283677434951519,266.0559816840105,1.1731095568975434,267.229091240908
IoT_Original_Distribution,6q_5k,QVE,full,0,L0,baseline_unoptimized,0.002,6,5,2048,2,0.9473333333333334,0.9507481693699283,0.7427555255168669,265.03649693599436,1.513209896045737,266.5497068320401
IoT_Original_Distribution,6q_5k,QVE,full,0,L0,baseline_unoptimized,0.002,6,6,3072,0,0.956,0.9581952640243129,0.7744116238094557,265.39127682498656,1.2010635719634593,266.59234039695
IoT_Original_Distribution,6q_5k,QVE,full,0,L0,baseline_unoptimized,0.002,6,7,4096,1,0.952,0.9552684099168505,0.7699949480535957,259.68953231396154,2.318387285922654,262.0079195998842
IoT_Original_Distribution,6q_5k,QVE,full,0,L0,baseline_unoptimized,0.002,6,8,5120,2,0.9506666666666667,0.9540258657478741,0.7631722598254365,264.6382327809697,1.4810038211289793,266.1192366020987
IoT_Original_Distribution,6q_5k,QVE,full,0,L0,baseline_unoptimized,0.002,6,9,6144,0,0.9386666666666666,0.9440694876820784,0.7263229935789228,262.9543263580417,0.6065013650804758,263.5608277231222
IoT_Original_Distribution,6q_5k,QVE,full,0,L0,baseline_unoptimized,0.002,6,10,7168,1,0.9526666666666667,0.9550850838186752,0.7577333966758897,257.8425755769713,1.8995380389969796,259.74211361596826
IoT_Original_Distribution,6q_5k,QVE,full,0,L0,baseline_unoptimized,0.002,6,11,8192,2,0.954,0.9571813950883481,0.7812772849790636,263.40879802196287,1.1600921839708462,264.5688902059337
IoT_Original_Distribution,6q_5k,QVE,full,0,L0,baseline_unoptimized,0.002,6,12,9216,0,0.9486666666666667,0.9522169191565624,0.7540465406697309,247.1471681089606,0.8312651348533109,247.97843324381392
IoT_Original_Distribution,6q_5k,QVE,full,0,L0,baseline_unoptimized,0.002,6,13,10240,1,0.9513333333333334,0.9539354829706997,0.7527610142152849,262.95979067403823,0.3183279540389776,263.2781186280772
IoT_Original_Distribution,6q_5k,QVE,full,0,L0,baseline_unoptimized,0.002,6,14,11264,2,0.9566666666666667,0.9595706617753863,0.7928585830573488,261.23391543806065,1.6712380870012566,262.9051535250619
IoT_Original_Distribution,6q_5k,QVE,full,0,L0,baseline_unoptimized,0.002,6,15,12288,0,0.9446666666666667,0.9489518001296976,0.7428974547506464,264.3996149270097,1.0993705639848486,265.4989854909945
IoT_Original_Distribution,6q_5k,QVE,full,0,L0,baseline_unoptimized,0.002,6,16,13312,1,0.9453333333333334,0.9489375553187261,0.7335942372336183,258.18362691195216,2.1002257550135255,260.2838526669657
IoT_Original_Distribution,6q_5k,QVE,full,0,L0,baseline_unoptimized,0.002,6,17,14336,2,0.9586666666666667,0.960728884386476,0.7885739767987839,262.3204352919711,1.7680710710119456,264.088506362983
IoT_Original_Distribution,6q_5k,QVE,full,0,L0,baseline_unoptimized,0.002,6,18,15360,0,0.9453333333333334,0.9498370000520102,0.7520454344783841,251.98347504797857,2.4312487619463354,254.4147238099249
IoT_Original_Distribution,6q_5k,QVE,full,0,L0,baseline_unoptimized,0.002,6,19,16384,1,0.9473333333333334,0.950975800173616,0.7472388545923977,262.1158338468522,0.951260250993073,263.06709409784526
IoT_Original_Distribution,6q_5k,QVE,full,0,L0,baseline_unoptimized,0.002,6,20,17408,2,0.9373333333333334,0.9426169272237198,0.7147936052955975,260.48866860195994,1.2595893759280443,261.748257977888
IoT_Original_Distribution,6q_5k,QVE,full,0,L0,baseline_unoptimized,0.002,6,21,18432,0,0.9493333333333334,0.9527833215788977,0.7563495715972772,260.35533210402355,1.5257536539575085,261.88108575798105
IoT_Original_Distribution,6q_5k,QVE,full,0,L0,baseline_unoptimized,0.002,6,22,19456,1,0.9486666666666667,0.9523254846333591,0.7562683594474058,250.2549799469998,1.7697419420583174,252.02472188905813
IoT_Original_Distribution,6q_5k,QVE,full,0,L0,baseline_unoptimized,0.002,6,23,20480,2,0.9506666666666667,0.9542345435873726,0.7675269515821,263.2352214079583,0.6671855919994414,263.90240699995775
IoT_Original_Distribution,6q_5k,QVE,full,0,L0,baseline_unoptimized,0.002,6,24,21504,0,0.9513333333333334,0.9546991571224553,0.7676619128243972,258.2225497040199,2.3772891469998285,260.59983885101974
IoT_Original_Distribution,6q_5k,QVE,full,0,L0,baseline_unoptimized,0.002,6,25,22528,1,0.9553333333333334,0.9587019087501198,0.7943333137532675,264.4781656519044,1.4153586569009349,265.89352430880535
IoT_Original_Distribution,6q_5k,QVE,full,0,L0,baseline_unoptimized,0.002,6,26,23552,2,0.9486666666666667,0.9518816922500936,0.747423687177894,261.0995353900362,1.3611566259060055,262.4606920159422
IoT_Original_Distribution,6q_5k,QVE,full,0,L0,baseline_unoptimized,0.002,6,27,24576,0,0.954,0.9560126035782271,0.7587971950873912,263.01679746003356,1.623637808021158,264.6404352680547
IoT_Original_Distribution,6q_5k,QVE,full,0,L0,baseline_unoptimized,0.002,6,28,25600,1,0.95,0.9538721085509316,0.7696656403432183,262.609864588012,1.383844012976624,263.9937086009886
IoT_Original_Distribution,6q_5k,QVE,full,0,L0,baseline_unoptimized,0.002,6,29,26624,2,0.9593333333333334,0.9614111283512563,0.7930530351829883,263.8028392420383,1.0728009101003408,264.87564015213866
IoT_Original_Distribution,6q_5k,QVE,full,0,L0,baseline_unoptimized,0.005,6,0,42,0,0.942,0.9468344042741075,0.7366841555958783,258.8796852469677,1.3449046951718628,260.2245899421396
IoT_Original_Distribution,6q_5k,QVE,full,0,L0,baseline_unoptimized,0.005,6,1,123,1,0.9526666666666667,0.9564268238761976,0.7852142135347001,263.1819301688811,1.6464436830719933,264.8283738519531
IoT_Original_Distribution,6q_5k,QVE,full,0,L0,baseline_unoptimized,0.005,6,2,456,2,0.934,0.9405777270464686,0.720066657906222,255.96356353187002,1.3046472349669784,257.268210766837
IoT_Original_Distribution,6q_5k,QVE,full,0,L0,baseline_unoptimized,0.005,6,3,789,0,0.9433333333333334,0.9478349299926309,0.7385641295556898,263.49726844602264,1.8719250300200656,265.3691934760427
IoT_Original_Distribution,6q_5k,QVE,full,0,L0,baseline_unoptimized,0.005,6,4,1024,1,0.9493333333333334,0.9531025210084034,0.7629809563562645,262.42718871694524,2.141243464080617,264.56843218102586
IoT_Original_Distribution,6q_5k,QVE,full,0,L0,baseline_unoptimized,0.005,6,5,2048,2,0.9446666666666667,0.9486105873320623,0.7359341918993468,265.4028828958981,0.1164559090975672,265.51933880499564
IoT_Original_Distribution,6q_5k,QVE,full,0,L0,baseline_unoptimized,0.005,6,6,3072,0,0.9493333333333334,0.9524500511172777,0.7497840926896447,262.96323462901637,1.2406145880231634,264.20384921703953
IoT_Original_Distribution,6q_5k,QVE,full,0,L0,baseline_unoptimized,0.005,6,7,4096,1,0.952,0.9551646827188816,0.7678596108689535,261.54627440602053,1.2677300550276414,262.81400446104817
IoT_Original_Distribution,6q_5k,QVE,full,0,L0,baseline_unoptimized,0.005,6,8,5120,2,0.944,0.9483928971700757,0.7407232855156963,263.3143676259788,1.4499701570020989,264.7643377829809
IoT_Original_Distribution,6q_5k,QVE,full,0,L0,baseline_unoptimized,0.005,6,9,6144,0,0.934,0.9403499844865032,0.7149393324537522,262.4856006309856,0.9499589960323647,263.43555962701794
IoT_Original_Distribution,6q_5k,QVE,full,0,L0,baseline_unoptimized,0.005,6,10,7168,1,0.9413333333333334,0.9455762139957945,0.7201829793127119,260.3850092330249,1.9538175819907337,262.33882681501564
IoT_Original_Distribution,6q_5k,QVE,full,0,L0,baseline_unoptimized,0.005,6,11,8192,2,0.944,0.9488280005492996,0.7501378391680188,260.3331753159873,1.4854304729960859,261.8186057889834
IoT_Original_Distribution,6q_5k,QVE,full,0,L0,baseline_unoptimized,0.005,6,12,9216,0,0.9466666666666667,0.9505238309052676,0.7472366777523624,261.5171467449982,1.6788399569923058,263.1959867019905
IoT_Original_Distribution,6q_5k,QVE,full,0,L0,baseline_unoptimized,0.005,6,13,10240,1,0.9433333333333334,0.94737228823163,0.729156136049994,259.4081247530412,2.093093388946727,261.5012181419879
IoT_Original_Distribution,6q_5k,QVE,full,0,L0,baseline_unoptimized,0.005,6,14,11264,2,0.9566666666666667,0.9595706617753863,0.7928585830573488,264.16813725896645,0.8588904358912259,265.0270276948577
IoT_Original_Distribution,6q_5k,QVE,full,0,L0,baseline_unoptimized,0.005,6,15,12288,0,0.9453333333333334,0.9492869266778994,0.7404732531424497,259.23196946899407,2.453503638971597,261.68547310796566
IoT_Original_Distribution,6q_5k,QVE,full,0,L0,baseline_unoptimized,0.005,6,16,13312,1,0.9406666666666667,0.9447702052588839,0.7132004242057319,262.0112352549331,1.9619049630127847,263.9731402179459
IoT_Original_Distribution,6q_5k,QVE,full,0,L0,baseline_unoptimized,0.005,6,17,14336,2,0.952,0.9551646827188816,0.7678596108689535,262.02957178791985,1.457713367184624,263.4872851551045
IoT_Original_Distribution,6q_5k,QVE,full,0,L0,baseline_unoptimized,0.005,6,18,15360,0,0.9426666666666667,0.9477171297897691,0.7459572362282476,262.3210768599529,1.0223974591353908,263.3434743190883
IoT_Original_Distribution,6q_5k,QVE,full,0,L0,baseline_unoptimized,0.005,6,19,16384,1,0.942,0.9469454753124061,0.7390818032083202,262.2832529549487,1.335227317060344,263.61848027200904
IoT_Original_Distribution,6q_5k,QVE,full,0,L0,baseline_unoptimized,0.005,6,20,17408,2,0.9326666666666666,0.9387841420336579,0.7007484731124061,259.0168395509245,2.4201578181236982,261.4369973690482
IoT_Original_Distribution,6q_5k,QVE,full,0,L0,baseline_unoptimized,0.005,6,21,18432,0,0.9466666666666667,0.9507430728816021,0.7517929125127727,258.7221777710365,1.6587396420072764,260.3809174130438
IoT_Original_Distribution,6q_5k,QVE,full,0,L0,baseline_unoptimized,0.005,6,22,19456,1,0.9493333333333334,0.9529976393600043,0.7607635269721875,262.15795394196175,1.4799633879447356,263.6379173299065
IoT_Original_Distribution,6q_5k,QVE,full,0,L0,baseline_unoptimized,0.005,6,23,20480,2,0.9426666666666667,0.947390024444791,0.7387984345228015,261.375044749002,1.195527193020098,262.57057194202207
IoT_Original_Distribution,6q_5k,QVE,full,0,L0,baseline_unoptimized,0.005,6,24,21504,0,0.9433333333333334,0.947946547380976,0.7409271226482088,262.5120971640572,0.9048325009644032,263.4169296650216
IoT_Original_Distribution,6q_5k,QVE,full,0,L0,baseline_unoptimized,0.005,6,25,22528,1,0.9413333333333334,0.9469262751372838,0.7491070025042742,264.34033741708845,0.2919182269833982,264.63225564407185
IoT_Original_Distribution,6q_5k,QVE,full,0,L0,baseline_unoptimized,0.005,6,26,23552,2,0.946,0.9497346811906696,0.7404311685150645,260.2499247849919,0.8979134350083768,261.14783822000027
IoT_Original_Distribution,6q_5k,QVE,full,0,L0,baseline_unoptimized,0.005,6,27,24576,0,0.954,0.9562393949049455,0.7627853053861655,260.57508289895486,1.408169606118463,261.9832525050733
IoT_Original_Distribution,6q_5k,QVE,full,0,L0,baseline_unoptimized,0.005,6,28,25600,1,0.9513333333333334,0.95500357222028,0.7741725697493775,252.0453608870739,2.485637489007786,254.5309983760817
IoT_Original_Distribution,6q_5k,QVE,full,0,L0,baseline_unoptimized,0.005,6,29,26624,2,0.9413333333333334,0.9458173801697622,0.7249685529775909,263.03137065202463,1.0441351550398394,264.0755058070645
IoT_Original_Distribution,6q_5k,QVE,full,0,L0,baseline_unoptimized,0.008,6,0,42,0,0.9286666666666666,0.9357759272118398,0.6945224151907577,254.79177321889438,2.5894690670538694,257.38124228594825
IoT_Original_Distribution,6q_5k,QVE,full,0,L0,baseline_unoptimized,0.008,6,1,123,1,0.934,0.9409078092932641,0.7277641761668269,264.17272815306205,1.2119171378435567,265.3846452909056
IoT_Original_Distribution,6q_5k,QVE,full,0,L0,baseline_unoptimized,0.008,6,2,456,2,0.928,0.9359376456408196,0.7086657107891002,262.17452803091146,1.673375510959886,263.84790354187135
IoT_Original_Distribution,6q_5k,QVE,full,0,L0,baseline_unoptimized,0.008,6,3,789,0,0.926,0.9335000880681555,0.6844537214097269,264.33305260702036,1.3542453579138964,265.68729796493426
IoT_Original_Distribution,6q_5k,QVE,full,0,L0,baseline_unoptimized,0.008,6,4,1024,1,0.916,0.9253904863230396,0.6553429595002149,262.50650760694407,2.035105158924125,264.5416127658682
IoT_Original_Distribution,6q_5k,QVE,full,0,L0,baseline_unoptimized,0.008,6,5,2048,2,0.936,0.941396010781671,0.7081967689508794,263.13250274502207,1.703016751096584,264.83551949611865
IoT_Original_Distribution,6q_5k,QVE,full,0,L0,baseline_unoptimized,0.008,6,6,3072,0,0.9426666666666667,0.9466927284427283,0.7245889519804432,255.56803637591656,1.287069242913276,256.85510561882984
IoT_Original_Distribution,6q_5k,QVE,full,0,L0,baseline_unoptimized,0.008,6,7,4096,1,0.944,0.9483928971700757,0.7407232855156963,264.1541067919461,0.9867333088768646,265.14084010082297
IoT_Original_Distribution,6q_5k,QVE,full,0,L0,baseline_unoptimized,0.008,6,8,5120,2,0.9446666666666667,0.9488396780038799,0.7405713297428941,260.2059225840494,1.7923725500004366,261.99829513404984
IoT_Original_Distribution,6q_5k,QVE,full,0,L0,baseline_unoptimized,0.008,6,9,6144,0,0.9026666666666666,0.9156994294809284,0.6414298747074179,260.6355406419607,1.1566108459373936,261.7921514878981
IoT_Original_Distribution,6q_5k,QVE,full,0,L0,baseline_unoptimized,0.008,6,10,7168,1,0.936,0.9412725854267437,0.7056809346338447,262.210932624992,0.16370281903073192,262.3746354440227
IoT_Original_Distribution,6q_5k,QVE,full,0,L0,baseline_unoptimized,0.008,6,11,8192,2,0.9313333333333333,0.9384073392463699,0.7125169884548214,260.62213649996556,1.1761328360298648,261.7982693359954
IoT_Original_Distribution,6q_5k,QVE,full,0,L0,baseline_unoptimized,0.008,6,12,9216,0,0.9313333333333333,0.9379398828495944,0.7020728433695325,259.680142612895,2.732217319891788,262.4123599327868
IoT_Original_Distribution,6q_5k,QVE,full,0,L0,baseline_unoptimized,0.008,6,13,10240,1,0.934,0.9397522407643052,0.7021372716032204,260.6012554510962,1.8291344461031258,262.43038989719935
IoT_Original_Distribution,6q_5k,QVE,full,0,L0,baseline_unoptimized,0.008,6,14,11264,2,0.9486666666666667,0.9527445836403831,0.7652213204008386,263.30539267114364,1.7010253791231662,265.0064180502668
IoT_Original_Distribution,6q_5k,QVE,full,0,L0,baseline_unoptimized,0.008,6,15,12288,0,0.9393333333333334,0.9441526897568164,0.7185712364218283,262.58534327417146,2.4743318910477683,265.05967516521923
IoT_Original_Distribution,6q_5k,QVE,full,0,L0,baseline_unoptimized,0.008,6,16,13312,1,0.9173333333333333,0.925917808219178,0.6473682098119118,261.7400994199561,2.1471564959501848,263.8872559159063
IoT_Original_Distribution,6q_5k,QVE,full,0,L0,baseline_unoptimized,0.008,6,17,14336,2,0.9366666666666666,0.9427600861234123,0.7278058215379719,263.1547030429356,1.2131892901379615,264.36789233307354
IoT_Original_Distribution,6q_5k,QVE,full,0,L0,baseline_unoptimized,0.008,6,18,15360,0,0.9293333333333333,0.9369009146341464,0.7096189226956449,257.28391040395945,1.8581394909415394,259.142049894901
IoT_Original_Distribution,6q_5k,QVE,full,0,L0,baseline_unoptimized,0.008,6,19,16384,1,0.9353333333333333,0.9412085324481665,0.7137619271517838,257.55258099280763,2.192435047007166,259.7450160398148
IoT_Original_Distribution,6q_5k,QVE,full,0,L0,baseline_unoptimized,0.008,6,20,17408,2,0.9206666666666666,0.9292255956540338,0.6701603767207601,259.9685817270074,1.2763093590037897,261.2448910860112
IoT_Original_Distribution,6q_5k,QVE,full,0,L0,baseline_unoptimized,0.008,6,21,18432,0,0.94,0.9450587601078169,0.7279872779850339,262.64569716795813,1.7255543660139665,264.3712515339721
IoT_Original_Distribution,6q_5k,QVE,full,0,L0,baseline_unoptimized,0.008,6,22,19456,1,0.94,0.9452853683846419,0.7328677411286978,265.1148086070316,0.7364096230594441,265.85121823009104
IoT_Original_Distribution,6q_5k,QVE,full,0,L0,baseline_unoptimized,0.008,6,23,20480,2,0.9326666666666666,0.9390263331090535,0.7059196517059027,257.37000890192576,2.1467459009727463,259.5167548028985
IoT_Original_Distribution,6q_5k,QVE,full,0,L0,baseline_unoptimized,0.008,6,24,21504,0,0.932,0.9384827280000334,0.7039901696309935,257.0236651269952,1.843177465023473,258.86684259201866
IoT_Original_Distribution,6q_5k,QVE,full,0,L0,baseline_unoptimized,0.008,6,25,22528,1,0.928,0.9361588302752293,0.713995233319493,258.3890283621149,1.7754807400051504,260.16450910212006
IoT_Original_Distribution,6q_5k,QVE,full,0,L0,baseline_unoptimized,0.008,6,26,23552,2,0.9413333333333334,0.9458173801697622,0.7249685529775909,260.6894783138996,1.4649456499610096,262.1544239638606
IoT_Original_Distribution,6q_5k,QVE,full,0,L0,baseline_unoptimized,0.008,6,27,24576,0,0.9393333333333334,0.94390856263076,0.7136903377377074,265.10016310191713,0.7900998149998486,265.890262916917
IoT_Original_Distribution,6q_5k,QVE,full,0,L0,baseline_unoptimized,0.008,6,28,25600,1,0.932,0.9388347099246729,0.7117873186494276,261.4201360709267,2.3981480660149828,263.81828413694166
IoT_Original_Distribution,6q_5k,QVE,full,0,L0,baseline_unoptimized,0.008,6,29,26624,2,0.9466666666666667,0.950298233240945,0.7427041951409588,263.49418196699116,1.7594413610640913,265.25362332805526
IoT_Original_Distribution,6q_5k,QVE,full,0,L0,baseline_unoptimized,0.01,6,0,42,0,0.9113333333333333,0.9223391003460207,0.6582981005580827,258.53070714406203,2.604979246039875,261.1356863901019
IoT_Original_Distribution,6q_5k,QVE,full,0,L0,baseline_unoptimized,0.01,6,1,123,1,0.9253333333333333,0.9339067198940737,0.7042998851066743,262.61744379403535,1.396642729989253,264.0140865240246
IoT_Original_Distribution,6q_5k,QVE,full,0,L0,baseline_unoptimized,0.01,6,2,456,2,0.9186666666666666,0.9284789727727112,0.684606489037072,257.83346744498704,2.7443476780317724,260.5778151230188
IoT_Original_Distribution,6q_5k,QVE,full,0,L0,baseline_unoptimized,0.01,6,3,789,0,0.9,0.9133898248091731,0.6295886024906995,266.45081769896206,1.0085629360983148,267.45938063506037
IoT_Original_Distribution,6q_5k,QVE,full,0,L0,baseline_unoptimized,0.01,6,4,1024,1,0.924,0.9322594893029675,0.6872105867517825,263.86810960795265,1.8188179529970512,265.6869275609497
IoT_Original_Distribution,6q_5k,QVE,full,0,L0,baseline_unoptimized,0.01,6,5,2048,2,0.914,0.9236798917701192,0.6474531768711447,259.88115185301285,1.893044083029963,261.7741959360428
IoT_Original_Distribution,6q_5k,QVE,full,0,L0,baseline_unoptimized,0.01,6,6,3072,0,0.93,0.9364865169878466,0.6903700535849413,264.12792554404587,1.7799205649644136,265.9078461090103
IoT_Original_Distribution,6q_5k,QVE,full,0,L0,baseline_unoptimized,0.01,6,7,4096,1,0.9266666666666666,0.9342819266460451,0.6916712177375652,258.8377037929604,2.6989147369749844,261.53661852993537
IoT_Original_Distribution,6q_5k,QVE,full,0,L0,baseline_unoptimized,0.01,6,8,5120,2,0.9286666666666666,0.9358964812909247,0.6971796942159468,262.83286287193187,1.0808447079034522,263.9137075798353
IoT_Original_Distribution,6q_5k,QVE,full,0,L0,baseline_unoptimized,0.01,6,9,6144,0,0.8766666666666667,0.8958046474621486,0.5891379232194512,252.4337697479641,2.433965542120859,254.86773529008497
IoT_Original_Distribution,6q_5k,QVE,full,0,L0,baseline_unoptimized,0.01,6,10,7168,1,0.9273333333333333,0.9343247303942308,0.6827731097432029,262.41589264699724,1.5487235161708668,263.9646161631681
IoT_Original_Distribution,6q_5k,QVE,full,0,L0,baseline_unoptimized,0.01,6,11,8192,2,0.9353333333333333,0.9415550353049579,0.721372576995862,261.2873880349798,1.6309757840353996,262.9183638190152
IoT_Original_Distribution,6q_5k,QVE,full,0,L0,baseline_unoptimized,0.01,6,12,9216,0,0.91,0.9210471738190095,0.6493304009851917,262.35986391594633,1.248394980095327,263.60825889604166
IoT_Original_Distribution,6q_5k,QVE,full,0,L0,baseline_unoptimized,0.01,6,13,10240,1,0.918,0.9272296642459277,0.6660845655314431,255.96805654815398,2.367358097108081,258.33541464526206
IoT_Original_Distribution,6q_5k,QVE,full,0,L0,baseline_unoptimized,0.01,6,14,11264,2,0.926,0.9342155477987932,0.7006512769961353,255.88384767086245,1.7313066751230508,257.6151543459855
IoT_Original_Distribution,6q_5k,QVE,full,0,L0,baseline_unoptimized,0.01,6,15,12288,0,0.91,0.9209214023664325,0.6464124401876611,260.79973237996455,1.6530076509807259,262.4527400309453
IoT_Original_Distribution,6q_5k,QVE,full,0,L0,baseline_unoptimized,0.01,6,16,13312,1,0.9173333333333333,0.9264469264764965,0.6587306632587322,265.68483415897936,1.3636596410069615,267.0484937999863
IoT_Original_Distribution,6q_5k,QVE,full,0,L0,baseline_unoptimized,0.01,6,17,14336,2,0.9093333333333333,0.9211296296296295,0.6623296293111467,259.96923865401186,2.1972279091132805,262.16646656312514
IoT_Original_Distribution,6q_5k,QVE,full,0,L0,baseline_unoptimized,0.01,6,18,15360,0,0.9146666666666666,0.9253169230769233,0.6748550278452922,260.82844888500404,2.096749007119797,262.92519789212383
IoT_Original_Distribution,6q_5k,QVE,full,0,L0,baseline_unoptimized,0.01,6,19,16384,1,0.912,0.9228625525784185,0.6598821212803937,249.139043301926,1.983691775938496,251.1227350778645
IoT_Original_Distribution,6q_5k,QVE,full,0,L0,baseline_unoptimized,0.01,6,20,17408,2,0.9133333333333333,0.9234132710250865,0.6515679837316993,263.6630394969834,0.9127089160028845,264.5757484129863
IoT_Original_Distribution,6q_5k,QVE,full,0,L0,baseline_unoptimized,0.01,6,21,18432,0,0.9126666666666666,0.9233865168169647,0.6614746816948721,262.6746295489138,2.435074885026552,265.10970443394035
IoT_Original_Distribution,6q_5k,QVE,full,0,L0,baseline_unoptimized,0.01,6,22,19456,1,0.9133333333333333,0.9236654876674596,0.6573284619334172,262.0877305720933,1.7915302210021764,263.87926079309545
IoT_Original_Distribution,6q_5k,QVE,full,0,L0,baseline_unoptimized,0.01,6,23,20480,2,0.9286666666666666,0.9358964812909247,0.6971796942159468,265.12139449687675,0.5460383630124852,265.66743285988923
IoT_Original_Distribution,6q_5k,QVE,full,0,L0,baseline_unoptimized,0.01,6,24,21504,0,0.9186666666666666,0.9282454465075155,0.6790085017117533,264.19128727691714,0.838510986068286,265.0297982629854
IoT_Original_Distribution,6q_5k,QVE,full,0,L0,baseline_unoptimized,0.01,6,25,22528,1,0.9286666666666666,0.9365861586889267,0.7131139464553337,264.07463468099013,1.0429553780704737,265.1175900590606
IoT_Original_Distribution,6q_5k,QVE,full,0,L0,baseline_unoptimized,0.01,6,26,23552,2,0.9093333333333333,0.9206492307692308,0.6506783739736783,252.347387042013,1.2789695200044662,253.62635656201746
IoT_Original_Distribution,6q_5k,QVE,full,0,L0,baseline_unoptimized,0.01,6,27,24576,0,0.9206666666666666,0.9293508067073435,0.6729442528065122,258.1442308940459,2.6842236990341917,260.8284545930801
IoT_Original_Distribution,6q_5k,QVE,full,0,L0,baseline_unoptimized,0.01,6,28,25600,1,0.92,0.9293045578693104,0.6823656612066809,266.09916734683793,0.9062642770586535,267.0054316238966
IoT_Original_Distribution,6q_5k,QVE,full,0,L0,baseline_unoptimized,0.01,6,29,26624,2,0.9353333333333333,0.9415550353049579,0.721372576995862,266.5948205490131,0.8902483809506521,267.48506892996375
IoT_Original_Distribution,6q_5k,QVE,full,0,L0,baseline_unoptimized,0.02,6,0,42,0,0.9606666666666667,0.9616610570344936,0.7824708896908884,263.8126502290834,1.0281512528890744,264.84080148197245
IoT_Original_Distribution,6q_5k,QVE,full,0,L0,baseline_unoptimized,0.02,6,1,123,1,0.9733333333333334,0.9739702631408999,0.8525305278513653,262.98699573695194,1.3450805649627,264.33207630191464
IoT_Original_Distribution,6q_5k,QVE,full,0,L0,baseline_unoptimized,0.02,6,2,456,2,0.9646666666666667,0.9663003281014455,0.8178561403342032,263.4284029699629,1.1141414268640801,264.542544396827
IoT_Original_Distribution,6q_5k,QVE,full,0,L0,baseline_unoptimized,0.02,6,3,789,0,0.9646666666666667,0.9651543651745041,0.7987942845297693,259.56536201993003,2.0092500179307535,261.5746120378608
IoT_Original_Distribution,6q_5k,QVE,full,0,L0,baseline_unoptimized,0.02,6,4,1024,1,0.96,0.9616998626373626,0.7901542016194781,262.8182161060395,1.318546538008377,264.13676264404785
IoT_Original_Distribution,6q_5k,QVE,full,0,L0,baseline_unoptimized,0.02,6,5,2048,2,0.9566666666666667,0.9579996108620873,0.7637770373707996,262.7340808460722,0.7163317229133099,263.4504125689855
IoT_Original_Distribution,6q_5k,QVE,full,0,L0,baseline_unoptimized,0.02,6,6,3072,0,0.9606666666666667,0.9610922411449445,0.7743768746561484,258.9748000430409,1.9189237139653414,260.8937237570062
IoT_Original_Distribution,6q_5k,QVE,full,0,L0,baseline_unoptimized,0.02,6,7,4096,1,0.9626666666666667,0.9636622222222222,0.7944414992533312,265.7596290860092,1.441308910958469,267.2009379969677
IoT_Original_Distribution,6q_5k,QVE,full,0,L0,baseline_unoptimized,0.02,6,8,5120,2,0.9566666666666667,0.9573920476680986,0.754836099144796,265.76385851204395,1.172292384901084,266.93615089694504
IoT_Original_Distribution,6q_5k,QVE,full,0,L0,baseline_unoptimized,0.02,6,9,6144,0,0.9606666666666667,0.9620856146530212,0.7893202991888096,262.4229970648885,1.6820900519378483,264.1050871168263
IoT_Original_Distribution,6q_5k,QVE,full,0,L0,baseline_unoptimized,0.02,6,10,7168,1,0.964,0.9645499686368143,0.7957262259637619,263.91084575105924,1.7874635980697349,265.698309349129
IoT_Original_Distribution,6q_5k,QVE,full,0,L0,baseline_unoptimized,0.02,6,11,8192,2,0.9673333333333334,0.9678801590113357,0.8153974036333066,265.5825630291365,0.8337112059816718,266.4162742351182
IoT_Original_Distribution,6q_5k,QVE,full,0,L0,baseline_unoptimized,0.02,6,12,9216,0,0.966,0.9664692947905607,0.8064091013508348,265.14719064196106,0.8579371050000191,266.0051277469611
IoT_Original_Distribution,6q_5k,QVE,full,0,L0,baseline_unoptimized,0.02,6,13,10240,1,0.9633333333333334,0.96291376146789,0.780137254361993,265.40838041203097,0.8326832070015371,266.2410636190325
IoT_Original_Distribution,6q_5k,QVE,full,0,L0,baseline_unoptimized,0.02,6,14,11264,2,0.968,0.9687643157690798,0.8226805417568863,256.35759012401104,2.4435740838525817,258.8011642078636
IoT_Original_Distribution,6q_5k,QVE,full,0,L0,baseline_unoptimized,0.02,6,15,12288,0,0.9606666666666667,0.9599476607004985,0.7614655204376559,259.8407436249545,1.8368398200254887,261.67758344498
IoT_Original_Distribution,6q_5k,QVE,full,0,L0,baseline_unoptimized,0.02,6,16,13312,1,0.9593333333333334,0.9601316582599705,0.7716398109411955,260.1891963050002,1.6767226390074939,261.8659189440077
IoT_Original_Distribution,6q_5k,QVE,full,0,L0,baseline_unoptimized,0.02,6,17,14336,2,0.964,0.9652514083584436,0.8067005313109232,264.0426026280038,1.0514310650760308,265.09403369307984
IoT_Original_Distribution,6q_5k,QVE,full,0,L0,baseline_unoptimized,0.02,6,18,15360,0,0.9686666666666667,0.9694588081461221,0.8271205771613618,267.23646362603176,0.8452340520452708,268.08169767807703
IoT_Original_Distribution,6q_5k,QVE,full,0,L0,baseline_unoptimized,0.02,6,19,16384,1,0.9606666666666667,0.9615507946651122,0.7808079448314503,265.3091127600055,1.4764473361428827,266.7855600961484
IoT_Original_Distribution,6q_5k,QVE,full,0,L0,baseline_unoptimized,0.02,6,20,17408,2,0.96,0.960842395650088,0.7762319380154442,259.87557529995684,2.30676588404458,262.1823411840014
IoT_Original_Distribution,6q_5k,QVE,full,0,L0,baseline_unoptimized,0.02,6,21,18432,0,0.9633333333333334,0.9642603074050363,0.7973541188477129,262.6138343740022,1.182276914943941,263.7961112889461
IoT_Original_Distribution,6q_5k,QVE,full,0,L0,baseline_unoptimized,0.02,6,22,19456,1,0.9706666666666667,0.9708501785613061,0.830044313717589,250.47698712302372,1.7061000599060208,252.18308718292974
IoT_Original_Distribution,6q_5k,QVE,full,0,L0,baseline_unoptimized,0.02,6,23,20480,2,0.9693333333333334,0.9699791699984008,0.8287662468823891,263.72242415498476,0.7336619000416249,264.4560860550264
IoT_Original_Distribution,6q_5k,QVE,full,0,L0,baseline_unoptimized,0.02,6,24,21504,0,0.9606666666666667,0.9616610570344936,0.7824708896908884,258.2809460089775,1.6108099300181493,259.89175593899563
IoT_Original_Distribution,6q_5k,QVE,full,0,L0,baseline_unoptimized,0.02,6,25,22528,1,0.9613333333333334,0.9637118811158171,0.8120229080057872,260.49679099896457,1.5279941719491035,262.0247851709137
IoT_Original_Distribution,6q_5k,QVE,full,0,L0,baseline_unoptimized,0.02,6,26,23552,2,0.9526666666666667,0.9551975245331462,0.7597909078855808,262.0861792159267,1.390361365978606,263.4765405819053
IoT_Original_Distribution,6q_5k,QVE,full,0,L0,baseline_unoptimized,0.02,6,27,24576,0,0.9653333333333334,0.9647596170432982,0.7904363956807138,262.08539217396174,1.8292878199135885,263.9146799938753
IoT_Original_Distribution,6q_5k,QVE,full,0,L0,baseline_unoptimized,0.02,6,28,25600,1,0.9586666666666667,0.9601034688559908,0.7774960591845436,262.88697213400155,1.1635703759966418,264.0505425099982
IoT_Original_Distribution,6q_5k,QVE,full,0,L0,baseline_unoptimized,0.02,6,29,26624,2,0.9713333333333334,0.9714683725889308,0.8333431795099524,258.6925223369617,2.296533019049093,260.9890553560108
IoT_Original_Distribution,6q_5k,QVE,full,0,L0,baseline_unoptimized,0.05,6,0,42,0,0.9606666666666667,0.9595272739815804,0.7577604608432441,253.7674092989182,1.9545033620670438,255.72191266098525
IoT_Original_Distribution,6q_5k,QVE,full,0,L0,baseline_unoptimized,0.05,6,1,123,1,0.98,0.9797373762256936,0.8799704396352747,260.2867056999821,2.2193063140148297,262.50601201399695
IoT_Original_Distribution,6q_5k,QVE,full,0,L0,baseline_unoptimized,0.05,6,2,456,2,0.966,0.9662648366170882,0.8036567147373729,261.71528804604895,1.0909223479684442,262.8062103940174
IoT_Original_Distribution,6q_5k,QVE,full,0,L0,baseline_unoptimized,0.05,6,3,789,0,0.9686666666666667,0.9679841173692113,0.809253763392887,261.5206742240116,1.757933911983855,263.27860813599546
IoT_Original_Distribution,6q_5k,QVE,full,0,L0,baseline_unoptimized,0.05,6,4,1024,1,0.9766666666666667,0.9763205551324363,0.8595409480811567,263.469424091978,1.3858651439659297,264.8552892359439
IoT_Original_Distribution,6q_5k,QVE,full,0,L0,baseline_unoptimized,0.05,6,5,2048,2,0.97,0.9694516056190243,0.8183034245010339,262.5956756589003,1.453904081019573,264.04957973991986
IoT_Original_Distribution,6q_5k,QVE,full,0,L0,baseline_unoptimized,0.05,6,6,3072,0,0.9666666666666667,0.965131878644315,0.7915566146992397,262.8766893738648,1.9228698919760063,264.7995592658408
IoT_Original_Distribution,6q_5k,QVE,full,0,L0,baseline_unoptimized,0.05,6,7,4096,1,0.966,0.9657243563652852,0.7973195251365843,263.71575395786203,0.7745426010806113,264.49029655894265
IoT_Original_Distribution,6q_5k,QVE,full,0,L0,baseline_unoptimized,0.05,6,8,5120,2,0.9593333333333334,0.9584474714791891,0.7520152990028801,263.67457947391085,1.9143973999889567,265.5889768738998
IoT_Original_Distribution,6q_5k,QVE,full,0,L0,baseline_unoptimized,0.05,6,9,6144,0,0.974,0.9733410130860025,0.841312254527347,264.4753555569332,1.064363552024588,265.5397191089578
IoT_Original_Distribution,6q_5k,QVE,full,0,L0,baseline_unoptimized,0.05,6,10,7168,1,0.9666666666666667,0.9661150163877867,0.7985279993463436,260.15318938985,1.2268501560902223,261.38003954594024
IoT_Original_Distribution,6q_5k,QVE,full,0,L0,baseline_unoptimized,0.05,6,11,8192,2,0.9746666666666667,0.9740698848364328,0.8457332618568706,263.01591014210135,1.7627300029853359,264.7786401450867
IoT_Original_Distribution,6q_5k,QVE,full,0,L0,baseline_unoptimized,0.05,6,12,9216,0,0.9673333333333334,0.9665053754157468,0.8001344355775376,263.1414516790537,1.3053915230557323,264.44684320210945
IoT_Original_Distribution,6q_5k,QVE,full,0,L0,baseline_unoptimized,0.05,6,13,10240,1,0.9626666666666667,0.9612370578326781,0.7676344546203813,262.80391937401146,1.0324599009472877,263.83637927495874
IoT_Original_Distribution,6q_5k,QVE,full,0,L0,baseline_unoptimized,0.05,6,14,11264,2,0.974,0.9737024854045038,0.844211604849611,262.01110700692516,1.803367180051282,263.81447418697644
IoT_Original_Distribution,6q_5k,QVE,full,0,L0,baseline_unoptimized,0.05,6,15,12288,0,0.9633333333333334,0.962663073534363,0.777704921598621,263.9788368541049,1.3999906129902229,265.3788274670951
IoT_Original_Distribution,6q_5k,QVE,full,0,L0,baseline_unoptimized,0.05,6,16,13312,1,0.966,0.9645012433488285,0.7876181265593125,264.94912791007664,0.855973883997649,265.8051017940743
IoT_Original_Distribution,6q_5k,QVE,full,0,L0,baseline_unoptimized,0.05,6,17,14336,2,0.972,0.9717264891783183,0.8326542628980074,265.7081534219906,0.7940167289925739,266.50217015098315
IoT_Original_Distribution,6q_5k,QVE,full,0,L0,baseline_unoptimized,0.05,6,18,15360,0,0.974,0.9730536944014302,0.8396998545698285,262.39635302405804,2.2006852120393887,264.59703823609743
IoT_Original_Distribution,6q_5k,QVE,full,0,L0,baseline_unoptimized,0.05,6,19,16384,1,0.9633333333333334,0.9631564138737736,0.7827118075041956,265.27589725190774,1.2075705219758675,266.4834677738836
IoT_Original_Distribution,6q_5k,QVE,full,0,L0,baseline_unoptimized,0.05,6,20,17408,2,0.962,0.9614363326442535,0.7708386962339944,264.3260880470043,1.659323586965911,265.9854116339702
IoT_Original_Distribution,6q_5k,QVE,full,0,L0,baseline_unoptimized,0.05,6,21,18432,0,0.9646666666666667,0.9647225907809877,0.7932203454757393,262.52680740098003,1.2174059100216255,263.74421331100166
IoT_Original_Distribution,6q_5k,QVE,full,0,L0,baseline_unoptimized,0.05,6,22,19456,1,0.968,0.9672461703197046,0.8047029470047976,264.36082763806917,0.14806521404534578,264.5088928521145
IoT_Original_Distribution,6q_5k,QVE,full,0,L0,baseline_unoptimized,0.05,6,23,20480,2,0.9733333333333334,0.9727051419330872,0.837527198886456,256.8712770900456,1.2566864949185401,258.12796358496416
IoT_Original_Distribution,6q_5k,QVE,full,0,L0,baseline_unoptimized,0.05,6,24,21504,0,0.964,0.9634042176988099,0.782344792015084,264.0686235270696,1.7795663899742067,265.8481899170438
IoT_Original_Distribution,6q_5k,QVE,full,0,L0,baseline_unoptimized,0.05,6,25,22528,1,0.9726666666666667,0.9723538949124271,0.8362023110386588,261.32305740902666,2.1063694389304146,263.4294268479571
IoT_Original_Distribution,6q_5k,QVE,full,0,L0,baseline_unoptimized,0.05,6,26,23552,2,0.9606666666666667,0.9607289218127975,0.7698104663151992,265.19219508895185,1.1462003169581294,266.33839540591
IoT_Original_Distribution,6q_5k,QVE,full,0,L0,baseline_unoptimized,0.05,6,27,24576,0,0.9626666666666667,0.9609477040816327,0.7657981827207418,259.0512981840875,1.6044097091071308,260.65570789319463
IoT_Original_Distribution,6q_5k,QVE,full,0,L0,baseline_unoptimized,0.05,6,28,25600,1,0.962,0.9618166471055472,0.7748078630894422,252.2387164279353,1.4646747639635578,253.70339119189885
IoT_Original_Distribution,6q_5k,QVE,full,0,L0,baseline_unoptimized,0.05,6,29,26624,2,0.9713333333333334,0.9705029284950502,0.8241258891882471,263.35547073499765,0.7655660309828818,264.12103676598053
IoT_Original_Distribution,6q_5k,QVE,full,3,L3,qiskit_heavy,0.0,6,0,42,0,0.942,0.9469454753124061,0.7390818032083202,380.6312714390224,3.9598347160499543,384.59110615507234
IoT_Original_Distribution,6q_5k,QVE,full,3,L3,qiskit_heavy,0.0,6,1,123,1,0.962,0.9642948135792173,0.8145445086835679,363.97416081815027,4.552266173879616,368.5264269920299
IoT_Original_Distribution,6q_5k,QVE,full,3,L3,qiskit_heavy,0.0,6,2,456,2,0.9506666666666667,0.9545365998879238,0.7741138661931201,379.87472759198863,4.10254961589817,383.9772772078868
IoT_Original_Distribution,6q_5k,QVE,full,3,L3,qiskit_heavy,0.0,6,3,789,0,0.9486666666666667,0.9522169191565624,0.7540465406697309,375.7454137451714,5.060960200964473,380.80637394613586
IoT_Original_Distribution,6q_5k,QVE,full,3,L3,qiskit_heavy,0.0,6,4,1024,1,0.956,0.9587066233386886,0.7843612123097239,382.62405799306,0.9836792920250446,383.607737285085
IoT_Original_Distribution,6q_5k,QVE,full,3,L3,qiskit_heavy,0.0,6,5,2048,2,0.9533333333333334,0.9559918064551846,0.7663867213399324,380.5526143750176,3.673456930089742,384.2260713051073
IoT_Original_Distribution,6q_5k,QVE,full,3,L3,qiskit_heavy,0.0,6,6,3072,0,0.9606666666666667,0.962288437232072,0.7928542048804118,370.6635385340778,4.35952835099306,375.0230668850709
IoT_Original_Distribution,6q_5k,QVE,full,3,L3,qiskit_heavy,0.0,6,7,4096,1,0.956,0.9587066233386886,0.7843612123097239,383.7636738969013,4.845680790022016,388.6093546869233
IoT_Original_Distribution,6q_5k,QVE,full,3,L3,qiskit_heavy,0.0,6,8,5120,2,0.9513333333333334,0.9543813446007381,0.7612229576744949,383.24653171701357,4.734809833928011,387.9813415509416
IoT_Original_Distribution,6q_5k,QVE,full,3,L3,qiskit_heavy,0.0,6,9,6144,0,0.9553333333333334,0.9581308231267048,0.7819218634193963,363.80526421102695,4.109957885928452,367.9152220969554
IoT_Original_Distribution,6q_5k,QVE,full,3,L3,qiskit_heavy,0.0,6,10,7168,1,0.954,0.9562393949049455,0.7627853053861655,376.2594709399855,5.481626728898846,381.7410976688843
IoT_Original_Distribution,6q_5k,QVE,full,3,L3,qiskit_heavy,0.0,6,11,8192,2,0.95,0.953668026857958,0.7652458484069784,375.50407410098705,5.369595988071524,380.8736700890586
IoT_Original_Distribution,6q_5k,QVE,full,3,L3,qiskit_heavy,0.0,6,12,9216,0,0.956,0.9586073206657152,0.7823483883008538,368.18454609799664,4.2159550009528175,372.40050109894946
IoT_Original_Distribution,6q_5k,QVE,full,3,L3,qiskit_heavy,0.0,6,13,10240,1,0.9486666666666667,0.9518816922500936,0.747423687177894,382.4393287659623,3.4261667149839923,385.86549548094627
IoT_Original_Distribution,6q_5k,QVE,full,3,L3,qiskit_heavy,0.0,6,14,11264,2,0.96,0.9623702915142867,0.8031906329052634,383.07197439600714,3.7412347439676523,386.8132091399748
IoT_Original_Distribution,6q_5k,QVE,full,3,L3,qiskit_heavy,0.0,6,15,12288,0,0.95,0.9531315184254159,0.7543233224261945,367.02643491106573,4.50292438804172,371.52935929910745
IoT_Original_Distribution,6q_5k,QVE,full,3,L3,qiskit_heavy,0.0,6,16,13312,1,0.9506666666666667,0.9538110997616617,0.7588488724019831,383.0213610329665,4.138184418901801,387.1595454518683
IoT_Original_Distribution,6q_5k,QVE,full,3,L3,qiskit_heavy,0.0,6,17,14336,2,0.9446666666666667,0.9489518001296976,0.7428974547506464,381.0692205220694,4.467654361971654,385.536874884041
IoT_Original_Distribution,6q_5k,QVE,full,3,L3,qiskit_heavy,0.0,6,18,15360,0,0.9553333333333334,0.9582294600985467,0.7839663000045791,367.3012965909438,4.711284384015016,372.01258097495884
IoT_Original_Distribution,6q_5k,QVE,full,3,L3,qiskit_heavy,0.0,6,19,16384,1,0.9466666666666667,0.9504118404118403,0.7449673794290353,381.3231394829927,3.6291601330740377,384.95229961606674
IoT_Original_Distribution,6q_5k,QVE,full,3,L3,qiskit_heavy,0.0,6,20,17408,2,0.94,0.9448256966254448,0.7231186251269324,381.08192162192427,4.0236938579473644,385.10561547987163
IoT_Original_Distribution,6q_5k,QVE,full,3,L3,qiskit_heavy,0.0,6,21,18432,0,0.946,0.9498488864324945,0.7427122477486998,363.27512620796915,4.322035496123135,367.5971617040923
IoT_Original_Distribution,6q_5k,QVE,full,3,L3,qiskit_heavy,0.0,6,22,19456,1,0.954,0.9568809969513825,0.7750222281710959,378.3189905351028,4.687404536874965,383.00639507197775
IoT_Original_Distribution,6q_5k,QVE,full,3,L3,qiskit_heavy,0.0,6,23,20480,2,0.9553333333333334,0.9582294600985467,0.7839663000045791,376.051649514935,5.831560107180849,381.8832096221158
IoT_Original_Distribution,6q_5k,QVE,full,3,L3,qiskit_heavy,0.0,6,24,21504,0,0.9566666666666667,0.9592835593447213,0.7868191092934059,368.55694395909086,4.39826452312991,372.95520848222077
IoT_Original_Distribution,6q_5k,QVE,full,3,L3,qiskit_heavy,0.0,6,25,22528,1,0.9506666666666667,0.9543366651923928,0.7697154785406367,382.5354865289992,4.094995178980753,386.6304817079799
IoT_Original_Distribution,6q_5k,QVE,full,3,L3,qiskit_heavy,0.0,6,26,23552,2,0.9553333333333334,0.9575078182410339,0.7698838881119897,383.7359358218964,3.872246674960479,387.6081824968569
IoT_Original_Distribution,6q_5k,QVE,full,3,L3,qiskit_heavy,0.0,6,27,24576,0,0.9573333333333334,0.9590381580525243,0.7739017557777494,380.67584756191354,4.055894037010148,384.7317415989237
IoT_Original_Distribution,6q_5k,QVE,full,3,L3,qiskit_heavy,0.0,6,28,25600,1,0.9513333333333334,0.954903546141746,0.7719947622991625,366.5694657879649,4.4032658820506185,370.9727316700155
IoT_Original_Distribution,6q_5k,QVE,full,3,L3,qiskit_heavy,0.0,6,29,26624,2,0.95,0.9532419329461342,0.7564924503461042,379.2212296409998,4.119891533977352,383.34112117497716
IoT_Original_Distribution,6q_5k,QVE,full,3,L3,qiskit_heavy,0.0003,6,0,42,0,0.944,0.9487215094339624,0.7477777870191886,263.03854241606314,0.7597479050746188,263.79829032113776
IoT_Original_Distribution,6q_5k,QVE,full,3,L3,qiskit_heavy,0.0003,6,1,123,1,0.9546666666666667,0.9581316119493619,0.7920294518155454,255.567974061938,1.7622426928719506,257.33021675480995
IoT_Original_Distribution,6q_5k,QVE,full,3,L3,qiskit_heavy,0.0003,6,2,456,2,0.95,0.9539719970523214,0.7718856181121257,261.88690826587845,1.3930650989059359,263.2799733647844
IoT_Original_Distribution,6q_5k,QVE,full,3,L3,qiskit_heavy,0.0003,6,3,789,0,0.9533333333333334,0.9562039944501242,0.7705303644616922,257.72542094497476,2.179378866101615,259.9047998110764
IoT_Original_Distribution,6q_5k,QVE,full,3,L3,qiskit_heavy,0.0003,6,4,1024,1,0.9533333333333334,0.9564101081989126,0.7747126855960206,260.1142669840483,1.0966032539727166,261.210870238021
IoT_Original_Distribution,6q_5k,QVE,full,3,L3,qiskit_heavy,0.0003,6,5,2048,2,0.948,0.9510813789685726,0.7406638990920347,247.9155857709702,1.7399963909992948,249.6555821619695
IoT_Original_Distribution,6q_5k,QVE,full,3,L3,qiskit_heavy,0.0003,6,6,3072,0,0.952,0.9546228899846461,0.7573170657875256,265.8070302901324,0.6025297379819676,266.40956002811436
IoT_Original_Distribution,6q_5k,QVE,full,3,L3,qiskit_heavy,0.0003,6,7,4096,1,0.9546666666666667,0.9575561457269323,0.7795008184186926,260.4782569450326,1.9058141299756244,262.38407107500825
IoT_Original_Distribution,6q_5k,QVE,full,3,L3,qiskit_heavy,0.0003,6,8,5120,2,0.9506666666666667,0.9538110997616617,0.7588488724019831,261.58089328196365,2.4501222888939083,264.03101557085756
IoT_Original_Distribution,6q_5k,QVE,full,3,L3,qiskit_heavy,0.0003,6,9,6144,0,0.9533333333333334,0.9565109540858268,0.7768176362817549,238.59468177799135,2.449361983919516,241.04404376191087
IoT_Original_Distribution,6q_5k,QVE,full,3,L3,qiskit_heavy,0.0003,6,10,7168,1,0.954,0.9562393949049455,0.7627853053861655,259.6675625209464,1.8140431620413437,261.4816056829877
IoT_Original_Distribution,6q_5k,QVE,full,3,L3,qiskit_heavy,0.0003,6,11,8192,2,0.9546666666666667,0.9577534982548032,0.7836403245099142,261.00401292101014,0.5929880640469491,261.5970009850571
IoT_Original_Distribution,6q_5k,QVE,full,3,L3,qiskit_heavy,0.0003,6,12,9216,0,0.9533333333333334,0.956307797071842,0.7726168364131227,262.2790804299293,1.4120584790362045,263.6911389089655
IoT_Original_Distribution,6q_5k,QVE,full,3,L3,qiskit_heavy,0.0003,6,13,10240,1,0.9473333333333334,0.9508628043116232,0.7449938624712318,256.76648914895486,1.0411969179986045,257.80768606695347
IoT_Original_Distribution,6q_5k,QVE,full,3,L3,qiskit_heavy,0.0003,6,14,11264,2,0.9613333333333334,0.9637118811158171,0.8120229080057872,257.36616061395034,1.4397824819898233,258.80594309594017
IoT_Original_Distribution,6q_5k,QVE,full,3,L3,qiskit_heavy,0.0003,6,15,12288,0,0.9473333333333334,0.9513052356904398,0.7540118257454874,262.54681720002554,1.0818637390621006,263.62868093908764
IoT_Original_Distribution,6q_5k,QVE,full,3,L3,qiskit_heavy,0.0003,6,16,13312,1,0.9486666666666667,0.9519950511580313,0.7496239879314855,244.2186714160489,2.240884021972306,246.4595554380212
IoT_Original_Distribution,6q_5k,QVE,full,3,L3,qiskit_heavy,0.0003,6,17,14336,2,0.96,0.9618985455300044,0.7938063807213714,261.74935403396375,1.029736320138909,262.77909035410266
IoT_Original_Distribution,6q_5k,QVE,full,3,L3,qiskit_heavy,0.0003,6,18,15360,0,0.9453333333333334,0.9498370000520102,0.7520454344783841,265.71422019414604,0.33308588701765984,266.0473060811637
IoT_Original_Distribution,6q_5k,QVE,full,3,L3,qiskit_heavy,0.0003,6,19,16384,1,0.9493333333333334,0.9526738317588194,0.7541534614148194,263.4506850800244,0.6013982261065394,264.05208330613095
IoT_Original_Distribution,6q_5k,QVE,full,3,L3,qiskit_heavy,0.0003,6,20,17408,2,0.9386666666666666,0.9437195610339627,0.7189279345894274,263.4684965269407,0.7769203500356525,264.2454168769764
IoT_Original_Distribution,6q_5k,QVE,full,3,L3,qiskit_heavy,0.0003,6,21,18432,0,0.946,0.9498488864324945,0.7427122477486998,263.60337341111153,1.2766366879222915,264.8800100990338
IoT_Original_Distribution,6q_5k,QVE,full,3,L3,qiskit_heavy,0.0003,6,22,19456,1,0.9526666666666667,0.9557356965223406,0.7702293751753417,257.39078969391994,1.2534221980022267,258.64421189192217
IoT_Original_Distribution,6q_5k,QVE,full,3,L3,qiskit_heavy,0.0003,6,23,20480,2,0.96,0.9622786912473011,0.8012865702142257,263.04336982488167,1.5567985121160746,264.60016833699774
IoT_Original_Distribution,6q_5k,QVE,full,3,L3,qiskit_heavy,0.0003,6,24,21504,0,0.9446666666666667,0.9490623434045687,0.745228427266977,266.27100572292693,0.4059831169433892,266.6769888398703
IoT_Original_Distribution,6q_5k,QVE,full,3,L3,qiskit_heavy,0.0003,6,25,22528,1,0.9506666666666667,0.9543366651923928,0.7697154785406367,265.32220232801046,1.0906418879749253,266.4128442159854
IoT_Original_Distribution,6q_5k,QVE,full,3,L3,qiskit_heavy,0.0003,6,26,23552,2,0.954,0.9563502927251915,0.7647973243773094,259.6696501361439,2.381237836088985,262.0508879722329
IoT_Original_Distribution,6q_5k,QVE,full,3,L3,qiskit_heavy,0.0003,6,27,24576,0,0.956,0.9577581004916655,0.7666767267826812,264.837298242026,1.0624264900106937,265.8997247320367
IoT_Original_Distribution,6q_5k,QVE,full,3,L3,qiskit_heavy,0.0003,6,28,25600,1,0.9513333333333334,0.954903546141746,0.7719947622991625,263.11185611004476,1.8648056129459292,264.9766617229907
IoT_Original_Distribution,6q_5k,QVE,full,3,L3,qiskit_heavy,0.0003,6,29,26624,2,0.9493333333333334,0.9526738317588194,0.7541534614148194,261.9000706069637,2.3777960248989984,264.2778666318627
IoT_Original_Distribution,6q_5k,QVE,full,3,L3,qiskit_heavy,0.0005,6,0,42,0,0.944,0.9487215094339624,0.7477777870191886,263.369043732062,1.6838752829935402,265.0529190150555
IoT_Original_Distribution,6q_5k,QVE,full,3,L3,qiskit_heavy,0.0005,6,1,123,1,0.962,0.964463869039062,0.8183086120776727,263.72456296894234,1.6062767279800028,265.33083969692234
IoT_Original_Distribution,6q_5k,QVE,full,3,L3,qiskit_heavy,0.0005,6,2,456,2,0.9453333333333334,0.950046381488602,0.7567084279524907,265.9429764349479,1.3342849659966305,267.27726140094455
IoT_Original_Distribution,6q_5k,QVE,full,3,L3,qiskit_heavy,0.0005,6,3,789,0,0.948,0.951760735132636,0.7540001023622749,261.4674311351264,2.3527819629525766,263.82021309807897
IoT_Original_Distribution,6q_5k,QVE,full,3,L3,qiskit_heavy,0.0005,6,4,1024,1,0.954,0.9569825783104435,0.7770978375899604,265.43799111503176,1.1822288139956072,266.62021992902737
IoT_Original_Distribution,6q_5k,QVE,full,3,L3,qiskit_heavy,0.0005,6,5,2048,2,0.948,0.9510813789685726,0.7406638990920347,265.3598025600659,1.3524722289294004,266.7122747889953
IoT_Original_Distribution,6q_5k,QVE,full,3,L3,qiskit_heavy,0.0005,6,6,3072,0,0.9573333333333334,0.959358448565338,0.7795740834426378,262.258387192036,1.032530038850382,263.2909172308864
IoT_Original_Distribution,6q_5k,QVE,full,3,L3,qiskit_heavy,0.0005,6,7,4096,1,0.9553333333333334,0.9582294600985467,0.7839663000045791,254.20584466296714,2.364908430026844,256.570753092994
IoT_Original_Distribution,6q_5k,QVE,full,3,L3,qiskit_heavy,0.0005,6,8,5120,2,0.9506666666666667,0.9538110997616617,0.7588488724019831,257.8379219289636,2.1525362989632413,259.99045822792687
IoT_Original_Distribution,6q_5k,QVE,full,3,L3,qiskit_heavy,0.0005,6,9,6144,0,0.9613333333333334,0.9633550373134327,0.8045652417560019,261.392341905972,1.9773455540416762,263.36968746001367
IoT_Original_Distribution,6q_5k,QVE,full,3,L3,qiskit_heavy,0.0005,6,10,7168,1,0.954,0.9562393949049455,0.7627853053861655,251.8591621608939,1.9873420679941773,253.84650422888808
IoT_Original_Distribution,6q_5k,QVE,full,3,L3,qiskit_heavy,0.0005,6,11,8192,2,0.9553333333333334,0.9583266821377058,0.7860207658307606,262.1707573950989,1.0247970659984276,263.19555446109734
IoT_Original_Distribution,6q_5k,QVE,full,3,L3,qiskit_heavy,0.0005,6,12,9216,0,0.9526666666666667,0.9557356965223406,0.7702293751753417,262.91346372605767,1.3425874480744824,264.25605117413215
IoT_Original_Distribution,6q_5k,QVE,full,3,L3,qiskit_heavy,0.0005,6,13,10240,1,0.946,0.9497346811906696,0.7404311685150645,263.01406674005557,1.2259774648118764,264.24004420486744
IoT_Original_Distribution,6q_5k,QVE,full,3,L3,qiskit_heavy,0.0005,6,14,11264,2,0.966,0.96748757655782,0.8233256435319687,263.39006168895867,1.0142422229982913,264.40430391195696
IoT_Original_Distribution,6q_5k,QVE,full,3,L3,qiskit_heavy,0.0005,6,15,12288,0,0.9473333333333334,0.9513052356904398,0.7540118257454874,255.81078545504715,1.1935635230038315,257.004348978051
IoT_Original_Distribution,6q_5k,QVE,full,3,L3,qiskit_heavy,0.0005,6,16,13312,1,0.9486666666666667,0.9519950511580313,0.7496239879314855,262.26014063192997,0.9587585950503126,263.2188992269803
IoT_Original_Distribution,6q_5k,QVE,full,3,L3,qiskit_heavy,0.0005,6,17,14336,2,0.9593333333333334,0.9613130882492995,0.7911796362894623,261.9987924650777,1.143630244070664,263.1424227091484
IoT_Original_Distribution,6q_5k,QVE,full,3,L3,qiskit_heavy,0.0005,6,18,15360,0,0.9453333333333334,0.9498370000520102,0.7520454344783841,257.5447626450332,3.0873300009407103,260.6320926459739
IoT_Original_Distribution,6q_5k,QVE,full,3,L3,qiskit_heavy,0.0005,6,19,16384,1,0.9486666666666667,0.9521067839493036,0.7518316796978198,252.57764588890132,2.6854171809973195,255.26306306989864
IoT_Original_Distribution,6q_5k,QVE,full,3,L3,qiskit_heavy,0.0005,6,20,17408,2,0.9386666666666666,0.9437195610339627,0.7189279345894274,261.00923003291246,1.0564918459858745,262.06572187889833
IoT_Original_Distribution,6q_5k,QVE,full,3,L3,qiskit_heavy,0.0005,6,21,18432,0,0.946,0.9500724568471599,0.7472915777441907,263.2032872060081,1.9958365159109235,265.199123721919
IoT_Original_Distribution,6q_5k,QVE,full,3,L3,qiskit_heavy,0.0005,6,22,19456,1,0.9526666666666667,0.9557356965223406,0.7702293751753417,261.5008399520302,2.3926724111661315,263.89351236319635
IoT_Original_Distribution,6q_5k,QVE,full,3,L3,qiskit_heavy,0.0005,6,23,20480,2,0.9593333333333334,0.9616967361610351,0.7987551683121656,262.0289745629998,1.8352345749735832,263.8642091379734
IoT_Original_Distribution,6q_5k,QVE,full,3,L3,qiskit_heavy,0.0005,6,24,21504,0,0.948,0.951974496059562,0.7584990023965682,261.88836746593006,1.3244666770333424,263.2128341429634
IoT_Original_Distribution,6q_5k,QVE,full,3,L3,qiskit_heavy,0.0005,6,25,22528,1,0.9506666666666667,0.9543366651923928,0.7697154785406367,245.37882052594796,2.4418205509427935,247.82064107689075
IoT_Original_Distribution,6q_5k,QVE,full,3,L3,qiskit_heavy,0.0005,6,26,23552,2,0.9386666666666666,0.9431024055410577,0.7066561300928867,261.24626299808733,1.363952424027957,262.6102154221153
IoT_Original_Distribution,6q_5k,QVE,full,3,L3,qiskit_heavy,0.0005,6,27,24576,0,0.956,0.9577581004916655,0.7666767267826812,263.2345657791011,0.8211259570671245,264.0556917361682
IoT_Original_Distribution,6q_5k,QVE,full,3,L3,qiskit_heavy,0.0005,6,28,25600,1,0.9506666666666667,0.9543366651923928,0.7697154785406367,262.9652353299316,0.9178873170167208,263.8831226469483
IoT_Original_Distribution,6q_5k,QVE,full,3,L3,qiskit_heavy,0.0005,6,29,26624,2,0.962,0.9637569566374035,0.8035883872841665,256.39124998194166,1.9698534589260817,258.36110344086774
IoT_Original_Distribution,6q_5k,QVE,full,3,L3,qiskit_heavy,0.001,6,0,42,0,0.9433333333333334,0.9481651195580981,0.7456654643806729,258.2741186420899,1.3063896589446813,259.58050830103457
IoT_Original_Distribution,6q_5k,QVE,full,3,L3,qiskit_heavy,0.001,6,1,123,1,0.9613333333333334,0.963882661079099,0.8158311339584228,259.78190789406653,0.5645761179039255,260.34648401197046
IoT_Original_Distribution,6q_5k,QVE,full,3,L3,qiskit_heavy,0.001,6,2,456,2,0.944,0.9489330104923326,0.7525019837780226,247.30195266695227,2.0576263739494607,249.35957904090174
IoT_Original_Distribution,6q_5k,QVE,full,3,L3,qiskit_heavy,0.001,6,3,789,0,0.948,0.951760735132636,0.7540001023622749,252.02620613202453,2.0754967629909515,254.10170289501548
IoT_Original_Distribution,6q_5k,QVE,full,3,L3,qiskit_heavy,0.001,6,4,1024,1,0.954,0.9569825783104435,0.7770978375899604,256.9131479130592,2.304920944967307,259.2180688580265
IoT_Original_Distribution,6q_5k,QVE,full,3,L3,qiskit_heavy,0.001,6,5,2048,2,0.948,0.9510813789685726,0.7406638990920347,259.46878243691754,1.3612160980701447,260.8299985349877
IoT_Original_Distribution,6q_5k,QVE,full,3,L3,qiskit_heavy,0.001,6,6,3072,0,0.9573333333333334,0.959358448565338,0.7795740834426378,253.4055055619683,1.6865449869073927,255.0920505488757
IoT_Original_Distribution,6q_5k,QVE,full,3,L3,qiskit_heavy,0.001,6,7,4096,1,0.9566666666666667,0.9590850855412059,0.7828482983512342,262.9757327239495,0.823679908993654,263.79941263294313
IoT_Original_Distribution,6q_5k,QVE,full,3,L3,qiskit_heavy,0.001,6,8,5120,2,0.9513333333333334,0.9544888147342375,0.763360912760723,260.10070320020895,2.1427741539664567,262.2434773541754
IoT_Original_Distribution,6q_5k,QVE,full,3,L3,qiskit_heavy,0.001,6,9,6144,0,0.952,0.9552684099168505,0.7699949480535957,260.68000329995994,1.4100743239978328,262.09007762395777
IoT_Original_Distribution,6q_5k,QVE,full,3,L3,qiskit_heavy,0.001,6,10,7168,1,0.9533333333333334,0.9556616436621502,0.7602492708201275,257.72962583601475,2.016197280958295,259.74582311697304
IoT_Original_Distribution,6q_5k,QVE,full,3,L3,qiskit_heavy,0.001,6,11,8192,2,0.9546666666666667,0.9577534982548032,0.7836403245099142,258.3045018571429,1.5054503038991243,259.809952161042
IoT_Original_Distribution,6q_5k,QVE,full,3,L3,qiskit_heavy,0.001,6,12,9216,0,0.952,0.9551646827188816,0.7678596108689535,255.6075420229463,2.342032889951952,257.94957491289824
IoT_Original_Distribution,6q_5k,QVE,full,3,L3,qiskit_heavy,0.001,6,13,10240,1,0.946,0.9497346811906696,0.7404311685150645,257.1614174830029,2.3387722299667075,259.5001897129696
IoT_Original_Distribution,6q_5k,QVE,full,3,L3,qiskit_heavy,0.001,6,14,11264,2,0.9593333333333334,0.961970105462856,0.8045716872484352,261.3111173020443,1.2461656120140105,262.5572829140583
IoT_Original_Distribution,6q_5k,QVE,full,3,L3,qiskit_heavy,0.001,6,15,12288,0,0.9473333333333334,0.9513052356904398,0.7540118257454874,260.47992833005264,1.9001610189443454,262.380089348997
IoT_Original_Distribution,6q_5k,QVE,full,3,L3,qiskit_heavy,0.001,6,16,13312,1,0.9486666666666667,0.9519950511580313,0.7496239879314855,261.6183190130396,1.8365661160787567,263.45488512911834
IoT_Original_Distribution,6q_5k,QVE,full,3,L3,qiskit_heavy,0.001,6,17,14336,2,0.9573333333333334,0.9597639373304546,0.7873266306645084,259.24207717797253,2.274555334006436,261.51663251197897
IoT_Original_Distribution,6q_5k,QVE,full,3,L3,qiskit_heavy,0.001,6,18,15360,0,0.9446666666666667,0.9492787994798958,0.7499043866560298,260.214559279033,0.8176424619741738,261.03220174100716
IoT_Original_Distribution,6q_5k,QVE,full,3,L3,qiskit_heavy,0.001,6,19,16384,1,0.9473333333333334,0.950975800173616,0.7472388545923977,242.59113474702463,0.9094343229662627,243.5005690699909
IoT_Original_Distribution,6q_5k,QVE,full,3,L3,qiskit_heavy,0.001,6,20,17408,2,0.938,0.9431678114654254,0.7168538090056512,258.02917384612374,1.3466826239600778,259.3758564700838
IoT_Original_Distribution,6q_5k,QVE,full,3,L3,qiskit_heavy,0.001,6,21,18432,0,0.952,0.9550594484167518,0.7657328544075529,259.55510427895933,1.4794915211386979,261.03459580009803
IoT_Original_Distribution,6q_5k,QVE,full,3,L3,qiskit_heavy,0.001,6,22,19456,1,0.956,0.9586073206657152,0.7823483883008538,240.0947530490812,1.6726853060536087,241.7674383551348
IoT_Original_Distribution,6q_5k,QVE,full,3,L3,qiskit_heavy,0.001,6,23,20480,2,0.9566666666666667,0.959380649302027,0.7888214986676968,259.9667855571024,1.092605895944871,261.0593914530473
IoT_Original_Distribution,6q_5k,QVE,full,3,L3,qiskit_heavy,0.001,6,24,21504,0,0.948,0.951974496059562,0.7584990023965682,262.56387065001763,1.104224604088813,263.66809525410645
IoT_Original_Distribution,6q_5k,QVE,full,3,L3,qiskit_heavy,0.001,6,25,22528,1,0.95,0.953770793377,0.7674523217480809,257.11427695304155,2.0933203380554914,259.20759729109704
IoT_Original_Distribution,6q_5k,QVE,full,3,L3,qiskit_heavy,0.001,6,26,23552,2,0.94,0.9442133204633205,0.7110033336813817,263.15886248392053,0.7998885159613565,263.9587509998819
IoT_Original_Distribution,6q_5k,QVE,full,3,L3,qiskit_heavy,0.001,6,27,24576,0,0.956,0.9577581004916655,0.7666767267826812,260.70088970300276,1.329865722102113,262.03075542510487
IoT_Original_Distribution,6q_5k,QVE,full,3,L3,qiskit_heavy,0.001,6,28,25600,1,0.946,0.9501818772350061,0.7495895011487894,257.2250838369364,2.317231460940093,259.5423152978765
IoT_Original_Distribution,6q_5k,QVE,full,3,L3,qiskit_heavy,0.001,6,29,26624,2,0.95,0.9532419329461342,0.7564924503461042,260.6264613280073,1.3472912659635767,261.97375259397086
IoT_Original_Distribution,6q_5k,QVE,full,3,L3,qiskit_heavy,0.002,6,0,42,0,0.9426666666666667,0.9476096196099973,0.7435672503835469,263.95950414496474,1.1831009519519284,265.14260509691667
IoT_Original_Distribution,6q_5k,QVE,full,3,L3,qiskit_heavy,0.002,6,1,123,1,0.9606666666666667,0.9633026006884274,0.8133720347371132,262.043014642084,1.2183783689979464,263.26139301108196
IoT_Original_Distribution,6q_5k,QVE,full,3,L3,qiskit_heavy,0.002,6,2,456,2,0.9486666666666667,0.9527445836403831,0.7652213204008386,263.4445671408903,0.8838093798840418,264.3283765207743
IoT_Original_Distribution,6q_5k,QVE,full,3,L3,qiskit_heavy,0.002,6,3,789,0,0.9473333333333334,0.9511969882903826,0.75174802062261,263.4937851270661,1.4261956439586356,264.9199807710247
IoT_Original_Distribution,6q_5k,QVE,full,3,L3,qiskit_heavy,0.002,6,4,1024,1,0.9533333333333334,0.9565109540858268,0.7768176362817549,261.9950288380496,1.0958096570102498,263.09083849505987
IoT_Original_Distribution,6q_5k,QVE,full,3,L3,qiskit_heavy,0.002,6,5,2048,2,0.948,0.9514284062787883,0.7473003866877523,262.5822653629584,1.534393867943436,264.11665923090186
IoT_Original_Distribution,6q_5k,QVE,full,3,L3,qiskit_heavy,0.002,6,6,3072,0,0.9506666666666667,0.953477052538338,0.7524267817902149,257.97738641803153,2.5599517360096797,260.5373381540412
IoT_Original_Distribution,6q_5k,QVE,full,3,L3,qiskit_heavy,0.002,6,7,4096,1,0.9546666666666667,0.9574553088944064,0.7774457883857081,257.09833792597055,1.6150891979923472,258.7134271239629
IoT_Original_Distribution,6q_5k,QVE,full,3,L3,qiskit_heavy,0.002,6,8,5120,2,0.9506666666666667,0.9540258657478741,0.7631722598254365,261.0742866030196,1.1769242180744186,262.251210821094
IoT_Original_Distribution,6q_5k,QVE,full,3,L3,qiskit_heavy,0.002,6,9,6144,0,0.9453333333333334,0.9497300791476274,0.7497209841861407,262.95064332091715,0.729992872918956,263.6806361938361
IoT_Original_Distribution,6q_5k,QVE,full,3,L3,qiskit_heavy,0.002,6,10,7168,1,0.9533333333333334,0.9556616436621502,0.7602492708201275,259.41501213191077,1.4013503700261936,260.81636250193696
IoT_Original_Distribution,6q_5k,QVE,full,3,L3,qiskit_heavy,0.002,6,11,8192,2,0.95,0.9538721085509316,0.7696656403432183,253.68522279092576,3.318300925893709,257.0035237168195
IoT_Original_Distribution,6q_5k,QVE,full,3,L3,qiskit_heavy,0.002,6,12,9216,0,0.9486666666666667,0.9522169191565624,0.7540465406697309,258.96140967903193,1.2037934910040349,260.16520317003597
IoT_Original_Distribution,6q_5k,QVE,full,3,L3,qiskit_heavy,0.002,6,13,10240,1,0.9466666666666667,0.950298233240945,0.7427041951409588,248.85721795191057,2.520732254954055,251.37795020686463
IoT_Original_Distribution,6q_5k,QVE,full,3,L3,qiskit_heavy,0.002,6,14,11264,2,0.9573333333333334,0.9601463846390058,0.7952719097772216,256.2789237999823,1.4652785250218585,257.74420232500415
IoT_Original_Distribution,6q_5k,QVE,full,3,L3,qiskit_heavy,0.002,6,15,12288,0,0.9446666666666667,0.9489518001296976,0.7428974547506464,259.2336064319825,1.433360971044749,260.66696740302723
IoT_Original_Distribution,6q_5k,QVE,full,3,L3,qiskit_heavy,0.002,6,16,13312,1,0.9453333333333334,0.9489375553187261,0.7335942372336183,251.62133945897222,2.087909942958504,253.70924940193072
IoT_Original_Distribution,6q_5k,QVE,full,3,L3,qiskit_heavy,0.002,6,17,14336,2,0.9593333333333334,0.9613130882492995,0.7911796362894623,260.90527368406765,0.4083721380447969,261.31364582211245
IoT_Original_Distribution,6q_5k,QVE,full,3,L3,qiskit_heavy,0.002,6,18,15360,0,0.9513333333333334,0.95500357222028,0.7741725697493775,258.22140769008547,0.8069126220652834,259.02832031215075
IoT_Original_Distribution,6q_5k,QVE,full,3,L3,qiskit_heavy,0.002,6,19,16384,1,0.948,0.9515407774099214,0.749526883369118,234.3213370059384,1.9638463619630784,236.28518336790148
IoT_Original_Distribution,6q_5k,QVE,full,3,L3,qiskit_heavy,0.002,6,20,17408,2,0.9373333333333334,0.9426169272237198,0.7147936052955975,254.39327060012147,1.5948661440052092,255.98813674412668
IoT_Original_Distribution,6q_5k,QVE,full,3,L3,qiskit_heavy,0.002,6,21,18432,0,0.9506666666666667,0.9539192572388504,0.7610065361418865,260.7580527670216,1.6074278199812397,262.3654805870028
IoT_Original_Distribution,6q_5k,QVE,full,3,L3,qiskit_heavy,0.002,6,22,19456,1,0.9493333333333334,0.9528912483912485,0.7585529977280968,246.18265759013593,2.5019337949343026,248.68459138507023
IoT_Original_Distribution,6q_5k,QVE,full,3,L3,qiskit_heavy,0.002,6,23,20480,2,0.954,0.9570827025000254,0.7791829486041725,260.90903430688195,1.5565245759207755,262.4655588828027
IoT_Original_Distribution,6q_5k,QVE,full,3,L3,qiskit_heavy,0.002,6,24,21504,0,0.952,0.9552684099168505,0.7699949480535957,261.12611361499876,1.7067227909574285,262.8328364059562
IoT_Original_Distribution,6q_5k,QVE,full,3,L3,qiskit_heavy,0.002,6,25,22528,1,0.956,0.9592732419283504,0.7966535672781255,264.07978093612473,0.9351356050465256,265.01491654117126
IoT_Original_Distribution,6q_5k,QVE,full,3,L3,qiskit_heavy,0.002,6,26,23552,2,0.9433333333333334,0.94737228823163,0.729156136049994,258.12900198914576,2.111623549950309,260.2406255390961
IoT_Original_Distribution,6q_5k,QVE,full,3,L3,qiskit_heavy,0.002,6,27,24576,0,0.954,0.9560126035782271,0.7587971950873912,262.60460403200705,1.1354426570469514,263.740046689054
IoT_Original_Distribution,6q_5k,QVE,full,3,L3,qiskit_heavy,0.002,6,28,25600,1,0.9446666666666667,0.9490623434045687,0.745228427266977,262.71087317110505,1.2347790489438921,263.94565222004894
IoT_Original_Distribution,6q_5k,QVE,full,3,L3,qiskit_heavy,0.002,6,29,26624,2,0.9593333333333334,0.9614111283512563,0.7930530351829883,262.7067628769437,1.3190626029390842,264.02582547988277
IoT_Original_Distribution,6q_5k,QVE,full,3,L3,qiskit_heavy,0.005,6,0,42,0,0.9433333333333334,0.947946547380976,0.7409271226482088,261.8373084710911,1.1822214460698888,263.019529917161
IoT_Original_Distribution,6q_5k,QVE,full,3,L3,qiskit_heavy,0.005,6,1,123,1,0.956,0.9592732419283504,0.7966535672781255,251.570819255081,1.8362563649425283,253.40707562002353
IoT_Original_Distribution,6q_5k,QVE,full,3,L3,qiskit_heavy,0.005,6,2,456,2,0.9326666666666666,0.939603313241586,0.7188572357270657,260.9650847109733,1.3732266050064936,262.3383113159798
IoT_Original_Distribution,6q_5k,QVE,full,3,L3,qiskit_heavy,0.005,6,3,789,0,0.9426666666666667,0.9472778878865362,0.7364198046565366,258.99300711008254,1.2221234120661393,260.2151305221487
IoT_Original_Distribution,6q_5k,QVE,full,3,L3,qiskit_heavy,0.005,6,4,1024,1,0.936,0.941872781327841,0.718276668383323,245.95267070503905,2.7909667580388486,248.7436374630779
IoT_Original_Distribution,6q_5k,QVE,full,3,L3,qiskit_heavy,0.005,6,5,2048,2,0.9433333333333334,0.9474904304390191,0.7315012789460575,257.9224637609441,1.7918046490522102,259.7142684099963
IoT_Original_Distribution,6q_5k,QVE,full,3,L3,qiskit_heavy,0.005,6,6,3072,0,0.95,0.9530194915516016,0.7521623600557036,260.9737744299928,1.7178874810924754,262.69166191108525
IoT_Original_Distribution,6q_5k,QVE,full,3,L3,qiskit_heavy,0.005,6,7,4096,1,0.9526666666666667,0.9557356965223406,0.7702293751753417,260.70811115403194,1.718495332985185,262.4266064870171
IoT_Original_Distribution,6q_5k,QVE,full,3,L3,qiskit_heavy,0.005,6,8,5120,2,0.9513333333333334,0.9544888147342375,0.763360912760723,262.3919378790306,1.1732593300985172,263.5651972091291
IoT_Original_Distribution,6q_5k,QVE,full,3,L3,qiskit_heavy,0.005,6,9,6144,0,0.9486666666666667,0.9523254846333591,0.7562683594474058,256.07761759497225,2.0477516941027716,258.125369289075
IoT_Original_Distribution,6q_5k,QVE,full,3,L3,qiskit_heavy,0.005,6,10,7168,1,0.946,0.9493820398994491,0.733624416681293,251.4023616759805,2.78007732599508,254.18243900197558
IoT_Original_Distribution,6q_5k,QVE,full,3,L3,qiskit_heavy,0.005,6,11,8192,2,0.946,0.9505009970827897,0.7565145021861055,258.3199309500633,0.7944867500336841,259.11441770009696
IoT_Original_Distribution,6q_5k,QVE,full,3,L3,qiskit_heavy,0.005,6,12,9216,0,0.9493333333333334,0.9527833215788977,0.7563495715972772,255.8849928600248,2.573952678940259,258.45894553896505
IoT_Original_Distribution,6q_5k,QVE,full,3,L3,qiskit_heavy,0.005,6,13,10240,1,0.9433333333333334,0.94737228823163,0.729156136049994,262.77350346103776,1.3309837819542736,264.10448724299204
IoT_Original_Distribution,6q_5k,QVE,full,3,L3,qiskit_heavy,0.005,6,14,11264,2,0.9573333333333334,0.9601463846390058,0.7952719097772216,262.97308372706175,1.0690027000382543,264.0420864271
IoT_Original_Distribution,6q_5k,QVE,full,3,L3,qiskit_heavy,0.005,6,15,12288,0,0.946,0.9496188246739429,0.7381560452446436,264.2430008579977,1.1748075899668038,265.4178084479645
IoT_Original_Distribution,6q_5k,QVE,full,3,L3,qiskit_heavy,0.005,6,16,13312,1,0.9406666666666667,0.9447702052588839,0.7132004242057319,263.4484155139653,1.7287299679592252,265.1771454819245
IoT_Original_Distribution,6q_5k,QVE,full,3,L3,qiskit_heavy,0.005,6,17,14336,2,0.952,0.9551646827188816,0.7678596108689535,262.8569487449713,1.222762807039544,264.07971155201085
IoT_Original_Distribution,6q_5k,QVE,full,3,L3,qiskit_heavy,0.005,6,18,15360,0,0.942,0.9471630022098566,0.7438875942218202,262.60298209195025,1.57334610784892,264.1763281997992
IoT_Original_Distribution,6q_5k,QVE,full,3,L3,qiskit_heavy,0.005,6,19,16384,1,0.9433333333333334,0.9480566018770017,0.743294271125954,257.846598670003,1.896220886032097,259.7428195560351
IoT_Original_Distribution,6q_5k,QVE,full,3,L3,qiskit_heavy,0.005,6,20,17408,2,0.932,0.9382398301608312,0.6987939284224727,262.75794681196567,1.0045700849732384,263.7625168969389
IoT_Original_Distribution,6q_5k,QVE,full,3,L3,qiskit_heavy,0.005,6,21,18432,0,0.9433333333333334,0.947946547380976,0.7409271226482088,260.2108584960224,1.977145818877034,262.18800431489944
IoT_Original_Distribution,6q_5k,QVE,full,3,L3,qiskit_heavy,0.005,6,22,19456,1,0.9486666666666667,0.9524325075741703,0.7584969345147942,261.17949201504234,1.4638588139787316,262.6433508290211
IoT_Original_Distribution,6q_5k,QVE,full,3,L3,qiskit_heavy,0.005,6,23,20480,2,0.9406666666666667,0.9457258310667145,0.7324981420359674,251.36878802685533,1.6650037210201845,253.0337917478755
IoT_Original_Distribution,6q_5k,QVE,full,3,L3,qiskit_heavy,0.005,6,24,21504,0,0.948,0.9516515444015443,0.7517601885785661,262.0462629280519,0.8165064229397103,262.8627693509916
IoT_Original_Distribution,6q_5k,QVE,full,3,L3,qiskit_heavy,0.005,6,25,22528,1,0.9446666666666667,0.9496938988989466,0.7593090162896055,243.72425025096163,2.037015116889961,245.7612653678516
IoT_Original_Distribution,6q_5k,QVE,full,3,L3,qiskit_heavy,0.005,6,26,23552,2,0.9453333333333334,0.9491721364221365,0.7381745702795046,262.06839309597854,1.3733698389260098,263.44176293490455
IoT_Original_Distribution,6q_5k,QVE,full,3,L3,qiskit_heavy,0.005,6,27,24576,0,0.956,0.957979938439941,0.7705172582413702,261.91611897805706,1.1952293030917645,263.1113482811488
IoT_Original_Distribution,6q_5k,QVE,full,3,L3,qiskit_heavy,0.005,6,28,25600,1,0.9373333333333334,0.942853606979515,0.7197782460291479,248.90528180100955,3.0604584380052984,251.96574023901485
IoT_Original_Distribution,6q_5k,QVE,full,3,L3,qiskit_heavy,0.005,6,29,26624,2,0.952,0.9551646827188816,0.7678596108689535,261.92682634398807,0.9164563779486343,262.8432827219367
IoT_Original_Distribution,6q_5k,QVE,full,3,L3,qiskit_heavy,0.008,6,0,42,0,0.9313333333333333,0.9378189337646784,0.6994622820415604,262.49752667709254,1.745568351005204,264.24309502809774
IoT_Original_Distribution,6q_5k,QVE,full,3,L3,qiskit_heavy,0.008,6,1,123,1,0.9346666666666666,0.9414511710119309,0.7296452245309825,256.0814498019172,2.61108832701575,258.69253812893294
IoT_Original_Distribution,6q_5k,QVE,full,3,L3,qiskit_heavy,0.008,6,2,456,2,0.9333333333333333,0.9402562969509499,0.7233162233987462,261.4396210849518,1.984639736940153,263.42426082189195
IoT_Original_Distribution,6q_5k,QVE,full,3,L3,qiskit_heavy,0.008,6,3,789,0,0.93,0.9368564373164202,0.6982741178620393,263.1448634979315,0.44806125783361495,263.5929247557651
IoT_Original_Distribution,6q_5k,QVE,full,3,L3,qiskit_heavy,0.008,6,4,1024,1,0.9173333333333333,0.9265747643179119,0.6615638217968396,262.90951675002,0.737175461021252,263.6466922110412
IoT_Original_Distribution,6q_5k,QVE,full,3,L3,qiskit_heavy,0.008,6,5,2048,2,0.9373333333333334,0.9424960732303532,0.7123044346116361,234.49261376797222,1.3312135860323906,235.8238273540046
IoT_Original_Distribution,6q_5k,QVE,full,3,L3,qiskit_heavy,0.008,6,6,3072,0,0.9406666666666667,0.94514134147404,0.7204105857390041,263.1274684498785,0.8321832490619272,263.95965169894043
IoT_Original_Distribution,6q_5k,QVE,full,3,L3,qiskit_heavy,0.008,6,7,4096,1,0.946,0.949961469006595,0.7449991067304259,262.1452904060716,1.837969726882875,263.98326013295446
IoT_Original_Distribution,6q_5k,QVE,full,3,L3,qiskit_heavy,0.008,6,8,5120,2,0.9453333333333334,0.9494000884564351,0.7427773898031479,251.01271897205152,1.4544867548393086,252.46720572689082
IoT_Original_Distribution,6q_5k,QVE,full,3,L3,qiskit_heavy,0.008,6,9,6144,0,0.9266666666666666,0.9345198170731709,0.6970492845290406,264.26719062111806,1.4705505460733548,265.7377411671914
IoT_Original_Distribution,6q_5k,QVE,full,3,L3,qiskit_heavy,0.008,6,10,7168,1,0.9373333333333334,0.9422491944522275,0.7073327048382727,251.8839355329983,1.2181790260365233,253.10211455903482
IoT_Original_Distribution,6q_5k,QVE,full,3,L3,qiskit_heavy,0.008,6,11,8192,2,0.9426666666666667,0.9475005929919137,0.7411809506744704,263.9812559901038,1.6031025820411742,265.584358572145
IoT_Original_Distribution,6q_5k,QVE,full,3,L3,qiskit_heavy,0.008,6,12,9216,0,0.924,0.9320162912218823,0.6817472036206769,263.7553237719694,1.9833369150292128,265.7386606869986
IoT_Original_Distribution,6q_5k,QVE,full,3,L3,qiskit_heavy,0.008,6,13,10240,1,0.938,0.9431678114654254,0.7168538090056512,262.68494688894134,2.3110581120708957,264.99600500101224
IoT_Original_Distribution,6q_5k,QVE,full,3,L3,qiskit_heavy,0.008,6,14,11264,2,0.948,0.952182270408719,0.7630221637157449,264.0085313920863,1.34025147696957,265.34878286905587
IoT_Original_Distribution,6q_5k,QVE,full,3,L3,qiskit_heavy,0.008,6,15,12288,0,0.932,0.9379900841692609,0.6935992558300481,262.97892246197443,1.5793392830528319,264.55826174502727
IoT_Original_Distribution,6q_5k,QVE,full,3,L3,qiskit_heavy,0.008,6,16,13312,1,0.93,0.9359686771011799,0.6798288526571453,255.96802761906292,1.4216978659387678,257.3897254850017
IoT_Original_Distribution,6q_5k,QVE,full,3,L3,qiskit_heavy,0.008,6,17,14336,2,0.94,0.9455057324948511,0.7377594083441733,264.5688670920208,0.6060636879410595,265.17493077996187
IoT_Original_Distribution,6q_5k,QVE,full,3,L3,qiskit_heavy,0.008,6,18,15360,0,0.928,0.9358247793396536,0.706000180089995,264.7772408640012,0.6342605380341411,265.41150140203536
IoT_Original_Distribution,6q_5k,QVE,full,3,L3,qiskit_heavy,0.008,6,19,16384,1,0.9306666666666666,0.9377517624087965,0.7080355160075477,253.16974344395567,2.919440773082897,256.08918421703856
IoT_Original_Distribution,6q_5k,QVE,full,3,L3,qiskit_heavy,0.008,6,20,17408,2,0.92,0.9286941992662816,0.6684209934135701,263.8927735100733,1.2290375630836934,265.121811073157
IoT_Original_Distribution,6q_5k,QVE,full,3,L3,qiskit_heavy,0.008,6,21,18432,0,0.94,0.9450587601078169,0.7279872779850339,258.5838691019453,1.3720447620144114,259.9559138639597
IoT_Original_Distribution,6q_5k,QVE,full,3,L3,qiskit_heavy,0.008,6,22,19456,1,0.9406666666666667,0.9458378730103352,0.7349253614681347,263.5741001300048,0.8978128740563989,264.4719130040612
IoT_Original_Distribution,6q_5k,QVE,full,3,L3,qiskit_heavy,0.008,6,23,20480,2,0.938,0.943403620111923,0.7218101255221689,256.37471673300024,2.280680672964081,258.6553974059643
IoT_Original_Distribution,6q_5k,QVE,full,3,L3,qiskit_heavy,0.008,6,24,21504,0,0.936,0.9417560726852401,0.7157542997720369,260.9862005759496,0.7988656650995836,261.7850662410492
IoT_Original_Distribution,6q_5k,QVE,full,3,L3,qiskit_heavy,0.008,6,25,22528,1,0.9286666666666666,0.9366957241814168,0.7157682686255723,254.8071608300088,0.931578041985631,255.73873887199443
IoT_Original_Distribution,6q_5k,QVE,full,3,L3,qiskit_heavy,0.008,6,26,23552,2,0.93,0.936976377170497,0.7009084758696238,260.59436274599284,1.1161934189731255,261.71055616496596
IoT_Original_Distribution,6q_5k,QVE,full,3,L3,qiskit_heavy,0.008,6,27,24576,0,0.9406666666666667,0.9446429061232211,0.710804776338291,256.7671521939337,2.3410906640347093,259.10824285796843
IoT_Original_Distribution,6q_5k,QVE,full,3,L3,qiskit_heavy,0.008,6,28,25600,1,0.9366666666666666,0.9426485311421791,0.7252917606989296,262.5755050400039,0.7982861970085651,263.3737912370125
IoT_Original_Distribution,6q_5k,QVE,full,3,L3,qiskit_heavy,0.008,6,29,26624,2,0.9473333333333334,0.9508628043116232,0.7449938624712318,260.57548236101866,1.5228891459992155,262.0983715070179
IoT_Original_Distribution,6q_5k,QVE,full,3,L3,qiskit_heavy,0.01,6,0,42,0,0.9093333333333333,0.9207717532430227,0.6535964611593815,255.74142426496837,1.8524553580209613,257.59387962298933
IoT_Original_Distribution,6q_5k,QVE,full,3,L3,qiskit_heavy,0.01,6,1,123,1,0.9073333333333333,0.9195672990445258,0.6577656511971574,261.24756126792636,0.8508122349157929,262.09837350284215
IoT_Original_Distribution,6q_5k,QVE,full,3,L3,qiskit_heavy,0.01,6,2,456,2,0.9153333333333333,0.92572585981492,0.6736189624045525,255.13984527206048,2.5035564829595387,257.64340175502
IoT_Original_Distribution,6q_5k,QVE,full,3,L3,qiskit_heavy,0.01,6,3,789,0,0.8973333333333333,0.9113312405723837,0.6238339530915201,261.8300027559744,1.7543512539705262,263.58435400994495
IoT_Original_Distribution,6q_5k,QVE,full,3,L3,qiskit_heavy,0.01,6,4,1024,1,0.9173333333333333,0.9268252970255817,0.6672217126872653,260.7890686048195,2.559381228988059,263.34844983380754
IoT_Original_Distribution,6q_5k,QVE,full,3,L3,qiskit_heavy,0.01,6,5,2048,2,0.9113333333333333,0.9215802798767048,0.640871369598279,263.76462664897554,0.9911402179859579,264.7557668669615
IoT_Original_Distribution,6q_5k,QVE,full,3,L3,qiskit_heavy,0.01,6,6,3072,0,0.9286666666666666,0.9355297812126853,0.6892063542853127,242.187528025941,1.7342336050933227,243.92176163103431
IoT_Original_Distribution,6q_5k,QVE,full,3,L3,qiskit_heavy,0.01,6,7,4096,1,0.922,0.93053818810722,0.6791967545050154,258.5310581000522,1.5905655180104077,260.1216236180626
IoT_Original_Distribution,6q_5k,QVE,full,3,L3,qiskit_heavy,0.01,6,8,5120,2,0.918,0.9269760439075901,0.6604392494095056,257.2975701240357,1.5247270490508527,258.82229717308655
IoT_Original_Distribution,6q_5k,QVE,full,3,L3,qiskit_heavy,0.01,6,9,6144,0,0.9046666666666666,0.9171313867166673,0.6429100470510523,258.4132594829425,1.1361760179279372,259.54943550087046
IoT_Original_Distribution,6q_5k,QVE,full,3,L3,qiskit_heavy,0.01,6,10,7168,1,0.918,0.9263109083998479,0.6462758029910675,233.8281770030735,2.437106729950756,236.26528373302426
IoT_Original_Distribution,6q_5k,QVE,full,3,L3,qiskit_heavy,0.01,6,11,8192,2,0.9106666666666666,0.9220559886497125,0.6625186854126557,257.96559580706526,1.5708164119860157,259.5364122190513
IoT_Original_Distribution,6q_5k,QVE,full,3,L3,qiskit_heavy,0.01,6,12,9216,0,0.91,0.9210471738190095,0.6493304009851917,263.4874464740278,1.189611237961799,264.6770577119896
IoT_Original_Distribution,6q_5k,QVE,full,3,L3,qiskit_heavy,0.01,6,13,10240,1,0.914,0.9240656034042253,0.6560841459764537,257.25546548399143,2.0147476750425994,259.27021315903403
IoT_Original_Distribution,6q_5k,QVE,full,3,L3,qiskit_heavy,0.01,6,14,11264,2,0.9233333333333333,0.9320788656849842,0.693662731218939,261.8373538760934,1.739549966994673,263.5769038430881
IoT_Original_Distribution,6q_5k,QVE,full,3,L3,qiskit_heavy,0.01,6,15,12288,0,0.9173333333333333,0.9265747643179119,0.6615638217968396,262.43069878802635,0.9247463489882648,263.3554451370146
IoT_Original_Distribution,6q_5k,QVE,full,3,L3,qiskit_heavy,0.01,6,16,13312,1,0.9106666666666666,0.9211876215738284,0.6421705990201921,261.7376112139318,0.9988977919565514,262.73650900588837
IoT_Original_Distribution,6q_5k,QVE,full,3,L3,qiskit_heavy,0.01,6,17,14336,2,0.912,0.9232193321027018,0.6685263994210042,254.2187190729892,2.7627985769649968,256.9815176499542
IoT_Original_Distribution,6q_5k,QVE,full,3,L3,qiskit_heavy,0.01,6,18,15360,0,0.9106666666666666,0.9221735190340725,0.6654118417586566,256.0979170149658,1.8114447079133242,257.9093617228791
IoT_Original_Distribution,6q_5k,QVE,full,3,L3,qiskit_heavy,0.01,6,19,16384,1,0.908,0.9198503404977763,0.6534321524660351,254.82449571497273,1.7440509890438989,256.5685467040166
IoT_Original_Distribution,6q_5k,QVE,full,3,L3,qiskit_heavy,0.01,6,20,17408,2,0.9053333333333333,0.9172763894155092,0.6355190047815475,259.30842051596846,2.1189854560652748,261.42740597203374
IoT_Original_Distribution,6q_5k,QVE,full,3,L3,qiskit_heavy,0.01,6,21,18432,0,0.912,0.9228625525784185,0.6598821212803937,262.99841855000705,1.4647891018539667,264.463207651861
IoT_Original_Distribution,6q_5k,QVE,full,3,L3,qiskit_heavy,0.01,6,22,19456,1,0.916,0.9258928381962866,0.6667292008145662,261.1631061520893,1.6366267590783536,262.79973291116767
IoT_Original_Distribution,6q_5k,QVE,full,3,L3,qiskit_heavy,0.01,6,23,20480,2,0.9266666666666666,0.9344016845123425,0.6943607062501552,258.32368347095326,1.240949460072443,259.5646329310257
IoT_Original_Distribution,6q_5k,QVE,full,3,L3,qiskit_heavy,0.01,6,24,21504,0,0.9126666666666666,0.9236257451791837,0.6672252726637559,255.7253252218943,1.8735583560774103,257.5988835779717
IoT_Original_Distribution,6q_5k,QVE,full,3,L3,qiskit_heavy,0.01,6,25,22528,1,0.9186666666666666,0.928706298595205,0.690195884408616,260.0468861589907,1.4616745029343292,261.508560661925
IoT_Original_Distribution,6q_5k,QVE,full,3,L3,qiskit_heavy,0.01,6,26,23552,2,0.9173333333333333,0.9269480431316209,0.6700465902166882,255.0632827830268,2.323019659961574,257.3863024429884
IoT_Original_Distribution,6q_5k,QVE,full,3,L3,qiskit_heavy,0.01,6,27,24576,0,0.924,0.9321387195121952,0.6844796463624363,256.8881403609412,2.255835302057676,259.14397566299886
IoT_Original_Distribution,6q_5k,QVE,full,3,L3,qiskit_heavy,0.01,6,28,25600,1,0.9273333333333333,0.9351730245906695,0.7015302265897292,263.0751994830789,0.8328358271392062,263.9080353102181
IoT_Original_Distribution,6q_5k,QVE,full,3,L3,qiskit_heavy,0.01,6,29,26624,2,0.9306666666666666,0.937866548828988,0.7106582211342738,263.3185504829744,1.1429585471050814,264.46150903007947
IoT_Original_Distribution,6q_5k,QVE,full,3,L3,qiskit_heavy,0.02,6,0,42,0,0.95,0.9526734414082532,0.7457311205449889,262.85187937808223,0.6659231589874253,263.51780253706966
IoT_Original_Distribution,6q_5k,QVE,full,3,L3,qiskit_heavy,0.02,6,1,123,1,0.9686666666666667,0.9701920516019193,0.8408697153702317,255.38281082489993,3.0542365229921415,258.4370473478921
IoT_Original_Distribution,6q_5k,QVE,full,3,L3,qiskit_heavy,0.02,6,2,456,2,0.9446666666666667,0.9490623434045687,0.745228427266977,258.8918954820838,1.3961877810070291,260.2880832630908
IoT_Original_Distribution,6q_5k,QVE,full,3,L3,qiskit_heavy,0.02,6,3,789,0,0.9586666666666667,0.9605266088375203,0.7848207956792541,259.1576144788414,1.3167285810923204,260.47434305993374
IoT_Original_Distribution,6q_5k,QVE,full,3,L3,qiskit_heavy,0.02,6,4,1024,1,0.942,0.9463741203173199,0.7271308337403007,257.6549049859168,1.854173372965306,259.5090783588821
IoT_Original_Distribution,6q_5k,QVE,full,3,L3,qiskit_heavy,0.02,6,5,2048,2,0.9506666666666667,0.9532460820895523,0.748190568590062,262.16868791996967,0.5826194990659133,262.7513074190356
IoT_Original_Distribution,6q_5k,QVE,full,3,L3,qiskit_heavy,0.02,6,6,3072,0,0.9606666666666667,0.961981885093829,0.787579691104729,261.1990243969485,1.126769753987901,262.3257941509364
IoT_Original_Distribution,6q_5k,QVE,full,3,L3,qiskit_heavy,0.02,6,7,4096,1,0.9593333333333334,0.9605842501936511,0.7784973287282139,260.5761927680578,1.6221399010391906,262.198332669097
IoT_Original_Distribution,6q_5k,QVE,full,3,L3,qiskit_heavy,0.02,6,8,5120,2,0.9586666666666667,0.9599936357957208,0.7757058273400063,258.1156930879224,0.8557792650535703,258.971472352976
IoT_Original_Distribution,6q_5k,QVE,full,3,L3,qiskit_heavy,0.02,6,9,6144,0,0.9606666666666667,0.9623875885668899,0.7946463331121565,250.17388141795527,2.4550478029996157,252.6289292209549
IoT_Original_Distribution,6q_5k,QVE,full,3,L3,qiskit_heavy,0.02,6,10,7168,1,0.952,0.9541599328435719,0.7490619520845443,259.2532304280903,0.8721523300046101,260.12538275809493
IoT_Original_Distribution,6q_5k,QVE,full,3,L3,qiskit_heavy,0.02,6,11,8192,2,0.958,0.9601459194447399,0.7859891074815686,257.85645994194783,1.6081911609508097,259.46465110289864
IoT_Original_Distribution,6q_5k,QVE,full,3,L3,qiskit_heavy,0.02,6,12,9216,0,0.9613333333333334,0.9625746915508355,0.7903863819935767,258.67627676401753,2.201870903954841,260.87814766797237
IoT_Original_Distribution,6q_5k,QVE,full,3,L3,qiskit_heavy,0.02,6,13,10240,1,0.9606666666666667,0.9608519530871378,0.7713061677099112,262.7324175260728,1.7278355340240523,264.4602530600969
IoT_Original_Distribution,6q_5k,QVE,full,3,L3,qiskit_heavy,0.02,6,14,11264,2,0.9673333333333334,0.968338168188343,0.8226582028004569,262.9038113220595,0.9616277440218255,263.8654390660813
IoT_Original_Distribution,6q_5k,QVE,full,3,L3,qiskit_heavy,0.02,6,15,12288,0,0.9533333333333334,0.9553165064102563,0.7542139235406125,255.33401465206407,1.7628971820231527,257.0969118340872
IoT_Original_Distribution,6q_5k,QVE,full,3,L3,qiskit_heavy,0.02,6,16,13312,1,0.956,0.9572938698766317,0.759172731189429,262.2486116789514,0.9944744859822094,263.24308616493363
IoT_Original_Distribution,6q_5k,QVE,full,3,L3,qiskit_heavy,0.02,6,17,14336,2,0.9606666666666667,0.9624852709053827,0.7964545107591481,261.80632888595574,1.0371696789516136,262.84349856490735
IoT_Original_Distribution,6q_5k,QVE,full,3,L3,qiskit_heavy,0.02,6,18,15360,0,0.9613333333333334,0.9633550373134327,0.8045652417560019,256.85956662590615,1.668147630058229,258.5277142559644
IoT_Original_Distribution,6q_5k,QVE,full,3,L3,qiskit_heavy,0.02,6,19,16384,1,0.954,0.956126842245278,0.7607851281340564,262.14377604203764,1.0211268940474838,263.1649029360851
IoT_Original_Distribution,6q_5k,QVE,full,3,L3,qiskit_heavy,0.02,6,20,17408,2,0.9506666666666667,0.9531280232999874,0.7460869178307993,261.490456175874,1.0221646929858252,262.5126208688598
IoT_Original_Distribution,6q_5k,QVE,full,3,L3,qiskit_heavy,0.02,6,21,18432,0,0.9606666666666667,0.962288437232072,0.7928542048804118,253.76363773399498,1.8707718870136887,255.63440962100867
IoT_Original_Distribution,6q_5k,QVE,full,3,L3,qiskit_heavy,0.02,6,22,19456,1,0.9706666666666667,0.9711147892596264,0.8336880900728664,258.57747202005703,1.7182812060927972,260.2957532261498
IoT_Original_Distribution,6q_5k,QVE,full,3,L3,qiskit_heavy,0.02,6,23,20480,2,0.9533333333333334,0.9560986734333344,0.7684535585645808,259.3906225840328,0.7832042499212548,260.1738268339541
IoT_Original_Distribution,6q_5k,QVE,full,3,L3,qiskit_heavy,0.02,6,24,21504,0,0.9553333333333334,0.957175004992353,0.7640283839431127,260.8404758688994,1.0269761719973758,261.86745204089675
IoT_Original_Distribution,6q_5k,QVE,full,3,L3,qiskit_heavy,0.02,6,25,22528,1,0.9486666666666667,0.9530436965408652,0.7720001090700839,248.5726336000953,2.195830821990967,250.76846442208625
IoT_Original_Distribution,6q_5k,QVE,full,3,L3,qiskit_heavy,0.02,6,26,23552,2,0.8973333333333333,0.9114542635658914,0.6268700968041807,260.33941768098157,1.0203976320335642,261.35981531301513
IoT_Original_Distribution,6q_5k,QVE,full,3,L3,qiskit_heavy,0.02,6,27,24576,0,0.962,0.9625245059423913,0.7835646508876383,260.6514005850768,2.1714686170453206,262.8228692021221
IoT_Original_Distribution,6q_5k,QVE,full,3,L3,qiskit_heavy,0.02,6,28,25600,1,0.962,0.9638499349214765,0.8053768017411107,260.30041524604894,1.6219873379450291,261.92240258399397
IoT_Original_Distribution,6q_5k,QVE,full,3,L3,qiskit_heavy,0.02,6,29,26624,2,0.942,0.9462549111552313,0.7247523650538733,262.20826887898147,1.3437171750701964,263.55198605405167
IoT_Original_Distribution,6q_5k,QVE,full,3,L3,qiskit_heavy,0.05,6,0,42,0,0.9633333333333334,0.9622711876099478,0.7743518179294948,265.5718049330171,0.6313704809872434,266.20317541400436
IoT_Original_Distribution,6q_5k,QVE,full,3,L3,qiskit_heavy,0.05,6,1,123,1,0.98,0.9797373762256936,0.8799704396352747,265.15416665002704,0.5028134470339864,265.656980097061
IoT_Original_Distribution,6q_5k,QVE,full,3,L3,qiskit_heavy,0.05,6,2,456,2,0.966,0.9662648366170882,0.8036567147373729,265.2212812250946,0.36594661709386855,265.58722784218844
IoT_Original_Distribution,6q_5k,QVE,full,3,L3,qiskit_heavy,0.05,6,3,789,0,0.966,0.9652593614006335,0.7928999164243136,261.8992796000093,1.890393367037177,263.7896729670465
IoT_Original_Distribution,6q_5k,QVE,full,3,L3,qiskit_heavy,0.05,6,4,1024,1,0.9766666666666667,0.9763205551324363,0.8595409480811567,261.35345984401647,2.108480736031197,263.46194058004767
IoT_Original_Distribution,6q_5k,QVE,full,3,L3,qiskit_heavy,0.05,6,5,2048,2,0.97,0.9694516056190243,0.8183034245010339,262.61115040408913,0.6799039479810745,263.2910543520702
IoT_Original_Distribution,6q_5k,QVE,full,3,L3,qiskit_heavy,0.05,6,6,3072,0,0.9746666666666667,0.9730865997749438,0.8426804207218528,258.4118863190524,2.282423324068077,260.6943096431205
IoT_Original_Distribution,6q_5k,QVE,full,3,L3,qiskit_heavy,0.05,6,7,4096,1,0.9673333333333334,0.9671757141784527,0.8064236407484556,259.0294632380828,1.0323020609794185,260.06176529906224
IoT_Original_Distribution,6q_5k,QVE,full,3,L3,qiskit_heavy,0.05,6,8,5120,2,0.9593333333333334,0.9584474714791891,0.7520152990028801,261.7119474069914,0.8001398340566084,262.512087241048
IoT_Original_Distribution,6q_5k,QVE,full,3,L3,qiskit_heavy,0.05,6,9,6144,0,0.966,0.9654956660501215,0.7950302194650386,250.5480500900885,3.7695037429220974,254.3175538330106
IoT_Original_Distribution,6q_5k,QVE,full,3,L3,qiskit_heavy,0.05,6,10,7168,1,0.968,0.9667746209994386,0.8014457372252828,257.77110340690706,2.1266195689095184,259.8977229758166
IoT_Original_Distribution,6q_5k,QVE,full,3,L3,qiskit_heavy,0.05,6,11,8192,2,0.9686666666666667,0.968308123436197,0.812174429605802,260.22433070500847,0.9155278109246865,261.13985851593316
IoT_Original_Distribution,6q_5k,QVE,full,3,L3,qiskit_heavy,0.05,6,12,9216,0,0.9673333333333334,0.9665053754157468,0.8001344355775376,261.10049028892536,1.6524928689468652,262.7529831578722
IoT_Original_Distribution,6q_5k,QVE,full,3,L3,qiskit_heavy,0.05,6,13,10240,1,0.9626666666666667,0.9612370578326781,0.7676344546203813,263.23776531300973,1.0873428749619052,264.32510818797164
IoT_Original_Distribution,6q_5k,QVE,full,3,L3,qiskit_heavy,0.05,6,14,11264,2,0.974,0.9737024854045038,0.844211604849611,258.9468985790154,2.0920868479879573,261.03898542700335
IoT_Original_Distribution,6q_5k,QVE,full,3,L3,qiskit_heavy,0.05,6,15,12288,0,0.9633333333333334,0.962663073534363,0.777704921598621,259.5080338859698,1.2379776960005984,260.7460115819704
IoT_Original_Distribution,6q_5k,QVE,full,3,L3,qiskit_heavy,0.05,6,16,13312,1,0.966,0.9645012433488285,0.7876181265593125,263.31587608600967,0.7707523459102958,264.08662843191996
IoT_Original_Distribution,6q_5k,QVE,full,3,L3,qiskit_heavy,0.05,6,17,14336,2,0.972,0.9717264891783183,0.8326542628980074,256.3344744259957,2.6263518328778446,258.96082625887357
IoT_Original_Distribution,6q_5k,QVE,full,3,L3,qiskit_heavy,0.05,6,18,15360,0,0.974,0.9733410130860025,0.841312254527347,251.8472609410528,2.4974749060347676,254.34473584708758
IoT_Original_Distribution,6q_5k,QVE,full,3,L3,qiskit_heavy,0.05,6,19,16384,1,0.9633333333333334,0.9631564138737736,0.7827118075041956,259.1153783178888,2.096075303154066,261.2114536210429
IoT_Original_Distribution,6q_5k,QVE,full,3,L3,qiskit_heavy,0.05,6,20,17408,2,0.962,0.9614363326442535,0.7708386962339944,260.3765815969091,1.3990571689791977,261.7756387658883
IoT_Original_Distribution,6q_5k,QVE,full,3,L3,qiskit_heavy,0.05,6,21,18432,0,0.9646666666666667,0.9647225907809877,0.7932203454757393,261.97318336495664,1.5019950338173658,263.475178398774
IoT_Original_Distribution,6q_5k,QVE,full,3,L3,qiskit_heavy,0.05,6,22,19456,1,0.968,0.9672461703197046,0.8047029470047976,255.15603728592396,2.1167598349275067,257.27279712085146
IoT_Original_Distribution,6q_5k,QVE,full,3,L3,qiskit_heavy,0.05,6,23,20480,2,0.974,0.9738745480195848,0.8459433628222224,263.0956877749413,1.1761947760824114,264.27188255102374
IoT_Original_Distribution,6q_5k,QVE,full,3,L3,qiskit_heavy,0.05,6,24,21504,0,0.964,0.9634042176988099,0.782344792015084,263.76661352603696,1.3977407360216603,265.1643542620586
IoT_Original_Distribution,6q_5k,QVE,full,3,L3,qiskit_heavy,0.05,6,25,22528,1,0.9713333333333334,0.9705029284950502,0.8241258891882471,262.9721972189145,0.9861183689208701,263.9583155878354
IoT_Original_Distribution,6q_5k,QVE,full,3,L3,qiskit_heavy,0.05,6,26,23552,2,0.9726666666666667,0.9718748853092339,0.8324215677313724,261.6738805610221,1.8941243670415133,263.5680049280636
IoT_Original_Distribution,6q_5k,QVE,full,3,L3,qiskit_heavy,0.05,6,27,24576,0,0.9626666666666667,0.9609477040816327,0.7657981827207418,263.09161601087544,1.1070199200185016,264.19863593089394
IoT_Original_Distribution,6q_5k,QVE,full,3,L3,qiskit_heavy,0.05,6,28,25600,1,0.962,0.9618166471055472,0.7748078630894422,262.7944588159444,1.3978086340939626,264.19226745003834
IoT_Original_Distribution,6q_5k,QVE,full,3,L3,qiskit_heavy,0.05,6,29,26624,2,0.964,0.9634042176988099,0.782344792015084,258.68378162104636,2.0988297888543457,260.7826114099007
IoT_Original_Distribution,6q_5k,QWE,full,0,L0,baseline_unoptimized,0.0,6,0,42,0,0.946,0.9497346811906696,0.7404311685150645,811.6345297819935,5.1844157330924645,816.8189455150859
IoT_Original_Distribution,6q_5k,QWE,full,0,L0,baseline_unoptimized,0.0,6,1,123,1,0.9566666666666667,0.959380649302027,0.7888214986676968,829.5011650191154,4.820587095106021,834.3217521142215
IoT_Original_Distribution,6q_5k,QWE,full,0,L0,baseline_unoptimized,0.0,6,2,456,2,0.9493333333333334,0.9533078593443541,0.7674357500576353,828.51640958793,5.453359442064539,833.9697690299945
IoT_Original_Distribution,6q_5k,QWE,full,0,L0,baseline_unoptimized,0.0,6,3,789,0,0.9533333333333334,0.9562039944501242,0.7705303644616922,831.7236173371784,5.6825380329974,837.4061553701758
IoT_Original_Distribution,6q_5k,QWE,full,0,L0,baseline_unoptimized,0.0,6,4,1024,1,0.956,0.9584043158192588,0.7783563782665744,819.1379657090874,5.1222292960155755,824.260195005103
IoT_Original_Distribution,6q_5k,QWE,full,0,L0,baseline_unoptimized,0.0,6,5,2048,2,0.9566666666666667,0.9584533630522828,0.7712348391774375,830.282087679836,6.147154303849675,836.4292419836856
IoT_Original_Distribution,6q_5k,QWE,full,0,L0,baseline_unoptimized,0.0,6,6,3072,0,0.9546666666666667,0.9567066032411514,0.7633654895224282,803.9406864569755,5.416532880044542,809.3572193370201
IoT_Original_Distribution,6q_5k,QWE,full,0,L0,baseline_unoptimized,0.0,6,7,4096,1,0.9533333333333334,0.9559918064551846,0.7663867213399324,828.4022694770247,5.567644722992554,833.9699142000172
IoT_Original_Distribution,6q_5k,QWE,full,0,L0,baseline_unoptimized,0.0,6,8,5120,2,0.952,0.954844349817144,0.7615061436964442,828.600016732933,5.678288672934286,834.2783054058673
IoT_Original_Distribution,6q_5k,QWE,full,0,L0,baseline_unoptimized,0.0,6,9,6144,0,0.9493333333333334,0.9529976393600043,0.7607635269721875,796.2816794168903,5.405364881968126,801.6870442988584
IoT_Original_Distribution,6q_5k,QWE,full,0,L0,baseline_unoptimized,0.0,6,10,7168,1,0.9553333333333334,0.95728760057596,0.7659670226923443,826.1369475448737,5.8701372519135475,832.0070847967872
IoT_Original_Distribution,6q_5k,QWE,full,0,L0,baseline_unoptimized,0.0,6,11,8192,2,0.958,0.9604408914450037,0.7917915474418197,826.9008709150366,5.523575923987664,832.4244468390243
IoT_Original_Distribution,6q_5k,QWE,full,0,L0,baseline_unoptimized,0.0,6,12,9216,0,0.964,0.9651557473059503,0.8050669366471471,824.6187867250992,5.071969147073105,829.6907558721723
IoT_Original_Distribution,6q_5k,QWE,full,0,L0,baseline_unoptimized,0.0,6,13,10240,1,0.9593333333333334,0.9609060189845331,0.7838348905542846,798.2162041089032,5.217243839986622,803.4334479488898
IoT_Original_Distribution,6q_5k,QWE,full,0,L0,baseline_unoptimized,0.0,6,14,11264,2,0.9606666666666667,0.9621877888538928,0.7910786700396673,824.3707554559223,5.801959204953164,830.1727146608755
IoT_Original_Distribution,6q_5k,QWE,full,0,L0,baseline_unoptimized,0.0,6,15,12288,0,0.9473333333333334,0.9510871855329268,0.7494903035980528,824.2218460319564,5.273338082944974,829.4951841149013
IoT_Original_Distribution,6q_5k,QWE,full,0,L0,baseline_unoptimized,0.0,6,16,13312,1,0.9513333333333334,0.9539354829706997,0.7527610142152849,828.7494755181251,4.314297600998543,833.0637731191237
IoT_Original_Distribution,6q_5k,QWE,full,0,L0,baseline_unoptimized,0.0,6,17,14336,2,0.9686666666666667,0.9697143830408467,0.8315033056443294,824.9451738450443,6.261395268025808,831.2065691130701
IoT_Original_Distribution,6q_5k,QWE,full,0,L0,baseline_unoptimized,0.0,6,18,15360,0,0.9466666666666667,0.9505238309052676,0.7472366777523624,782.0632124249823,5.077476534061134,787.1406889590435
IoT_Original_Distribution,6q_5k,QWE,full,0,L0,baseline_unoptimized,0.0,6,19,16384,1,0.956,0.9578698489010989,0.7685900347721587,808.0990510699339,6.702080888208002,814.8011319581419
IoT_Original_Distribution,6q_5k,QWE,full,0,L0,baseline_unoptimized,0.0,6,20,17408,2,0.942,0.9461339891311978,0.722378080200641,809.8959695490776,5.636506405076943,815.5324759541545
IoT_Original_Distribution,6q_5k,QWE,full,0,L0,baseline_unoptimized,0.0,6,21,18432,0,0.9606666666666667,0.9621877888538928,0.7910786700396673,819.6152920590248,5.731180001166649,825.3464720601914
IoT_Original_Distribution,6q_5k,QWE,full,0,L0,baseline_unoptimized,0.0,6,22,19456,1,0.9566666666666667,0.9587762415771225,0.7769824708378139,794.8224059321219,5.596228996990249,800.4186349291122
IoT_Original_Distribution,6q_5k,QWE,full,0,L0,baseline_unoptimized,0.0,6,23,20480,2,0.9566666666666667,0.9590850855412059,0.7828482983512342,818.5653275079094,6.447220571804792,825.0125480797142
IoT_Original_Distribution,6q_5k,QWE,full,0,L0,baseline_unoptimized,0.0,6,24,21504,0,0.9473333333333334,0.9511969882903826,0.75174802062261,802.2592948989477,4.803861344000325,807.063156242948
IoT_Original_Distribution,6q_5k,QWE,full,0,L0,baseline_unoptimized,0.0,6,25,22528,1,0.9453333333333334,0.9492869266778994,0.7404732531424497,829.1191452118801,5.8167897501261905,834.9359349620063
IoT_Original_Distribution,6q_5k,QWE,full,0,L0,baseline_unoptimized,0.0,6,26,23552,2,0.9486666666666667,0.9515315628718899,0.7408695171147972,828.4443159569055,5.680929190013558,834.125245146919
IoT_Original_Distribution,6q_5k,QWE,full,0,L0,baseline_unoptimized,0.0,6,27,24576,0,0.9546666666666667,0.9558755555555555,0.7499158486889432,791.079355719965,4.9174694429384544,795.9968251629034
IoT_Original_Distribution,6q_5k,QWE,full,0,L0,baseline_unoptimized,0.0,6,28,25600,1,0.946,0.949961469006595,0.7449991067304259,820.4416692098603,5.983553403988481,826.4252226138487
IoT_Original_Distribution,6q_5k,QWE,full,0,L0,baseline_unoptimized,0.0,6,29,26624,2,0.9533333333333334,0.9557733208955224,0.762284236881547,820.9504788297927,5.663547114934772,826.6140259447275
IoT_Original_Distribution,6q_5k,QWE,full,0,L0,baseline_unoptimized,0.0003,6,0,42,0,0.944,0.9480500224505309,0.7337098285325372,612.9316142809112,4.639426235109568,617.5710405160207
IoT_Original_Distribution,6q_5k,QWE,full,0,L0,baseline_unoptimized,0.0003,6,1,123,1,0.958,0.9605363729033454,0.7937504591409464,580.5130422780057,5.199546385090798,585.7125886630965
IoT_Original_Distribution,6q_5k,QWE,full,0,L0,baseline_unoptimized,0.0003,6,2,456,2,0.9433333333333334,0.9480566018770017,0.743294271125954,613.6597318339627,4.3945295619778335,618.0542613959406
IoT_Original_Distribution,6q_5k,QWE,full,0,L0,baseline_unoptimized,0.0003,6,3,789,0,0.95,0.9533507635869841,0.758669496924408,617.2988881438505,2.923631684971042,620.2225198288215
IoT_Original_Distribution,6q_5k,QWE,full,0,L0,baseline_unoptimized,0.0003,6,4,1024,1,0.9486666666666667,0.9521067839493036,0.7518316796978198,616.6787907051621,2.593739698873833,619.2725304040359
IoT_Original_Distribution,6q_5k,QWE,full,0,L0,baseline_unoptimized,0.0003,6,5,2048,2,0.9546666666666667,0.9567066032411514,0.7633654895224282,581.4521770629799,3.12777329410892,584.5799503570888
IoT_Original_Distribution,6q_5k,QWE,full,0,L0,baseline_unoptimized,0.0003,6,6,3072,0,0.954,0.956126842245278,0.7607851281340564,612.9868040748406,3.542070443974808,616.5288745188154
IoT_Original_Distribution,6q_5k,QWE,full,0,L0,baseline_unoptimized,0.0003,6,7,4096,1,0.962,0.9639415461642885,0.8071808905858276,602.0932504669763,4.351805863203481,606.4450563301798
IoT_Original_Distribution,6q_5k,QWE,full,0,L0,baseline_unoptimized,0.0003,6,8,5120,2,0.9466666666666667,0.9501829807987573,0.7404473119606854,601.2181460200809,4.649122842936777,605.8672688630177
IoT_Original_Distribution,6q_5k,QWE,full,0,L0,baseline_unoptimized,0.0003,6,9,6144,0,0.952,0.955471447814741,0.7742903761920127,551.5825439089676,4.7046721779042855,556.2872160868719
IoT_Original_Distribution,6q_5k,QWE,full,0,L0,baseline_unoptimized,0.0003,6,10,7168,1,0.954,0.9560126035782271,0.7587971950873912,615.7379959600512,3.307831228012219,619.0458271880634
IoT_Original_Distribution,6q_5k,QWE,full,0,L0,baseline_unoptimized,0.0003,6,11,8192,2,0.9526666666666667,0.9556311707760604,0.7681225929227954,612.5676656910218,5.418568872963078,617.9862345639849
IoT_Original_Distribution,6q_5k,QWE,full,0,L0,baseline_unoptimized,0.0003,6,12,9216,0,0.9626666666666667,0.9640621369714981,0.8010913663918052,594.5793425049633,4.617940295953304,599.1972828009166
IoT_Original_Distribution,6q_5k,QWE,full,0,L0,baseline_unoptimized,0.0003,6,13,10240,1,0.9573333333333334,0.9591465201465201,0.7757780903879318,599.2510565989651,3.8559844569535926,603.1070410559187
IoT_Original_Distribution,6q_5k,QWE,full,0,L0,baseline_unoptimized,0.0003,6,14,11264,2,0.9606666666666667,0.9621877888538928,0.7910786700396673,615.8622148449067,4.772983750910498,620.6351985958172
IoT_Original_Distribution,6q_5k,QWE,full,0,L0,baseline_unoptimized,0.0003,6,15,12288,0,0.9466666666666667,0.9499474222287132,0.7359532448416131,602.7773676359793,4.089006149908528,606.8663737858878
IoT_Original_Distribution,6q_5k,QWE,full,0,L0,baseline_unoptimized,0.0003,6,16,13312,1,0.948,0.9510813789685726,0.7406638990920347,611.9705335579347,3.9882633578963578,615.958796915831
IoT_Original_Distribution,6q_5k,QWE,full,0,L0,baseline_unoptimized,0.0003,6,17,14336,2,0.9673333333333334,0.9685966382006906,0.8272975674665805,581.9515669069951,4.594468273106031,586.5460351801012
IoT_Original_Distribution,6q_5k,QWE,full,0,L0,baseline_unoptimized,0.0003,6,18,15360,0,0.948,0.9515407774099214,0.749526883369118,590.7243500459008,5.102580060949549,595.8269301068503
IoT_Original_Distribution,6q_5k,QWE,full,0,L0,baseline_unoptimized,0.0003,6,19,16384,1,0.9586666666666667,0.9609252663756674,0.7923825865859404,612.431669517071,4.1559537060093135,616.5876232230803
IoT_Original_Distribution,6q_5k,QWE,full,0,L0,baseline_unoptimized,0.0003,6,20,17408,2,0.9426666666666667,0.9466927284427283,0.7245889519804432,614.7107609860832,3.7625873709330335,618.4733483570162
IoT_Original_Distribution,6q_5k,QWE,full,0,L0,baseline_unoptimized,0.0003,6,21,18432,0,0.9533333333333334,0.9557733208955224,0.762284236881547,609.8210898680845,4.188946470967494,614.010036339052
IoT_Original_Distribution,6q_5k,QWE,full,0,L0,baseline_unoptimized,0.0003,6,22,19456,1,0.9553333333333334,0.9576155016317076,0.7718612520787291,608.0147005710751,4.887660015141591,612.9023605862167
IoT_Original_Distribution,6q_5k,QWE,full,0,L0,baseline_unoptimized,0.0003,6,23,20480,2,0.9586666666666667,0.9609252663756674,0.7923825865859404,541.6762717011152,3.9043461710680276,545.5806178721832
IoT_Original_Distribution,6q_5k,QWE,full,0,L0,baseline_unoptimized,0.0003,6,24,21504,0,0.9493333333333334,0.9526738317588194,0.7541534614148194,610.408801924088,4.886626839870587,615.2954287639586
IoT_Original_Distribution,6q_5k,QWE,full,0,L0,baseline_unoptimized,0.0003,6,25,22528,1,0.948,0.9516515444015443,0.7517601885785661,586.2586387650808,5.793631929089315,592.0522706941701
IoT_Original_Distribution,6q_5k,QWE,full,0,L0,baseline_unoptimized,0.0003,6,26,23552,2,0.958,0.9597317211122125,0.7784412944117622,612.9261026890017,2.5166584929684177,615.4427611819701
IoT_Original_Distribution,6q_5k,QWE,full,0,L0,baseline_unoptimized,0.0003,6,27,24576,0,0.9506666666666667,0.9525106809980508,0.7357269822688859,608.0696213319898,4.1547917070565745,612.2244130390463
IoT_Original_Distribution,6q_5k,QWE,full,0,L0,baseline_unoptimized,0.0003,6,28,25600,1,0.9526666666666667,0.955838722862345,0.7723451313775843,613.0133437309414,3.0277815049048513,616.0411252358463
IoT_Original_Distribution,6q_5k,QWE,full,0,L0,baseline_unoptimized,0.0003,6,29,26624,2,0.9613333333333334,0.9628783307351,0.7955768427629545,614.5988099671667,2.753892790991813,617.3527027581586
IoT_Original_Distribution,6q_5k,QWE,full,0,L0,baseline_unoptimized,0.0005,6,0,42,0,0.944,0.9480500224505309,0.7337098285325372,590.4384211660363,5.045332022244111,595.4837531882804
IoT_Original_Distribution,6q_5k,QWE,full,0,L0,baseline_unoptimized,0.0005,6,1,123,1,0.958,0.9605363729033454,0.7937504591409464,611.1743875799002,3.0441293959738687,614.2185169758741
IoT_Original_Distribution,6q_5k,QWE,full,0,L0,baseline_unoptimized,0.0005,6,2,456,2,0.9473333333333334,0.9516209087423189,0.7608380955238458,604.0431919191033,5.247897055931389,609.2910889750347
IoT_Original_Distribution,6q_5k,QWE,full,0,L0,baseline_unoptimized,0.0005,6,3,789,0,0.95,0.9533507635869841,0.758669496924408,578.7692398960935,4.749458238133229,583.5186981342267
IoT_Original_Distribution,6q_5k,QWE,full,0,L0,baseline_unoptimized,0.0005,6,4,1024,1,0.9533333333333334,0.9560986734333344,0.7684535585645808,611.1303187031299,4.020070782979019,615.1503894861089
IoT_Original_Distribution,6q_5k,QWE,full,0,L0,baseline_unoptimized,0.0005,6,5,2048,2,0.9526666666666667,0.954855156513257,0.753651251609038,607.578062243876,5.075057337176986,612.653119581053
IoT_Original_Distribution,6q_5k,QWE,full,0,L0,baseline_unoptimized,0.0005,6,6,3072,0,0.9566666666666667,0.9585625975736923,0.7731368502972973,614.8657564860769,3.4976346539333463,618.3633911400102
IoT_Original_Distribution,6q_5k,QWE,full,0,L0,baseline_unoptimized,0.0005,6,7,4096,1,0.952,0.954844349817144,0.7615061436964442,603.5080984588712,5.237617890932597,608.7457163498038
IoT_Original_Distribution,6q_5k,QWE,full,0,L0,baseline_unoptimized,0.0005,6,8,5120,2,0.9473333333333334,0.9507481693699283,0.7427555255168669,601.7280896879965,5.168318714946508,606.896408402943
IoT_Original_Distribution,6q_5k,QWE,full,0,L0,baseline_unoptimized,0.0005,6,9,6144,0,0.9526666666666667,0.9560403819346557,0.7766025269954646,615.9722926729592,3.6113944839453325,619.5836871569045
IoT_Original_Distribution,6q_5k,QWE,full,0,L0,baseline_unoptimized,0.0005,6,10,7168,1,0.9506666666666667,0.9528865976447823,0.7419101833656023,614.6818667451153,4.421238792128861,619.1031055372441
IoT_Original_Distribution,6q_5k,QWE,full,0,L0,baseline_unoptimized,0.0005,6,11,8192,2,0.962,0.9638499349214765,0.8053768017411107,576.8229817361571,4.9228954538702965,581.7458771900274
IoT_Original_Distribution,6q_5k,QWE,full,0,L0,baseline_unoptimized,0.0005,6,12,9216,0,0.9626666666666667,0.9640621369714981,0.8010913663918052,610.3898263208102,3.567546577891335,613.9573728987016
IoT_Original_Distribution,6q_5k,QWE,full,0,L0,baseline_unoptimized,0.0005,6,13,10240,1,0.9573333333333334,0.9591465201465201,0.7757780903879318,598.7808671019739,4.926629628054798,603.7074967300287
IoT_Original_Distribution,6q_5k,QWE,full,0,L0,baseline_unoptimized,0.0005,6,14,11264,2,0.9606666666666667,0.9621877888538928,0.7910786700396673,568.6820208239369,4.915568404016085,573.597589227953
IoT_Original_Distribution,6q_5k,QWE,full,0,L0,baseline_unoptimized,0.0005,6,15,12288,0,0.946,0.949961469006595,0.7449991067304259,593.324403209961,5.240639882045798,598.5650430920068
IoT_Original_Distribution,6q_5k,QWE,full,0,L0,baseline_unoptimized,0.0005,6,16,13312,1,0.9486666666666667,0.9517666779929778,0.7452310102081631,609.3320097079268,4.107242511934601,613.4392522198614
IoT_Original_Distribution,6q_5k,QWE,full,0,L0,baseline_unoptimized,0.0005,6,17,14336,2,0.9673333333333334,0.9685966382006906,0.8272975674665805,597.5665709171444,5.708424138952978,603.2749950560974
IoT_Original_Distribution,6q_5k,QWE,full,0,L0,baseline_unoptimized,0.0005,6,18,15360,0,0.948,0.9515407774099214,0.749526883369118,610.6218097121455,4.561409463058226,615.1832191752037
IoT_Original_Distribution,6q_5k,QWE,full,0,L0,baseline_unoptimized,0.0005,6,19,16384,1,0.9546666666666667,0.9568183516006715,0.765341786163904,560.7082269429229,4.549170320155099,565.257397263078
IoT_Original_Distribution,6q_5k,QWE,full,0,L0,baseline_unoptimized,0.0005,6,20,17408,2,0.9426666666666667,0.9466927284427283,0.7245889519804432,616.7478382620029,3.4044274542247877,620.1522657162277
IoT_Original_Distribution,6q_5k,QWE,full,0,L0,baseline_unoptimized,0.0005,6,21,18432,0,0.9533333333333334,0.9557733208955224,0.762284236881547,602.4246116441209,5.3874752830015495,607.8120869271224
IoT_Original_Distribution,6q_5k,QWE,full,0,L0,baseline_unoptimized,0.0005,6,22,19456,1,0.9553333333333334,0.9576155016317076,0.7718612520787291,614.1391298231902,3.2934894810896367,617.4326193042798
IoT_Original_Distribution,6q_5k,QWE,full,0,L0,baseline_unoptimized,0.0005,6,23,20480,2,0.9626666666666667,0.964618656716418,0.8116120759017443,610.9838635821361,5.501311385072768,616.4851749672089
IoT_Original_Distribution,6q_5k,QWE,full,0,L0,baseline_unoptimized,0.0005,6,24,21504,0,0.952,0.9552684099168505,0.7699949480535957,614.0857634419808,4.831852391012944,618.9176158329938
IoT_Original_Distribution,6q_5k,QWE,full,0,L0,baseline_unoptimized,0.0005,6,25,22528,1,0.9446666666666667,0.948725949722807,0.7382501928382417,609.6292231290136,5.680853364057839,615.3100764930714
IoT_Original_Distribution,6q_5k,QWE,full,0,L0,baseline_unoptimized,0.0005,6,26,23552,2,0.958,0.9597317211122125,0.7784412944117622,615.2586566989776,3.963814132963307,619.2224708319409
IoT_Original_Distribution,6q_5k,QWE,full,0,L0,baseline_unoptimized,0.0005,6,27,24576,0,0.9553333333333334,0.9563373430942798,0.750873581051683,620.5027018991532,3.6974924481473863,624.2001943473006
IoT_Original_Distribution,6q_5k,QWE,full,0,L0,baseline_unoptimized,0.0005,6,28,25600,1,0.952,0.9552684099168505,0.7699949480535957,615.086025084951,5.225018657161854,620.3110437421128
IoT_Original_Distribution,6q_5k,QWE,full,0,L0,baseline_unoptimized,0.0005,6,29,26624,2,0.952,0.9545097014925372,0.7552374027358045,620.4644155499991,3.377042692969553,623.8414582429687
IoT_Original_Distribution,6q_5k,QWE,full,0,L0,baseline_unoptimized,0.001,6,0,42,0,0.9433333333333334,0.9474904304390191,0.7315012789460575,607.1655672958586,4.843620722997002,612.0091880188556
IoT_Original_Distribution,6q_5k,QWE,full,0,L0,baseline_unoptimized,0.001,6,1,123,1,0.9586666666666667,0.9611159678980964,0.7962432180371268,615.0889584189281,4.865890908869915,619.954849327798
IoT_Original_Distribution,6q_5k,QWE,full,0,L0,baseline_unoptimized,0.001,6,2,456,2,0.958,0.9607232236747528,0.7977032248338165,614.4257743959315,4.577840879908763,619.0036152758403
IoT_Original_Distribution,6q_5k,QWE,full,0,L0,baseline_unoptimized,0.001,6,3,789,0,0.95,0.9533507635869841,0.758669496924408,588.3439288000809,4.838326797937043,593.182255598018
IoT_Original_Distribution,6q_5k,QWE,full,0,L0,baseline_unoptimized,0.001,6,4,1024,1,0.9533333333333334,0.9560986734333344,0.7684535585645808,609.5717789320042,3.216803212882951,612.7885821448872
IoT_Original_Distribution,6q_5k,QWE,full,0,L0,baseline_unoptimized,0.001,6,5,2048,2,0.954,0.956126842245278,0.7607851281340564,588.6762869349914,4.123815799015574,592.8001027340069
IoT_Original_Distribution,6q_5k,QWE,full,0,L0,baseline_unoptimized,0.001,6,6,3072,0,0.954,0.956126842245278,0.7607851281340564,614.2103462150553,3.988583360798657,618.198929575854
IoT_Original_Distribution,6q_5k,QWE,full,0,L0,baseline_unoptimized,0.001,6,7,4096,1,0.9613333333333334,0.9630732792350996,0.799124333117138,592.887357238913,6.024449880118482,598.9118071190314
IoT_Original_Distribution,6q_5k,QWE,full,0,L0,baseline_unoptimized,0.001,6,8,5120,2,0.9473333333333334,0.9507481693699283,0.7427555255168669,610.616066814051,4.76673546701204,615.382802281063
IoT_Original_Distribution,6q_5k,QWE,full,0,L0,baseline_unoptimized,0.001,6,9,6144,0,0.964,0.9657961251108015,0.8168986827774404,614.575257524848,4.644253127044067,619.219510651892
IoT_Original_Distribution,6q_5k,QWE,full,0,L0,baseline_unoptimized,0.001,6,10,7168,1,0.9526666666666667,0.954855156513257,0.753651251609038,614.4813362490386,4.295403630123474,618.776739879162
IoT_Original_Distribution,6q_5k,QWE,full,0,L0,baseline_unoptimized,0.001,6,11,8192,2,0.9613333333333334,0.9632625047486387,0.8027363297881122,610.3997973029036,6.141350999008864,616.5411483019125
IoT_Original_Distribution,6q_5k,QWE,full,0,L0,baseline_unoptimized,0.001,6,12,9216,0,0.962,0.9634695587232524,0.7983224495250498,616.7762174670352,2.317523504141718,619.0937409711769
IoT_Original_Distribution,6q_5k,QWE,full,0,L0,baseline_unoptimized,0.001,6,13,10240,1,0.958,0.9598375945714248,0.7803066779022504,604.4412065400975,4.259593875030987,608.7008004151285
IoT_Original_Distribution,6q_5k,QWE,full,0,L0,baseline_unoptimized,0.001,6,14,11264,2,0.9606666666666667,0.9621877888538928,0.7910786700396673,603.6731078248704,5.476065635797568,609.149173460668
IoT_Original_Distribution,6q_5k,QWE,full,0,L0,baseline_unoptimized,0.001,6,15,12288,0,0.946,0.949961469006595,0.7449991067304259,592.8117291419767,3.0204311489360407,595.8321602909127
IoT_Original_Distribution,6q_5k,QWE,full,0,L0,baseline_unoptimized,0.001,6,16,13312,1,0.948,0.9511987366729955,0.7428686687656288,616.323983709095,2.238439562963322,618.5624232720584
IoT_Original_Distribution,6q_5k,QWE,full,0,L0,baseline_unoptimized,0.001,6,17,14336,2,0.9673333333333334,0.9685966382006906,0.8272975674665805,609.9610053340439,2.7595688819419593,612.7205742159858
IoT_Original_Distribution,6q_5k,QWE,full,0,L0,baseline_unoptimized,0.001,6,18,15360,0,0.9553333333333334,0.9578261650963198,0.775851834811828,591.891073970939,3.948715409147553,595.8397893800866
IoT_Original_Distribution,6q_5k,QWE,full,0,L0,baseline_unoptimized,0.001,6,19,16384,1,0.9553333333333334,0.9575078182410339,0.7698838881119897,616.504751383909,4.013162404764444,620.5179137886735
IoT_Original_Distribution,6q_5k,QWE,full,0,L0,baseline_unoptimized,0.001,6,20,17408,2,0.9426666666666667,0.9466927284427283,0.7245889519804432,615.9812073081266,5.054178848047741,621.0353861561744
IoT_Original_Distribution,6q_5k,QWE,full,0,L0,baseline_unoptimized,0.001,6,21,18432,0,0.9666666666666667,0.9676468711186604,0.8182144150258319,611.2505655019777,6.32637164904736,617.576937151025
IoT_Original_Distribution,6q_5k,QWE,full,0,L0,baseline_unoptimized,0.001,6,22,19456,1,0.9566666666666667,0.9588807105382239,0.7789251797801489,612.174116211012,4.736142155830748,616.9102583668428
IoT_Original_Distribution,6q_5k,QWE,full,0,L0,baseline_unoptimized,0.001,6,23,20480,2,0.9593333333333334,0.9615077323453792,0.7949403762370603,614.4057560688816,3.2920159669592977,617.6977720358409
IoT_Original_Distribution,6q_5k,QWE,full,0,L0,baseline_unoptimized,0.001,6,24,21504,0,0.956,0.9586073206657152,0.7823483883008538,579.0659657309297,3.6354341849219054,582.7013999158517
IoT_Original_Distribution,6q_5k,QWE,full,0,L0,baseline_unoptimized,0.001,6,25,22528,1,0.946,0.949961469006595,0.7449991067304259,603.2287887348793,5.135552018997259,608.3643407538766
IoT_Original_Distribution,6q_5k,QWE,full,0,L0,baseline_unoptimized,0.001,6,26,23552,2,0.958,0.9597317211122125,0.7784412944117622,612.3467100571143,3.833400654955767,616.18011071207
IoT_Original_Distribution,6q_5k,QWE,full,0,L0,baseline_unoptimized,0.001,6,27,24576,0,0.9506666666666667,0.9525106809980508,0.7357269822688859,609.0341009579133,4.7558337319642305,613.7899346898776
IoT_Original_Distribution,6q_5k,QWE,full,0,L0,baseline_unoptimized,0.001,6,28,25600,1,0.952,0.9552684099168505,0.7699949480535957,612.4503673050785,3.5148962008534,615.965263505932
IoT_Original_Distribution,6q_5k,QWE,full,0,L0,baseline_unoptimized,0.001,6,29,26624,2,0.9533333333333334,0.9558833652628502,0.7643301699472085,611.4117141638417,4.131525962962769,615.5432401268044
IoT_Original_Distribution,6q_5k,QWE,full,0,L0,baseline_unoptimized,0.002,6,0,42,0,0.9446666666666667,0.9486105873320623,0.7359341918993468,577.6976649208227,5.511223647044972,583.2088885678677
IoT_Original_Distribution,6q_5k,QWE,full,0,L0,baseline_unoptimized,0.002,6,1,123,1,0.9573333333333334,0.9599579377829707,0.7912766362337398,614.7791674268665,5.642612471245229,620.4217798981117
IoT_Original_Distribution,6q_5k,QWE,full,0,L0,baseline_unoptimized,0.002,6,2,456,2,0.9473333333333334,0.9516209087423189,0.7608380955238458,616.3963565260638,3.4733830741606653,619.8697396002244
IoT_Original_Distribution,6q_5k,QWE,full,0,L0,baseline_unoptimized,0.002,6,3,789,0,0.9553333333333334,0.9578261650963198,0.775851834811828,600.3771135391435,6.0488947429694235,606.4260082821129
IoT_Original_Distribution,6q_5k,QWE,full,0,L0,baseline_unoptimized,0.002,6,4,1024,1,0.9486666666666667,0.9523254846333591,0.7562683594474058,617.916117461049,3.9208755660802126,621.8369930271292
IoT_Original_Distribution,6q_5k,QWE,full,0,L0,baseline_unoptimized,0.002,6,5,2048,2,0.9526666666666667,0.954855156513257,0.753651251609038,614.1072792529594,5.147142736008391,619.2544219889678
IoT_Original_Distribution,6q_5k,QWE,full,0,L0,baseline_unoptimized,0.002,6,6,3072,0,0.9513333333333334,0.953819874912159,0.75066946897447,573.1120767430402,4.913803811068647,578.0258805541089
IoT_Original_Distribution,6q_5k,QWE,full,0,L0,baseline_unoptimized,0.002,6,7,4096,1,0.9526666666666667,0.9554175125808769,0.7639370639604357,613.8405144560384,3.6708305159118026,617.5113449719502
IoT_Original_Distribution,6q_5k,QWE,full,0,L0,baseline_unoptimized,0.002,6,8,5120,2,0.9513333333333334,0.9541616678648454,0.7569734430900897,607.0792188278865,4.958680991898291,612.0378998197848
IoT_Original_Distribution,6q_5k,QWE,full,0,L0,baseline_unoptimized,0.002,6,9,6144,0,0.9593333333333334,0.9616967361610351,0.7987551683121656,613.1894226288423,4.781233725021593,617.9706563538639
IoT_Original_Distribution,6q_5k,QWE,full,0,L0,baseline_unoptimized,0.002,6,10,7168,1,0.9533333333333334,0.9554332680423616,0.7562137208034863,617.7167425582884,3.206952578970231,620.9236951372586
IoT_Original_Distribution,6q_5k,QWE,full,0,L0,baseline_unoptimized,0.002,6,11,8192,2,0.9526666666666667,0.9556311707760604,0.7681225929227954,611.8655198800843,4.050366265117191,615.9158861452015
IoT_Original_Distribution,6q_5k,QWE,full,0,L0,baseline_unoptimized,0.002,6,12,9216,0,0.9606666666666667,0.962288437232072,0.7928542048804118,595.2782792160287,4.566654999973252,599.844934216002
IoT_Original_Distribution,6q_5k,QWE,full,0,L0,baseline_unoptimized,0.002,6,13,10240,1,0.9553333333333334,0.9576155016317076,0.7718612520787291,615.1874256210867,2.710303116007708,617.8977287370944
IoT_Original_Distribution,6q_5k,QWE,full,0,L0,baseline_unoptimized,0.002,6,14,11264,2,0.9633333333333334,0.9649375825623552,0.8089859883220626,609.6531950330827,4.205074788071215,613.858269821154
IoT_Original_Distribution,6q_5k,QWE,full,0,L0,baseline_unoptimized,0.002,6,15,12288,0,0.948,0.9516515444015443,0.7517601885785661,617.8955164790386,4.364714529947378,622.260231008986
IoT_Original_Distribution,6q_5k,QWE,full,0,L0,baseline_unoptimized,0.002,6,16,13312,1,0.948,0.9511987366729955,0.7428686687656288,608.5915279918117,4.627194010885432,613.2187220026972
IoT_Original_Distribution,6q_5k,QWE,full,0,L0,baseline_unoptimized,0.002,6,17,14336,2,0.9673333333333334,0.9685966382006906,0.8272975674665805,599.7366586158751,5.8214152889559045,605.558073904831
IoT_Original_Distribution,6q_5k,QWE,full,0,L0,baseline_unoptimized,0.002,6,18,15360,0,0.9473333333333334,0.950975800173616,0.7472388545923977,608.3433855872136,4.912780254147947,613.2561658413615
IoT_Original_Distribution,6q_5k,QWE,full,0,L0,baseline_unoptimized,0.002,6,19,16384,1,0.954,0.9564595660955929,0.7668208015558766,582.6977885130327,5.7066492579178885,588.4044377709506
IoT_Original_Distribution,6q_5k,QWE,full,0,L0,baseline_unoptimized,0.002,6,20,17408,2,0.942,0.9461339891311978,0.722378080200641,612.6849176899996,2.1784020290942863,614.8633197190939
IoT_Original_Distribution,6q_5k,QWE,full,0,L0,baseline_unoptimized,0.002,6,21,18432,0,0.966,0.9670458485225608,0.8152980571217497,596.05880450306,4.600014896132052,600.658819399192
IoT_Original_Distribution,6q_5k,QWE,full,0,L0,baseline_unoptimized,0.002,6,22,19456,1,0.9566666666666667,0.9588807105382239,0.7789251797801489,610.2378442980116,4.740810428047553,614.9786547260592
IoT_Original_Distribution,6q_5k,QWE,full,0,L0,baseline_unoptimized,0.002,6,23,20480,2,0.964,0.9657961251108015,0.8168986827774404,601.0896309989039,3.247464313986711,604.3370953128906
IoT_Original_Distribution,6q_5k,QWE,full,0,L0,baseline_unoptimized,0.002,6,24,21504,0,0.9493333333333334,0.9527833215788977,0.7563495715972772,589.8458847558359,5.4636544729582965,595.3095392287942
IoT_Original_Distribution,6q_5k,QWE,full,0,L0,baseline_unoptimized,0.002,6,25,22528,1,0.9493333333333334,0.9528912483912485,0.7585529977280968,601.7899690539343,4.771926556015387,606.5618956099497
IoT_Original_Distribution,6q_5k,QWE,full,0,L0,baseline_unoptimized,0.002,6,26,23552,2,0.9473333333333334,0.9503941337167506,0.7360825804790517,613.8476949040778,4.23545648297295,618.0831513870507
IoT_Original_Distribution,6q_5k,QWE,full,0,L0,baseline_unoptimized,0.002,6,27,24576,0,0.9533333333333334,0.9548315242854911,0.7463447180328655,614.2199913159711,3.223747987067327,617.4437393030385
IoT_Original_Distribution,6q_5k,QWE,full,0,L0,baseline_unoptimized,0.002,6,28,25600,1,0.9486666666666667,0.9524325075741703,0.7584969345147942,611.3494268001523,3.9489261200651526,615.2983529202174
IoT_Original_Distribution,6q_5k,QWE,full,0,L0,baseline_unoptimized,0.002,6,29,26624,2,0.9593333333333334,0.9610100791721422,0.7856477496460871,582.7339114480419,5.3120015831664205,588.0459130312083
IoT_Original_Distribution,6q_5k,QWE,full,0,L0,baseline_unoptimized,0.005,6,0,42,0,0.9446666666666667,0.9484935622077233,0.7336234824377313,606.0003301290562,4.080808351864107,610.0811384809203
IoT_Original_Distribution,6q_5k,QWE,full,0,L0,baseline_unoptimized,0.005,6,1,123,1,0.9573333333333334,0.9594620742053945,0.7814928003041198,615.1975986309117,3.065434338990599,618.2630329699023
IoT_Original_Distribution,6q_5k,QWE,full,0,L0,baseline_unoptimized,0.005,6,2,456,2,0.9466666666666667,0.9510604878556196,0.7586689344561754,605.309352856013,3.299511266988702,608.6088641230017
IoT_Original_Distribution,6q_5k,QWE,full,0,L0,baseline_unoptimized,0.005,6,3,789,0,0.9546666666666667,0.9573529970495248,0.7754009734327173,601.317338212044,6.0510951220057905,607.3684333340498
IoT_Original_Distribution,6q_5k,QWE,full,0,L0,baseline_unoptimized,0.005,6,4,1024,1,0.9526666666666667,0.9555251186688496,0.7660250597507845,610.9906644070288,3.416502450942062,614.4071668579709
IoT_Original_Distribution,6q_5k,QWE,full,0,L0,baseline_unoptimized,0.005,6,5,2048,2,0.956,0.9581952640243129,0.7744116238094557,581.9337774078595,6.262976448982954,588.1967538568424
IoT_Original_Distribution,6q_5k,QWE,full,0,L0,baseline_unoptimized,0.005,6,6,3072,0,0.9506666666666667,0.9532460820895523,0.748190568590062,573.7290902488166,5.368332013953477,579.0974222627701
IoT_Original_Distribution,6q_5k,QWE,full,0,L0,baseline_unoptimized,0.005,6,7,4096,1,0.9646666666666667,0.9660330984619714,0.8128100084958152,612.6144125409191,5.801777063054033,618.4161896039732
IoT_Original_Distribution,6q_5k,QWE,full,0,L0,baseline_unoptimized,0.005,6,8,5120,2,0.9493333333333334,0.9523357025847631,0.7476113139601712,615.5299634289695,3.5314054751070216,619.0613689040765
IoT_Original_Distribution,6q_5k,QWE,full,0,L0,baseline_unoptimized,0.005,6,9,6144,0,0.954,0.9570827025000254,0.7791829486041725,600.3733958449448,4.883301264839247,605.256697109784
IoT_Original_Distribution,6q_5k,QWE,full,0,L0,baseline_unoptimized,0.005,6,10,7168,1,0.9513333333333334,0.9537025482327683,0.7485881399345171,570.1809056770289,4.7337047279579565,574.9146104049869
IoT_Original_Distribution,6q_5k,QWE,full,0,L0,baseline_unoptimized,0.005,6,11,8192,2,0.952,0.9552684099168505,0.7699949480535957,613.4451825110009,3.8962913140421733,617.3414738250431
IoT_Original_Distribution,6q_5k,QWE,full,0,L0,baseline_unoptimized,0.005,6,12,9216,0,0.956,0.9581952640243129,0.7744116238094557,614.564896193915,3.434169410029426,617.9990656039445
IoT_Original_Distribution,6q_5k,QWE,full,0,L0,baseline_unoptimized,0.005,6,13,10240,1,0.954,0.9563502927251915,0.7647973243773094,599.4608891638927,5.996057940064929,605.4569471039576
IoT_Original_Distribution,6q_5k,QWE,full,0,L0,baseline_unoptimized,0.005,6,14,11264,2,0.9586666666666667,0.9603182156133828,0.7811267847728178,568.5804530289024,4.951772876200266,573.5322259051027
IoT_Original_Distribution,6q_5k,QWE,full,0,L0,baseline_unoptimized,0.005,6,15,12288,0,0.9453333333333334,0.9489375553187261,0.7335942372336183,614.3394109391375,4.063415779150091,618.4028267182875
IoT_Original_Distribution,6q_5k,QWE,full,0,L0,baseline_unoptimized,0.005,6,16,13312,1,0.9506666666666667,0.9533624147064417,0.7503039616278425,606.7756667907815,4.69991390989162,611.4755807006732
IoT_Original_Distribution,6q_5k,QWE,full,0,L0,baseline_unoptimized,0.005,6,17,14336,2,0.9606666666666667,0.962288437232072,0.7928542048804118,577.7030237101717,4.502662760904059,582.2056864710758
IoT_Original_Distribution,6q_5k,QWE,full,0,L0,baseline_unoptimized,0.005,6,18,15360,0,0.9446666666666667,0.948725949722807,0.7382501928382417,595.0662818237906,4.435458705993369,599.501740529784
IoT_Original_Distribution,6q_5k,QWE,full,0,L0,baseline_unoptimized,0.005,6,19,16384,1,0.9506666666666667,0.9540258657478741,0.7631722598254365,608.6919063199311,3.6561020029475912,612.3480083228787
IoT_Original_Distribution,6q_5k,QWE,full,0,L0,baseline_unoptimized,0.005,6,20,17408,2,0.9353333333333333,0.9403412603925381,0.6960531299636457,565.5220901478315,4.633662977954373,570.1557531257858
IoT_Original_Distribution,6q_5k,QWE,full,0,L0,baseline_unoptimized,0.005,6,21,18432,0,0.9546666666666667,0.9573529970495248,0.7754009734327173,602.3487885040231,4.345957489917055,606.6947459939402
IoT_Original_Distribution,6q_5k,QWE,full,0,L0,baseline_unoptimized,0.005,6,22,19456,1,0.952,0.954844349817144,0.7615061436964442,592.8644936061464,4.53668901824858,597.401182624395
IoT_Original_Distribution,6q_5k,QWE,full,0,L0,baseline_unoptimized,0.005,6,23,20480,2,0.9566666666666667,0.9589836492204862,0.7808805888964685,612.90386412316,4.2143713410478085,617.1182354642078
IoT_Original_Distribution,6q_5k,QWE,full,0,L0,baseline_unoptimized,0.005,6,24,21504,0,0.95,0.9534580381395088,0.760854226747064,609.6783383891452,4.34761894796975,614.025957337115
IoT_Original_Distribution,6q_5k,QWE,full,0,L0,baseline_unoptimized,0.005,6,25,22528,1,0.9506666666666667,0.9543366651923928,0.7697154785406367,605.8479399830103,4.631895484984852,610.4798354679951
IoT_Original_Distribution,6q_5k,QWE,full,0,L0,baseline_unoptimized,0.005,6,26,23552,2,0.9413333333333334,0.94507265917603,0.7106609983629943,589.2345705858897,4.471914572059177,593.7064851579489
IoT_Original_Distribution,6q_5k,QWE,full,0,L0,baseline_unoptimized,0.005,6,27,24576,0,0.9506666666666667,0.9523815596023117,0.733689350994974,614.6822620950406,3.72227737121284,618.4045394662535
IoT_Original_Distribution,6q_5k,QWE,full,0,L0,baseline_unoptimized,0.005,6,28,25600,1,0.952,0.954844349817144,0.7615061436964442,610.0559435350588,4.398983340128325,614.4549268751871
IoT_Original_Distribution,6q_5k,QWE,full,0,L0,baseline_unoptimized,0.005,6,29,26624,2,0.9566666666666667,0.9586702137093198,0.7750528811840931,602.2481903429143,4.863792984979227,607.1119833278935
IoT_Original_Distribution,6q_5k,QWE,full,0,L0,baseline_unoptimized,0.008,6,0,42,0,0.944,0.9476921298386951,0.7267411625065513,581.7962830779143,6.546630033873953,588.3429131117882
IoT_Original_Distribution,6q_5k,QWE,full,0,L0,baseline_unoptimized,0.008,6,1,123,1,0.958,0.9607232236747528,0.7977032248338165,615.1587729909224,3.763719294918701,618.9224922858411
IoT_Original_Distribution,6q_5k,QWE,full,0,L0,baseline_unoptimized,0.008,6,2,456,2,0.9473333333333334,0.9515171702284452,0.7585570226895514,595.7727596409386,6.056594216031954,601.8293538569706
IoT_Original_Distribution,6q_5k,QWE,full,0,L0,baseline_unoptimized,0.008,6,3,789,0,0.9493333333333334,0.9527833215788977,0.7563495715972772,606.4714195219567,4.671112226089463,611.1425317480462
IoT_Original_Distribution,6q_5k,QWE,full,0,L0,baseline_unoptimized,0.008,6,4,1024,1,0.932,0.9378625720955782,0.6910025401077717,610.6736177529674,5.196425090893172,615.8700428438606
IoT_Original_Distribution,6q_5k,QWE,full,0,L0,baseline_unoptimized,0.008,6,5,2048,2,0.9526666666666667,0.9551975245331462,0.7597909078855808,596.4971089060418,4.474959564046003,600.9720684700878
IoT_Original_Distribution,6q_5k,QWE,full,0,L0,baseline_unoptimized,0.008,6,6,3072,0,0.9466666666666667,0.9499474222287132,0.7359532448416131,604.8625093830051,4.449614498065785,609.3121238810709
IoT_Original_Distribution,6q_5k,QWE,full,0,L0,baseline_unoptimized,0.008,6,7,4096,1,0.9526666666666667,0.9551975245331462,0.7597909078855808,614.1947101340629,3.580243598902598,617.7749537329655
IoT_Original_Distribution,6q_5k,QWE,full,0,L0,baseline_unoptimized,0.008,6,8,5120,2,0.9473333333333334,0.9505138644343538,0.7382996603606226,552.6098505000118,3.846327278879471,556.4561777788913
IoT_Original_Distribution,6q_5k,QWE,full,0,L0,baseline_unoptimized,0.008,6,9,6144,0,0.9473333333333334,0.9515171702284452,0.7585570226895514,610.9192905860255,2.419900277047418,613.3391908630729
IoT_Original_Distribution,6q_5k,QWE,full,0,L0,baseline_unoptimized,0.008,6,10,7168,1,0.95,0.9526734414082532,0.7457311205449889,584.1212255959399,5.301771939150058,589.42299753509
IoT_Original_Distribution,6q_5k,QWE,full,0,L0,baseline_unoptimized,0.008,6,11,8192,2,0.944,0.9486135122484006,0.7454219345005928,608.3977435177658,4.820645811967552,613.2183893297333
IoT_Original_Distribution,6q_5k,QWE,full,0,L0,baseline_unoptimized,0.008,6,12,9216,0,0.954,0.9563502927251915,0.7647973243773094,612.9613678929163,3.3014547819038853,616.2628226748202
IoT_Original_Distribution,6q_5k,QWE,full,0,L0,baseline_unoptimized,0.008,6,13,10240,1,0.9506666666666667,0.953477052538338,0.7524267817902149,594.9601484200684,5.548064851085655,600.5082132711541
IoT_Original_Distribution,6q_5k,QWE,full,0,L0,baseline_unoptimized,0.008,6,14,11264,2,0.9606666666666667,0.9625815115853881,0.7982782190152865,613.8216187469661,3.8036191139835864,617.6252378609497
IoT_Original_Distribution,6q_5k,QWE,full,0,L0,baseline_unoptimized,0.008,6,15,12288,0,0.9466666666666667,0.9499474222287132,0.7359532448416131,595.5890980029944,4.296964060980827,599.8860620639753
IoT_Original_Distribution,6q_5k,QWE,full,0,L0,baseline_unoptimized,0.008,6,16,13312,1,0.9513333333333334,0.953819874912159,0.75066946897447,607.4591222929303,4.378725039889105,611.8378473328194
IoT_Original_Distribution,6q_5k,QWE,full,0,L0,baseline_unoptimized,0.008,6,17,14336,2,0.96,0.9617999440363101,0.7919725643981961,613.7702694400214,5.297521744039841,619.0677911840612
IoT_Original_Distribution,6q_5k,QWE,full,0,L0,baseline_unoptimized,0.008,6,18,15360,0,0.9393333333333334,0.9443900090683193,0.7234639245357268,612.2978084590286,3.1821483828825876,615.4799568419112
IoT_Original_Distribution,6q_5k,QWE,full,0,L0,baseline_unoptimized,0.008,6,19,16384,1,0.9466666666666667,0.9507430728816021,0.7517929125127727,557.5449609539937,4.798822961049154,562.3437839150429
IoT_Original_Distribution,6q_5k,QWE,full,0,L0,baseline_unoptimized,0.008,6,20,17408,2,0.9346666666666666,0.9401750943396227,0.7015999326061612,611.430971845868,4.5364598978776485,615.9674317437457
IoT_Original_Distribution,6q_5k,QWE,full,0,L0,baseline_unoptimized,0.008,6,21,18432,0,0.958,0.9599418994413407,0.7821867577091114,581.8943174470915,5.79162759904284,587.6859450461343
IoT_Original_Distribution,6q_5k,QWE,full,0,L0,baseline_unoptimized,0.008,6,22,19456,1,0.946,0.9496188246739429,0.7381560452446436,613.1766333840787,4.967804336920381,618.1444377209991
IoT_Original_Distribution,6q_5k,QWE,full,0,L0,baseline_unoptimized,0.008,6,23,20480,2,0.9533333333333334,0.9562039944501242,0.7705303644616922,611.2563859950751,4.214583649882115,615.4709696449572
IoT_Original_Distribution,6q_5k,QWE,full,0,L0,baseline_unoptimized,0.008,6,24,21504,0,0.944,0.9481659442724458,0.7360428676187757,588.5497443630593,3.758111187024042,592.3078555500833
IoT_Original_Distribution,6q_5k,QWE,full,0,L0,baseline_unoptimized,0.008,6,25,22528,1,0.944,0.949138683661861,0.7572421483050237,583.5441044969484,4.409676551120356,587.9537810480688
IoT_Original_Distribution,6q_5k,QWE,full,0,L0,baseline_unoptimized,0.008,6,26,23552,2,0.9473333333333334,0.9510871855329268,0.7494903035980528,606.7675457242876,4.307967858272605,611.0755135825602
IoT_Original_Distribution,6q_5k,QWE,full,0,L0,baseline_unoptimized,0.008,6,27,24576,0,0.9586666666666667,0.9598821201871389,0.7739331521485298,569.7714832758065,3.8665011760313064,573.6379844518378
IoT_Original_Distribution,6q_5k,QWE,full,0,L0,baseline_unoptimized,0.008,6,28,25600,1,0.9473333333333334,0.950975800173616,0.7472388545923977,611.8107302341377,5.562332182074897,617.3730624162126
IoT_Original_Distribution,6q_5k,QWE,full,0,L0,baseline_unoptimized,0.008,6,29,26624,2,0.956,0.957979938439941,0.7705172582413702,604.0450180609478,5.63779754715506,609.6828156081028
IoT_Original_Distribution,6q_5k,QWE,full,0,L0,baseline_unoptimized,0.01,6,0,42,0,0.938,0.9432865425753308,0.7193308196912619,616.8834057960194,2.8025671229697764,619.6859729189891
IoT_Original_Distribution,6q_5k,QWE,full,0,L0,baseline_unoptimized,0.01,6,1,123,1,0.95,0.954167589891472,0.7763448487763326,591.1333022299223,4.331779032945633,595.4650812628679
IoT_Original_Distribution,6q_5k,QWE,full,0,L0,baseline_unoptimized,0.01,6,2,456,2,0.94,0.9456136363636364,0.7402092726024392,613.5331612791633,3.8373779710382223,617.3705392502015
IoT_Original_Distribution,6q_5k,QWE,full,0,L0,baseline_unoptimized,0.01,6,3,789,0,0.9373333333333334,0.9427360958527877,0.7172848952456593,609.8429988360731,4.867615300114267,614.7106141361874
IoT_Original_Distribution,6q_5k,QWE,full,0,L0,baseline_unoptimized,0.01,6,4,1024,1,0.94,0.9449430488375723,0.7255514345672188,550.1149667220889,4.3206969609018415,554.4356636829907
IoT_Original_Distribution,6q_5k,QWE,full,0,L0,baseline_unoptimized,0.01,6,5,2048,2,0.95,0.9530194915516016,0.7521623600557036,611.2064398749499,3.0014586279867217,614.2078985029366
IoT_Original_Distribution,6q_5k,QWE,full,0,L0,baseline_unoptimized,0.01,6,6,3072,0,0.934,0.9392430361090642,0.6919140455766796,617.0660217981786,3.344097763998434,620.410119562177
IoT_Original_Distribution,6q_5k,QWE,full,0,L0,baseline_unoptimized,0.01,6,7,4096,1,0.946,0.949961469006595,0.7449991067304259,616.8221024691593,2.7964483700925484,619.6185508392518
IoT_Original_Distribution,6q_5k,QWE,full,0,L0,baseline_unoptimized,0.01,6,8,5120,2,0.9426666666666667,0.9469318000884563,0.7293083454344035,610.4561968620401,4.463932692888193,614.9201295549283
IoT_Original_Distribution,6q_5k,QWE,full,0,L0,baseline_unoptimized,0.01,6,9,6144,0,0.9353333333333333,0.9415550353049579,0.721372576995862,604.559060453088,4.855123079032637,609.4141835321207
IoT_Original_Distribution,6q_5k,QWE,full,0,L0,baseline_unoptimized,0.01,6,10,7168,1,0.948,0.9513144024514811,0.7450809083908434,612.1792476141127,4.190667323069647,616.3699149371823
IoT_Original_Distribution,6q_5k,QWE,full,0,L0,baseline_unoptimized,0.01,6,11,8192,2,0.9326666666666666,0.9392619063710328,0.7110930728822706,590.6232299562544,4.176391276996583,594.799621233251
IoT_Original_Distribution,6q_5k,QWE,full,0,L0,baseline_unoptimized,0.01,6,12,9216,0,0.9433333333333334,0.9474904304390191,0.7315012789460575,611.8523824281292,3.3047328488901258,615.1571152770193
IoT_Original_Distribution,6q_5k,QWE,full,0,L0,baseline_unoptimized,0.01,6,13,10240,1,0.9333333333333333,0.9394508138831678,0.7052881750760894,590.8429416030413,5.61896642006468,596.4619080231059
IoT_Original_Distribution,6q_5k,QWE,full,0,L0,baseline_unoptimized,0.01,6,14,11264,2,0.956,0.9588044943820224,0.7863848004242623,591.0858734659851,4.162361741182394,595.2482352071675
IoT_Original_Distribution,6q_5k,QWE,full,0,L0,baseline_unoptimized,0.01,6,15,12288,0,0.9413333333333334,0.9459354160829365,0.7273670532447268,606.6731664410327,4.519252902944572,611.1924193439772
IoT_Original_Distribution,6q_5k,QWE,full,0,L0,baseline_unoptimized,0.01,6,16,13312,1,0.9433333333333334,0.9466265995686557,0.7151917178680138,581.643376425025,4.728608305100352,586.3719847301254
IoT_Original_Distribution,6q_5k,QWE,full,0,L0,baseline_unoptimized,0.01,6,17,14336,2,0.9493333333333334,0.9531025210084034,0.7629809563562645,609.2932558477623,3.599956041085534,612.8932118888479
IoT_Original_Distribution,6q_5k,QWE,full,0,L0,baseline_unoptimized,0.01,6,18,15360,0,0.9386666666666666,0.9437195610339627,0.7189279345894274,583.2069733911194,5.45333395304624,588.6603073441656
IoT_Original_Distribution,6q_5k,QWE,full,0,L0,baseline_unoptimized,0.01,6,19,16384,1,0.932,0.938718996228388,0.709187905244336,605.9391182227992,4.370026675984263,610.3091448987834
IoT_Original_Distribution,6q_5k,QWE,full,0,L0,baseline_unoptimized,0.01,6,20,17408,2,0.93,0.9366115344203031,0.6930049123772181,598.2951863810886,5.4536507138982415,603.7488370949868
IoT_Original_Distribution,6q_5k,QWE,full,0,L0,baseline_unoptimized,0.01,6,21,18432,0,0.9346666666666666,0.9406617976055046,0.7117824217297062,604.1711586930323,4.530586114036851,608.7017448070692
IoT_Original_Distribution,6q_5k,QWE,full,0,L0,baseline_unoptimized,0.01,6,22,19456,1,0.9406666666666667,0.9452615688137721,0.7228213155562175,551.2403420809424,4.3828480740776286,555.62319015502
IoT_Original_Distribution,6q_5k,QWE,full,0,L0,baseline_unoptimized,0.01,6,23,20480,2,0.9366666666666666,0.942304427700418,0.7177596888366276,603.9883729529101,3.5540221970295534,607.5423951499397
IoT_Original_Distribution,6q_5k,QWE,full,0,L0,baseline_unoptimized,0.01,6,24,21504,0,0.9326666666666666,0.9389060782454522,0.7033337756261954,604.9297513570637,4.877653515897691,609.8074048729613
IoT_Original_Distribution,6q_5k,QWE,full,0,L0,baseline_unoptimized,0.01,6,25,22528,1,0.9346666666666666,0.9414511710119309,0.7296452245309825,516.4967836829601,5.034174516913481,521.5309581998736
IoT_Original_Distribution,6q_5k,QWE,full,0,L0,baseline_unoptimized,0.01,6,26,23552,2,0.94,0.9449430488375723,0.7255514345672188,606.0331444810145,3.964598032995127,609.9977425140096
IoT_Original_Distribution,6q_5k,QWE,full,0,L0,baseline_unoptimized,0.01,6,27,24576,0,0.9493333333333334,0.9521019394282375,0.7432908574681596,598.5342482490232,3.843564186943695,602.3778124359669
IoT_Original_Distribution,6q_5k,QWE,full,0,L0,baseline_unoptimized,0.01,6,28,25600,1,0.9413333333333334,0.9465012490872056,0.7394124886784728,611.9257170230849,3.8477474289247766,615.7734644520096
IoT_Original_Distribution,6q_5k,QWE,full,0,L0,baseline_unoptimized,0.01,6,29,26624,2,0.9466666666666667,0.9501829807987573,0.7404473119606854,593.2985392190749,4.26745355699677,597.5659927760717
IoT_Original_Distribution,6q_5k,QWE,full,0,L0,baseline_unoptimized,0.02,6,0,42,0,0.8793333333333333,0.8970843092735826,0.575011541468089,610.6012246700702,3.5262277339352295,614.1274524040055
IoT_Original_Distribution,6q_5k,QWE,full,0,L0,baseline_unoptimized,0.02,6,1,123,1,0.9193333333333333,0.9277762113584339,0.6582679790538756,588.3776941630058,4.363683178904466,592.7413773419103
IoT_Original_Distribution,6q_5k,QWE,full,0,L0,baseline_unoptimized,0.02,6,2,456,2,0.8973333333333333,0.9104225541198188,0.6024415453291707,605.8944508279674,4.1838455068646,610.078296334832
IoT_Original_Distribution,6q_5k,QWE,full,0,L0,baseline_unoptimized,0.02,6,3,789,0,0.9206666666666666,0.9288395472846408,0.6617950102768665,613.4001070270315,3.9888427049154416,617.3889497319469
IoT_Original_Distribution,6q_5k,QWE,full,0,L0,baseline_unoptimized,0.02,6,4,1024,1,0.9426666666666667,0.9449575248830794,0.6944264368319978,596.7007541779894,4.196296977926977,600.8970511559164
IoT_Original_Distribution,6q_5k,QWE,full,0,L0,baseline_unoptimized,0.02,6,5,2048,2,0.912,0.9208449187260472,0.6161701007978628,616.4088953130413,1.9555100100114942,618.3644053230528
IoT_Original_Distribution,6q_5k,QWE,full,0,L0,baseline_unoptimized,0.02,6,6,3072,0,0.9306666666666666,0.9361054917343793,0.673942124160849,578.6122617650544,5.287825564155355,583.9000873292098
IoT_Original_Distribution,6q_5k,QWE,full,0,L0,baseline_unoptimized,0.02,6,7,4096,1,0.9253333333333333,0.931190529560101,0.64722965961891,614.78538548504,4.0082481619901955,618.7936336470302
IoT_Original_Distribution,6q_5k,QWE,full,0,L0,baseline_unoptimized,0.02,6,8,5120,2,0.888,0.9028569199141669,0.573133372088425,609.3805373770883,4.927568256971426,614.3081056340598
IoT_Original_Distribution,6q_5k,QWE,full,0,L0,baseline_unoptimized,0.02,6,9,6144,0,0.9053333333333333,0.9164824049513705,0.6176119972258179,600.5248137899907,3.77098049398046,604.2957942839712
IoT_Original_Distribution,6q_5k,QWE,full,0,L0,baseline_unoptimized,0.02,6,10,7168,1,0.8986666666666666,0.9096793190706233,0.5682098289431036,591.8566665358376,6.927719899802469,598.78438643564
IoT_Original_Distribution,6q_5k,QWE,full,0,L0,baseline_unoptimized,0.02,6,11,8192,2,0.8833333333333333,0.900371042548901,0.5890767788779773,609.9654382100562,3.5386194359743968,613.5040576460306
IoT_Original_Distribution,6q_5k,QWE,full,0,L0,baseline_unoptimized,0.02,6,12,9216,0,0.942,0.9434663044406939,0.6782882855931173,613.0517490281491,3.318551733973436,616.3703007621225
IoT_Original_Distribution,6q_5k,QWE,full,0,L0,baseline_unoptimized,0.02,6,13,10240,1,0.9246666666666666,0.9313726350541813,0.658971901719944,538.7823294100817,4.514703048975207,543.2970324590569
IoT_Original_Distribution,6q_5k,QWE,full,0,L0,baseline_unoptimized,0.02,6,14,11264,2,0.9373333333333334,0.9418655013136893,0.6998927054829742,611.7377580278553,4.381342967040837,616.1191009948961
IoT_Original_Distribution,6q_5k,QWE,full,0,L0,baseline_unoptimized,0.02,6,15,12288,0,0.9193333333333333,0.9273727775012393,0.6498199904386953,609.2875596539816,3.2185933641158044,612.5061530180974
IoT_Original_Distribution,6q_5k,QWE,full,0,L0,baseline_unoptimized,0.02,6,16,13312,1,0.8906666666666667,0.905169850392401,0.5850085844061099,609.769621183048,2.759811605908908,612.5294327889569
IoT_Original_Distribution,6q_5k,QWE,full,0,L0,baseline_unoptimized,0.02,6,17,14336,2,0.904,0.9159815384615385,0.6265017201020645,587.6939968290972,4.335976255009882,592.029973084107
IoT_Original_Distribution,6q_5k,QWE,full,0,L0,baseline_unoptimized,0.02,6,18,15360,0,0.9153333333333333,0.9248631492620554,0.6536636397579108,565.5216170990607,6.504969673929736,572.0265867729904
IoT_Original_Distribution,6q_5k,QWE,full,0,L0,baseline_unoptimized,0.02,6,19,16384,1,0.918,0.926172327542582,0.6434339297598293,613.4567701987689,4.397945779841393,617.8547159786103
IoT_Original_Distribution,6q_5k,QWE,full,0,L0,baseline_unoptimized,0.02,6,20,17408,2,0.9173333333333333,0.9255015248266677,0.6388129214131434,599.0322788101621,3.6266129000578076,602.6588917102199
IoT_Original_Distribution,6q_5k,QWE,full,0,L0,baseline_unoptimized,0.02,6,21,18432,0,0.9013333333333333,0.913375599311083,0.6083415461489998,613.3849231539061,4.631608284194954,618.0165314381011
IoT_Original_Distribution,6q_5k,QWE,full,0,L0,baseline_unoptimized,0.02,6,22,19456,1,0.9113333333333333,0.9203199253429251,0.6144608709755179,616.9620835620444,3.844635494868271,620.8067190569127
IoT_Original_Distribution,6q_5k,QWE,full,0,L0,baseline_unoptimized,0.02,6,23,20480,2,0.8873333333333333,0.9030288449101022,0.5875641176826564,604.7379946190631,4.481013457174413,609.2190080762375
IoT_Original_Distribution,6q_5k,QWE,full,0,L0,baseline_unoptimized,0.02,6,24,21504,0,0.9213333333333333,0.9291062897544095,0.6580060988216505,601.3354417139199,3.2909822260262445,604.6264239399461
IoT_Original_Distribution,6q_5k,QWE,full,0,L0,baseline_unoptimized,0.02,6,25,22528,1,0.9033333333333333,0.9150637284676498,0.6159569145672708,612.9856531118276,3.7662377090891823,616.7518908209167
IoT_Original_Distribution,6q_5k,QWE,full,0,L0,baseline_unoptimized,0.02,6,26,23552,2,0.936,0.9390376728480069,0.6657157052127682,604.3479138369439,3.5311134660150856,607.879027302959
IoT_Original_Distribution,6q_5k,QWE,full,0,L0,baseline_unoptimized,0.02,6,27,24576,0,0.92,0.9262755673858224,0.620517195076971,608.0290168939391,2.9166729470016435,610.9456898409408
IoT_Original_Distribution,6q_5k,QWE,full,0,L0,baseline_unoptimized,0.02,6,28,25600,1,0.8893333333333333,0.9040133851532839,0.5790709782472675,570.071094871033,4.62350110989064,574.6945959809236
IoT_Original_Distribution,6q_5k,QWE,full,0,L0,baseline_unoptimized,0.02,6,29,26624,2,0.9313333333333333,0.9357855879126912,0.6603339765414424,597.7680108061759,4.403519524028525,602.1715303302044
IoT_Original_Distribution,6q_5k,QWE,full,0,L0,baseline_unoptimized,0.05,6,0,42,0,0.906,0.8613179433368311,0.0,604.6588644110598,4.758068077149801,609.4169324882096
IoT_Original_Distribution,6q_5k,QWE,full,0,L0,baseline_unoptimized,0.05,6,1,123,1,0.906,0.8613179433368311,0.0,612.0423189230496,4.86231506196782,616.9046339850174
IoT_Original_Distribution,6q_5k,QWE,full,0,L0,baseline_unoptimized,0.05,6,2,456,2,0.906,0.8613179433368311,0.0,614.9013405629667,3.1997524559265003,618.1010930188932
IoT_Original_Distribution,6q_5k,QWE,full,0,L0,baseline_unoptimized,0.05,6,3,789,0,0.906,0.8613179433368311,0.0,614.4759821200278,4.0077668079175055,618.4837489279453
IoT_Original_Distribution,6q_5k,QWE,full,0,L0,baseline_unoptimized,0.05,6,4,1024,1,0.906,0.8613179433368311,0.0,614.2001717770472,3.7746285459725186,617.9748003230197
IoT_Original_Distribution,6q_5k,QWE,full,0,L0,baseline_unoptimized,0.05,6,5,2048,2,0.906,0.8613179433368311,0.0,608.8448216749821,4.338401291053742,613.1832229660358
IoT_Original_Distribution,6q_5k,QWE,full,0,L0,baseline_unoptimized,0.05,6,6,3072,0,0.906,0.8613179433368311,0.0,611.0823930080514,2.3314104999881238,613.4138035080396
IoT_Original_Distribution,6q_5k,QWE,full,0,L0,baseline_unoptimized,0.05,6,7,4096,1,0.906,0.8613179433368311,0.0,600.3210760131478,4.473186520859599,604.7942625340074
IoT_Original_Distribution,6q_5k,QWE,full,0,L0,baseline_unoptimized,0.05,6,8,5120,2,0.906,0.8613179433368311,0.0,584.1803021469386,4.102139094960876,588.2824412418995
IoT_Original_Distribution,6q_5k,QWE,full,0,L0,baseline_unoptimized,0.05,6,9,6144,0,0.906,0.8613179433368311,0.0,610.000958800083,4.773302072077058,614.7742608721601
IoT_Original_Distribution,6q_5k,QWE,full,0,L0,baseline_unoptimized,0.05,6,10,7168,1,0.906,0.8613179433368311,0.0,611.1284638099605,3.2302898470079526,614.3587536569685
IoT_Original_Distribution,6q_5k,QWE,full,0,L0,baseline_unoptimized,0.05,6,11,8192,2,0.906,0.8613179433368311,0.0,597.5785239660181,6.452189662028104,604.0307136280462
IoT_Original_Distribution,6q_5k,QWE,full,0,L0,baseline_unoptimized,0.05,6,12,9216,0,0.906,0.8613179433368311,0.0,607.6930573920254,5.561966959852725,613.2550243518781
IoT_Original_Distribution,6q_5k,QWE,full,0,L0,baseline_unoptimized,0.05,6,13,10240,1,0.906,0.8613179433368311,0.0,530.6116795961279,5.834765029954724,536.4464446260827
IoT_Original_Distribution,6q_5k,QWE,full,0,L0,baseline_unoptimized,0.05,6,14,11264,2,0.906,0.8613179433368311,0.0,613.9155830149539,3.055195693974383,616.9707787089283
IoT_Original_Distribution,6q_5k,QWE,full,0,L0,baseline_unoptimized,0.05,6,15,12288,0,0.906,0.8613179433368311,0.0,607.6384388400475,6.077942752977833,613.7163815930253
IoT_Original_Distribution,6q_5k,QWE,full,0,L0,baseline_unoptimized,0.05,6,16,13312,1,0.906,0.8613179433368311,0.0,588.4092255278956,4.816242260974832,593.2254677888704
IoT_Original_Distribution,6q_5k,QWE,full,0,L0,baseline_unoptimized,0.05,6,17,14336,2,0.906,0.8613179433368311,0.0,613.7577855881536,4.787181720952503,618.5449673091061
IoT_Original_Distribution,6q_5k,QWE,full,0,L0,baseline_unoptimized,0.05,6,18,15360,0,0.906,0.8613179433368311,0.0,592.4956568840425,4.534352938062511,597.0300098221051
IoT_Original_Distribution,6q_5k,QWE,full,0,L0,baseline_unoptimized,0.05,6,19,16384,1,0.906,0.8613179433368311,0.0,611.9610987422056,3.9265528260730207,615.8876515682787
IoT_Original_Distribution,6q_5k,QWE,full,0,L0,baseline_unoptimized,0.05,6,20,17408,2,0.906,0.8613179433368311,0.0,612.6520635709167,3.381091492017731,616.0331550629344
IoT_Original_Distribution,6q_5k,QWE,full,0,L0,baseline_unoptimized,0.05,6,21,18432,0,0.906,0.8613179433368311,0.0,599.2499811539892,5.633921198081225,604.8839023520704
IoT_Original_Distribution,6q_5k,QWE,full,0,L0,baseline_unoptimized,0.05,6,22,19456,1,0.906,0.8613179433368311,0.0,615.0385895749787,3.8896242768969387,618.9282138518756
IoT_Original_Distribution,6q_5k,QWE,full,0,L0,baseline_unoptimized,0.05,6,23,20480,2,0.906,0.8613179433368311,0.0,610.4882131809136,4.637487770989537,615.1257009519031
IoT_Original_Distribution,6q_5k,QWE,full,0,L0,baseline_unoptimized,0.05,6,24,21504,0,0.906,0.8613179433368311,0.0,590.0769996508025,3.064481789013371,593.1414814398158
IoT_Original_Distribution,6q_5k,QWE,full,0,L0,baseline_unoptimized,0.05,6,25,22528,1,0.906,0.8613179433368311,0.0,608.8941149968887,3.918823122046888,612.8129381189356
IoT_Original_Distribution,6q_5k,QWE,full,0,L0,baseline_unoptimized,0.05,6,26,23552,2,0.906,0.8613179433368311,0.0,599.5039858870441,4.378163704066537,603.8821495911106
IoT_Original_Distribution,6q_5k,QWE,full,0,L0,baseline_unoptimized,0.05,6,27,24576,0,0.906,0.8613179433368311,0.0,601.5809957368765,3.5260304789990187,605.1070262158755
IoT_Original_Distribution,6q_5k,QWE,full,0,L0,baseline_unoptimized,0.05,6,28,25600,1,0.906,0.8613179433368311,0.0,607.9237107208464,3.647819091915153,611.5715298127616
IoT_Original_Distribution,6q_5k,QWE,full,0,L0,baseline_unoptimized,0.05,6,29,26624,2,0.906,0.8613179433368311,0.0,555.3761879440863,4.951610327116214,560.3277982712025
IoT_Original_Distribution,6q_5k,QWE,full,3,L3,qiskit_heavy,0.0,6,0,42,0,0.956,0.9588044943820224,0.7863848004242623,819.754192130873,5.021364091080613,824.7755562219536
IoT_Original_Distribution,6q_5k,QWE,full,3,L3,qiskit_heavy,0.0,6,1,123,1,0.9573333333333334,0.9598616442819057,0.7892958031689904,846.993777974043,4.483362757018767,851.4771407310618
IoT_Original_Distribution,6q_5k,QWE,full,3,L3,qiskit_heavy,0.0,6,2,456,2,0.9433333333333334,0.947946547380976,0.7409271226482088,846.6250083369669,5.400461105979048,852.0254694429459
IoT_Original_Distribution,6q_5k,QWE,full,3,L3,qiskit_heavy,0.0,6,3,789,0,0.9533333333333334,0.9562039944501242,0.7705303644616922,823.8106754450127,5.075393392937258,828.88606883795
IoT_Original_Distribution,6q_5k,QWE,full,3,L3,qiskit_heavy,0.0,6,4,1024,1,0.9506666666666667,0.9538110997616617,0.7588488724019831,843.5774649771629,6.369635657058097,849.947100634221
IoT_Original_Distribution,6q_5k,QWE,full,3,L3,qiskit_heavy,0.0,6,5,2048,2,0.9566666666666667,0.9584533630522828,0.7712348391774375,845.1174716560636,5.262128942995332,850.3796005990589
IoT_Original_Distribution,6q_5k,QWE,full,3,L3,qiskit_heavy,0.0,6,6,3072,0,0.96,0.9614951467551764,0.7865659476978232,813.4835249109892,5.00283963419497,818.4863645451842
IoT_Original_Distribution,6q_5k,QWE,full,3,L3,qiskit_heavy,0.0,6,7,4096,1,0.96,0.9618985455300044,0.7938063807213714,834.0880298629636,5.679604433011264,839.7676342959749
IoT_Original_Distribution,6q_5k,QWE,full,3,L3,qiskit_heavy,0.0,6,8,5120,2,0.9453333333333334,0.9488177051413007,0.7313129443797038,833.9311510560801,5.090607648016885,839.021758704097
IoT_Original_Distribution,6q_5k,QWE,full,3,L3,qiskit_heavy,0.0,6,9,6144,0,0.9646666666666667,0.9663867815936538,0.8195739671927591,818.4974406621186,4.964095477131195,823.4615361392498
IoT_Original_Distribution,6q_5k,QWE,full,3,L3,qiskit_heavy,0.0,6,10,7168,1,0.9593333333333334,0.9611125915691574,0.7874765055072034,830.8131774991052,4.756288478965871,835.5694659780711
IoT_Original_Distribution,6q_5k,QWE,full,3,L3,qiskit_heavy,0.0,6,11,8192,2,0.958,0.9604408914450037,0.7917915474418197,826.2335930768168,6.077741452027112,832.3113345288439
IoT_Original_Distribution,6q_5k,QWE,full,3,L3,qiskit_heavy,0.0,6,12,9216,0,0.964,0.9651557473059503,0.8050669366471471,808.7137447451241,4.849156258977018,813.5629010041011
IoT_Original_Distribution,6q_5k,QWE,full,3,L3,qiskit_heavy,0.0,6,13,10240,1,0.9593333333333334,0.9609060189845331,0.7838348905542846,837.1902560100425,4.301140937954187,841.4913969479967
IoT_Original_Distribution,6q_5k,QWE,full,3,L3,qiskit_heavy,0.0,6,14,11264,2,0.9653333333333334,0.966718503417676,0.8172519297481595,836.072300722124,5.700008827960119,841.7723095500842
IoT_Original_Distribution,6q_5k,QWE,full,3,L3,qiskit_heavy,0.0,6,15,12288,0,0.9453333333333334,0.9488177051413007,0.7313129443797038,831.1833497249754,4.939364954829216,836.1227146798046
IoT_Original_Distribution,6q_5k,QWE,full,3,L3,qiskit_heavy,0.0,6,16,13312,1,0.9513333333333334,0.9539354829706997,0.7527610142152849,838.5659107289976,5.170740442001261,843.7366511709988
IoT_Original_Distribution,6q_5k,QWE,full,3,L3,qiskit_heavy,0.0,6,17,14336,2,0.9546666666666667,0.9572491834136079,0.773366691114791,841.4627119119978,4.741328054922633,846.2040399669204
IoT_Original_Distribution,6q_5k,QWE,full,3,L3,qiskit_heavy,0.0,6,18,15360,0,0.9593333333333334,0.9614111283512563,0.7930530351829883,816.4063631447498,5.018434751080349,821.4247978958301
IoT_Original_Distribution,6q_5k,QWE,full,3,L3,qiskit_heavy,0.0,6,19,16384,1,0.956,0.9578698489010989,0.7685900347721587,842.2198454859899,5.2447588560171425,847.4646043420071
IoT_Original_Distribution,6q_5k,QWE,full,3,L3,qiskit_heavy,0.0,6,20,17408,2,0.942,0.9461339891311978,0.722378080200641,841.3325108779827,5.329313023947179,846.6618239019299
IoT_Original_Distribution,6q_5k,QWE,full,3,L3,qiskit_heavy,0.0,6,21,18432,0,0.9666666666666667,0.9677368030610652,0.8197474913007174,813.8426130738808,4.7857855029869825,818.6283985768678
IoT_Original_Distribution,6q_5k,QWE,full,3,L3,qiskit_heavy,0.0,6,22,19456,1,0.9566666666666667,0.9587762415771225,0.7769824708378139,833.0106237289729,5.365959136863239,838.3765828658361
IoT_Original_Distribution,6q_5k,QWE,full,3,L3,qiskit_heavy,0.0,6,23,20480,2,0.9566666666666667,0.9590850855412059,0.7828482983512342,833.4873489660677,4.801623614039272,838.2889725801069
IoT_Original_Distribution,6q_5k,QWE,full,3,L3,qiskit_heavy,0.0,6,24,21504,0,0.9566666666666667,0.9591850467289721,0.7848279265714736,810.3014222558122,5.281177004100755,815.582599259913
IoT_Original_Distribution,6q_5k,QWE,full,3,L3,qiskit_heavy,0.0,6,25,22528,1,0.954,0.9567779322274735,0.772956409598325,841.5693890089169,5.533760452992283,847.1031494619092
IoT_Original_Distribution,6q_5k,QWE,full,3,L3,qiskit_heavy,0.0,6,26,23552,2,0.9606666666666667,0.961981885093829,0.787579691104729,842.2358318929328,5.314132306026295,847.5499641989591
IoT_Original_Distribution,6q_5k,QWE,full,3,L3,qiskit_heavy,0.0,6,27,24576,0,0.9546666666666667,0.9558755555555555,0.7499158486889432,840.1383508291328,5.8611778458580375,845.9995286749909
IoT_Original_Distribution,6q_5k,QWE,full,3,L3,qiskit_heavy,0.0,6,28,25600,1,0.9553333333333334,0.9581308231267048,0.7819218634193963,809.8445153470384,4.993500082986429,814.8380154300248
IoT_Original_Distribution,6q_5k,QWE,full,3,L3,qiskit_heavy,0.0,6,29,26624,2,0.964,0.9653456320796588,0.8083540757387963,841.0985262249596,4.982538084150292,846.0810643091099
IoT_Original_Distribution,6q_5k,QWE,full,3,L3,qiskit_heavy,0.0003,6,0,42,0,0.9453333333333334,0.9492869266778994,0.7404732531424497,627.4530317019671,5.07435463112779,632.5273863330949
IoT_Original_Distribution,6q_5k,QWE,full,3,L3,qiskit_heavy,0.0003,6,1,123,1,0.9586666666666667,0.9611159678980964,0.7962432180371268,631.5255714697996,4.797698692884296,636.3232701626839
IoT_Original_Distribution,6q_5k,QWE,full,3,L3,qiskit_heavy,0.0003,6,2,456,2,0.9466666666666667,0.9510604878556196,0.7586689344561754,570.5939065759303,6.758113582152873,577.3520201580832
IoT_Original_Distribution,6q_5k,QWE,full,3,L3,qiskit_heavy,0.0003,6,3,789,0,0.9506666666666667,0.9539192572388504,0.7610065361418865,633.0404623360373,3.786148682003841,636.8266110180411
IoT_Original_Distribution,6q_5k,QWE,full,3,L3,qiskit_heavy,0.0003,6,4,1024,1,0.9533333333333334,0.9560986734333344,0.7684535585645808,633.8400214958237,3.7262224290752783,637.566243924899
IoT_Original_Distribution,6q_5k,QWE,full,3,L3,qiskit_heavy,0.0003,6,5,2048,2,0.9546666666666667,0.9567066032411514,0.7633654895224282,618.4563294580439,4.070915567921475,622.5272450259654
IoT_Original_Distribution,6q_5k,QWE,full,3,L3,qiskit_heavy,0.0003,6,6,3072,0,0.9546666666666667,0.9567066032411514,0.7633654895224282,622.7737995899515,5.893658196087927,628.6674577860394
IoT_Original_Distribution,6q_5k,QWE,full,3,L3,qiskit_heavy,0.0003,6,7,4096,1,0.952,0.954844349817144,0.7615061436964442,637.0675951079465,3.9404399561462924,641.0080350640928
IoT_Original_Distribution,6q_5k,QWE,full,3,L3,qiskit_heavy,0.0003,6,8,5120,2,0.9466666666666667,0.9501829807987573,0.7404473119606854,638.1249823551625,2.9687741129891947,641.0937564681517
IoT_Original_Distribution,6q_5k,QWE,full,3,L3,qiskit_heavy,0.0003,6,9,6144,0,0.9706666666666667,0.9716863327365096,0.8432061214688978,630.4828905080212,3.8318941650213674,634.3147846730426
IoT_Original_Distribution,6q_5k,QWE,full,3,L3,qiskit_heavy,0.0003,6,10,7168,1,0.9546666666666667,0.9565931776556776,0.7614019791563855,584.4334478360834,5.10912890615873,589.5425767422421
IoT_Original_Distribution,6q_5k,QWE,full,3,L3,qiskit_heavy,0.0003,6,11,8192,2,0.9573333333333334,0.9598616442819057,0.7892958031689904,629.6178451159503,5.281438680016436,634.8992837959668
IoT_Original_Distribution,6q_5k,QWE,full,3,L3,qiskit_heavy,0.0003,6,12,9216,0,0.962,0.9633708480546138,0.7966021204662443,619.1341992008965,3.327779336133972,622.4619785370305
IoT_Original_Distribution,6q_5k,QWE,full,3,L3,qiskit_heavy,0.0003,6,13,10240,1,0.9573333333333334,0.9591465201465201,0.7757780903879318,640.1456805408234,1.7172960480675101,641.8629765888909
IoT_Original_Distribution,6q_5k,QWE,full,3,L3,qiskit_heavy,0.0003,6,14,11264,2,0.962,0.9635667952920018,0.8000606601147365,629.9960882380838,3.8167455920483917,633.8128338301321
IoT_Original_Distribution,6q_5k,QWE,full,3,L3,qiskit_heavy,0.0003,6,15,12288,0,0.9466666666666667,0.9499474222287132,0.7359532448416131,637.2012497959659,4.042417329037562,641.2436671250034
IoT_Original_Distribution,6q_5k,QWE,full,3,L3,qiskit_heavy,0.0003,6,16,13312,1,0.9493333333333334,0.9523357025847631,0.7476113139601712,623.2895545919891,4.9902046581264585,628.2797592501156
IoT_Original_Distribution,6q_5k,QWE,full,3,L3,qiskit_heavy,0.0003,6,17,14336,2,0.9666666666666667,0.9679126222959803,0.8228794944327783,633.73104212014,5.586145646986552,639.3171877671266
IoT_Original_Distribution,6q_5k,QWE,full,3,L3,qiskit_heavy,0.0003,6,18,15360,0,0.948,0.9515407774099214,0.749526883369118,637.1416850880487,4.016822372796014,641.1585074608447
IoT_Original_Distribution,6q_5k,QWE,full,3,L3,qiskit_heavy,0.0003,6,19,16384,1,0.9593333333333334,0.9616029264309779,0.7968412254300464,635.4066435670247,5.023214663029648,640.4298582300544
IoT_Original_Distribution,6q_5k,QWE,full,3,L3,qiskit_heavy,0.0003,6,20,17408,2,0.9426666666666667,0.9466927284427283,0.7245889519804432,634.5728943939321,5.446382540976629,640.0192769349087
IoT_Original_Distribution,6q_5k,QWE,full,3,L3,qiskit_heavy,0.0003,6,21,18432,0,0.966,0.9670458485225608,0.8152980571217497,619.119921223959,4.319681936060078,623.439603160019
IoT_Original_Distribution,6q_5k,QWE,full,3,L3,qiskit_heavy,0.0003,6,22,19456,1,0.956,0.9581952640243129,0.7744116238094557,625.8927486579632,4.216387460939586,630.1091361189028
IoT_Original_Distribution,6q_5k,QWE,full,3,L3,qiskit_heavy,0.0003,6,23,20480,2,0.96,0.9619956945675573,0.795655153293448,634.6070482849609,3.7529545647557825,638.3600028497167
IoT_Original_Distribution,6q_5k,QWE,full,3,L3,qiskit_heavy,0.0003,6,24,21504,0,0.9486666666666667,0.9521067839493036,0.7518316796978198,637.8850064600119,3.7420350500615314,641.6270415100735
IoT_Original_Distribution,6q_5k,QWE,full,3,L3,qiskit_heavy,0.0003,6,25,22528,1,0.944,0.9481659442724458,0.7360428676187757,628.8304950561142,4.198873221990652,633.0293682781048
IoT_Original_Distribution,6q_5k,QWE,full,3,L3,qiskit_heavy,0.0003,6,26,23552,2,0.9586666666666667,0.9603182156133828,0.7811267847728178,616.9874834009679,4.657580066006631,621.6450634669745
IoT_Original_Distribution,6q_5k,QWE,full,3,L3,qiskit_heavy,0.0003,6,27,24576,0,0.952,0.9535409964079339,0.7390044407060803,632.3543552230112,4.056327000143938,636.4106822231552
IoT_Original_Distribution,6q_5k,QWE,full,3,L3,qiskit_heavy,0.0003,6,28,25600,1,0.9526666666666667,0.955838722862345,0.7723451313775843,619.0393551229499,4.793294944916852,623.8326500678668
IoT_Original_Distribution,6q_5k,QWE,full,3,L3,qiskit_heavy,0.0003,6,29,26624,2,0.9613333333333334,0.9628783307351,0.7955768427629545,615.2824106039479,4.189955740934238,619.4723663448822
IoT_Original_Distribution,6q_5k,QWE,full,3,L3,qiskit_heavy,0.0005,6,0,42,0,0.9453333333333334,0.9492869266778994,0.7404732531424497,626.154952104087,5.082696530036628,631.2376486341236
IoT_Original_Distribution,6q_5k,QWE,full,3,L3,qiskit_heavy,0.0005,6,1,123,1,0.9586666666666667,0.9611159678980964,0.7962432180371268,639.8638753059786,4.095597175066359,643.9594724810449
IoT_Original_Distribution,6q_5k,QWE,full,3,L3,qiskit_heavy,0.0005,6,2,456,2,0.944,0.9487215094339624,0.7477777870191886,638.5291349738836,4.089271411998197,642.6184063858818
IoT_Original_Distribution,6q_5k,QWE,full,3,L3,qiskit_heavy,0.0005,6,3,789,0,0.9506666666666667,0.9539192572388504,0.7610065361418865,631.7355692969868,3.3823984989430755,635.1179677959299
IoT_Original_Distribution,6q_5k,QWE,full,3,L3,qiskit_heavy,0.0005,6,4,1024,1,0.9533333333333334,0.9560986734333344,0.7684535585645808,634.2684676171048,3.7417409488698468,638.0102085659746
IoT_Original_Distribution,6q_5k,QWE,full,3,L3,qiskit_heavy,0.0005,6,5,2048,2,0.9526666666666667,0.9549709715688568,0.7556867226603413,600.0072357971221,3.9182103640632704,603.9254461611854
IoT_Original_Distribution,6q_5k,QWE,full,3,L3,qiskit_heavy,0.0005,6,6,3072,0,0.9546666666666667,0.9567066032411514,0.7633654895224282,623.8005144111812,3.987083932152018,627.7875983433332
IoT_Original_Distribution,6q_5k,QWE,full,3,L3,qiskit_heavy,0.0005,6,7,4096,1,0.96,0.9618985455300044,0.7938063807213714,620.0207767910324,5.1809413770679384,625.2017181681003
IoT_Original_Distribution,6q_5k,QWE,full,3,L3,qiskit_heavy,0.0005,6,8,5120,2,0.9466666666666667,0.9501829807987573,0.7404473119606854,636.1970624660607,3.6310489730676636,639.8281114391284
IoT_Original_Distribution,6q_5k,QWE,full,3,L3,qiskit_heavy,0.0005,6,9,6144,0,0.9586666666666667,0.9610213142888777,0.794306600439367,620.2434274981497,4.2672726538730785,624.5107001520228
IoT_Original_Distribution,6q_5k,QWE,full,3,L3,qiskit_heavy,0.0005,6,10,7168,1,0.9546666666666667,0.9565931776556776,0.7614019791563855,635.6027233800851,4.778920292970724,640.3816436730558
IoT_Original_Distribution,6q_5k,QWE,full,3,L3,qiskit_heavy,0.0005,6,11,8192,2,0.9626666666666667,0.9644386424946706,0.8080386780001051,600.3193779649446,4.774539301870391,605.093917266815
IoT_Original_Distribution,6q_5k,QWE,full,3,L3,qiskit_heavy,0.0005,6,12,9216,0,0.962,0.9633708480546138,0.7966021204662443,633.551568896044,3.645590563188307,637.1971594592324
IoT_Original_Distribution,6q_5k,QWE,full,3,L3,qiskit_heavy,0.0005,6,13,10240,1,0.9653333333333334,0.9662577777777777,0.8092833827747938,541.0411096860189,3.7850193349877372,544.8261290210066
IoT_Original_Distribution,6q_5k,QWE,full,3,L3,qiskit_heavy,0.0005,6,14,11264,2,0.962,0.9635667952920018,0.8000606601147365,625.385391898104,3.2570168098900467,628.642408707994
IoT_Original_Distribution,6q_5k,QWE,full,3,L3,qiskit_heavy,0.0005,6,15,12288,0,0.9466666666666667,0.9499474222287132,0.7359532448416131,636.2605847360101,3.556316236848943,639.816900972859
IoT_Original_Distribution,6q_5k,QWE,full,3,L3,qiskit_heavy,0.0005,6,16,13312,1,0.9493333333333334,0.9523357025847631,0.7476113139601712,558.3251380258007,3.775006892159581,562.1001449179603
IoT_Original_Distribution,6q_5k,QWE,full,3,L3,qiskit_heavy,0.0005,6,17,14336,2,0.9666666666666667,0.9679126222959803,0.8228794944327783,637.0769785880111,3.0615608020452783,640.1385393900564
IoT_Original_Distribution,6q_5k,QWE,full,3,L3,qiskit_heavy,0.0005,6,18,15360,0,0.948,0.9515407774099214,0.749526883369118,634.3887703079963,2.8557240510126576,637.244494359009
IoT_Original_Distribution,6q_5k,QWE,full,3,L3,qiskit_heavy,0.0005,6,19,16384,1,0.9586666666666667,0.9610213142888777,0.794306600439367,626.2573504819302,5.350420685019344,631.6077711669495
IoT_Original_Distribution,6q_5k,QWE,full,3,L3,qiskit_heavy,0.0005,6,20,17408,2,0.9426666666666667,0.9466927284427283,0.7245889519804432,621.7434882739326,7.480826475890353,629.224314749823
IoT_Original_Distribution,6q_5k,QWE,full,3,L3,qiskit_heavy,0.0005,6,21,18432,0,0.966,0.9670458485225608,0.8152980571217497,602.7709051400889,3.6440047080395743,606.4149098481284
IoT_Original_Distribution,6q_5k,QWE,full,3,L3,qiskit_heavy,0.0005,6,22,19456,1,0.9553333333333334,0.9576155016317076,0.7718612520787291,638.3268667540979,2.552691844990477,640.8795585990883
IoT_Original_Distribution,6q_5k,QWE,full,3,L3,qiskit_heavy,0.0005,6,23,20480,2,0.9586666666666667,0.9609252663756674,0.7923825865859404,620.8973825281719,4.343526953016408,625.2409094811883
IoT_Original_Distribution,6q_5k,QWE,full,3,L3,qiskit_heavy,0.0005,6,24,21504,0,0.9573333333333334,0.9597639373304546,0.7873266306645084,612.8600292699412,4.3457525671692565,617.2057818371104
IoT_Original_Distribution,6q_5k,QWE,full,3,L3,qiskit_heavy,0.0005,6,25,22528,1,0.944,0.9481659442724458,0.7360428676187757,612.0769851350924,5.409874612931162,617.4868597480236
IoT_Original_Distribution,6q_5k,QWE,full,3,L3,qiskit_heavy,0.0005,6,26,23552,2,0.9486666666666667,0.9515315628718899,0.7408695171147972,633.324629936018,3.9528184520313516,637.2774483880494
IoT_Original_Distribution,6q_5k,QWE,full,3,L3,qiskit_heavy,0.0005,6,27,24576,0,0.9506666666666667,0.9523815596023117,0.733689350994974,635.3337124329992,5.030486999894492,640.3641994328937
IoT_Original_Distribution,6q_5k,QWE,full,3,L3,qiskit_heavy,0.0005,6,28,25600,1,0.952,0.9552684099168505,0.7699949480535957,639.1255437032087,2.003351040999405,641.1288947442081
IoT_Original_Distribution,6q_5k,QWE,full,3,L3,qiskit_heavy,0.0005,6,29,26624,2,0.952,0.9545097014925372,0.7552374027358045,598.6061385460198,2.9966429780470207,601.6027815240668
IoT_Original_Distribution,6q_5k,QWE,full,3,L3,qiskit_heavy,0.001,6,0,42,0,0.9446666666666667,0.9486105873320623,0.7359341918993468,603.9460960349534,4.77996811689809,608.7260641518515
IoT_Original_Distribution,6q_5k,QWE,full,3,L3,qiskit_heavy,0.001,6,1,123,1,0.958,0.9605363729033454,0.7937504591409464,637.468668068992,3.9372920599998906,641.4059601289919
IoT_Original_Distribution,6q_5k,QWE,full,3,L3,qiskit_heavy,0.001,6,2,456,2,0.9473333333333334,0.9516209087423189,0.7608380955238458,618.634874871932,4.783712425851263,623.4185872977832
IoT_Original_Distribution,6q_5k,QWE,full,3,L3,qiskit_heavy,0.001,6,3,789,0,0.9506666666666667,0.9539192572388504,0.7610065361418865,636.7027111629723,4.813280159956776,641.515991322929
IoT_Original_Distribution,6q_5k,QWE,full,3,L3,qiskit_heavy,0.001,6,4,1024,1,0.9486666666666667,0.9521067839493036,0.7518316796978198,631.6652263100259,5.181960457819514,636.8471867678454
IoT_Original_Distribution,6q_5k,QWE,full,3,L3,qiskit_heavy,0.001,6,5,2048,2,0.9526666666666667,0.954855156513257,0.753651251609038,637.162525948952,3.5430594329955056,640.7055853819475
IoT_Original_Distribution,6q_5k,QWE,full,3,L3,qiskit_heavy,0.001,6,6,3072,0,0.9573333333333334,0.9591465201465201,0.7757780903879318,625.4136126399972,4.254003474954516,629.6676161149517
IoT_Original_Distribution,6q_5k,QWE,full,3,L3,qiskit_heavy,0.001,6,7,4096,1,0.952,0.954844349817144,0.7615061436964442,635.8169662340079,3.6024042521603405,639.4193704861682
IoT_Original_Distribution,6q_5k,QWE,full,3,L3,qiskit_heavy,0.001,6,8,5120,2,0.9473333333333334,0.9507481693699283,0.7427555255168669,614.267136700917,3.979523435002193,618.2466601359192
IoT_Original_Distribution,6q_5k,QWE,full,3,L3,qiskit_heavy,0.001,6,9,6144,0,0.9513333333333334,0.954903546141746,0.7719947622991625,634.8654888891615,4.232020691153593,639.0975095803151
IoT_Original_Distribution,6q_5k,QWE,full,3,L3,qiskit_heavy,0.001,6,10,7168,1,0.9533333333333334,0.9554332680423616,0.7562137208034863,634.6942951638484,4.401112262043171,639.0954074258916
IoT_Original_Distribution,6q_5k,QWE,full,3,L3,qiskit_heavy,0.001,6,11,8192,2,0.954,0.9569825783104435,0.7770978375899604,608.4729833229212,4.074988385895267,612.5479717088165
IoT_Original_Distribution,6q_5k,QWE,full,3,L3,qiskit_heavy,0.001,6,12,9216,0,0.962,0.9634695587232524,0.7983224495250498,617.2316389180487,4.651656769099645,621.8832956871483
IoT_Original_Distribution,6q_5k,QWE,full,3,L3,qiskit_heavy,0.001,6,13,10240,1,0.958,0.9598375945714248,0.7803066779022504,632.1815222561127,3.91749417304527,636.0990164291579
IoT_Original_Distribution,6q_5k,QWE,full,3,L3,qiskit_heavy,0.001,6,14,11264,2,0.9613333333333334,0.9627786418633372,0.7938286570448142,633.4653111140942,4.910214728093706,638.3755258421879
IoT_Original_Distribution,6q_5k,QWE,full,3,L3,qiskit_heavy,0.001,6,15,12288,0,0.946,0.949961469006595,0.7449991067304259,587.6503476260696,3.7307132340501994,591.3810608601198
IoT_Original_Distribution,6q_5k,QWE,full,3,L3,qiskit_heavy,0.001,6,16,13312,1,0.9566666666666667,0.9590850855412059,0.7828482983512342,631.1160409881268,4.408675477840006,635.5247164659668
IoT_Original_Distribution,6q_5k,QWE,full,3,L3,qiskit_heavy,0.001,6,17,14336,2,0.9666666666666667,0.9679126222959803,0.8228794944327783,612.4929951160448,5.138067298918031,617.6310624149628
IoT_Original_Distribution,6q_5k,QWE,full,3,L3,qiskit_heavy,0.001,6,18,15360,0,0.9473333333333334,0.950975800173616,0.7472388545923977,615.992767810938,5.221461528097279,621.2142293390352
IoT_Original_Distribution,6q_5k,QWE,full,3,L3,qiskit_heavy,0.001,6,19,16384,1,0.9553333333333334,0.9573985279772991,0.7679190046590747,628.4264481408754,3.3821613129694015,631.8086094538448
IoT_Original_Distribution,6q_5k,QWE,full,3,L3,qiskit_heavy,0.001,6,20,17408,2,0.9426666666666667,0.9466927284427283,0.7245889519804432,640.1132788761752,3.283915895037353,643.3971947712125
IoT_Original_Distribution,6q_5k,QWE,full,3,L3,qiskit_heavy,0.001,6,21,18432,0,0.9566666666666667,0.9588807105382239,0.7789251797801489,633.4876723698108,4.180987858097069,637.6686602279078
IoT_Original_Distribution,6q_5k,QWE,full,3,L3,qiskit_heavy,0.001,6,22,19456,1,0.9553333333333334,0.9576155016317076,0.7718612520787291,618.7435603830963,4.868128104833886,623.6116884879302
IoT_Original_Distribution,6q_5k,QWE,full,3,L3,qiskit_heavy,0.001,6,23,20480,2,0.9626666666666667,0.964618656716418,0.8116120759017443,603.1324156631017,3.450754530960694,606.5831701940624
IoT_Original_Distribution,6q_5k,QWE,full,3,L3,qiskit_heavy,0.001,6,24,21504,0,0.958,0.9603440059860919,0.7898447618906402,636.6238011630485,4.9518143478780985,641.5756155109266
IoT_Original_Distribution,6q_5k,QWE,full,3,L3,qiskit_heavy,0.001,6,25,22528,1,0.9453333333333334,0.9492869266778994,0.7404732531424497,633.4981496090768,6.71031174401287,640.2084613530897
IoT_Original_Distribution,6q_5k,QWE,full,3,L3,qiskit_heavy,0.001,6,26,23552,2,0.9573333333333334,0.9591465201465201,0.7757780903879318,635.4409938189201,4.7529278678121045,640.1939216867322
IoT_Original_Distribution,6q_5k,QWE,full,3,L3,qiskit_heavy,0.001,6,27,24576,0,0.9493333333333334,0.9512271858898901,0.7284642729218949,633.4931686060736,3.547647192142904,637.0408157982165
IoT_Original_Distribution,6q_5k,QWE,full,3,L3,qiskit_heavy,0.001,6,28,25600,1,0.9513333333333334,0.9546991571224553,0.7676619128243972,609.062608650187,4.73200761701446,613.7946162672015
IoT_Original_Distribution,6q_5k,QWE,full,3,L3,qiskit_heavy,0.001,6,29,26624,2,0.952,0.9545097014925372,0.7552374027358045,624.2298629238503,4.356108065112494,628.5859709889628
IoT_Original_Distribution,6q_5k,QWE,full,3,L3,qiskit_heavy,0.002,6,0,42,0,0.9453333333333334,0.9491721364221365,0.7381745702795046,630.9551596998936,4.091578350868076,635.0467380507616
IoT_Original_Distribution,6q_5k,QWE,full,3,L3,qiskit_heavy,0.002,6,1,123,1,0.9566666666666667,0.9587762415771225,0.7769824708378139,630.892996268929,4.239253663108684,635.1322499320377
IoT_Original_Distribution,6q_5k,QWE,full,3,L3,qiskit_heavy,0.002,6,2,456,2,0.9433333333333334,0.9480566018770017,0.743294271125954,602.0847328319214,4.673193903989159,606.7579267359106
IoT_Original_Distribution,6q_5k,QWE,full,3,L3,qiskit_heavy,0.002,6,3,789,0,0.952,0.9550594484167518,0.7657328544075529,606.5280154419597,4.776154231047258,611.304169673007
IoT_Original_Distribution,6q_5k,QWE,full,3,L3,qiskit_heavy,0.002,6,4,1024,1,0.9466666666666667,0.9500660537963909,0.7381969263852736,630.7053793601226,4.523440895136446,635.228820255259
IoT_Original_Distribution,6q_5k,QWE,full,3,L3,qiskit_heavy,0.002,6,5,2048,2,0.954,0.9562393949049455,0.7627853053861655,634.2753526780289,4.148818327113986,638.4241710051429
IoT_Original_Distribution,6q_5k,QWE,full,3,L3,qiskit_heavy,0.002,6,6,3072,0,0.9553333333333334,0.95728760057596,0.7659670226923443,599.5276562290965,5.28318264905829,604.8108388781548
IoT_Original_Distribution,6q_5k,QWE,full,3,L3,qiskit_heavy,0.002,6,7,4096,1,0.9633333333333334,0.9649375825623552,0.8089859883220626,629.7281983939465,5.230648331111297,634.9588467250578
IoT_Original_Distribution,6q_5k,QWE,full,3,L3,qiskit_heavy,0.002,6,8,5120,2,0.9526666666666667,0.9554175125808769,0.7639370639604357,633.2275496529182,4.00467829592526,637.2322279488435
IoT_Original_Distribution,6q_5k,QWE,full,3,L3,qiskit_heavy,0.002,6,9,6144,0,0.9553333333333334,0.9581308231267048,0.7819218634193963,545.0055447299965,2.64815165521577,547.6536963852122
IoT_Original_Distribution,6q_5k,QWE,full,3,L3,qiskit_heavy,0.002,6,10,7168,1,0.9506666666666667,0.9530082061536721,0.7439933402458035,616.928583814064,3.4175878970418125,620.3461717111059
IoT_Original_Distribution,6q_5k,QWE,full,3,L3,qiskit_heavy,0.002,6,11,8192,2,0.9573333333333334,0.9597639373304546,0.7873266306645084,627.8789883541176,3.3646972539136186,631.2436856080312
IoT_Original_Distribution,6q_5k,QWE,full,3,L3,qiskit_heavy,0.002,6,12,9216,0,0.9573333333333334,0.9592532736387308,0.7776690269603121,618.6807042949367,3.832090241019614,622.5127945359563
IoT_Original_Distribution,6q_5k,QWE,full,3,L3,qiskit_heavy,0.002,6,13,10240,1,0.9566666666666667,0.9586702137093198,0.7750528811840931,621.9416137899971,4.163664692896418,626.1052784828935
IoT_Original_Distribution,6q_5k,QWE,full,3,L3,qiskit_heavy,0.002,6,14,11264,2,0.96,0.9615982731742415,0.7883518137678861,633.7528470719699,3.8306071010883898,637.5834541730583
IoT_Original_Distribution,6q_5k,QWE,full,3,L3,qiskit_heavy,0.002,6,15,12288,0,0.946,0.9493820398994491,0.733624416681293,634.2020111230668,4.031067650998011,638.2330787740648
IoT_Original_Distribution,6q_5k,QWE,full,3,L3,qiskit_heavy,0.002,6,16,13312,1,0.9486666666666667,0.9517666779929778,0.7452310102081631,622.7836109739728,5.767025490058586,628.5506364640314
IoT_Original_Distribution,6q_5k,QWE,full,3,L3,qiskit_heavy,0.002,6,17,14336,2,0.9553333333333334,0.9580307457860975,0.7798877594458655,622.9968827971024,5.366718056960963,628.3636008540634
IoT_Original_Distribution,6q_5k,QWE,full,3,L3,qiskit_heavy,0.002,6,18,15360,0,0.9466666666666667,0.9504118404118403,0.7449673794290353,578.5246650098125,3.7753252498805523,582.299990259693
IoT_Original_Distribution,6q_5k,QWE,full,3,L3,qiskit_heavy,0.002,6,19,16384,1,0.956,0.9580884000830047,0.7724579348032709,629.1819502550643,3.5355983562767506,632.717548611341
IoT_Original_Distribution,6q_5k,QWE,full,3,L3,qiskit_heavy,0.002,6,20,17408,2,0.9426666666666667,0.9466927284427283,0.7245889519804432,616.8944161619293,3.9681301600066945,620.862546321936
IoT_Original_Distribution,6q_5k,QWE,full,3,L3,qiskit_heavy,0.002,6,21,18432,0,0.9666666666666667,0.9676468711186604,0.8182144150258319,623.4727979940362,4.135976500925608,627.6087744949618
IoT_Original_Distribution,6q_5k,QWE,full,3,L3,qiskit_heavy,0.002,6,22,19456,1,0.956,0.9581952640243129,0.7744116238094557,630.9747354090214,4.168464533984661,635.143199943006
IoT_Original_Distribution,6q_5k,QWE,full,3,L3,qiskit_heavy,0.002,6,23,20480,2,0.9626666666666667,0.964618656716418,0.8116120759017443,587.4779692038428,4.345444127800874,591.8234133316437
IoT_Original_Distribution,6q_5k,QWE,full,3,L3,qiskit_heavy,0.002,6,24,21504,0,0.948,0.9515407774099214,0.749526883369118,622.8635105110006,4.277223677840084,627.1407341888407
IoT_Original_Distribution,6q_5k,QWE,full,3,L3,qiskit_heavy,0.002,6,25,22528,1,0.9493333333333334,0.9527833215788977,0.7563495715972772,574.5554776019417,4.266460381099023,578.8219379830407
IoT_Original_Distribution,6q_5k,QWE,full,3,L3,qiskit_heavy,0.002,6,26,23552,2,0.9473333333333334,0.9503941337167506,0.7360825804790517,634.4368165039923,3.6274393929634243,638.0642558969557
IoT_Original_Distribution,6q_5k,QWE,full,3,L3,qiskit_heavy,0.002,6,27,24576,0,0.9493333333333334,0.9513578126873726,0.7305515818073395,619.4986968028825,4.19353200099431,623.6922288038768
IoT_Original_Distribution,6q_5k,QWE,full,3,L3,qiskit_heavy,0.002,6,28,25600,1,0.9493333333333334,0.9529976393600043,0.7607635269721875,592.955216732109,3.4132949908962473,596.3685117230052
IoT_Original_Distribution,6q_5k,QWE,full,3,L3,qiskit_heavy,0.002,6,29,26624,2,0.9526666666666667,0.9549709715688568,0.7556867226603413,635.0656959039625,3.611109091085382,638.6768049950479
IoT_Original_Distribution,6q_5k,QWE,full,3,L3,qiskit_heavy,0.005,6,0,42,0,0.956,0.9588044943820224,0.7863848004242623,631.0362183549441,4.606279923929833,635.642498278874
IoT_Original_Distribution,6q_5k,QWE,full,3,L3,qiskit_heavy,0.005,6,1,123,1,0.9573333333333334,0.9594620742053945,0.7814928003041198,586.6458678790368,4.747103811823763,591.3929716908606
IoT_Original_Distribution,6q_5k,QWE,full,3,L3,qiskit_heavy,0.005,6,2,456,2,0.9466666666666667,0.9510604878556196,0.7586689344561754,615.2221943760524,4.631080689956434,619.8532750660088
IoT_Original_Distribution,6q_5k,QWE,full,3,L3,qiskit_heavy,0.005,6,3,789,0,0.954,0.9567779322274735,0.772956409598325,608.4583367350278,4.933417364023626,613.3917540990515
IoT_Original_Distribution,6q_5k,QWE,full,3,L3,qiskit_heavy,0.005,6,4,1024,1,0.9526666666666667,0.9555251186688496,0.7660250597507845,608.0576978409663,4.372970754047856,612.4306685950141
IoT_Original_Distribution,6q_5k,QWE,full,3,L3,qiskit_heavy,0.005,6,5,2048,2,0.9506666666666667,0.9531280232999874,0.7460869178307993,628.5136017660843,3.1394907570211217,631.6530925231054
IoT_Original_Distribution,6q_5k,QWE,full,3,L3,qiskit_heavy,0.005,6,6,3072,0,0.9546666666666667,0.9567066032411514,0.7633654895224282,627.68919321883,3.8002414910588413,631.4894347098889
IoT_Original_Distribution,6q_5k,QWE,full,3,L3,qiskit_heavy,0.005,6,7,4096,1,0.9666666666666667,0.9678253781096701,0.8213027673741131,623.7582661170745,5.243727857014164,629.0019939740887
IoT_Original_Distribution,6q_5k,QWE,full,3,L3,qiskit_heavy,0.005,6,8,5120,2,0.9473333333333334,0.9506318660747713,0.7405240519295935,577.5951266001211,3.886768455035053,581.4818950551562
IoT_Original_Distribution,6q_5k,QWE,full,3,L3,qiskit_heavy,0.005,6,9,6144,0,0.9573333333333334,0.9599579377829707,0.7912766362337398,622.5934696840122,2.949982870952226,625.5434525549645
IoT_Original_Distribution,6q_5k,QWE,full,3,L3,qiskit_heavy,0.005,6,10,7168,1,0.952,0.9542782546360052,0.7511094888851704,614.4061121520353,2.854795068851672,617.260907220887
IoT_Original_Distribution,6q_5k,QWE,full,3,L3,qiskit_heavy,0.005,6,11,8192,2,0.9593333333333334,0.9616029264309779,0.7968412254300464,634.5731634878321,2.2540838449494913,636.8272473327816
IoT_Original_Distribution,6q_5k,QWE,full,3,L3,qiskit_heavy,0.005,6,12,9216,0,0.9586666666666667,0.9605266088375203,0.7848207956792541,612.5206494688755,3.7986150559736416,616.3192645248491
IoT_Original_Distribution,6q_5k,QWE,full,3,L3,qiskit_heavy,0.005,6,13,10240,1,0.9606666666666667,0.9620856146530212,0.7893202991888096,597.1579526158748,6.289442625129595,603.4473952410044
IoT_Original_Distribution,6q_5k,QWE,full,3,L3,qiskit_heavy,0.005,6,14,11264,2,0.964,0.9655298763736264,0.8117183684667976,632.0258997669443,3.3402596089290455,635.3661593758734
IoT_Original_Distribution,6q_5k,QWE,full,3,L3,qiskit_heavy,0.005,6,15,12288,0,0.946,0.9496188246739429,0.7381560452446436,592.9219523909269,4.480499719968066,597.402452110895
IoT_Original_Distribution,6q_5k,QWE,full,3,L3,qiskit_heavy,0.005,6,16,13312,1,0.9546666666666667,0.9569284538432317,0.7673304473147916,628.6342881019227,3.1104256289545447,631.7447137308773
IoT_Original_Distribution,6q_5k,QWE,full,3,L3,qiskit_heavy,0.005,6,17,14336,2,0.964,0.9654384458568175,0.8100269007530911,611.703178977943,5.84439213690348,617.5475711148465
IoT_Original_Distribution,6q_5k,QWE,full,3,L3,qiskit_heavy,0.005,6,18,15360,0,0.9453333333333334,0.9494000884564351,0.7427773898031479,626.7520708459197,4.678695306065492,631.4307661519852
IoT_Original_Distribution,6q_5k,QWE,full,3,L3,qiskit_heavy,0.005,6,19,16384,1,0.948,0.9516515444015443,0.7517601885785661,622.856903517968,4.140518484055065,626.9974220020231
IoT_Original_Distribution,6q_5k,QWE,full,3,L3,qiskit_heavy,0.005,6,20,17408,2,0.942,0.9462549111552313,0.7247523650538733,636.4993686089292,4.299237562110648,640.7986061710399
IoT_Original_Distribution,6q_5k,QWE,full,3,L3,qiskit_heavy,0.005,6,21,18432,0,0.9553333333333334,0.9575078182410339,0.7698838881119897,623.3199467081577,4.852462096954696,628.1724088051124
IoT_Original_Distribution,6q_5k,QWE,full,3,L3,qiskit_heavy,0.005,6,22,19456,1,0.956,0.9583005597014926,0.776377905173032,631.1874426361173,5.515509606804699,636.702952242922
IoT_Original_Distribution,6q_5k,QWE,full,3,L3,qiskit_heavy,0.005,6,23,20480,2,0.9613333333333334,0.9634462169320758,0.8064087949053064,592.8163383990759,5.837962536024861,598.6543009351008
IoT_Original_Distribution,6q_5k,QWE,full,3,L3,qiskit_heavy,0.005,6,24,21504,0,0.95,0.9534580381395088,0.760854226747064,623.7921845412347,4.861463920911774,628.6536484621465
IoT_Original_Distribution,6q_5k,QWE,full,3,L3,qiskit_heavy,0.005,6,25,22528,1,0.9526666666666667,0.9557356965223406,0.7702293751753417,580.7212637109915,4.428038482903503,585.149302193895
IoT_Original_Distribution,6q_5k,QWE,full,3,L3,qiskit_heavy,0.005,6,26,23552,2,0.9493333333333334,0.9523357025847631,0.7476113139601712,606.7807849770179,3.803167599020526,610.5839525760384
IoT_Original_Distribution,6q_5k,QWE,full,3,L3,qiskit_heavy,0.005,6,27,24576,0,0.9513333333333334,0.9529606374889747,0.7363354741418618,631.0506910759723,4.043779817060567,635.0944708930328
IoT_Original_Distribution,6q_5k,QWE,full,3,L3,qiskit_heavy,0.005,6,28,25600,1,0.9526666666666667,0.9554175125808769,0.7639370639604357,620.0550489879679,5.354933943017386,625.4099829309853
IoT_Original_Distribution,6q_5k,QWE,full,3,L3,qiskit_heavy,0.005,6,29,26624,2,0.952,0.9542782546360052,0.7511094888851704,633.3603351229103,4.409519015112892,637.7698541380232
IoT_Original_Distribution,6q_5k,QWE,full,3,L3,qiskit_heavy,0.008,6,0,42,0,0.9426666666666667,0.9464467043586641,0.7198880877794842,631.6473199020838,4.179665862000547,635.8269857640844
IoT_Original_Distribution,6q_5k,QWE,full,3,L3,qiskit_heavy,0.008,6,1,123,1,0.9573333333333334,0.9601463846390058,0.7952719097772216,627.5673029121244,3.4757575598778203,631.0430604720023
IoT_Original_Distribution,6q_5k,QWE,full,3,L3,qiskit_heavy,0.008,6,2,456,2,0.9486666666666667,0.9528456958627664,0.7674750864823916,596.9586031960789,5.236485964851454,602.1950891609304
IoT_Original_Distribution,6q_5k,QWE,full,3,L3,qiskit_heavy,0.008,6,3,789,0,0.9526666666666667,0.9556311707760604,0.7681225929227954,598.0317570940824,4.328383360058069,602.3601404541405
IoT_Original_Distribution,6q_5k,QWE,full,3,L3,qiskit_heavy,0.008,6,4,1024,1,0.9346666666666666,0.9400490976231342,0.6990574346560534,621.1370056289015,5.2909614271484315,626.42796705605
IoT_Original_Distribution,6q_5k,QWE,full,3,L3,qiskit_heavy,0.008,6,5,2048,2,0.956,0.9580884000830047,0.7724579348032709,631.1403167410754,2.8327622360084206,633.9730789770838
IoT_Original_Distribution,6q_5k,QWE,full,3,L3,qiskit_heavy,0.008,6,6,3072,0,0.9446666666666667,0.9481322137241268,0.7267247814329926,602.9117282659281,6.110771165112965,609.0224994310411
IoT_Original_Distribution,6q_5k,QWE,full,3,L3,qiskit_heavy,0.008,6,7,4096,1,0.9566666666666667,0.9590850855412059,0.7828482983512342,629.792849797057,3.1420317149022594,632.9348815119592
IoT_Original_Distribution,6q_5k,QWE,full,3,L3,qiskit_heavy,0.008,6,8,5120,2,0.944,0.9476921298386951,0.7267411625065513,620.623554226826,4.261416480992921,624.8849707078189
IoT_Original_Distribution,6q_5k,QWE,full,3,L3,qiskit_heavy,0.008,6,9,6144,0,0.9466666666666667,0.9509561747781733,0.7563715739509429,574.1597293907544,4.992847704095766,579.1525770948501
IoT_Original_Distribution,6q_5k,QWE,full,3,L3,qiskit_heavy,0.008,6,10,7168,1,0.952,0.9543948334810689,0.7531680943254634,626.44576361496,4.111298828036524,630.5570624429965
IoT_Original_Distribution,6q_5k,QWE,full,3,L3,qiskit_heavy,0.008,6,11,8192,2,0.9486666666666667,0.9524325075741703,0.7584969345147942,630.1537340271752,2.8102813388686627,632.9640153660439
IoT_Original_Distribution,6q_5k,QWE,full,3,L3,qiskit_heavy,0.008,6,12,9216,0,0.9533333333333334,0.9557733208955224,0.762284236881547,626.3930757680209,5.58922367496416,631.9822994429851
IoT_Original_Distribution,6q_5k,QWE,full,3,L3,qiskit_heavy,0.008,6,13,10240,1,0.9553333333333334,0.9575078182410339,0.7698838881119897,597.3166791460244,4.28622651589103,601.6029056619154
IoT_Original_Distribution,6q_5k,QWE,full,3,L3,qiskit_heavy,0.008,6,14,11264,2,0.9566666666666667,0.9587762415771225,0.7769824708378139,633.1623609201051,2.6349321270827204,635.7972930471878
IoT_Original_Distribution,6q_5k,QWE,full,3,L3,qiskit_heavy,0.008,6,15,12288,0,0.946,0.9495012875818251,0.7358870631022482,624.5555097790202,3.4848378819879144,628.0403476610081
IoT_Original_Distribution,6q_5k,QWE,full,3,L3,qiskit_heavy,0.008,6,16,13312,1,0.9513333333333334,0.9539354829706997,0.7527610142152849,604.53583097097,4.42226307396777,608.9580940449378
IoT_Original_Distribution,6q_5k,QWE,full,3,L3,qiskit_heavy,0.008,6,17,14336,2,0.958,0.9603440059860919,0.7898447618906402,603.3286965730367,3.879738230840303,607.208434803877
IoT_Original_Distribution,6q_5k,QWE,full,3,L3,qiskit_heavy,0.008,6,18,15360,0,0.942,0.9464916459190805,0.7295133619543605,633.4434026948875,3.1321738999104127,636.5755765947979
IoT_Original_Distribution,6q_5k,QWE,full,3,L3,qiskit_heavy,0.008,6,19,16384,1,0.95,0.9535637837337912,0.7630464152967588,595.7763506019255,4.621066633029841,600.3974172349554
IoT_Original_Distribution,6q_5k,QWE,full,3,L3,qiskit_heavy,0.008,6,20,17408,2,0.934,0.9396276098382554,0.6995798361742036,619.7269660219317,4.288536360138096,624.0155023820698
IoT_Original_Distribution,6q_5k,QWE,full,3,L3,qiskit_heavy,0.008,6,21,18432,0,0.946,0.9496188246739429,0.7381560452446436,629.6782095949166,3.110366025939584,632.7885756208561
IoT_Original_Distribution,6q_5k,QWE,full,3,L3,qiskit_heavy,0.008,6,22,19456,1,0.952,0.954844349817144,0.7615061436964442,529.0993422559695,4.219937323126942,533.3192795790965
IoT_Original_Distribution,6q_5k,QWE,full,3,L3,qiskit_heavy,0.008,6,23,20480,2,0.958,0.9604408914450037,0.7917915474418197,631.3410471910611,2.664231903036125,634.0052790940972
IoT_Original_Distribution,6q_5k,QWE,full,3,L3,qiskit_heavy,0.008,6,24,21504,0,0.9493333333333334,0.9526738317588194,0.7541534614148194,636.4280215599574,2.6120297190500423,639.0400512790075
IoT_Original_Distribution,6q_5k,QWE,full,3,L3,qiskit_heavy,0.008,6,25,22528,1,0.9493333333333334,0.9536051752021563,0.7741651323980615,632.2150445060106,3.792826519929804,636.0078710259404
IoT_Original_Distribution,6q_5k,QWE,full,3,L3,qiskit_heavy,0.008,6,26,23552,2,0.9433333333333334,0.9476068991605998,0.7338510817415974,614.7047785890754,5.9592258390039206,620.6640044280794
IoT_Original_Distribution,6q_5k,QWE,full,3,L3,qiskit_heavy,0.008,6,27,24576,0,0.9533333333333334,0.954955529353538,0.7482915870581638,632.2431885849219,5.633869994198903,637.8770585791208
IoT_Original_Distribution,6q_5k,QWE,full,3,L3,qiskit_heavy,0.008,6,28,25600,1,0.9506666666666667,0.9541309523809525,0.7653458068776275,633.6874799149809,4.277900985209271,637.9653809001902
IoT_Original_Distribution,6q_5k,QWE,full,3,L3,qiskit_heavy,0.008,6,29,26624,2,0.954,0.956567244651434,0.7688553712724218,603.3280447849538,4.0252607830334455,607.3533055679873
IoT_Original_Distribution,6q_5k,QWE,full,3,L3,qiskit_heavy,0.01,6,0,42,0,0.938,0.943403620111923,0.7218101255221689,631.1124404980801,3.705927744973451,634.8183682430536
IoT_Original_Distribution,6q_5k,QWE,full,3,L3,qiskit_heavy,0.01,6,1,123,1,0.952,0.9557653404314933,0.7807919823286048,626.5910089291865,4.943559741834179,631.5345686710207
IoT_Original_Distribution,6q_5k,QWE,full,3,L3,qiskit_heavy,0.01,6,2,456,2,0.9426666666666667,0.9479276999395242,0.7507479016514069,614.2216587070143,5.469782462110743,619.691441169125
IoT_Original_Distribution,6q_5k,QWE,full,3,L3,qiskit_heavy,0.01,6,3,789,0,0.9433333333333334,0.947946547380976,0.7409271226482088,625.8314382320968,4.52951138606295,630.3609496181598
IoT_Original_Distribution,6q_5k,QWE,full,3,L3,qiskit_heavy,0.01,6,4,1024,1,0.946,0.9500724568471599,0.7472915777441907,572.5253881769022,4.4074565469054505,576.9328447238076
IoT_Original_Distribution,6q_5k,QWE,full,3,L3,qiskit_heavy,0.01,6,5,2048,2,0.9433333333333334,0.947130865398582,0.7244804107914673,629.8478422539774,4.612251344020478,634.4600935979979
IoT_Original_Distribution,6q_5k,QWE,full,3,L3,qiskit_heavy,0.01,6,6,3072,0,0.9413333333333334,0.9455762139957945,0.7201829793127119,621.2778496970423,4.894586356007494,626.1724360530498
IoT_Original_Distribution,6q_5k,QWE,full,3,L3,qiskit_heavy,0.01,6,7,4096,1,0.9493333333333334,0.9527833215788977,0.7563495715972772,637.8148249190999,4.878776884055696,642.6936018031556
IoT_Original_Distribution,6q_5k,QWE,full,3,L3,qiskit_heavy,0.01,6,8,5120,2,0.9453333333333334,0.948191604477612,0.720003232007092,639.185426145792,2.934060581959784,642.1194867277518
IoT_Original_Distribution,6q_5k,QWE,full,3,L3,qiskit_heavy,0.01,6,9,6144,0,0.948,0.9520791188007844,0.7607576339221506,634.4439974030247,3.7533886660821736,638.1973860691069
IoT_Original_Distribution,6q_5k,QWE,full,3,L3,qiskit_heavy,0.01,6,10,7168,1,0.9493333333333334,0.9525627511065713,0.7519648903964132,597.5997197550023,3.5998112179804593,601.1995309729828
IoT_Original_Distribution,6q_5k,QWE,full,3,L3,qiskit_heavy,0.01,6,11,8192,2,0.938,0.9435190713277777,0.7242916651829258,614.3772777499398,5.7501211679773405,620.1273989179172
IoT_Original_Distribution,6q_5k,QWE,full,3,L3,qiskit_heavy,0.01,6,12,9216,0,0.9433333333333334,0.9476068991605998,0.7338510817415974,605.706711787032,4.729215516010299,610.4359273030423
IoT_Original_Distribution,6q_5k,QWE,full,3,L3,qiskit_heavy,0.01,6,13,10240,1,0.9546666666666667,0.9571438405410545,0.7713432741068915,634.3891166182002,3.5687323960009962,637.9578490142012
IoT_Original_Distribution,6q_5k,QWE,full,3,L3,qiskit_heavy,0.01,6,14,11264,2,0.9533333333333334,0.9560986734333344,0.7684535585645808,630.320396583993,4.944336597924121,635.2647331819171
IoT_Original_Distribution,6q_5k,QWE,full,3,L3,qiskit_heavy,0.01,6,15,12288,0,0.942,0.9466075165806926,0.7318998318444027,580.5253919569077,4.770149930962361,585.2955418878701
IoT_Original_Distribution,6q_5k,QWE,full,3,L3,qiskit_heavy,0.01,6,16,13312,1,0.9473333333333334,0.9506318660747713,0.7405240519295935,629.9826298470143,4.021460566902533,634.0040904139169
IoT_Original_Distribution,6q_5k,QWE,full,3,L3,qiskit_heavy,0.01,6,17,14336,2,0.9553333333333334,0.9581308231267048,0.7819218634193963,633.8613278327975,2.4975365119753405,636.3588643447729
IoT_Original_Distribution,6q_5k,QWE,full,3,L3,qiskit_heavy,0.01,6,18,15360,0,0.9373333333333334,0.942853606979515,0.7197782460291479,632.8393817270407,3.789066976867616,636.6284487039084
IoT_Original_Distribution,6q_5k,QWE,full,3,L3,qiskit_heavy,0.01,6,19,16384,1,0.944,0.9486135122484006,0.7454219345005928,631.0424806139199,5.6493954920442775,636.6918761059642
IoT_Original_Distribution,6q_5k,QWE,full,3,L3,qiskit_heavy,0.01,6,20,17408,2,0.9326666666666666,0.9389060782454522,0.7033337756261954,632.9805955300108,3.5917472218861803,636.5723427518969
IoT_Original_Distribution,6q_5k,QWE,full,3,L3,qiskit_heavy,0.01,6,21,18432,0,0.9433333333333334,0.947946547380976,0.7409271226482088,630.0396928577684,3.6609668369637802,633.7006596947322
IoT_Original_Distribution,6q_5k,QWE,full,3,L3,qiskit_heavy,0.01,6,22,19456,1,0.946,0.9497346811906696,0.7404311685150645,614.7450494810473,3.439714837935753,618.1847643189831
IoT_Original_Distribution,6q_5k,QWE,full,3,L3,qiskit_heavy,0.01,6,23,20480,2,0.9473333333333334,0.9510871855329268,0.7494903035980528,633.8076649990398,3.907154776970856,637.7148197760107
IoT_Original_Distribution,6q_5k,QWE,full,3,L3,qiskit_heavy,0.01,6,24,21504,0,0.9386666666666666,0.94395447679209,0.7238554840301312,629.352407880011,4.6355334458639845,633.987941325875
IoT_Original_Distribution,6q_5k,QWE,full,3,L3,qiskit_heavy,0.01,6,25,22528,1,0.9433333333333334,0.9485843232758757,0.7551886637912114,631.1415023169247,4.993618070962839,636.1351203878876
IoT_Original_Distribution,6q_5k,QWE,full,3,L3,qiskit_heavy,0.01,6,26,23552,2,0.9386666666666666,0.9438378436657683,0.7213904416403157,626.5764262950979,4.864446813124232,631.4408731082221
IoT_Original_Distribution,6q_5k,QWE,full,3,L3,qiskit_heavy,0.01,6,27,24576,0,0.9493333333333334,0.9521019394282375,0.7432908574681596,633.3597718280507,4.598872326896526,637.9586441549473
IoT_Original_Distribution,6q_5k,QWE,full,3,L3,qiskit_heavy,0.01,6,28,25600,1,0.9466666666666667,0.9506342326404246,0.7495119119875201,602.7264086249052,4.190339297056198,606.9167479219614
IoT_Original_Distribution,6q_5k,QWE,full,3,L3,qiskit_heavy,0.01,6,29,26624,2,0.9406666666666667,0.9438391504711271,0.6965218648529177,635.9367446210235,4.843099371064454,640.779843992088
IoT_Original_Distribution,6q_5k,QWE,full,3,L3,qiskit_heavy,0.02,6,0,42,0,0.9426666666666667,0.9466927284427283,0.7245889519804432,609.7746731368825,4.560143853886984,614.3348169907695
IoT_Original_Distribution,6q_5k,QWE,full,3,L3,qiskit_heavy,0.02,6,1,123,1,0.944,0.9485039835170819,0.7430703944213387,629.2876951898215,3.9113931539468467,633.1990883437684
IoT_Original_Distribution,6q_5k,QWE,full,3,L3,qiskit_heavy,0.02,6,2,456,2,0.9326666666666666,0.9392619063710328,0.7110930728822706,620.0074893080164,4.631114262039773,624.6386035700561
IoT_Original_Distribution,6q_5k,QWE,full,3,L3,qiskit_heavy,0.02,6,3,789,0,0.932,0.9384827280000334,0.7039901696309935,623.0768230989343,4.019690858083777,627.096513957018
IoT_Original_Distribution,6q_5k,QWE,full,3,L3,qiskit_heavy,0.02,6,4,1024,1,0.9333333333333333,0.9389541778975742,0.6950030962614429,633.9860352331307,3.8974563219817355,637.8834915551124
IoT_Original_Distribution,6q_5k,QWE,full,3,L3,qiskit_heavy,0.02,6,5,2048,2,0.9466666666666667,0.9500660537963909,0.7381969263852736,615.501606709091,4.388817357015796,619.8904240661068
IoT_Original_Distribution,6q_5k,QWE,full,3,L3,qiskit_heavy,0.02,6,6,3072,0,0.9466666666666667,0.9494552238805971,0.7270500661528345,630.277601021924,2.7370922249974683,633.0146932469215
IoT_Original_Distribution,6q_5k,QWE,full,3,L3,qiskit_heavy,0.02,6,7,4096,1,0.9333333333333333,0.9389541778975742,0.6950030962614429,610.4389402670786,3.834108849056065,614.2730491161346
IoT_Original_Distribution,6q_5k,QWE,full,3,L3,qiskit_heavy,0.02,6,8,5120,2,0.9473333333333334,0.9503941337167506,0.7360825804790517,610.885955619975,3.167149555985816,614.0531051759608
IoT_Original_Distribution,6q_5k,QWE,full,3,L3,qiskit_heavy,0.02,6,9,6144,0,0.9366666666666666,0.942304427700418,0.7177596888366276,568.0627350639552,5.252776478999294,573.3155115429545
IoT_Original_Distribution,6q_5k,QWE,full,3,L3,qiskit_heavy,0.02,6,10,7168,1,0.946,0.9478056388576295,0.7070530644487948,633.2248320799554,5.180808661039919,638.4056407409953
IoT_Original_Distribution,6q_5k,QWE,full,3,L3,qiskit_heavy,0.02,6,11,8192,2,0.9446666666666667,0.9488396780038799,0.7405713297428941,634.3535912110237,2.9155088539700955,637.2691000649938
IoT_Original_Distribution,6q_5k,QWE,full,3,L3,qiskit_heavy,0.02,6,12,9216,0,0.9486666666666667,0.9517666779929778,0.7452310102081631,614.6265292970929,5.206488366937265,619.8330176640302
IoT_Original_Distribution,6q_5k,QWE,full,3,L3,qiskit_heavy,0.02,6,13,10240,1,0.9373333333333334,0.9426169272237198,0.7147936052955975,611.8804076530505,4.611002838937566,616.4914104919881
IoT_Original_Distribution,6q_5k,QWE,full,3,L3,qiskit_heavy,0.02,6,14,11264,2,0.9586666666666667,0.960728884386476,0.7885739767987839,633.4757461509435,3.9148324590642005,637.3905786100077
IoT_Original_Distribution,6q_5k,QWE,full,3,L3,qiskit_heavy,0.02,6,15,12288,0,0.934,0.9396276098382554,0.6995798361742036,627.3014924059389,3.066384670091793,630.3678770760307
IoT_Original_Distribution,6q_5k,QWE,full,3,L3,qiskit_heavy,0.02,6,16,13312,1,0.938,0.94267578378748,0.7069700897364107,540.4985329669435,4.790533706196584,545.28906667314
IoT_Original_Distribution,6q_5k,QWE,full,3,L3,qiskit_heavy,0.02,6,17,14336,2,0.926,0.9331196795757765,0.676339865201093,632.5069867999991,1.8128335379296914,634.3198203379288
IoT_Original_Distribution,6q_5k,QWE,full,3,L3,qiskit_heavy,0.02,6,18,15360,0,0.94,0.9444635117204777,0.7158393010656591,616.2582048941404,3.977167000179179,620.2353718943195
IoT_Original_Distribution,6q_5k,QWE,full,3,L3,qiskit_heavy,0.02,6,19,16384,1,0.9353333333333333,0.9405978246582901,0.7011051768969345,631.5891531050438,3.5896776859881356,635.1788307910319
IoT_Original_Distribution,6q_5k,QWE,full,3,L3,qiskit_heavy,0.02,6,20,17408,2,0.93,0.9362312095636198,0.6850998071051367,591.140874791774,4.4090801971033216,595.5499549888773
IoT_Original_Distribution,6q_5k,QWE,full,3,L3,qiskit_heavy,0.02,6,21,18432,0,0.9526666666666667,0.9550850838186752,0.7577333966758897,630.4006262691692,4.143393807928078,634.5440200770972
IoT_Original_Distribution,6q_5k,QWE,full,3,L3,qiskit_heavy,0.02,6,22,19456,1,0.9406666666666667,0.9446429061232211,0.710804776338291,631.4200050210347,3.309720779885538,634.7297258009203
IoT_Original_Distribution,6q_5k,QWE,full,3,L3,qiskit_heavy,0.02,6,23,20480,2,0.9313333333333333,0.9375719468264038,0.6942417460927173,569.4886551449308,3.5955136239062995,573.0841687688371
IoT_Original_Distribution,6q_5k,QWE,full,3,L3,qiskit_heavy,0.02,6,24,21504,0,0.932,0.9382398301608312,0.6987939284224727,614.5037075809669,3.3305051130009815,617.8342126939679
IoT_Original_Distribution,6q_5k,QWE,full,3,L3,qiskit_heavy,0.02,6,25,22528,1,0.9273333333333333,0.9352877137067265,0.7042067612990286,628.5922365820734,3.461037083994597,632.053273666068
IoT_Original_Distribution,6q_5k,QWE,full,3,L3,qiskit_heavy,0.02,6,26,23552,2,0.9326666666666666,0.9382790210538491,0.6904133468853483,608.037739089923,6.486724640009925,614.5244637299329
IoT_Original_Distribution,6q_5k,QWE,full,3,L3,qiskit_heavy,0.02,6,27,24576,0,0.9413333333333334,0.9444007462686567,0.6988627295698646,603.4875844770577,4.569826752995141,608.0574112300528
IoT_Original_Distribution,6q_5k,QWE,full,3,L3,qiskit_heavy,0.02,6,28,25600,1,0.9266666666666666,0.9339126429913988,0.6835970020329932,633.109863560996,3.8617789490381256,636.9716425100341
IoT_Original_Distribution,6q_5k,QWE,full,3,L3,qiskit_heavy,0.02,6,29,26624,2,0.9253333333333333,0.9319106806564432,0.6608755180811735,627.6399953479413,4.781014249077998,632.4210095970193
IoT_Original_Distribution,6q_5k,QWE,full,3,L3,qiskit_heavy,0.05,6,0,42,0,0.906,0.8613179433368311,0.0,614.2903903919505,4.181079391972162,618.4714697839227
IoT_Original_Distribution,6q_5k,QWE,full,3,L3,qiskit_heavy,0.05,6,1,123,1,0.906,0.8613179433368311,0.0,632.7099250360625,3.458302617073059,636.1682276531355
IoT_Original_Distribution,6q_5k,QWE,full,3,L3,qiskit_heavy,0.05,6,2,456,2,0.906,0.8613179433368311,0.0,606.7360622852575,5.167956709046848,611.9040189943044
IoT_Original_Distribution,6q_5k,QWE,full,3,L3,qiskit_heavy,0.05,6,3,789,0,0.906,0.8613179433368311,0.0,631.3593294759048,3.4945675178896636,634.8538969937945
IoT_Original_Distribution,6q_5k,QWE,full,3,L3,qiskit_heavy,0.05,6,4,1024,1,0.9033333333333333,0.9063068242308103,0.4693712102225131,621.3451291661477,5.285325083998032,626.6304542501457
IoT_Original_Distribution,6q_5k,QWE,full,3,L3,qiskit_heavy,0.05,6,5,2048,2,0.906,0.8613179433368311,0.0,621.0370777351782,5.028744044131599,626.0658217793098
IoT_Original_Distribution,6q_5k,QWE,full,3,L3,qiskit_heavy,0.05,6,6,3072,0,0.58,0.6635691604816877,0.2500563704949633,625.6123983911239,3.6935883859405294,629.3059867770644
IoT_Original_Distribution,6q_5k,QWE,full,3,L3,qiskit_heavy,0.05,6,7,4096,1,0.906,0.8613179433368311,0.0,622.5244611620437,4.4355526668950915,626.9600138289388
IoT_Original_Distribution,6q_5k,QWE,full,3,L3,qiskit_heavy,0.05,6,8,5120,2,0.906,0.8613179433368311,0.0,634.0622599308845,3.22236661601346,637.2846265468979
IoT_Original_Distribution,6q_5k,QWE,full,3,L3,qiskit_heavy,0.05,6,9,6144,0,0.7486666666666667,0.7985000407781729,0.33342239432537235,613.8581614948343,5.489127432811074,619.3472889276454
IoT_Original_Distribution,6q_5k,QWE,full,3,L3,qiskit_heavy,0.05,6,10,7168,1,0.906,0.8613179433368311,0.0,628.8920466710115,4.9324837810127065,633.8245304520242
IoT_Original_Distribution,6q_5k,QWE,full,3,L3,qiskit_heavy,0.05,6,11,8192,2,0.9066666666666666,0.86294325786771,0.08018614880722215,639.5080300498521,2.3882339330157265,641.8962639828678
IoT_Original_Distribution,6q_5k,QWE,full,3,L3,qiskit_heavy,0.05,6,12,9216,0,0.906,0.8613179433368311,0.0,625.831495991908,4.518543845857494,630.3500398377655
IoT_Original_Distribution,6q_5k,QWE,full,3,L3,qiskit_heavy,0.05,6,13,10240,1,0.906,0.8613179433368311,0.0,635.9091329069342,3.2826335170539096,639.1917664239882
IoT_Original_Distribution,6q_5k,QWE,full,3,L3,qiskit_heavy,0.05,6,14,11264,2,0.906,0.8613179433368311,0.0,630.1017964578932,4.64777569915168,634.7495721570449
IoT_Original_Distribution,6q_5k,QWE,full,3,L3,qiskit_heavy,0.05,6,15,12288,0,0.906,0.8613179433368311,0.0,630.0969027890824,2.7846114200074226,632.8815142090898
IoT_Original_Distribution,6q_5k,QWE,full,3,L3,qiskit_heavy,0.05,6,16,13312,1,0.906,0.8613179433368311,0.0,595.7154729570029,4.169782418059185,599.8852553750621
IoT_Original_Distribution,6q_5k,QWE,full,3,L3,qiskit_heavy,0.05,6,17,14336,2,0.906,0.8613179433368311,0.0,623.3281939079752,3.6070798540022224,626.9352737619774
IoT_Original_Distribution,6q_5k,QWE,full,3,L3,qiskit_heavy,0.05,6,18,15360,0,0.906,0.8613179433368311,0.0,636.4091562130488,3.3364937560399994,639.7456499690888
IoT_Original_Distribution,6q_5k,QWE,full,3,L3,qiskit_heavy,0.05,6,19,16384,1,0.906,0.8613179433368311,0.0,628.6014881830197,4.106686435057782,632.7081746180775
IoT_Original_Distribution,6q_5k,QWE,full,3,L3,qiskit_heavy,0.05,6,20,17408,2,0.906,0.8613179433368311,0.0,632.2644955021096,4.961352602113038,637.2258481042227
IoT_Original_Distribution,6q_5k,QWE,full,3,L3,qiskit_heavy,0.05,6,21,18432,0,0.906,0.8613179433368311,0.0,637.5927629630314,2.945901259081438,640.5386642221129
IoT_Original_Distribution,6q_5k,QWE,full,3,L3,qiskit_heavy,0.05,6,22,19456,1,0.906,0.8613179433368311,0.0,631.4596059580799,4.921906535048038,636.381512493128
IoT_Original_Distribution,6q_5k,QWE,full,3,L3,qiskit_heavy,0.05,6,23,20480,2,0.8933333333333333,0.9001321075927817,0.46283764616248096,631.5702137369663,5.577054439927451,637.1472681768937
IoT_Original_Distribution,6q_5k,QWE,full,3,L3,qiskit_heavy,0.05,6,24,21504,0,0.906,0.8613179433368311,0.0,619.442018071888,4.32553965318948,623.7675577250775
IoT_Original_Distribution,6q_5k,QWE,full,3,L3,qiskit_heavy,0.05,6,25,22528,1,0.8086666666666666,0.8411329440094261,0.3659151155745423,582.9969300968805,3.168399592046626,586.1653296889272
IoT_Original_Distribution,6q_5k,QWE,full,3,L3,qiskit_heavy,0.05,6,26,23552,2,0.7573333333333333,0.804547717271727,0.3277934244408024,629.1672191021498,4.159515670966357,633.3267347731162
IoT_Original_Distribution,6q_5k,QWE,full,3,L3,qiskit_heavy,0.05,6,27,24576,0,0.906,0.8613179433368311,0.0,627.6832669330761,4.174908288172446,631.8581752212485
IoT_Original_Distribution,6q_5k,QWE,full,3,L3,qiskit_heavy,0.05,6,28,25600,1,0.906,0.8613179433368311,0.0,583.1027375010308,4.17580162291415,587.2785391239449
IoT_Original_Distribution,6q_5k,QWE,full,3,L3,qiskit_heavy,0.05,6,29,26624,2,0.8833333333333333,0.8932811285019666,0.449400711624799,624.8826464310987,4.191339311073534,629.0739857421722
IoT_Original_Distribution,6q_5k,QSVC,linear,0,L0,baseline_unoptimized,0.0,6,0,42,0,0.9526666666666667,0.955838722862345,0.7723451313775843,151.40280617703684,1.9317331810016185,153.33453935803846
IoT_Original_Distribution,6q_5k,QSVC,linear,0,L0,baseline_unoptimized,0.0,6,1,123,1,0.9466666666666667,0.9512647624279045,0.7632790167369626,156.84215006500017,0.0699339359998703,156.91208400100004
IoT_Original_Distribution,6q_5k,QSVC,linear,0,L0,baseline_unoptimized,0.0,6,2,456,2,0.954,0.9573745847093215,0.7854925900835309,157.07488452398684,0.3175790129462257,157.39246353693306
IoT_Original_Distribution,6q_5k,QSVC,linear,0,L0,baseline_unoptimized,0.0,6,3,789,0,0.9513333333333334,0.9545947432246645,0.7655073141509962,151.12329797504935,1.9151279659708962,153.03842594102025
IoT_Original_Distribution,6q_5k,QSVC,linear,0,L0,baseline_unoptimized,0.0,6,4,1024,1,0.9426666666666667,0.9472778878865362,0.7364198046565366,157.02328100800514,0.06995170295704156,157.09323271096218
IoT_Original_Distribution,6q_5k,QSVC,linear,0,L0,baseline_unoptimized,0.0,6,5,2048,2,0.95,0.9526734414082532,0.7457311205449889,157.11226087005343,0.3273949410067871,157.43965581106022
IoT_Original_Distribution,6q_5k,QSVC,linear,0,L0,baseline_unoptimized,0.0,6,6,3072,0,0.946,0.9493820398994491,0.733624416681293,157.29667746694759,0.32849360001273453,157.62517106696032
IoT_Original_Distribution,6q_5k,QSVC,linear,0,L0,baseline_unoptimized,0.0,6,7,4096,1,0.9633333333333334,0.9649375825623552,0.8089859883220626,145.94926434603985,1.901806561043486,147.85107090708334
IoT_Original_Distribution,6q_5k,QSVC,linear,0,L0,baseline_unoptimized,0.0,6,8,5120,2,0.9546666666666667,0.9571438405410545,0.7713432741068915,157.3277706389781,0.06469189701601863,157.39246253599413
IoT_Original_Distribution,6q_5k,QSVC,linear,0,L0,baseline_unoptimized,0.0,6,9,6144,0,0.9566666666666667,0.9591850467289721,0.7848279265714736,144.16455184004735,1.7540794890373945,145.91863132908475
IoT_Original_Distribution,6q_5k,QSVC,linear,0,L0,baseline_unoptimized,0.0,6,10,7168,1,0.9526666666666667,0.9549709715688568,0.7556867226603413,155.77287947502919,0.33686857600696385,156.10974805103615
IoT_Original_Distribution,6q_5k,QSVC,linear,0,L0,baseline_unoptimized,0.0,6,11,8192,2,0.95,0.9535637837337912,0.7630464152967588,156.12401327793486,0.06923801498487592,156.19325129291974
IoT_Original_Distribution,6q_5k,QSVC,linear,0,L0,baseline_unoptimized,0.0,6,12,9216,0,0.9486666666666667,0.9518816922500936,0.747423687177894,147.33223498100415,1.9262659220257774,149.25850090302993
IoT_Original_Distribution,6q_5k,QSVC,linear,0,L0,baseline_unoptimized,0.0,6,13,10240,1,0.956,0.9580884000830047,0.7724579348032709,155.26701048598625,0.0832621909212321,155.35027267690748
IoT_Original_Distribution,6q_5k,QSVC,linear,0,L0,baseline_unoptimized,0.0,6,14,11264,2,0.9566666666666667,0.9589836492204862,0.7808805888964685,155.26007971190847,0.08283481700345874,155.34291452891193
IoT_Original_Distribution,6q_5k,QSVC,linear,0,L0,baseline_unoptimized,0.0,6,15,12288,0,0.9493333333333334,0.9525627511065713,0.7519648903964132,144.16221249999944,1.8557261769892648,146.0179386769887
IoT_Original_Distribution,6q_5k,QSVC,linear,0,L0,baseline_unoptimized,0.0,6,16,13312,1,0.9546666666666667,0.9569284538432317,0.7673304473147916,155.5141853200039,0.06916204409208149,155.58334736409597
IoT_Original_Distribution,6q_5k,QSVC,linear,0,L0,baseline_unoptimized,0.0,6,17,14336,2,0.9586666666666667,0.9610213142888777,0.794306600439367,155.70301280694548,0.33488706091884524,156.03789986786433
IoT_Original_Distribution,6q_5k,QSVC,linear,0,L0,baseline_unoptimized,0.0,6,18,15360,0,0.9533333333333334,0.956307797071842,0.7726168364131227,146.1612162780948,1.9401338510215282,148.10135012911633
IoT_Original_Distribution,6q_5k,QSVC,linear,0,L0,baseline_unoptimized,0.0,6,19,16384,1,0.9553333333333334,0.9578261650963198,0.775851834811828,155.16542186099105,0.08216031501069665,155.24758217600174
IoT_Original_Distribution,6q_5k,QSVC,linear,0,L0,baseline_unoptimized,0.0,6,20,17408,2,0.9433333333333334,0.9474904304390191,0.7315012789460575,154.536524978932,0.08206357492599636,154.618588553858
IoT_Original_Distribution,6q_5k,QSVC,linear,0,L0,baseline_unoptimized,0.0,6,21,18432,0,0.954,0.9567779322274735,0.772956409598325,156.8899543239968,0.06901304901111871,156.9589673730079
IoT_Original_Distribution,6q_5k,QSVC,linear,0,L0,baseline_unoptimized,0.0,6,22,19456,1,0.952,0.954844349817144,0.7615061436964442,156.27708430902567,0.3354600790189579,156.61254438804463
IoT_Original_Distribution,6q_5k,QSVC,linear,0,L0,baseline_unoptimized,0.0,6,23,20480,2,0.946,0.9500724568471599,0.7472915777441907,144.6769366899971,1.8917489950545132,146.5686856850516
IoT_Original_Distribution,6q_5k,QSVC,linear,0,L0,baseline_unoptimized,0.0,6,24,21504,0,0.948,0.9514284062787883,0.7473003866877523,153.69798556203023,0.32585769100114703,154.02384325303137
IoT_Original_Distribution,6q_5k,QSVC,linear,0,L0,baseline_unoptimized,0.0,6,25,22528,1,0.952,0.9555708093763823,0.7764500007250089,145.21654139994644,1.8635483640246093,147.08008976397105
IoT_Original_Distribution,6q_5k,QSVC,linear,0,L0,baseline_unoptimized,0.0,6,26,23552,2,0.9486666666666667,0.9522169191565624,0.7540465406697309,153.5308446639683,0.08041072799824178,153.61125539196655
IoT_Original_Distribution,6q_5k,QSVC,linear,0,L0,baseline_unoptimized,0.0,6,27,24576,0,0.9573333333333334,0.9590381580525243,0.7739017557777494,147.2304397720145,1.9356357170036063,149.1660754890181
IoT_Original_Distribution,6q_5k,QSVC,linear,0,L0,baseline_unoptimized,0.0,6,28,25600,1,0.9433333333333334,0.9481651195580981,0.7456654643806729,156.06037354597356,0.08146784303244203,156.141841389006
IoT_Original_Distribution,6q_5k,QSVC,linear,0,L0,baseline_unoptimized,0.0,6,29,26624,2,0.9486666666666667,0.9521067839493036,0.7518316796978198,156.0866470679175,0.3270377239678055,156.41368479188532
IoT_Original_Distribution,6q_5k,QSVC,linear,0,L0,baseline_unoptimized,0.0003,6,0,42,0,0.952,0.9552684099168505,0.7699949480535957,81.50914370000828,1.0211949029471725,82.53033860295545
IoT_Original_Distribution,6q_5k,QSVC,linear,0,L0,baseline_unoptimized,0.0003,6,1,123,1,0.9606666666666667,0.9628618468758638,0.8038376889694526,71.17018351703882,1.7182078029727563,72.88839132001158
IoT_Original_Distribution,6q_5k,QSVC,linear,0,L0,baseline_unoptimized,0.0003,6,2,456,2,0.9533333333333334,0.9567083520421092,0.7810538008019252,87.72531868505757,0.04749014705885202,87.77280883211643
IoT_Original_Distribution,6q_5k,QSVC,linear,0,L0,baseline_unoptimized,0.0003,6,3,789,0,0.952,0.9551646827188816,0.7678596108689535,82.42834540095646,0.8208499100292102,83.24919531098567
IoT_Original_Distribution,6q_5k,QSVC,linear,0,L0,baseline_unoptimized,0.0003,6,4,1024,1,0.9413333333333334,0.9460517922559906,0.7297692148917345,74.96444389095996,1.7893258950207382,76.7537697859807
IoT_Original_Distribution,6q_5k,QSVC,linear,0,L0,baseline_unoptimized,0.0003,6,5,2048,2,0.9493333333333334,0.9521019394282375,0.7432908574681596,88.25027059391141,0.04632911190856248,88.29659970581997
IoT_Original_Distribution,6q_5k,QSVC,linear,0,L0,baseline_unoptimized,0.0003,6,6,3072,0,0.9453333333333334,0.9488177051413007,0.7313129443797038,86.24294678797014,0.8595510050654411,87.10249779303558
IoT_Original_Distribution,6q_5k,QSVC,linear,0,L0,baseline_unoptimized,0.0003,6,7,4096,1,0.9633333333333334,0.9648451533519317,0.8072671153490614,68.66180433402769,1.5085801560198888,70.17038449004758
IoT_Original_Distribution,6q_5k,QSVC,linear,0,L0,baseline_unoptimized,0.0003,6,8,5120,2,0.958,0.9602456907829326,0.7879104825667643,88.75820835202467,0.04681029007770121,88.80501864210237
IoT_Original_Distribution,6q_5k,QSVC,linear,0,L0,baseline_unoptimized,0.0003,6,9,6144,0,0.932,0.9386016775333922,0.7065888540513295,75.03200173191726,1.1896987180225551,76.22170044993982
IoT_Original_Distribution,6q_5k,QSVC,linear,0,L0,baseline_unoptimized,0.0003,6,10,7168,1,0.9526666666666667,0.9549709715688568,0.7556867226603413,88.19823769992217,0.07002933195326477,88.26826703187544
IoT_Original_Distribution,6q_5k,QSVC,linear,0,L0,baseline_unoptimized,0.0003,6,11,8192,2,0.9493333333333334,0.9528912483912485,0.7585529977280968,87.93474779604003,0.3453529180260375,88.28010071406607
IoT_Original_Distribution,6q_5k,QSVC,linear,0,L0,baseline_unoptimized,0.0003,6,12,9216,0,0.9486666666666667,0.9518816922500936,0.747423687177894,89.2071262669051,0.3335854730103165,89.54071173991542
IoT_Original_Distribution,6q_5k,QSVC,linear,0,L0,baseline_unoptimized,0.0003,6,13,10240,1,0.9573333333333334,0.9595641791044776,0.7834247393187744,88.81958538503386,0.06727294798474759,88.88685833301861
IoT_Original_Distribution,6q_5k,QSVC,linear,0,L0,baseline_unoptimized,0.0003,6,14,11264,2,0.9546666666666667,0.9572491834136079,0.773366691114791,86.46621879795566,1.2722632349468768,87.73848203290254
IoT_Original_Distribution,6q_5k,QSVC,linear,0,L0,baseline_unoptimized,0.0003,6,15,12288,0,0.9493333333333334,0.9525627511065713,0.7519648903964132,87.19807899405714,0.6041522560408339,87.80223125009798
IoT_Original_Distribution,6q_5k,QSVC,linear,0,L0,baseline_unoptimized,0.0003,6,16,13312,1,0.9546666666666667,0.9569284538432317,0.7673304473147916,58.621201567933895,1.3233807549113408,59.944582322845235
IoT_Original_Distribution,6q_5k,QSVC,linear,0,L0,baseline_unoptimized,0.0003,6,17,14336,2,0.958,0.9605363729033454,0.7937504591409464,88.1468016259605,0.05201539094559848,88.1988170169061
IoT_Original_Distribution,6q_5k,QSVC,linear,0,L0,baseline_unoptimized,0.0003,6,18,15360,0,0.9546666666666667,0.9574553088944064,0.7774457883857081,85.49887239793316,0.8204482650617138,86.31932066299487
IoT_Original_Distribution,6q_5k,QSVC,linear,0,L0,baseline_unoptimized,0.0003,6,19,16384,1,0.9553333333333334,0.9578261650963198,0.775851834811828,77.69097208895255,1.307152201072313,78.99812429002486
IoT_Original_Distribution,6q_5k,QSVC,linear,0,L0,baseline_unoptimized,0.0003,6,20,17408,2,0.9433333333333334,0.9474904304390191,0.7315012789460575,89.35649734095205,0.04599712404888123,89.40249446500093
IoT_Original_Distribution,6q_5k,QSVC,linear,0,L0,baseline_unoptimized,0.0003,6,21,18432,0,0.9553333333333334,0.9579292020129403,0.7778643057011276,89.24131836299784,0.6656048190779984,89.90692318207584
IoT_Original_Distribution,6q_5k,QSVC,linear,0,L0,baseline_unoptimized,0.0003,6,22,19456,1,0.952,0.954844349817144,0.7615061436964442,66.9771737519186,1.7413765370147303,68.71855028893333
IoT_Original_Distribution,6q_5k,QSVC,linear,0,L0,baseline_unoptimized,0.0003,6,23,20480,2,0.9586666666666667,0.9611159678980964,0.7962432180371268,89.42008390603587,0.053981426055543125,89.47406533209141
IoT_Original_Distribution,6q_5k,QSVC,linear,0,L0,baseline_unoptimized,0.0003,6,24,21504,0,0.96,0.9621857416538717,0.7993956907456233,84.95506710594054,0.9875162439420819,85.94258334988263
IoT_Original_Distribution,6q_5k,QSVC,linear,0,L0,baseline_unoptimized,0.0003,6,25,22528,1,0.952,0.9555708093763823,0.7764500007250089,84.49878385697957,0.858781656017527,85.3575655129971
IoT_Original_Distribution,6q_5k,QSVC,linear,0,L0,baseline_unoptimized,0.0003,6,26,23552,2,0.9486666666666667,0.9522169191565624,0.7540465406697309,89.33774933603127,0.04989533999469131,89.38764467602596
IoT_Original_Distribution,6q_5k,QSVC,linear,0,L0,baseline_unoptimized,0.0003,6,27,24576,0,0.9566666666666667,0.9584533630522828,0.7712348391774375,88.71462559397332,0.5384941819356754,89.253119775909
IoT_Original_Distribution,6q_5k,QSVC,linear,0,L0,baseline_unoptimized,0.0003,6,28,25600,1,0.9446666666666667,0.9492787994798958,0.7499043866560298,73.65272955794353,1.2569808280095458,74.90971038595308
IoT_Original_Distribution,6q_5k,QSVC,linear,0,L0,baseline_unoptimized,0.0003,6,29,26624,2,0.944,0.9480500224505309,0.7337098285325372,89.15565052698366,0.054802581085823476,89.21045310806949
IoT_Original_Distribution,6q_5k,QSVC,linear,0,L0,baseline_unoptimized,0.0005,6,0,42,0,0.9533333333333334,0.9565109540858268,0.7768176362817549,86.36075085296761,0.9957907670177519,87.35654161998536
IoT_Original_Distribution,6q_5k,QSVC,linear,0,L0,baseline_unoptimized,0.0005,6,1,123,1,0.9613333333333334,0.9634462169320758,0.8064087949053064,76.77782469498925,1.5694796070456505,78.3473043020349
IoT_Original_Distribution,6q_5k,QSVC,linear,0,L0,baseline_unoptimized,0.0005,6,2,456,2,0.94,0.9453963181424127,0.735312209411495,88.19945584307425,0.0465812049806118,88.24603704805486
IoT_Original_Distribution,6q_5k,QSVC,linear,0,L0,baseline_unoptimized,0.0005,6,3,789,0,0.9493333333333334,0.9528912483912485,0.7585529977280968,88.46790134510957,0.0655134569387883,88.53341480204836
IoT_Original_Distribution,6q_5k,QSVC,linear,0,L0,baseline_unoptimized,0.0005,6,4,1024,1,0.9413333333333334,0.9461665366411817,0.7321749345450101,85.8700948349433,1.2714122789911926,87.1415071139345
IoT_Original_Distribution,6q_5k,QSVC,linear,0,L0,baseline_unoptimized,0.0005,6,5,2048,2,0.9506666666666667,0.9532460820895523,0.748190568590062,87.99657180497888,0.3367895759874955,88.33336138096638
IoT_Original_Distribution,6q_5k,QSVC,linear,0,L0,baseline_unoptimized,0.0005,6,6,3072,0,0.946,0.9492610508757298,0.731368310513082,68.76394103397615,1.2984883119352162,70.06242934591137
IoT_Original_Distribution,6q_5k,QSVC,linear,0,L0,baseline_unoptimized,0.0005,6,7,4096,1,0.9633333333333334,0.9649375825623552,0.8089859883220626,83.82361540896818,0.8956596830394119,84.71927509200759
IoT_Original_Distribution,6q_5k,QSVC,linear,0,L0,baseline_unoptimized,0.0005,6,8,5120,2,0.958,0.9602456907829326,0.7879104825667643,88.34685128589626,0.04720102692954242,88.3940523128258
IoT_Original_Distribution,6q_5k,QSVC,linear,0,L0,baseline_unoptimized,0.0005,6,9,6144,0,0.932,0.9384827280000334,0.7039901696309935,68.42507243901491,1.202151810983196,69.62722424999811
IoT_Original_Distribution,6q_5k,QSVC,linear,0,L0,baseline_unoptimized,0.0005,6,10,7168,1,0.9526666666666667,0.9549709715688568,0.7556867226603413,87.98187903501093,0.663683781051077,88.64556281606201
IoT_Original_Distribution,6q_5k,QSVC,linear,0,L0,baseline_unoptimized,0.0005,6,11,8192,2,0.956,0.9589009591589748,0.7884188350501546,89.09177890990395,0.05222202802542597,89.14400093792938
IoT_Original_Distribution,6q_5k,QSVC,linear,0,L0,baseline_unoptimized,0.0005,6,12,9216,0,0.9486666666666667,0.9518816922500936,0.747423687177894,88.68413430696819,0.043541666003875434,88.72767597297207
IoT_Original_Distribution,6q_5k,QSVC,linear,0,L0,baseline_unoptimized,0.0005,6,13,10240,1,0.9573333333333334,0.9595641791044776,0.7834247393187744,69.89287737896666,2.2684681670507416,72.1613455460174
IoT_Original_Distribution,6q_5k,QSVC,linear,0,L0,baseline_unoptimized,0.0005,6,14,11264,2,0.9546666666666667,0.9572491834136079,0.773366691114791,84.18293733906467,0.785845645936206,84.96878298500087
IoT_Original_Distribution,6q_5k,QSVC,linear,0,L0,baseline_unoptimized,0.0005,6,15,12288,0,0.9493333333333334,0.9525627511065713,0.7519648903964132,89.1248874340672,0.04354824800975621,89.16843568207696
IoT_Original_Distribution,6q_5k,QSVC,linear,0,L0,baseline_unoptimized,0.0005,6,16,13312,1,0.9546666666666667,0.9570369402985075,0.7693310710272895,86.95304831699468,0.8074381250189617,87.76048644201364
IoT_Original_Distribution,6q_5k,QSVC,linear,0,L0,baseline_unoptimized,0.0005,6,17,14336,2,0.958,0.9605363729033454,0.7937504591409464,80.15212340001017,0.9182263840921223,81.07034978410229
IoT_Original_Distribution,6q_5k,QSVC,linear,0,L0,baseline_unoptimized,0.0005,6,18,15360,0,0.9546666666666667,0.9574553088944064,0.7774457883857081,90.77537429099903,0.06450839492026716,90.83988268591929
IoT_Original_Distribution,6q_5k,QSVC,linear,0,L0,baseline_unoptimized,0.0005,6,19,16384,1,0.9426666666666667,0.9470488033477222,0.7316746428613864,65.45934414293151,1.3339668929111212,66.79331103584263
IoT_Original_Distribution,6q_5k,QSVC,linear,0,L0,baseline_unoptimized,0.0005,6,20,17408,2,0.9433333333333334,0.9474904304390191,0.7315012789460575,90.45656949293334,0.35326169594191015,90.80983118887525
IoT_Original_Distribution,6q_5k,QSVC,linear,0,L0,baseline_unoptimized,0.0005,6,21,18432,0,0.9506666666666667,0.9537013655615598,0.7566995166136605,89.14143991994206,0.044020283967256546,89.18546020390932
IoT_Original_Distribution,6q_5k,QSVC,linear,0,L0,baseline_unoptimized,0.0005,6,22,19456,1,0.952,0.954844349817144,0.7615061436964442,82.17931919009425,1.5792117809178308,83.75853097101208
IoT_Original_Distribution,6q_5k,QSVC,linear,0,L0,baseline_unoptimized,0.0005,6,23,20480,2,0.9593333333333334,0.9616967361610351,0.7987551683121656,84.34272003197111,0.7989218060392886,85.1416418380104
IoT_Original_Distribution,6q_5k,QSVC,linear,0,L0,baseline_unoptimized,0.0005,6,24,21504,0,0.946,0.9500724568471599,0.7472915777441907,90.081257732003,0.053684875019825995,90.13494260702282
IoT_Original_Distribution,6q_5k,QSVC,linear,0,L0,baseline_unoptimized,0.0005,6,25,22528,1,0.952,0.9555708093763823,0.7764500007250089,83.29093247500714,1.5211393989156932,84.81207187392283
IoT_Original_Distribution,6q_5k,QSVC,linear,0,L0,baseline_unoptimized,0.0005,6,26,23552,2,0.946,0.9497346811906696,0.7404311685150645,88.8389518270269,0.6346387279918417,89.47359055501875
IoT_Original_Distribution,6q_5k,QSVC,linear,0,L0,baseline_unoptimized,0.0005,6,27,24576,0,0.9566666666666667,0.9584533630522828,0.7712348391774375,88.24813372490462,0.3267405910883099,88.57487431599293
IoT_Original_Distribution,6q_5k,QSVC,linear,0,L0,baseline_unoptimized,0.0005,6,28,25600,1,0.9446666666666667,0.9492787994798958,0.7499043866560298,88.44805116800126,0.050751501927152276,88.49880266992841
IoT_Original_Distribution,6q_5k,QSVC,linear,0,L0,baseline_unoptimized,0.0005,6,29,26624,2,0.944,0.9480500224505309,0.7337098285325372,85.81965131801553,0.734018943971023,86.55367026198655
IoT_Original_Distribution,6q_5k,QSVC,linear,0,L0,baseline_unoptimized,0.001,6,0,42,0,0.952,0.9552684099168505,0.7699949480535957,87.95512885809876,0.8260453309630975,88.78117418906186
IoT_Original_Distribution,6q_5k,QSVC,linear,0,L0,baseline_unoptimized,0.001,6,1,123,1,0.9606666666666667,0.9628618468758638,0.8038376889694526,78.1942784669809,1.7340475659584627,79.92832603293937
IoT_Original_Distribution,6q_5k,QSVC,linear,0,L0,baseline_unoptimized,0.001,6,2,456,2,0.9533333333333334,0.9567083520421092,0.7810538008019252,89.46252082102001,0.04724358604289591,89.5097644070629
IoT_Original_Distribution,6q_5k,QSVC,linear,0,L0,baseline_unoptimized,0.001,6,3,789,0,0.952,0.9551646827188816,0.7678596108689535,87.4570800550282,0.7749428009847179,88.23202285601292
IoT_Original_Distribution,6q_5k,QSVC,linear,0,L0,baseline_unoptimized,0.001,6,4,1024,1,0.9413333333333334,0.9461665366411817,0.7321749345450101,84.5231030100258,1.7693043069448322,86.29240731697064
IoT_Original_Distribution,6q_5k,QSVC,linear,0,L0,baseline_unoptimized,0.001,6,5,2048,2,0.9506666666666667,0.9532460820895523,0.748190568590062,89.97232491197065,0.04662140691652894,90.01894631888717
IoT_Original_Distribution,6q_5k,QSVC,linear,0,L0,baseline_unoptimized,0.001,6,6,3072,0,0.9453333333333334,0.9488177051413007,0.7313129443797038,88.42783896089531,0.8014395929640159,89.22927855385933
IoT_Original_Distribution,6q_5k,QSVC,linear,0,L0,baseline_unoptimized,0.001,6,7,4096,1,0.9633333333333334,0.9649375825623552,0.8089859883220626,68.91675457300153,1.3449417119845748,70.2616962849861
IoT_Original_Distribution,6q_5k,QSVC,linear,0,L0,baseline_unoptimized,0.001,6,8,5120,2,0.9586666666666667,0.9608277985074628,0.7904715734645169,88.79989901802037,0.05904329603072256,88.85894231405109
IoT_Original_Distribution,6q_5k,QSVC,linear,0,L0,baseline_unoptimized,0.001,6,9,6144,0,0.958,0.9602456907829326,0.7879104825667643,88.23542836599518,0.9179416469996795,89.15337001299486
IoT_Original_Distribution,6q_5k,QSVC,linear,0,L0,baseline_unoptimized,0.001,6,10,7168,1,0.946,0.9496188246739429,0.7381560452446436,87.51700066705234,0.6981415350455791,88.21514220209792
IoT_Original_Distribution,6q_5k,QSVC,linear,0,L0,baseline_unoptimized,0.001,6,11,8192,2,0.9493333333333334,0.9528912483912485,0.7585529977280968,88.71247552800924,0.06011878000572324,88.77259430801496
IoT_Original_Distribution,6q_5k,QSVC,linear,0,L0,baseline_unoptimized,0.001,6,12,9216,0,0.9486666666666667,0.9518816922500936,0.747423687177894,66.20148404804058,1.4798826109617949,67.68136665900238
IoT_Original_Distribution,6q_5k,QSVC,linear,0,L0,baseline_unoptimized,0.001,6,13,10240,1,0.958,0.9601459194447399,0.7859891074815686,90.5307484199293,0.07920979906339198,90.60995821899269
IoT_Original_Distribution,6q_5k,QSVC,linear,0,L0,baseline_unoptimized,0.001,6,14,11264,2,0.9546666666666667,0.9572491834136079,0.773366691114791,90.29929290898144,0.08008529304061085,90.37937820202205
IoT_Original_Distribution,6q_5k,QSVC,linear,0,L0,baseline_unoptimized,0.001,6,15,12288,0,0.9433333333333334,0.9474904304390191,0.7315012789460575,73.49652735202108,1.8565827339189127,75.35311008593999
IoT_Original_Distribution,6q_5k,QSVC,linear,0,L0,baseline_unoptimized,0.001,6,16,13312,1,0.9546666666666667,0.9569284538432317,0.7673304473147916,89.76276805705857,0.04603502794634551,89.80880308500491
IoT_Original_Distribution,6q_5k,QSVC,linear,0,L0,baseline_unoptimized,0.001,6,17,14336,2,0.9573333333333334,0.9601463846390058,0.7952719097772216,87.4656482640421,0.8638290850212798,88.32947734906338
IoT_Original_Distribution,6q_5k,QSVC,linear,0,L0,baseline_unoptimized,0.001,6,18,15360,0,0.9546666666666667,0.9574553088944064,0.7774457883857081,88.97898719704244,0.04460904898587614,89.02359624602832
IoT_Original_Distribution,6q_5k,QSVC,linear,0,L0,baseline_unoptimized,0.001,6,19,16384,1,0.9553333333333334,0.9578261650963198,0.775851834811828,81.58245547791012,1.2031142159830779,82.7855696938932
IoT_Original_Distribution,6q_5k,QSVC,linear,0,L0,baseline_unoptimized,0.001,6,20,17408,2,0.9433333333333334,0.9474904304390191,0.7315012789460575,85.22413828992285,0.8205950820120052,86.04473337193485
IoT_Original_Distribution,6q_5k,QSVC,linear,0,L0,baseline_unoptimized,0.001,6,21,18432,0,0.9553333333333334,0.9579292020129403,0.7778643057011276,88.95140182401519,0.6372983669862151,89.58870019100141
IoT_Original_Distribution,6q_5k,QSVC,linear,0,L0,baseline_unoptimized,0.001,6,22,19456,1,0.952,0.954844349817144,0.7615061436964442,66.74967098503839,1.7451243669493124,68.4947953519877
IoT_Original_Distribution,6q_5k,QSVC,linear,0,L0,baseline_unoptimized,0.001,6,23,20480,2,0.9586666666666667,0.9611159678980964,0.7962432180371268,89.20881427300628,0.05409010103903711,89.26290437404532
IoT_Original_Distribution,6q_5k,QSVC,linear,0,L0,baseline_unoptimized,0.001,6,24,21504,0,0.954,0.9568809969513825,0.7750222281710959,88.90550962497946,0.30776692600920796,89.21327655098867
IoT_Original_Distribution,6q_5k,QSVC,linear,0,L0,baseline_unoptimized,0.001,6,25,22528,1,0.952,0.9555708093763823,0.7764500007250089,87.99391257297248,0.5150217070477083,88.50893428002018
IoT_Original_Distribution,6q_5k,QSVC,linear,0,L0,baseline_unoptimized,0.001,6,26,23552,2,0.9486666666666667,0.9522169191565624,0.7540465406697309,88.35309848503675,0.35263417998794466,88.7057326650247
IoT_Original_Distribution,6q_5k,QSVC,linear,0,L0,baseline_unoptimized,0.001,6,27,24576,0,0.9566666666666667,0.9584533630522828,0.7712348391774375,85.63464852096513,0.044093018979765475,85.6787415399449
IoT_Original_Distribution,6q_5k,QSVC,linear,0,L0,baseline_unoptimized,0.001,6,28,25600,1,0.9406666666666667,0.9456122066712134,0.7300740400658026,81.01156190002803,0.810223410022445,81.82178531005047
IoT_Original_Distribution,6q_5k,QSVC,linear,0,L0,baseline_unoptimized,0.001,6,29,26624,2,0.944,0.9480500224505309,0.7337098285325372,66.33577086403966,1.33966670895461,67.67543757299427
IoT_Original_Distribution,6q_5k,QSVC,linear,0,L0,baseline_unoptimized,0.002,6,0,42,0,0.9533333333333334,0.9565109540858268,0.7768176362817549,80.62809804198332,1.4661963420221582,82.09429438400548
IoT_Original_Distribution,6q_5k,QSVC,linear,0,L0,baseline_unoptimized,0.002,6,1,123,1,0.9606666666666667,0.9628618468758638,0.8038376889694526,89.05705003195908,0.6138914920156822,89.67094152397476
IoT_Original_Distribution,6q_5k,QSVC,linear,0,L0,baseline_unoptimized,0.002,6,2,456,2,0.96,0.9626372355990679,0.8089780592313558,89.4500328830909,0.053949409048072994,89.50398229213897
IoT_Original_Distribution,6q_5k,QSVC,linear,0,L0,baseline_unoptimized,0.002,6,3,789,0,0.95,0.9534580381395088,0.760854226747064,89.79921709606424,0.05444734205957502,89.85366443812381
IoT_Original_Distribution,6q_5k,QSVC,linear,0,L0,baseline_unoptimized,0.002,6,4,1024,1,0.9406666666666667,0.9456122066712134,0.7300740400658026,74.46078591397963,1.61457197193522,76.07535788591485
IoT_Original_Distribution,6q_5k,QSVC,linear,0,L0,baseline_unoptimized,0.002,6,5,2048,2,0.9506666666666667,0.9532460820895523,0.748190568590062,88.38289918692317,0.6150223690783605,88.99792155600153
IoT_Original_Distribution,6q_5k,QSVC,linear,0,L0,baseline_unoptimized,0.002,6,6,3072,0,0.946,0.9492610508757298,0.731368310513082,85.07426484802272,0.8288475809386,85.90311242896132
IoT_Original_Distribution,6q_5k,QSVC,linear,0,L0,baseline_unoptimized,0.002,6,7,4096,1,0.9633333333333334,0.9649375825623552,0.8089859883220626,77.33565689402167,1.5789633879903704,78.91462028201204
IoT_Original_Distribution,6q_5k,QSVC,linear,0,L0,baseline_unoptimized,0.002,6,8,5120,2,0.96,0.9619956945675573,0.795655153293448,89.03910244593862,0.047374473069794476,89.08647691900842
IoT_Original_Distribution,6q_5k,QSVC,linear,0,L0,baseline_unoptimized,0.002,6,9,6144,0,0.9546666666666667,0.9574553088944064,0.7774457883857081,90.29386824497487,0.07509727706201375,90.36896552203689
IoT_Original_Distribution,6q_5k,QSVC,linear,0,L0,baseline_unoptimized,0.002,6,10,7168,1,0.954,0.956126842245278,0.7607851281340564,73.0517123430036,1.8208694849163294,74.87258182791993
IoT_Original_Distribution,6q_5k,QSVC,linear,0,L0,baseline_unoptimized,0.002,6,11,8192,2,0.9493333333333334,0.9528912483912485,0.7585529977280968,89.68890851491597,0.07195336499717087,89.76086187991314
IoT_Original_Distribution,6q_5k,QSVC,linear,0,L0,baseline_unoptimized,0.002,6,12,9216,0,0.9486666666666667,0.9518816922500936,0.747423687177894,71.13459743501153,1.5119232159340754,72.6465206509456
IoT_Original_Distribution,6q_5k,QSVC,linear,0,L0,baseline_unoptimized,0.002,6,13,10240,1,0.958,0.9598375945714248,0.7803066779022504,87.35145282908343,0.5591955640120432,87.91064839309547
IoT_Original_Distribution,6q_5k,QSVC,linear,0,L0,baseline_unoptimized,0.002,6,14,11264,2,0.9633333333333334,0.9649375825623552,0.8089859883220626,88.49366185604595,0.05204865103587508,88.54571050708182
IoT_Original_Distribution,6q_5k,QSVC,linear,0,L0,baseline_unoptimized,0.002,6,15,12288,0,0.9433333333333334,0.9474904304390191,0.7315012789460575,87.9056980710011,0.9149452960118651,88.82064336701296
IoT_Original_Distribution,6q_5k,QSVC,linear,0,L0,baseline_unoptimized,0.002,6,16,13312,1,0.9553333333333334,0.9575078182410339,0.7698838881119897,87.51515331596602,0.9463280740892515,88.46148139005527
IoT_Original_Distribution,6q_5k,QSVC,linear,0,L0,baseline_unoptimized,0.002,6,17,14336,2,0.9593333333333334,0.9615077323453792,0.7949403762370603,89.79390434501693,0.049910965957678854,89.8438153109746
IoT_Original_Distribution,6q_5k,QSVC,linear,0,L0,baseline_unoptimized,0.002,6,18,15360,0,0.954,0.9568809969513825,0.7750222281710959,77.31294050603174,1.4634187390329316,78.77635924506467
IoT_Original_Distribution,6q_5k,QSVC,linear,0,L0,baseline_unoptimized,0.002,6,19,16384,1,0.9546666666666667,0.9572491834136079,0.773366691114791,89.52961660095025,0.5973541609710082,90.12697076192126
IoT_Original_Distribution,6q_5k,QSVC,linear,0,L0,baseline_unoptimized,0.002,6,20,17408,2,0.9433333333333334,0.9474904304390191,0.7315012789460575,89.674969470012,0.05137164599727839,89.72634111600928
IoT_Original_Distribution,6q_5k,QSVC,linear,0,L0,baseline_unoptimized,0.002,6,21,18432,0,0.9553333333333334,0.9579292020129403,0.7778643057011276,83.84651203593239,0.8100635630544275,84.65657559898682
IoT_Original_Distribution,6q_5k,QSVC,linear,0,L0,baseline_unoptimized,0.002,6,22,19456,1,0.952,0.954844349817144,0.7615061436964442,88.8442420780193,0.04630039003677666,88.89054246805608
IoT_Original_Distribution,6q_5k,QSVC,linear,0,L0,baseline_unoptimized,0.002,6,23,20480,2,0.958,0.9604408914450037,0.7917915474418197,78.23975170508493,1.7601512540131807,79.99990295909811
IoT_Original_Distribution,6q_5k,QSVC,linear,0,L0,baseline_unoptimized,0.002,6,24,21504,0,0.96,0.9621857416538717,0.7993956907456233,88.03174748097081,0.04457883397117257,88.07632631494198
IoT_Original_Distribution,6q_5k,QSVC,linear,0,L0,baseline_unoptimized,0.002,6,25,22528,1,0.952,0.9555708093763823,0.7764500007250089,83.77583947300445,0.8159336009994149,84.59177307400387
IoT_Original_Distribution,6q_5k,QSVC,linear,0,L0,baseline_unoptimized,0.002,6,26,23552,2,0.9466666666666667,0.950298233240945,0.7427041951409588,61.29631093109492,1.694332628045231,62.99064355914015
IoT_Original_Distribution,6q_5k,QSVC,linear,0,L0,baseline_unoptimized,0.002,6,27,24576,0,0.9566666666666667,0.9584533630522828,0.7712348391774375,82.63967557810247,0.8157623959705234,83.45543797407299
IoT_Original_Distribution,6q_5k,QSVC,linear,0,L0,baseline_unoptimized,0.002,6,28,25600,1,0.9446666666666667,0.9492787994798958,0.7499043866560298,75.19098277995363,1.5166596930939704,76.7076424730476
IoT_Original_Distribution,6q_5k,QSVC,linear,0,L0,baseline_unoptimized,0.002,6,29,26624,2,0.9433333333333334,0.9474904304390191,0.7315012789460575,88.48454800900072,0.04752199002541602,88.53206999902613
IoT_Original_Distribution,6q_5k,QSVC,linear,0,L0,baseline_unoptimized,0.005,6,0,42,0,0.9513333333333334,0.9545947432246645,0.7655073141509962,77.4323900139425,1.3030082010664046,78.7353982150089
IoT_Original_Distribution,6q_5k,QSVC,linear,0,L0,baseline_unoptimized,0.005,6,1,123,1,0.96,0.9622786912473011,0.8012865702142257,89.65609737799969,0.04722664598375559,89.70332402398344
IoT_Original_Distribution,6q_5k,QSVC,linear,0,L0,baseline_unoptimized,0.005,6,2,456,2,0.9593333333333334,0.961970105462856,0.8045716872484352,84.21055513294414,0.8903187910327688,85.1008739239769
IoT_Original_Distribution,6q_5k,QSVC,linear,0,L0,baseline_unoptimized,0.005,6,3,789,0,0.9513333333333334,0.9545947432246645,0.7655073141509962,88.81317172094714,0.6666765219997615,89.4798482429469
IoT_Original_Distribution,6q_5k,QSVC,linear,0,L0,baseline_unoptimized,0.005,6,4,1024,1,0.9406666666666667,0.9456122066712134,0.7300740400658026,89.4136628319975,0.05410434398800135,89.4677671759855
IoT_Original_Distribution,6q_5k,QSVC,linear,0,L0,baseline_unoptimized,0.005,6,5,2048,2,0.9506666666666667,0.9532460820895523,0.748190568590062,85.52717160095926,1.7923388979397714,87.31951049889904
IoT_Original_Distribution,6q_5k,QSVC,linear,0,L0,baseline_unoptimized,0.005,6,6,3072,0,0.946,0.9493820398994491,0.733624416681293,90.5176181779243,0.043390157050453126,90.56100833497476
IoT_Original_Distribution,6q_5k,QSVC,linear,0,L0,baseline_unoptimized,0.005,6,7,4096,1,0.9633333333333334,0.9648451533519317,0.8072671153490614,85.73657217400614,0.813410607050173,86.54998278105631
IoT_Original_Distribution,6q_5k,QSVC,linear,0,L0,baseline_unoptimized,0.005,6,8,5120,2,0.9586666666666667,0.960728884386476,0.7885739767987839,80.11388914904092,0.8658866529585794,80.9797758019995
IoT_Original_Distribution,6q_5k,QSVC,linear,0,L0,baseline_unoptimized,0.005,6,9,6144,0,0.956,0.9586073206657152,0.7823483883008538,85.03701288194861,0.8331505639944226,85.87016344594304
IoT_Original_Distribution,6q_5k,QSVC,linear,0,L0,baseline_unoptimized,0.005,6,10,7168,1,0.9526666666666667,0.9549709715688568,0.7556867226603413,82.84315254795365,1.583676083944738,84.42682863189839
IoT_Original_Distribution,6q_5k,QSVC,linear,0,L0,baseline_unoptimized,0.005,6,11,8192,2,0.95,0.953668026857958,0.7652458484069784,89.07436860795133,0.047200712957419455,89.12156932090875
IoT_Original_Distribution,6q_5k,QSVC,linear,0,L0,baseline_unoptimized,0.005,6,12,9216,0,0.948,0.9513144024514811,0.7450809083908434,88.05692487501074,1.1768521460471675,89.2337770210579
IoT_Original_Distribution,6q_5k,QSVC,linear,0,L0,baseline_unoptimized,0.005,6,13,10240,1,0.958,0.9601459194447399,0.7859891074815686,90.06196995696519,0.09296935598831624,90.1549393129535
IoT_Original_Distribution,6q_5k,QSVC,linear,0,L0,baseline_unoptimized,0.005,6,14,11264,2,0.964,0.9655298763736264,0.8117183684667976,89.5111517229816,0.09840194310527295,89.60955366608687
IoT_Original_Distribution,6q_5k,QSVC,linear,0,L0,baseline_unoptimized,0.005,6,15,12288,0,0.9493333333333334,0.9525627511065713,0.7519648903964132,91.04087297606748,0.35122721595689654,91.39210019202437
IoT_Original_Distribution,6q_5k,QSVC,linear,0,L0,baseline_unoptimized,0.005,6,16,13312,1,0.9506666666666667,0.9531280232999874,0.7460869178307993,91.02095225907397,0.07858581002801657,91.09953806910198
IoT_Original_Distribution,6q_5k,QSVC,linear,0,L0,baseline_unoptimized,0.005,6,17,14336,2,0.948,0.9516515444015443,0.7517601885785661,90.65436475700699,0.35217083105817437,91.00653558806516
IoT_Original_Distribution,6q_5k,QSVC,linear,0,L0,baseline_unoptimized,0.005,6,18,15360,0,0.9493333333333334,0.9526738317588194,0.7541534614148194,88.847797430004,0.3397583889309317,89.18755581893492
IoT_Original_Distribution,6q_5k,QSVC,linear,0,L0,baseline_unoptimized,0.005,6,19,16384,1,0.9553333333333334,0.9578261650963198,0.775851834811828,89.1055230719503,0.0757508670212701,89.18127393897157
IoT_Original_Distribution,6q_5k,QSVC,linear,0,L0,baseline_unoptimized,0.005,6,20,17408,2,0.9493333333333334,0.9523357025847631,0.7476113139601712,88.65643151896074,0.619918818003498,89.27635033696424
IoT_Original_Distribution,6q_5k,QSVC,linear,0,L0,baseline_unoptimized,0.005,6,21,18432,0,0.956,0.9586073206657152,0.7823483883008538,84.85954966407735,0.8282589949667454,85.6878086590441
IoT_Original_Distribution,6q_5k,QSVC,linear,0,L0,baseline_unoptimized,0.005,6,22,19456,1,0.9513333333333334,0.9542723051102255,0.759093709903244,80.8048982929904,1.039728953037411,81.84462724602781
IoT_Original_Distribution,6q_5k,QSVC,linear,0,L0,baseline_unoptimized,0.005,6,23,20480,2,0.9586666666666667,0.9610213142888777,0.794306600439367,90.18548476800788,0.04700050095561892,90.2324852689635
IoT_Original_Distribution,6q_5k,QSVC,linear,0,L0,baseline_unoptimized,0.005,6,24,21504,0,0.96,0.9621857416538717,0.7993956907456233,90.66745907510631,0.0533272810280323,90.72078635613434
IoT_Original_Distribution,6q_5k,QSVC,linear,0,L0,baseline_unoptimized,0.005,6,25,22528,1,0.9493333333333334,0.9533078593443541,0.7674357500576353,84.89312964188866,1.5326933999313042,86.42582304181997
IoT_Original_Distribution,6q_5k,QSVC,linear,0,L0,baseline_unoptimized,0.005,6,26,23552,2,0.9473333333333334,0.950975800173616,0.7472388545923977,89.33147147891577,0.6570445969700813,89.98851607588585
IoT_Original_Distribution,6q_5k,QSVC,linear,0,L0,baseline_unoptimized,0.005,6,27,24576,0,0.9566666666666667,0.9584533630522828,0.7712348391774375,89.41715531202499,0.04409197496715933,89.46124728699215
IoT_Original_Distribution,6q_5k,QSVC,linear,0,L0,baseline_unoptimized,0.005,6,28,25600,1,0.944,0.9487215094339624,0.7477777870191886,84.46299657900818,0.9341510060476139,85.39714758505579
IoT_Original_Distribution,6q_5k,QSVC,linear,0,L0,baseline_unoptimized,0.005,6,29,26624,2,0.948,0.9516515444015443,0.7517601885785661,84.40713567601051,0.9551856889156625,85.36232136492617
IoT_Original_Distribution,6q_5k,QSVC,linear,0,L0,baseline_unoptimized,0.008,6,0,42,0,0.9513333333333334,0.9545947432246645,0.7655073141509962,89.43223624792881,0.054264266043901443,89.48650051397271
IoT_Original_Distribution,6q_5k,QSVC,linear,0,L0,baseline_unoptimized,0.008,6,1,123,1,0.952,0.9552684099168505,0.7699949480535957,66.36536442895886,1.5882153259590268,67.95357975491788
IoT_Original_Distribution,6q_5k,QSVC,linear,0,L0,baseline_unoptimized,0.008,6,2,456,2,0.96,0.9625495403472932,0.8070367464409718,88.12865630490705,0.6602124240016565,88.78886872890871
IoT_Original_Distribution,6q_5k,QSVC,linear,0,L0,baseline_unoptimized,0.008,6,3,789,0,0.9513333333333334,0.9545947432246645,0.7655073141509962,88.90945470205043,0.6404273649677634,89.54988206701819
IoT_Original_Distribution,6q_5k,QSVC,linear,0,L0,baseline_unoptimized,0.008,6,4,1024,1,0.9406666666666667,0.9456122066712134,0.7300740400658026,89.45137386501301,0.0532655599527061,89.50463942496572
IoT_Original_Distribution,6q_5k,QSVC,linear,0,L0,baseline_unoptimized,0.008,6,5,2048,2,0.9513333333333334,0.953819874912159,0.75066946897447,83.31244938599411,1.621440625982359,84.93389001197647
IoT_Original_Distribution,6q_5k,QSVC,linear,0,L0,baseline_unoptimized,0.008,6,6,3072,0,0.946,0.9492610508757298,0.731368310513082,86.34569639293477,0.8035608590580523,87.14925725199282
IoT_Original_Distribution,6q_5k,QSVC,linear,0,L0,baseline_unoptimized,0.008,6,7,4096,1,0.962,0.9637569566374035,0.8035883872841665,68.79769446107093,1.6887919979635626,70.4864864590345
IoT_Original_Distribution,6q_5k,QSVC,linear,0,L0,baseline_unoptimized,0.008,6,8,5120,2,0.9606666666666667,0.9625815115853881,0.7982782190152865,89.20271752797998,0.04712386301252991,89.24984139099251
IoT_Original_Distribution,6q_5k,QSVC,linear,0,L0,baseline_unoptimized,0.008,6,9,6144,0,0.958,0.9602456907829326,0.7879104825667643,81.19818301708438,1.6375638580648229,82.8357468751492
IoT_Original_Distribution,6q_5k,QSVC,linear,0,L0,baseline_unoptimized,0.008,6,10,7168,1,0.944,0.9479324324324323,0.7313817611299739,86.17760080797598,0.8645064739976078,87.04210728197359
IoT_Original_Distribution,6q_5k,QSVC,linear,0,L0,baseline_unoptimized,0.008,6,11,8192,2,0.9493333333333334,0.9529976393600043,0.7607635269721875,88.87201561895199,0.04607306607067585,88.91808868502267
IoT_Original_Distribution,6q_5k,QSVC,linear,0,L0,baseline_unoptimized,0.008,6,12,9216,0,0.948,0.9513144024514811,0.7450809083908434,87.44124051800463,0.04340274794958532,87.48464326595422
IoT_Original_Distribution,6q_5k,QSVC,linear,0,L0,baseline_unoptimized,0.008,6,13,10240,1,0.9586666666666667,0.960728884386476,0.7885739767987839,79.478677508072,0.8758062398992479,80.35448374797124
IoT_Original_Distribution,6q_5k,QSVC,linear,0,L0,baseline_unoptimized,0.008,6,14,11264,2,0.9646666666666667,0.9661235114118613,0.8144735705833861,79.30461041396484,0.7129323539556935,80.01754276792053
IoT_Original_Distribution,6q_5k,QSVC,linear,0,L0,baseline_unoptimized,0.008,6,15,12288,0,0.95,0.9532419329461342,0.7564924503461042,83.44055473804474,1.4753385800868273,84.91589331813157
IoT_Original_Distribution,6q_5k,QSVC,linear,0,L0,baseline_unoptimized,0.008,6,16,13312,1,0.9546666666666667,0.9569284538432317,0.7673304473147916,88.72421462892089,0.051527323899790645,88.77574195282068
IoT_Original_Distribution,6q_5k,QSVC,linear,0,L0,baseline_unoptimized,0.008,6,17,14336,2,0.956,0.9588044943820224,0.7863848004242623,87.76516915298998,0.5759354359470308,88.34110458893701
IoT_Original_Distribution,6q_5k,QSVC,linear,0,L0,baseline_unoptimized,0.008,6,18,15360,0,0.954,0.9568809969513825,0.7750222281710959,86.18326933600474,0.7818839950487018,86.96515333105344
IoT_Original_Distribution,6q_5k,QSVC,linear,0,L0,baseline_unoptimized,0.008,6,19,16384,1,0.9553333333333334,0.9578261650963198,0.775851834811828,88.016826161067,0.046670780051499605,88.0634969411185
IoT_Original_Distribution,6q_5k,QSVC,linear,0,L0,baseline_unoptimized,0.008,6,20,17408,2,0.944,0.9480500224505309,0.7337098285325372,72.63721480302047,0.4264783699763939,73.06369317299686
IoT_Original_Distribution,6q_5k,QSVC,linear,0,L0,baseline_unoptimized,0.008,6,21,18432,0,0.9566666666666667,0.9591850467289721,0.7848279265714736,86.23397510393988,0.9480686180759221,87.1820437220158
IoT_Original_Distribution,6q_5k,QSVC,linear,0,L0,baseline_unoptimized,0.008,6,22,19456,1,0.952,0.954844349817144,0.7615061436964442,88.15453162894119,0.04654538002796471,88.20107700896915
IoT_Original_Distribution,6q_5k,QSVC,linear,0,L0,baseline_unoptimized,0.008,6,23,20480,2,0.9426666666666667,0.9472778878865362,0.7364198046565366,76.22442298510578,1.5676755219465122,77.79209850705229
IoT_Original_Distribution,6q_5k,QSVC,linear,0,L0,baseline_unoptimized,0.008,6,24,21504,0,0.946,0.9500724568471599,0.7472915777441907,89.52781611401588,0.043338263989426196,89.5711543780053
IoT_Original_Distribution,6q_5k,QSVC,linear,0,L0,baseline_unoptimized,0.008,6,25,22528,1,0.9386666666666666,0.9444050505050506,0.7337397035584198,87.03819192096125,0.9014445230131969,87.93963644397445
IoT_Original_Distribution,6q_5k,QSVC,linear,0,L0,baseline_unoptimized,0.008,6,26,23552,2,0.9473333333333334,0.9506318660747713,0.7405240519295935,81.24869090504944,1.1183386649936438,82.36702957004309
IoT_Original_Distribution,6q_5k,QSVC,linear,0,L0,baseline_unoptimized,0.008,6,27,24576,0,0.9566666666666667,0.958342479245814,0.7693473315835193,75.37309113703668,1.2468202239833772,76.61991136102006
IoT_Original_Distribution,6q_5k,QSVC,linear,0,L0,baseline_unoptimized,0.008,6,28,25600,1,0.9393333333333334,0.9445061868210225,0.7259144808636147,90.35974757897202,0.6076367769856006,90.96738435595762
IoT_Original_Distribution,6q_5k,QSVC,linear,0,L0,baseline_unoptimized,0.008,6,29,26624,2,0.948,0.9516515444015443,0.7517601885785661,90.7268072089646,0.0595931209390983,90.7864003299037
IoT_Original_Distribution,6q_5k,QSVC,linear,0,L0,baseline_unoptimized,0.01,6,0,42,0,0.952,0.9551646827188816,0.7678596108689535,90.29233615193516,0.07271857396699488,90.36505472590216
IoT_Original_Distribution,6q_5k,QSVC,linear,0,L0,baseline_unoptimized,0.01,6,1,123,1,0.96,0.9622786912473011,0.8012865702142257,66.32589500700124,1.3855051130522043,67.71140012005344
IoT_Original_Distribution,6q_5k,QSVC,linear,0,L0,baseline_unoptimized,0.01,6,2,456,2,0.934,0.940464640898339,0.7175025503923863,89.83468933601398,0.07375262002460659,89.90844195603859
IoT_Original_Distribution,6q_5k,QSVC,linear,0,L0,baseline_unoptimized,0.01,6,3,789,0,0.9513333333333334,0.9545947432246645,0.7655073141509962,89.35356150195003,0.06899977405555546,89.42256127600558
IoT_Original_Distribution,6q_5k,QSVC,linear,0,L0,baseline_unoptimized,0.01,6,4,1024,1,0.942,0.9467217602605283,0.7342901316896631,81.63412469404284,0.6231053189840168,82.25723001302686
IoT_Original_Distribution,6q_5k,QSVC,linear,0,L0,baseline_unoptimized,0.01,6,5,2048,2,0.952,0.9543948334810689,0.7531680943254634,89.15599913906772,0.34934320393949747,89.50534234300721
IoT_Original_Distribution,6q_5k,QSVC,linear,0,L0,baseline_unoptimized,0.01,6,6,3072,0,0.9446666666666667,0.9481322137241268,0.7267247814329926,89.35599217005074,0.06474976800382137,89.42074193805456
IoT_Original_Distribution,6q_5k,QSVC,linear,0,L0,baseline_unoptimized,0.01,6,7,4096,1,0.962,0.9637569566374035,0.8035883872841665,89.10335691703949,0.33882174303289503,89.44217866007239
IoT_Original_Distribution,6q_5k,QSVC,linear,0,L0,baseline_unoptimized,0.01,6,8,5120,2,0.9606666666666667,0.9625815115853881,0.7982782190152865,84.32996101491153,1.7190572939580306,86.04901830886956
IoT_Original_Distribution,6q_5k,QSVC,linear,0,L0,baseline_unoptimized,0.01,6,9,6144,0,0.952,0.9550594484167518,0.7657328544075529,86.27401543804444,0.8069411619799212,87.08095660002436
IoT_Original_Distribution,6q_5k,QSVC,linear,0,L0,baseline_unoptimized,0.01,6,10,7168,1,0.9526666666666667,0.954855156513257,0.753651251609038,80.50224452489056,1.278085662983358,81.78033018787391
IoT_Original_Distribution,6q_5k,QSVC,linear,0,L0,baseline_unoptimized,0.01,6,11,8192,2,0.9493333333333334,0.9528912483912485,0.7585529977280968,89.21617401996627,0.046521057025529444,89.2626950769918
IoT_Original_Distribution,6q_5k,QSVC,linear,0,L0,baseline_unoptimized,0.01,6,12,9216,0,0.9493333333333334,0.9524500511172777,0.7497840926896447,89.32395711110439,0.6599743070546538,89.98393141815905
IoT_Original_Distribution,6q_5k,QSVC,linear,0,L0,baseline_unoptimized,0.01,6,13,10240,1,0.96,0.9615982731742415,0.7883518137678861,85.60050894797314,1.584592193015851,87.18510114098899
IoT_Original_Distribution,6q_5k,QSVC,linear,0,L0,baseline_unoptimized,0.01,6,14,11264,2,0.9646666666666667,0.9661235114118613,0.8144735705833861,89.77560774295125,0.046672252006828785,89.82227999495808
IoT_Original_Distribution,6q_5k,QSVC,linear,0,L0,baseline_unoptimized,0.01,6,15,12288,0,0.9493333333333334,0.9526738317588194,0.7541534614148194,88.83870948594995,0.07402484701015055,88.9127343329601
IoT_Original_Distribution,6q_5k,QSVC,linear,0,L0,baseline_unoptimized,0.01,6,16,13312,1,0.9546666666666667,0.9569284538432317,0.7673304473147916,89.13972783798818,0.3680870319949463,89.50781486998312
IoT_Original_Distribution,6q_5k,QSVC,linear,0,L0,baseline_unoptimized,0.01,6,17,14336,2,0.9573333333333334,0.9599579377829707,0.7912766362337398,88.70633340801578,0.629455636953935,89.33578904496972
IoT_Original_Distribution,6q_5k,QSVC,linear,0,L0,baseline_unoptimized,0.01,6,18,15360,0,0.954,0.9568809969513825,0.7750222281710959,89.44172370806336,0.04424054396804422,89.48596425203141
IoT_Original_Distribution,6q_5k,QSVC,linear,0,L0,baseline_unoptimized,0.01,6,19,16384,1,0.9553333333333334,0.9578261650963198,0.775851834811828,86.16791001195088,1.917888593976386,88.08579860592727
IoT_Original_Distribution,6q_5k,QSVC,linear,0,L0,baseline_unoptimized,0.01,6,20,17408,2,0.944,0.9480500224505309,0.7337098285325372,85.25735961599275,1.1649490690324455,86.4223086850252
IoT_Original_Distribution,6q_5k,QSVC,linear,0,L0,baseline_unoptimized,0.01,6,21,18432,0,0.9533333333333334,0.9564101081989126,0.7747126855960206,87.41981928795576,0.7877673319308087,88.20758661988657
IoT_Original_Distribution,6q_5k,QSVC,linear,0,L0,baseline_unoptimized,0.01,6,22,19456,1,0.9513333333333334,0.9542723051102255,0.759093709903244,89.8769459159812,0.046290586004033685,89.92323650198523
IoT_Original_Distribution,6q_5k,QSVC,linear,0,L0,baseline_unoptimized,0.01,6,23,20480,2,0.9586666666666667,0.9611159678980964,0.7962432180371268,84.69319719506893,1.6172156580723822,86.31041285314132
IoT_Original_Distribution,6q_5k,QSVC,linear,0,L0,baseline_unoptimized,0.01,6,24,21504,0,0.9473333333333334,0.9508628043116232,0.7449938624712318,80.51081636897288,1.172157556982711,81.6829739259556
IoT_Original_Distribution,6q_5k,QSVC,linear,0,L0,baseline_unoptimized,0.01,6,25,22528,1,0.9506666666666667,0.9544373424154817,0.7719111821641591,89.19113917998038,0.6485375440679491,89.83967672404833
IoT_Original_Distribution,6q_5k,QSVC,linear,0,L0,baseline_unoptimized,0.01,6,26,23552,2,0.9466666666666667,0.9500660537963909,0.7381969263852736,89.70968171197455,0.053864225978031754,89.76354593795259
IoT_Original_Distribution,6q_5k,QSVC,linear,0,L0,baseline_unoptimized,0.01,6,27,24576,0,0.958,0.9595151478498363,0.7747566566339402,90.76076715695672,0.34369097801391035,91.10445813497063
IoT_Original_Distribution,6q_5k,QSVC,linear,0,L0,baseline_unoptimized,0.01,6,28,25600,1,0.944,0.9487215094339624,0.7477777870191886,90.50981082697399,0.07145545491948724,90.58126628189348
IoT_Original_Distribution,6q_5k,QSVC,linear,0,L0,baseline_unoptimized,0.01,6,29,26624,2,0.9386666666666666,0.9434779349957971,0.7140108209737575,77.90312128397636,1.952776946942322,79.85589823091868
IoT_Original_Distribution,6q_5k,QSVC,linear,0,L0,baseline_unoptimized,0.02,6,0,42,0,0.9493333333333334,0.9533078593443541,0.7674357500576353,84.58797569898888,1.5801984909921885,86.16817418998107
IoT_Original_Distribution,6q_5k,QSVC,linear,0,L0,baseline_unoptimized,0.02,6,1,123,1,0.9573333333333334,0.9599579377829707,0.7912766362337398,90.08060564589687,0.046995520940981805,90.12760116683785
IoT_Original_Distribution,6q_5k,QSVC,linear,0,L0,baseline_unoptimized,0.02,6,2,456,2,0.9326666666666666,0.9394910711250785,0.7162686534252766,86.5523357129423,0.8209756860742345,87.37331139901653
IoT_Original_Distribution,6q_5k,QSVC,linear,0,L0,baseline_unoptimized,0.02,6,3,789,0,0.9506666666666667,0.9540258657478741,0.7631722598254365,91.09816894598771,0.04367750801611692,91.14184645400383
IoT_Original_Distribution,6q_5k,QSVC,linear,0,L0,baseline_unoptimized,0.02,6,4,1024,1,0.9413333333333334,0.9461665366411817,0.7321749345450101,81.78669690596871,1.440509267966263,83.22720617393497
IoT_Original_Distribution,6q_5k,QSVC,linear,0,L0,baseline_unoptimized,0.02,6,5,2048,2,0.9493333333333334,0.9521019394282375,0.7432908574681596,88.36174986104015,0.7967866730177775,89.15853653405793
IoT_Original_Distribution,6q_5k,QSVC,linear,0,L0,baseline_unoptimized,0.02,6,6,3072,0,0.9406666666666667,0.9448956900307656,0.715600024351288,87.43309382093139,0.05315260193310678,87.4862464228645
IoT_Original_Distribution,6q_5k,QSVC,linear,0,L0,baseline_unoptimized,0.02,6,7,4096,1,0.9626666666666667,0.9643466144338894,0.80627610183608,83.84085435094312,1.5915161869488657,85.43237053789198
IoT_Original_Distribution,6q_5k,QSVC,linear,0,L0,baseline_unoptimized,0.02,6,8,5120,2,0.9586666666666667,0.9608277985074628,0.7904715734645169,86.02632449904922,0.6601729709655046,86.68649747001473
IoT_Original_Distribution,6q_5k,QSVC,linear,0,L0,baseline_unoptimized,0.02,6,9,6144,0,0.9226666666666666,0.9309481707317074,0.6781948272791342,86.59340222401079,0.9845639250706881,87.57796614908148
IoT_Original_Distribution,6q_5k,QSVC,linear,0,L0,baseline_unoptimized,0.02,6,10,7168,1,0.9513333333333334,0.9537025482327683,0.7485881399345171,88.3843553980114,0.07873913506045938,88.46309453307185
IoT_Original_Distribution,6q_5k,QSVC,linear,0,L0,baseline_unoptimized,0.02,6,11,8192,2,0.9546666666666667,0.9576555336789438,0.7815657603230876,88.20775475900155,0.07713341398630291,88.28488817298785
IoT_Original_Distribution,6q_5k,QSVC,linear,0,L0,baseline_unoptimized,0.02,6,12,9216,0,0.9506666666666667,0.9535900262009535,0.7545587288283078,88.95055916300043,0.0438576340675354,88.99441679706797
IoT_Original_Distribution,6q_5k,QSVC,linear,0,L0,baseline_unoptimized,0.02,6,13,10240,1,0.958,0.9601459194447399,0.7859891074815686,81.93985186493956,1.1397726020077243,83.07962446694728
IoT_Original_Distribution,6q_5k,QSVC,linear,0,L0,baseline_unoptimized,0.02,6,14,11264,2,0.9646666666666667,0.9660330984619714,0.8128100084958152,85.4300903120311,0.734464521985501,86.1645548340166
IoT_Original_Distribution,6q_5k,QSVC,linear,0,L0,baseline_unoptimized,0.02,6,15,12288,0,0.9466666666666667,0.9504118404118403,0.7449673794290353,88.31974714808166,0.75796324305702,89.07771039113868
IoT_Original_Distribution,6q_5k,QSVC,linear,0,L0,baseline_unoptimized,0.02,6,16,13312,1,0.9526666666666667,0.955308324206548,0.7618589077330157,90.11836281802971,0.04631203494500369,90.16467485297471
IoT_Original_Distribution,6q_5k,QSVC,linear,0,L0,baseline_unoptimized,0.02,6,17,14336,2,0.9586666666666667,0.9610213142888777,0.794306600439367,77.23061511409469,0.913358906051144,78.14397402014583
IoT_Original_Distribution,6q_5k,QSVC,linear,0,L0,baseline_unoptimized,0.02,6,18,15360,0,0.952,0.9551646827188816,0.7678596108689535,58.60067690804135,0.7316959139425308,59.33237282198388
IoT_Original_Distribution,6q_5k,QSVC,linear,0,L0,baseline_unoptimized,0.02,6,19,16384,1,0.9533333333333334,0.9562039944501242,0.7705303644616922,89.08250168303493,0.6211551689775661,89.7036568520125
IoT_Original_Distribution,6q_5k,QSVC,linear,0,L0,baseline_unoptimized,0.02,6,20,17408,2,0.94,0.9447066755393668,0.7206889371092422,89.52957980998326,0.05817609804216772,89.58775590802543
IoT_Original_Distribution,6q_5k,QSVC,linear,0,L0,baseline_unoptimized,0.02,6,21,18432,0,0.9573333333333334,0.9599579377829707,0.7912766362337398,80.24184268899262,0.8863719149958342,81.12821460398845
IoT_Original_Distribution,6q_5k,QSVC,linear,0,L0,baseline_unoptimized,0.02,6,22,19456,1,0.954,0.9566733572969086,0.7709006848307817,90.09207185299601,0.08289070799946785,90.17496256099548
IoT_Original_Distribution,6q_5k,QSVC,linear,0,L0,baseline_unoptimized,0.02,6,23,20480,2,0.958,0.9606304754773493,0.7957211339159973,89.9961134979967,0.08225007401779294,90.0783635720145
IoT_Original_Distribution,6q_5k,QSVC,linear,0,L0,baseline_unoptimized,0.02,6,24,21504,0,0.954,0.9569825783104435,0.7770978375899604,88.31528846907895,0.679936028085649,88.9952244971646
IoT_Original_Distribution,6q_5k,QSVC,linear,0,L0,baseline_unoptimized,0.02,6,25,22528,1,0.938,0.9438559304865543,0.7317491303632719,88.89164620090742,0.055833255988545716,88.94747945689596
IoT_Original_Distribution,6q_5k,QSVC,linear,0,L0,baseline_unoptimized,0.02,6,26,23552,2,0.946,0.9496188246739429,0.7381560452446436,85.15899106906727,1.7700920989736915,86.92908316804096
IoT_Original_Distribution,6q_5k,QSVC,linear,0,L0,baseline_unoptimized,0.02,6,27,24576,0,0.9546666666666667,0.9564780429308071,0.7594516977876128,90.45839744491968,0.0431850659660995,90.50158251088578
IoT_Original_Distribution,6q_5k,QSVC,linear,0,L0,baseline_unoptimized,0.02,6,28,25600,1,0.9373333333333334,0.942853606979515,0.7197782460291479,67.23212301696185,0.40684565796982497,67.63896867493168
IoT_Original_Distribution,6q_5k,QSVC,linear,0,L0,baseline_unoptimized,0.02,6,29,26624,2,0.946,0.9495012875818251,0.7358870631022482,87.78977008303627,0.7934107870096341,88.58318087004591
IoT_Original_Distribution,6q_5k,QSVC,linear,0,L0,baseline_unoptimized,0.05,6,0,42,0,0.918,0.9278344679767039,0.68015265441926,90.97510931594297,0.07897771301213652,91.05408702895511
IoT_Original_Distribution,6q_5k,QSVC,linear,0,L0,baseline_unoptimized,0.05,6,1,123,1,0.936,0.9423237611561299,0.7283810826528431,83.10123954899609,1.8288674259092659,84.93010697490536
IoT_Original_Distribution,6q_5k,QSVC,linear,0,L0,baseline_unoptimized,0.05,6,2,456,2,0.9333333333333333,0.9401459253930737,0.7207386668051785,90.52380568499211,0.07719878200441599,90.60100446699653
IoT_Original_Distribution,6q_5k,QSVC,linear,0,L0,baseline_unoptimized,0.05,6,3,789,0,0.9266666666666666,0.9342819266460451,0.6916712177375652,88.95012447796762,0.788261251989752,89.73838572995737
IoT_Original_Distribution,6q_5k,QSVC,linear,0,L0,baseline_unoptimized,0.05,6,4,1024,1,0.914,0.9239387676999616,0.6532105310907946,90.51551184395794,0.04723033297341317,90.56274217693135
IoT_Original_Distribution,6q_5k,QSVC,linear,0,L0,baseline_unoptimized,0.05,6,5,2048,2,0.9306666666666666,0.9367742034666975,0.6870545082802733,68.95197630603798,1.2927619189722463,70.24473822501022
IoT_Original_Distribution,6q_5k,QSVC,linear,0,L0,baseline_unoptimized,0.05,6,6,3072,0,0.9306666666666666,0.9367742034666975,0.6870545082802733,86.32598727301229,0.8156063130591065,87.1415935860714
IoT_Original_Distribution,6q_5k,QSVC,linear,0,L0,baseline_unoptimized,0.05,6,7,4096,1,0.934,0.9399963372409121,0.707255200132095,90.3127617740538,0.04702236701268703,90.35978414106648
IoT_Original_Distribution,6q_5k,QSVC,linear,0,L0,baseline_unoptimized,0.05,6,8,5120,2,0.9233333333333333,0.9312314952750732,0.6744755048213552,78.70379558997229,1.8278097079601139,80.5316052979324
IoT_Original_Distribution,6q_5k,QSVC,linear,0,L0,baseline_unoptimized,0.05,6,9,6144,0,0.9273333333333333,0.9348194172607215,0.6934962466380883,81.75844230502844,1.0180098640266806,82.77645216905512
IoT_Original_Distribution,6q_5k,QSVC,linear,0,L0,baseline_unoptimized,0.05,6,10,7168,1,0.9346666666666666,0.9401750943396227,0.7015999326061612,84.9942785409512,0.8857061850139871,85.87998472596519
IoT_Original_Distribution,6q_5k,QSVC,linear,0,L0,baseline_unoptimized,0.05,6,11,8192,2,0.9213333333333333,0.9298826292785104,0.6746841911929742,89.08056457107887,0.047380251926369965,89.12794482300524
IoT_Original_Distribution,6q_5k,QSVC,linear,0,L0,baseline_unoptimized,0.05,6,12,9216,0,0.9373333333333334,0.9424960732303532,0.7123044346116361,82.78446316404734,1.1702438140055165,83.95470697805285
IoT_Original_Distribution,6q_5k,QSVC,linear,0,L0,baseline_unoptimized,0.05,6,13,10240,1,0.9286666666666666,0.9352767363590436,0.6838881925643143,85.73761293699499,0.9180337899597362,86.65564672695473
IoT_Original_Distribution,6q_5k,QSVC,linear,0,L0,baseline_unoptimized,0.05,6,14,11264,2,0.942,0.9469454753124061,0.7390818032083202,88.72843997401651,0.04732221004087478,88.77576218405738
IoT_Original_Distribution,6q_5k,QSVC,linear,0,L0,baseline_unoptimized,0.05,6,15,12288,0,0.9313333333333333,0.9375719468264038,0.6942417460927173,82.94107507506851,1.7544108510483056,84.69548592611682
IoT_Original_Distribution,6q_5k,QSVC,linear,0,L0,baseline_unoptimized,0.05,6,16,13312,1,0.9233333333333333,0.9312314952750732,0.6744755048213552,89.63844571704976,0.614526308956556,90.25297202600632
IoT_Original_Distribution,6q_5k,QSVC,linear,0,L0,baseline_unoptimized,0.05,6,17,14336,2,0.93,0.936976377170497,0.7009084758696238,90.1754402370425,0.054133226978592575,90.22957346402109
IoT_Original_Distribution,6q_5k,QSVC,linear,0,L0,baseline_unoptimized,0.05,6,18,15360,0,0.9313333333333333,0.9380591718437266,0.704683595372155,90.05205094104167,0.04430410999339074,90.09635505103506
IoT_Original_Distribution,6q_5k,QSVC,linear,0,L0,baseline_unoptimized,0.05,6,19,16384,1,0.924,0.9321387195121952,0.6844796463624363,84.10061178496107,1.5369796119630337,85.63759139692411
IoT_Original_Distribution,6q_5k,QSVC,linear,0,L0,baseline_unoptimized,0.05,6,20,17408,2,0.9166666666666666,0.9259184096833257,0.6570319338889408,86.18695692997426,0.8030426679179072,86.98999959789217
IoT_Original_Distribution,6q_5k,QSVC,linear,0,L0,baseline_unoptimized,0.05,6,21,18432,0,0.9186666666666666,0.927883123088685,0.6705942830317453,86.68507611507084,0.7798720399150625,87.4649481549859
IoT_Original_Distribution,6q_5k,QSVC,linear,0,L0,baseline_unoptimized,0.05,6,22,19456,1,0.92,0.9288196062675773,0.6712144251413242,78.97503282001708,1.8252868199488148,80.80031963996589
IoT_Original_Distribution,6q_5k,QSVC,linear,0,L0,baseline_unoptimized,0.05,6,23,20480,2,0.906,0.9170019386046183,0.6191867922360262,89.41746093006805,0.04804756096564233,89.46550849103369
IoT_Original_Distribution,6q_5k,QSVC,linear,0,L0,baseline_unoptimized,0.05,6,24,21504,0,0.93,0.9370946779023092,0.7035426806190567,88.93322364089545,0.07515214197337627,89.00837578286882
IoT_Original_Distribution,6q_5k,QSVC,linear,0,L0,baseline_unoptimized,0.05,6,25,22528,1,0.936,0.9424326681643981,0.7309107622197405,86.25764126703143,1.490145132993348,87.74778640002478
IoT_Original_Distribution,6q_5k,QSVC,linear,0,L0,baseline_unoptimized,0.05,6,26,23552,2,0.898,0.911336378794756,0.6130926843761555,88.67015350505244,0.07767681498080492,88.74783032003324
IoT_Original_Distribution,6q_5k,QSVC,linear,0,L0,baseline_unoptimized,0.05,6,27,24576,0,0.9326666666666666,0.9381482504173949,0.6878311949798431,79.7669575830223,1.86309970903676,81.63005729205906
IoT_Original_Distribution,6q_5k,QSVC,linear,0,L0,baseline_unoptimized,0.05,6,28,25600,1,0.918,0.9278344679767039,0.68015265441926,84.04912248393521,0.9316769150318578,84.98079939896706
IoT_Original_Distribution,6q_5k,QSVC,linear,0,L0,baseline_unoptimized,0.05,6,29,26624,2,0.914,0.9240656034042253,0.6560841459764537,89.5536078409059,0.04902184393722564,89.60262968484312
IoT_Original_Distribution,6q_5k,QSVC,linear,3,L3,qiskit_heavy,0.0,6,0,42,0,0.9526666666666667,0.955838722862345,0.7723451313775843,150.9930442390032,1.4331942870048806,152.4262385260081
IoT_Original_Distribution,6q_5k,QSVC,linear,3,L3,qiskit_heavy,0.0,6,1,123,1,0.9606666666666667,0.9628618468758638,0.8038376889694526,152.33564061892685,0.61412707506679,152.94976769399364
IoT_Original_Distribution,6q_5k,QSVC,linear,3,L3,qiskit_heavy,0.0,6,2,456,2,0.954,0.9573745847093215,0.7854925900835309,151.99644529505167,0.35589651798363775,152.3523418130353
IoT_Original_Distribution,6q_5k,QSVC,linear,3,L3,qiskit_heavy,0.0,6,3,789,0,0.9513333333333334,0.9545947432246645,0.7655073141509962,154.62914951099083,2.39283694291953,157.02198645391036
IoT_Original_Distribution,6q_5k,QSVC,linear,3,L3,qiskit_heavy,0.0,6,4,1024,1,0.9426666666666667,0.9472778878865362,0.7364198046565366,156.27192962507252,0.6503958109533414,156.92232543602586
IoT_Original_Distribution,6q_5k,QSVC,linear,3,L3,qiskit_heavy,0.0,6,5,2048,2,0.95,0.9526734414082532,0.7457311205449889,156.73041021393146,0.34733033494558185,157.07774054887705
IoT_Original_Distribution,6q_5k,QSVC,linear,3,L3,qiskit_heavy,0.0,6,6,3072,0,0.946,0.9493820398994491,0.733624416681293,150.59209501591977,1.7331268050475046,152.32522182096727
IoT_Original_Distribution,6q_5k,QSVC,linear,3,L3,qiskit_heavy,0.0,6,7,4096,1,0.9633333333333334,0.9649375825623552,0.8089859883220626,155.1215019649826,0.08524205896537751,155.20674402394798
IoT_Original_Distribution,6q_5k,QSVC,linear,3,L3,qiskit_heavy,0.0,6,8,5120,2,0.958,0.9602456907829326,0.7879104825667643,155.16636110306717,0.08062099397648126,155.24698209704366
IoT_Original_Distribution,6q_5k,QSVC,linear,3,L3,qiskit_heavy,0.0,6,9,6144,0,0.9473333333333334,0.9513052356904398,0.7540118257454874,148.79602692497429,1.8842186889378354,150.68024561391212
IoT_Original_Distribution,6q_5k,QSVC,linear,3,L3,qiskit_heavy,0.0,6,10,7168,1,0.9526666666666667,0.9549709715688568,0.7556867226603413,156.83737509406637,0.3425033149542287,157.1798784090206
IoT_Original_Distribution,6q_5k,QSVC,linear,3,L3,qiskit_heavy,0.0,6,11,8192,2,0.95,0.9535637837337912,0.7630464152967588,156.5595971379662,0.07001427700743079,156.62961141497362
IoT_Original_Distribution,6q_5k,QSVC,linear,3,L3,qiskit_heavy,0.0,6,12,9216,0,0.9486666666666667,0.9518816922500936,0.747423687177894,148.8929266879568,1.7250477059278637,150.61797439388465
IoT_Original_Distribution,6q_5k,QSVC,linear,3,L3,qiskit_heavy,0.0,6,13,10240,1,0.9593333333333334,0.9611125915691574,0.7874765055072034,155.78142289991956,0.3434735930059105,156.12489649292547
IoT_Original_Distribution,6q_5k,QSVC,linear,3,L3,qiskit_heavy,0.0,6,14,11264,2,0.9626666666666667,0.9643466144338894,0.80627610183608,155.78305366297718,0.07610211800783873,155.85915578098502
IoT_Original_Distribution,6q_5k,QSVC,linear,3,L3,qiskit_heavy,0.0,6,15,12288,0,0.9493333333333334,0.9525627511065713,0.7519648903964132,146.30001299094874,1.7174115179805085,148.01742450892925
IoT_Original_Distribution,6q_5k,QSVC,linear,3,L3,qiskit_heavy,0.0,6,16,13312,1,0.9546666666666667,0.9569284538432317,0.7673304473147916,157.250743214041,0.33649609598796815,157.58723931002896
IoT_Original_Distribution,6q_5k,QSVC,linear,3,L3,qiskit_heavy,0.0,6,17,14336,2,0.956,0.9589960424237796,0.7904630127380734,157.13156182400417,0.07822414406109601,157.20978596806526
IoT_Original_Distribution,6q_5k,QSVC,linear,3,L3,qiskit_heavy,0.0,6,18,15360,0,0.9533333333333334,0.956307797071842,0.7726168364131227,156.72926780593116,0.3440893709193915,157.07335717685055
IoT_Original_Distribution,6q_5k,QSVC,linear,3,L3,qiskit_heavy,0.0,6,19,16384,1,0.9433333333333334,0.9474904304390191,0.7315012789460575,143.87502995401155,1.7478393679484725,145.62286932196002
IoT_Original_Distribution,6q_5k,QSVC,linear,3,L3,qiskit_heavy,0.0,6,20,17408,2,0.9433333333333334,0.9474904304390191,0.7315012789460575,156.51611797104124,0.06776380096562207,156.58388177200686
IoT_Original_Distribution,6q_5k,QSVC,linear,3,L3,qiskit_heavy,0.0,6,21,18432,0,0.954,0.9567779322274735,0.772956409598325,147.33654224895872,1.7477975740330294,149.08433982299175
IoT_Original_Distribution,6q_5k,QSVC,linear,3,L3,qiskit_heavy,0.0,6,22,19456,1,0.952,0.954844349817144,0.7615061436964442,157.3536352700321,0.3340552970767021,157.6876905671088
IoT_Original_Distribution,6q_5k,QSVC,linear,3,L3,qiskit_heavy,0.0,6,23,20480,2,0.946,0.9500724568471599,0.7472915777441907,157.21202081395313,0.0648147719912231,157.27683558594435
IoT_Original_Distribution,6q_5k,QSVC,linear,3,L3,qiskit_heavy,0.0,6,24,21504,0,0.96,0.9621857416538717,0.7993956907456233,147.21109253901523,1.9598807599395514,149.17097329895478
IoT_Original_Distribution,6q_5k,QSVC,linear,3,L3,qiskit_heavy,0.0,6,25,22528,1,0.952,0.9555708093763823,0.7764500007250089,158.17500819906127,0.34516624303068966,158.52017444209196
IoT_Original_Distribution,6q_5k,QSVC,linear,3,L3,qiskit_heavy,0.0,6,26,23552,2,0.946,0.9493820398994491,0.733624416681293,158.5591537229484,0.06550461996812373,158.62465834291652
IoT_Original_Distribution,6q_5k,QSVC,linear,3,L3,qiskit_heavy,0.0,6,27,24576,0,0.9573333333333334,0.9590381580525243,0.7739017557777494,148.15406576299574,1.7621073760092258,149.91617313900497
IoT_Original_Distribution,6q_5k,QSVC,linear,3,L3,qiskit_heavy,0.0,6,28,25600,1,0.9433333333333334,0.9481651195580981,0.7456654643806729,158.9531882799929,0.0773173610214144,159.03050564101432
IoT_Original_Distribution,6q_5k,QSVC,linear,3,L3,qiskit_heavy,0.0,6,29,26624,2,0.9446666666666667,0.9486105873320623,0.7359341918993468,159.08013092004694,0.3544411880429834,159.43457210808992
IoT_Original_Distribution,6q_5k,QSVC,linear,3,L3,qiskit_heavy,0.0003,6,0,42,0,0.952,0.9552684099168505,0.7699949480535957,88.36908551596571,0.6486409970093518,89.01772651297506
IoT_Original_Distribution,6q_5k,QSVC,linear,3,L3,qiskit_heavy,0.0003,6,1,123,1,0.9606666666666667,0.9628618468758638,0.8038376889694526,56.42770813696552,1.5737702440237626,58.00147838098928
IoT_Original_Distribution,6q_5k,QSVC,linear,3,L3,qiskit_heavy,0.0003,6,2,456,2,0.9533333333333334,0.9567083520421092,0.7810538008019252,88.65968573500868,0.052195962984114885,88.7118816979928
IoT_Original_Distribution,6q_5k,QSVC,linear,3,L3,qiskit_heavy,0.0003,6,3,789,0,0.952,0.9551646827188816,0.7678596108689535,89.01864716608543,0.05420956399757415,89.072856730083
IoT_Original_Distribution,6q_5k,QSVC,linear,3,L3,qiskit_heavy,0.0003,6,4,1024,1,0.944,0.9481659442724458,0.7360428676187757,87.95989164197817,0.6340151029871777,88.59390674496535
IoT_Original_Distribution,6q_5k,QSVC,linear,3,L3,qiskit_heavy,0.0003,6,5,2048,2,0.9506666666666667,0.9532460820895523,0.748190568590062,85.30035775504075,1.5754038869636133,86.87576164200436
IoT_Original_Distribution,6q_5k,QSVC,linear,3,L3,qiskit_heavy,0.0003,6,6,3072,0,0.946,0.9492610508757298,0.731368310513082,89.46006423409563,0.06461277604103088,89.52467701013666
IoT_Original_Distribution,6q_5k,QSVC,linear,3,L3,qiskit_heavy,0.0003,6,7,4096,1,0.9633333333333334,0.9648451533519317,0.8072671153490614,70.0178521280177,1.2093030960531905,71.22715522407088
IoT_Original_Distribution,6q_5k,QSVC,linear,3,L3,qiskit_heavy,0.0003,6,8,5120,2,0.9546666666666667,0.9571438405410545,0.7713432741068915,89.12404141097795,0.34095655393321067,89.46499796491116
IoT_Original_Distribution,6q_5k,QSVC,linear,3,L3,qiskit_heavy,0.0003,6,9,6144,0,0.9526666666666667,0.9555251186688496,0.7660250597507845,88.3113521359628,0.6223375529516488,88.93368968891446
IoT_Original_Distribution,6q_5k,QSVC,linear,3,L3,qiskit_heavy,0.0003,6,10,7168,1,0.9526666666666667,0.9549709715688568,0.7556867226603413,88.72909071203321,0.6147365350043401,89.34382724703755
IoT_Original_Distribution,6q_5k,QSVC,linear,3,L3,qiskit_heavy,0.0003,6,11,8192,2,0.9493333333333334,0.9528912483912485,0.7585529977280968,87.76759789302014,0.6367835049750283,88.40438139799517
IoT_Original_Distribution,6q_5k,QSVC,linear,3,L3,qiskit_heavy,0.0003,6,12,9216,0,0.9486666666666667,0.9518816922500936,0.747423687177894,86.31964969006367,0.8745070659788325,87.1941567560425
IoT_Original_Distribution,6q_5k,QSVC,linear,3,L3,qiskit_heavy,0.0003,6,13,10240,1,0.9593333333333334,0.9611125915691574,0.7874765055072034,89.61059988907073,0.049716467037796974,89.66031635610852
IoT_Original_Distribution,6q_5k,QSVC,linear,3,L3,qiskit_heavy,0.0003,6,14,11264,2,0.9633333333333334,0.9649375825623552,0.8089859883220626,85.6645526799839,0.9804980729240924,86.64505075290799
IoT_Original_Distribution,6q_5k,QSVC,linear,3,L3,qiskit_heavy,0.0003,6,15,12288,0,0.9493333333333334,0.9525627511065713,0.7519648903964132,81.47562541998923,1.295090644969605,82.77071606495883
IoT_Original_Distribution,6q_5k,QSVC,linear,3,L3,qiskit_heavy,0.0003,6,16,13312,1,0.9546666666666667,0.9569284538432317,0.7673304473147916,86.99956234602723,0.9306836070027202,87.93024595302995
IoT_Original_Distribution,6q_5k,QSVC,linear,3,L3,qiskit_heavy,0.0003,6,17,14336,2,0.96,0.9621857416538717,0.7993956907456233,89.88887899997644,0.0472456980496645,89.9361246980261
IoT_Original_Distribution,6q_5k,QSVC,linear,3,L3,qiskit_heavy,0.0003,6,18,15360,0,0.9546666666666667,0.9574553088944064,0.7774457883857081,83.576811383944,1.7413232310209423,85.31813461496495
IoT_Original_Distribution,6q_5k,QSVC,linear,3,L3,qiskit_heavy,0.0003,6,19,16384,1,0.9426666666666667,0.9470488033477222,0.7316746428613864,90.08822572394274,0.0819552909815684,90.17018101492431
IoT_Original_Distribution,6q_5k,QSVC,linear,3,L3,qiskit_heavy,0.0003,6,20,17408,2,0.9433333333333334,0.9474904304390191,0.7315012789460575,89.7724946050439,0.08021701697725803,89.85271162202116
IoT_Original_Distribution,6q_5k,QSVC,linear,3,L3,qiskit_heavy,0.0003,6,21,18432,0,0.9506666666666667,0.9537013655615598,0.7566995166136605,88.98843776492868,0.058712632046081126,89.04715039697476
IoT_Original_Distribution,6q_5k,QSVC,linear,3,L3,qiskit_heavy,0.0003,6,22,19456,1,0.952,0.954844349817144,0.7615061436964442,88.82543929305393,0.09523668605834246,88.92067597911227
IoT_Original_Distribution,6q_5k,QSVC,linear,3,L3,qiskit_heavy,0.0003,6,23,20480,2,0.9586666666666667,0.9611159678980964,0.7962432180371268,86.03799835999962,1.4478959259577096,87.48589428595733
IoT_Original_Distribution,6q_5k,QSVC,linear,3,L3,qiskit_heavy,0.0003,6,24,21504,0,0.946,0.9500724568471599,0.7472915777441907,82.52174613100942,1.0642527140444145,83.58599884505384
IoT_Original_Distribution,6q_5k,QSVC,linear,3,L3,qiskit_heavy,0.0003,6,25,22528,1,0.9413333333333334,0.9463912386706949,0.7369966615990751,85.14976998604834,0.8915961339371279,86.04136611998547
IoT_Original_Distribution,6q_5k,QSVC,linear,3,L3,qiskit_heavy,0.0003,6,26,23552,2,0.9453333333333334,0.9488177051413007,0.7313129443797038,89.23695269797463,0.04672751494217664,89.2836802129168
IoT_Original_Distribution,6q_5k,QSVC,linear,3,L3,qiskit_heavy,0.0003,6,27,24576,0,0.9566666666666667,0.9584533630522828,0.7712348391774375,90.73006762296427,0.04370244697201997,90.77377006993629
IoT_Original_Distribution,6q_5k,QSVC,linear,3,L3,qiskit_heavy,0.0003,6,28,25600,1,0.9406666666666667,0.9456122066712134,0.7300740400658026,81.49799687496852,1.2451236000051722,82.7431204749737
IoT_Original_Distribution,6q_5k,QSVC,linear,3,L3,qiskit_heavy,0.0003,6,29,26624,2,0.9473333333333334,0.950975800173616,0.7472388545923977,83.67992358305492,1.104650964960456,84.78457454801537
IoT_Original_Distribution,6q_5k,QSVC,linear,3,L3,qiskit_heavy,0.0005,6,0,42,0,0.952,0.9552684099168505,0.7699949480535957,92.17229050502647,0.04362098395358771,92.21591148898005
IoT_Original_Distribution,6q_5k,QSVC,linear,3,L3,qiskit_heavy,0.0005,6,1,123,1,0.9606666666666667,0.9628618468758638,0.8038376889694526,87.18103810597677,1.683474643039517,88.86451274901628
IoT_Original_Distribution,6q_5k,QSVC,linear,3,L3,qiskit_heavy,0.0005,6,2,456,2,0.94,0.9453963181424127,0.735312209411495,89.47386988892686,0.7826501809759066,90.25652006990276
IoT_Original_Distribution,6q_5k,QSVC,linear,3,L3,qiskit_heavy,0.0005,6,3,789,0,0.952,0.9551646827188816,0.7678596108689535,87.62822362792213,0.8098453190177679,88.4380689469399
IoT_Original_Distribution,6q_5k,QSVC,linear,3,L3,qiskit_heavy,0.0005,6,4,1024,1,0.944,0.9481659442724458,0.7360428676187757,89.48965879704338,0.04723681602627039,89.53689561306965
IoT_Original_Distribution,6q_5k,QSVC,linear,3,L3,qiskit_heavy,0.0005,6,5,2048,2,0.9506666666666667,0.9532460820895523,0.748190568590062,74.85947224404663,1.698341932031326,76.55781417607795
IoT_Original_Distribution,6q_5k,QSVC,linear,3,L3,qiskit_heavy,0.0005,6,6,3072,0,0.946,0.9492610508757298,0.731368310513082,85.05640591308475,0.8449227689998224,85.90132868208457
IoT_Original_Distribution,6q_5k,QSVC,linear,3,L3,qiskit_heavy,0.0005,6,7,4096,1,0.9633333333333334,0.9649375825623552,0.8089859883220626,88.00034559494816,0.04788900294806808,88.04823459789623
IoT_Original_Distribution,6q_5k,QSVC,linear,3,L3,qiskit_heavy,0.0005,6,8,5120,2,0.9593333333333334,0.9613130882492995,0.7911796362894623,74.46128498006146,1.3525170220527798,75.81380200211424
IoT_Original_Distribution,6q_5k,QSVC,linear,3,L3,qiskit_heavy,0.0005,6,9,6144,0,0.932,0.9386016775333922,0.7065888540513295,89.93370042694733,0.043602013029158115,89.97730243997648
IoT_Original_Distribution,6q_5k,QSVC,linear,3,L3,qiskit_heavy,0.0005,6,10,7168,1,0.9526666666666667,0.9549709715688568,0.7556867226603413,87.00678722094744,1.0546175020281225,88.06140472297557
IoT_Original_Distribution,6q_5k,QSVC,linear,3,L3,qiskit_heavy,0.0005,6,11,8192,2,0.9493333333333334,0.9528912483912485,0.7585529977280968,85.52154573996086,1.1629635349381715,86.68450927489903
IoT_Original_Distribution,6q_5k,QSVC,linear,3,L3,qiskit_heavy,0.0005,6,12,9216,0,0.9486666666666667,0.9518816922500936,0.747423687177894,88.94100332295056,0.04368110897485167,88.98468443192542
IoT_Original_Distribution,6q_5k,QSVC,linear,3,L3,qiskit_heavy,0.0005,6,13,10240,1,0.9573333333333334,0.9595641791044776,0.7834247393187744,82.79426589398645,0.8069296169560403,83.60119551094249
IoT_Original_Distribution,6q_5k,QSVC,linear,3,L3,qiskit_heavy,0.0005,6,14,11264,2,0.9573333333333334,0.9595641791044776,0.7834247393187744,77.64340174000245,1.4877316100755706,79.13113335007802
IoT_Original_Distribution,6q_5k,QSVC,linear,3,L3,qiskit_heavy,0.0005,6,15,12288,0,0.9493333333333334,0.9525627511065713,0.7519648903964132,86.59738630894572,0.7939280349528417,87.39131434389856
IoT_Original_Distribution,6q_5k,QSVC,linear,3,L3,qiskit_heavy,0.0005,6,16,13312,1,0.9546666666666667,0.9569284538432317,0.7673304473147916,81.36322897998616,1.2752227080054581,82.63845168799162
IoT_Original_Distribution,6q_5k,QSVC,linear,3,L3,qiskit_heavy,0.0005,6,17,14336,2,0.96,0.9621857416538717,0.7993956907456233,89.33686421404127,0.046897690976038575,89.38376190501731
IoT_Original_Distribution,6q_5k,QSVC,linear,3,L3,qiskit_heavy,0.0005,6,18,15360,0,0.9546666666666667,0.9574553088944064,0.7774457883857081,81.58736692497041,0.8828298879088834,82.4701968128793
IoT_Original_Distribution,6q_5k,QSVC,linear,3,L3,qiskit_heavy,0.0005,6,19,16384,1,0.9553333333333334,0.9578261650963198,0.775851834811828,89.72454703506082,0.05047350702807307,89.7750205420889
IoT_Original_Distribution,6q_5k,QSVC,linear,3,L3,qiskit_heavy,0.0005,6,20,17408,2,0.9433333333333334,0.9474904304390191,0.7315012789460575,81.19500222196802,0.8831357110757381,82.07813793304376
IoT_Original_Distribution,6q_5k,QSVC,linear,3,L3,qiskit_heavy,0.0005,6,21,18432,0,0.9553333333333334,0.9579292020129403,0.7778643057011276,89.5800699510146,0.0437491990160197,89.62381915003061
IoT_Original_Distribution,6q_5k,QSVC,linear,3,L3,qiskit_heavy,0.0005,6,22,19456,1,0.952,0.954844349817144,0.7615061436964442,85.7668385419529,1.1085915360599756,86.87543007801287
IoT_Original_Distribution,6q_5k,QSVC,linear,3,L3,qiskit_heavy,0.0005,6,23,20480,2,0.9466666666666667,0.9506342326404246,0.7495119119875201,83.81404382607434,1.148101411992684,84.96214523806702
IoT_Original_Distribution,6q_5k,QSVC,linear,3,L3,qiskit_heavy,0.0005,6,24,21504,0,0.946,0.9500724568471599,0.7472915777441907,89.94541101693176,0.04347854305524379,89.988889559987
IoT_Original_Distribution,6q_5k,QSVC,linear,3,L3,qiskit_heavy,0.0005,6,25,22528,1,0.952,0.9555708093763823,0.7764500007250089,87.0587547160685,0.87685042002704,87.93560513609555
IoT_Original_Distribution,6q_5k,QSVC,linear,3,L3,qiskit_heavy,0.0005,6,26,23552,2,0.946,0.9497346811906696,0.7404311685150645,75.35786388104316,1.7412283379817382,77.0990922190249
IoT_Original_Distribution,6q_5k,QSVC,linear,3,L3,qiskit_heavy,0.0005,6,27,24576,0,0.9566666666666667,0.9584533630522828,0.7712348391774375,81.10948383796494,1.6490599840180948,82.75854382198304
IoT_Original_Distribution,6q_5k,QSVC,linear,3,L3,qiskit_heavy,0.0005,6,28,25600,1,0.9453333333333334,0.9492869266778994,0.7404732531424497,85.83611068804748,0.8918787359725684,86.72798942402005
IoT_Original_Distribution,6q_5k,QSVC,linear,3,L3,qiskit_heavy,0.0005,6,29,26624,2,0.9473333333333334,0.950975800173616,0.7472388545923977,89.69107781490311,0.04732396500185132,89.73840177990496
IoT_Original_Distribution,6q_5k,QSVC,linear,3,L3,qiskit_heavy,0.001,6,0,42,0,0.9533333333333334,0.9565109540858268,0.7768176362817549,85.92957649601158,0.5803397450363263,86.5099162410479
IoT_Original_Distribution,6q_5k,QSVC,linear,3,L3,qiskit_heavy,0.001,6,1,123,1,0.9606666666666667,0.9628618468758638,0.8038376889694526,90.31609743204899,0.05238622997421771,90.36848366202321
IoT_Original_Distribution,6q_5k,QSVC,linear,3,L3,qiskit_heavy,0.001,6,2,456,2,0.9533333333333334,0.9567083520421092,0.7810538008019252,89.2522309019696,0.6508120630169287,89.90304296498653
IoT_Original_Distribution,6q_5k,QSVC,linear,3,L3,qiskit_heavy,0.001,6,3,789,0,0.952,0.9551646827188816,0.7678596108689535,81.99395126593299,1.1397504559718072,83.1337017219048
IoT_Original_Distribution,6q_5k,QSVC,linear,3,L3,qiskit_heavy,0.001,6,4,1024,1,0.944,0.9481659442724458,0.7360428676187757,89.43183698598295,0.07869301200844347,89.5105299979914
IoT_Original_Distribution,6q_5k,QSVC,linear,3,L3,qiskit_heavy,0.001,6,5,2048,2,0.9493333333333334,0.9521019394282375,0.7432908574681596,89.15008837799542,0.07637736795004457,89.22646574594546
IoT_Original_Distribution,6q_5k,QSVC,linear,3,L3,qiskit_heavy,0.001,6,6,3072,0,0.946,0.9492610508757298,0.731368310513082,89.61121602600906,0.04286955506540835,89.65408558107447
IoT_Original_Distribution,6q_5k,QSVC,linear,3,L3,qiskit_heavy,0.001,6,7,4096,1,0.9633333333333334,0.9649375825623552,0.8089859883220626,86.68387353804428,1.08760465902742,87.7714781970717
IoT_Original_Distribution,6q_5k,QSVC,linear,3,L3,qiskit_heavy,0.001,6,8,5120,2,0.9586666666666667,0.9608277985074628,0.7904715734645169,86.49542009399738,0.9705826169811189,87.4660027109785
IoT_Original_Distribution,6q_5k,QSVC,linear,3,L3,qiskit_heavy,0.001,6,9,6144,0,0.9646666666666667,0.9661235114118613,0.8144735705833861,88.7963183389511,0.6356559090781957,89.43197424802929
IoT_Original_Distribution,6q_5k,QSVC,linear,3,L3,qiskit_heavy,0.001,6,10,7168,1,0.9526666666666667,0.9549709715688568,0.7556867226603413,89.34290815796703,0.053461860050447285,89.39637001801748
IoT_Original_Distribution,6q_5k,QSVC,linear,3,L3,qiskit_heavy,0.001,6,11,8192,2,0.95,0.9534580381395088,0.760854226747064,85.6780587589601,1.7587271729717031,87.43678593193181
IoT_Original_Distribution,6q_5k,QSVC,linear,3,L3,qiskit_heavy,0.001,6,12,9216,0,0.9486666666666667,0.9518816922500936,0.747423687177894,89.3935060009826,0.04351246391888708,89.43701846490148
IoT_Original_Distribution,6q_5k,QSVC,linear,3,L3,qiskit_heavy,0.001,6,13,10240,1,0.958,0.9601459194447399,0.7859891074815686,71.9924699650146,1.738482789020054,73.73095275403466
IoT_Original_Distribution,6q_5k,QSVC,linear,3,L3,qiskit_heavy,0.001,6,14,11264,2,0.9546666666666667,0.9571438405410545,0.7713432741068915,84.5787150170654,0.8105183290317655,85.38923334609717
IoT_Original_Distribution,6q_5k,QSVC,linear,3,L3,qiskit_heavy,0.001,6,15,12288,0,0.9493333333333334,0.9525627511065713,0.7519648903964132,90.34349404391833,0.07020253001246601,90.41369657393079
IoT_Original_Distribution,6q_5k,QSVC,linear,3,L3,qiskit_heavy,0.001,6,16,13312,1,0.9546666666666667,0.9570369402985075,0.7693310710272895,90.06891360902227,0.3547728599514812,90.42368646897376
IoT_Original_Distribution,6q_5k,QSVC,linear,3,L3,qiskit_heavy,0.001,6,17,14336,2,0.96,0.9621857416538717,0.7993956907456233,85.24659100198187,1.5738969610538334,86.8204879630357
IoT_Original_Distribution,6q_5k,QSVC,linear,3,L3,qiskit_heavy,0.001,6,18,15360,0,0.9546666666666667,0.9574553088944064,0.7774457883857081,89.79484761808999,0.04388984106481075,89.8387374591548
IoT_Original_Distribution,6q_5k,QSVC,linear,3,L3,qiskit_heavy,0.001,6,19,16384,1,0.9553333333333334,0.9578261650963198,0.775851834811828,87.22338239802048,0.8775394890690222,88.1009218870895
IoT_Original_Distribution,6q_5k,QSVC,linear,3,L3,qiskit_heavy,0.001,6,20,17408,2,0.9433333333333334,0.9474904304390191,0.7315012789460575,78.77636119199451,0.8670650349231437,79.64342622691765
IoT_Original_Distribution,6q_5k,QSVC,linear,3,L3,qiskit_heavy,0.001,6,21,18432,0,0.9553333333333334,0.9579292020129403,0.7778643057011276,88.21256222599186,0.7780893249437213,88.99065155093558
IoT_Original_Distribution,6q_5k,QSVC,linear,3,L3,qiskit_heavy,0.001,6,22,19456,1,0.952,0.954844349817144,0.7615061436964442,89.97337114205584,0.04634095693472773,90.01971209899057
IoT_Original_Distribution,6q_5k,QSVC,linear,3,L3,qiskit_heavy,0.001,6,23,20480,2,0.946,0.9500724568471599,0.7472915777441907,68.02909823704977,1.6949669199530035,69.72406515700277
IoT_Original_Distribution,6q_5k,QSVC,linear,3,L3,qiskit_heavy,0.001,6,24,21504,0,0.946,0.9500724568471599,0.7472915777441907,80.35211203200743,1.344177950057201,81.69628998206463
IoT_Original_Distribution,6q_5k,QSVC,linear,3,L3,qiskit_heavy,0.001,6,25,22528,1,0.952,0.9555708093763823,0.7764500007250089,89.81682249705773,0.04866290697827935,89.86548540403601
IoT_Original_Distribution,6q_5k,QSVC,linear,3,L3,qiskit_heavy,0.001,6,26,23552,2,0.9486666666666667,0.9522169191565624,0.7540465406697309,86.11673878401052,0.9143833119887859,87.03112209599931
IoT_Original_Distribution,6q_5k,QSVC,linear,3,L3,qiskit_heavy,0.001,6,27,24576,0,0.9566666666666667,0.9584533630522828,0.7712348391774375,89.36883871303871,0.043865382904186845,89.4127040959429
IoT_Original_Distribution,6q_5k,QSVC,linear,3,L3,qiskit_heavy,0.001,6,28,25600,1,0.9446666666666667,0.9492787994798958,0.7499043866560298,72.66553148499224,1.8229172299616039,74.48844871495385
IoT_Original_Distribution,6q_5k,QSVC,linear,3,L3,qiskit_heavy,0.001,6,29,26624,2,0.944,0.9480500224505309,0.7337098285325372,82.3105413300218,0.9755164110101759,83.28605774103198
IoT_Original_Distribution,6q_5k,QSVC,linear,3,L3,qiskit_heavy,0.002,6,0,42,0,0.9533333333333334,0.9565109540858268,0.7768176362817549,81.72343896189705,1.1131292309146374,82.83656819281168
IoT_Original_Distribution,6q_5k,QSVC,linear,3,L3,qiskit_heavy,0.002,6,1,123,1,0.9513333333333334,0.954903546141746,0.7719947622991625,89.05206378700677,0.0829943569842726,89.13505814399105
IoT_Original_Distribution,6q_5k,QSVC,linear,3,L3,qiskit_heavy,0.002,6,2,456,2,0.9526666666666667,0.9562363510635601,0.7808928177506742,88.77366755099501,0.08168544201180339,88.85535299300682
IoT_Original_Distribution,6q_5k,QSVC,linear,3,L3,qiskit_heavy,0.002,6,3,789,0,0.952,0.9551646827188816,0.7678596108689535,75.86342357099056,1.9986519200028852,77.86207549099345
IoT_Original_Distribution,6q_5k,QSVC,linear,3,L3,qiskit_heavy,0.002,6,4,1024,1,0.9406666666666667,0.9456122066712134,0.7300740400658026,83.47380073100794,0.776633424917236,84.25043415592518
IoT_Original_Distribution,6q_5k,QSVC,linear,3,L3,qiskit_heavy,0.002,6,5,2048,2,0.9493333333333334,0.9521019394282375,0.7432908574681596,89.40442107699346,0.04662245302461088,89.45104353001807
IoT_Original_Distribution,6q_5k,QSVC,linear,3,L3,qiskit_heavy,0.002,6,6,3072,0,0.946,0.9492610508757298,0.731368310513082,88.02385634090751,0.3413476899731904,88.3652040308807
IoT_Original_Distribution,6q_5k,QSVC,linear,3,L3,qiskit_heavy,0.002,6,7,4096,1,0.9633333333333334,0.9648451533519317,0.8072671153490614,79.43162913701963,1.6035351769533008,81.03516431397293
IoT_Original_Distribution,6q_5k,QSVC,linear,3,L3,qiskit_heavy,0.002,6,8,5120,2,0.9546666666666667,0.9571438405410545,0.7713432741068915,87.0045766539406,0.6251913359155878,87.62976798985619
IoT_Original_Distribution,6q_5k,QSVC,linear,3,L3,qiskit_heavy,0.002,6,9,6144,0,0.9313333333333333,0.9379398828495944,0.7020728433695325,89.27574520895723,0.05407115106936544,89.3298163600266
IoT_Original_Distribution,6q_5k,QSVC,linear,3,L3,qiskit_heavy,0.002,6,10,7168,1,0.9526666666666667,0.9549709715688568,0.7556867226603413,88.22854412696324,0.6392840319313109,88.86782815889455
IoT_Original_Distribution,6q_5k,QSVC,linear,3,L3,qiskit_heavy,0.002,6,11,8192,2,0.9493333333333334,0.9528912483912485,0.7585529977280968,76.27625375299249,1.6188550519291312,77.89510880492162
IoT_Original_Distribution,6q_5k,QSVC,linear,3,L3,qiskit_heavy,0.002,6,12,9216,0,0.9486666666666667,0.9518816922500936,0.747423687177894,89.00579082104377,0.06484972103498876,89.07064054207876
IoT_Original_Distribution,6q_5k,QSVC,linear,3,L3,qiskit_heavy,0.002,6,13,10240,1,0.958,0.9601459194447399,0.7859891074815686,78.68974432500545,1.0967363039962947,79.78648062900174
IoT_Original_Distribution,6q_5k,QSVC,linear,3,L3,qiskit_heavy,0.002,6,14,11264,2,0.9633333333333334,0.9649375825623552,0.8089859883220626,88.48601343203336,0.37620834494009614,88.86222177697346
IoT_Original_Distribution,6q_5k,QSVC,linear,3,L3,qiskit_heavy,0.002,6,15,12288,0,0.9493333333333334,0.9525627511065713,0.7519648903964132,87.45039115007967,0.8664820989361033,88.31687324901577
IoT_Original_Distribution,6q_5k,QSVC,linear,3,L3,qiskit_heavy,0.002,6,16,13312,1,0.9553333333333334,0.9575078182410339,0.7698838881119897,89.50878389400896,0.046139206970110536,89.55492310097907
IoT_Original_Distribution,6q_5k,QSVC,linear,3,L3,qiskit_heavy,0.002,6,17,14336,2,0.9593333333333334,0.9615077323453792,0.7949403762370603,85.8255424980307,0.4452240190003067,86.270766517031
IoT_Original_Distribution,6q_5k,QSVC,linear,3,L3,qiskit_heavy,0.002,6,18,15360,0,0.954,0.9568809969513825,0.7750222281710959,89.7284870389849,0.632108416990377,90.36059545597527
IoT_Original_Distribution,6q_5k,QSVC,linear,3,L3,qiskit_heavy,0.002,6,19,16384,1,0.9546666666666667,0.9572491834136079,0.773366691114791,83.83418860996608,1.0748769160127267,84.9090655259788
IoT_Original_Distribution,6q_5k,QSVC,linear,3,L3,qiskit_heavy,0.002,6,20,17408,2,0.9433333333333334,0.9474904304390191,0.7315012789460575,90.01598218595609,0.05060653202235699,90.06658871797845
IoT_Original_Distribution,6q_5k,QSVC,linear,3,L3,qiskit_heavy,0.002,6,21,18432,0,0.9553333333333334,0.9579292020129403,0.7778643057011276,84.29378184501547,0.7911513630533591,85.08493320806883
IoT_Original_Distribution,6q_5k,QSVC,linear,3,L3,qiskit_heavy,0.002,6,22,19456,1,0.952,0.954844349817144,0.7615061436964442,89.4421209510183,0.04646859096828848,89.48858954198658
IoT_Original_Distribution,6q_5k,QSVC,linear,3,L3,qiskit_heavy,0.002,6,23,20480,2,0.954,0.9570827025000254,0.7791829486041725,80.72509360790718,0.8820450409548357,81.60713864886202
IoT_Original_Distribution,6q_5k,QSVC,linear,3,L3,qiskit_heavy,0.002,6,24,21504,0,0.946,0.9500724568471599,0.7472915777441907,84.52793486404698,1.679460790939629,86.20739565498661
IoT_Original_Distribution,6q_5k,QSVC,linear,3,L3,qiskit_heavy,0.002,6,25,22528,1,0.952,0.9555708093763823,0.7764500007250089,89.94697851594537,0.05537677800748497,90.00235529395286
IoT_Original_Distribution,6q_5k,QSVC,linear,3,L3,qiskit_heavy,0.002,6,26,23552,2,0.9466666666666667,0.950298233240945,0.7427041951409588,88.86915024893824,0.6411209560465068,89.51027120498475
IoT_Original_Distribution,6q_5k,QSVC,linear,3,L3,qiskit_heavy,0.002,6,27,24576,0,0.9566666666666667,0.9584533630522828,0.7712348391774375,89.56911393604241,0.04428778390865773,89.61340171995107
IoT_Original_Distribution,6q_5k,QSVC,linear,3,L3,qiskit_heavy,0.002,6,28,25600,1,0.9453333333333334,0.9498370000520102,0.7520454344783841,85.80734181194566,0.8842295119538903,86.69157132389955
IoT_Original_Distribution,6q_5k,QSVC,linear,3,L3,qiskit_heavy,0.002,6,29,26624,2,0.9473333333333334,0.950975800173616,0.7472388545923977,85.47807083302177,0.8793873840477318,86.3574582170695
IoT_Original_Distribution,6q_5k,QSVC,linear,3,L3,qiskit_heavy,0.005,6,0,42,0,0.9513333333333334,0.9545947432246645,0.7655073141509962,90.70173895696644,0.06677924399264157,90.76851820095908
IoT_Original_Distribution,6q_5k,QSVC,linear,3,L3,qiskit_heavy,0.005,6,1,123,1,0.96,0.9622786912473011,0.8012865702142257,55.918532623909414,1.66459219600074,57.583124819910154
IoT_Original_Distribution,6q_5k,QSVC,linear,3,L3,qiskit_heavy,0.005,6,2,456,2,0.9593333333333334,0.961970105462856,0.8045716872484352,90.35019792802632,0.35350823297630996,90.70370616100263
IoT_Original_Distribution,6q_5k,QSVC,linear,3,L3,qiskit_heavy,0.005,6,3,789,0,0.9513333333333334,0.9545947432246645,0.7655073141509962,89.46191809105221,0.04361220798455179,89.50553029903676
IoT_Original_Distribution,6q_5k,QSVC,linear,3,L3,qiskit_heavy,0.005,6,4,1024,1,0.9453333333333334,0.9494000884564351,0.7427773898031479,84.1159906469984,1.5005367660196498,85.61652741301805
IoT_Original_Distribution,6q_5k,QSVC,linear,3,L3,qiskit_heavy,0.005,6,5,2048,2,0.9493333333333334,0.9521019394282375,0.7432908574681596,87.10787707800046,0.7663100709905848,87.87418714899104
IoT_Original_Distribution,6q_5k,QSVC,linear,3,L3,qiskit_heavy,0.005,6,6,3072,0,0.9453333333333334,0.9486961077844313,0.7290378209175973,87.38404536899179,0.04331509908661246,87.4273604680784
IoT_Original_Distribution,6q_5k,QSVC,linear,3,L3,qiskit_heavy,0.005,6,7,4096,1,0.9633333333333334,0.9648451533519317,0.8072671153490614,74.75655317399651,0.6902312700403854,75.4467844440369
IoT_Original_Distribution,6q_5k,QSVC,linear,3,L3,qiskit_heavy,0.005,6,8,5120,2,0.954,0.956567244651434,0.7688553712724218,75.50210549891926,1.008747338084504,76.51085283700377
IoT_Original_Distribution,6q_5k,QSVC,linear,3,L3,qiskit_heavy,0.005,6,9,6144,0,0.9573333333333334,0.959358448565338,0.7795740834426378,88.90703585895244,0.059038553037680686,88.96607441199012
IoT_Original_Distribution,6q_5k,QSVC,linear,3,L3,qiskit_heavy,0.005,6,10,7168,1,0.9526666666666667,0.9549709715688568,0.7556867226603413,65.8193152260501,1.4945866039488465,67.31390182999894
IoT_Original_Distribution,6q_5k,QSVC,linear,3,L3,qiskit_heavy,0.005,6,11,8192,2,0.9566666666666667,0.9594763418866499,0.7908347624191978,87.65351314598229,0.6741457619937137,88.327658907976
IoT_Original_Distribution,6q_5k,QSVC,linear,3,L3,qiskit_heavy,0.005,6,12,9216,0,0.948,0.9513144024514811,0.7450809083908434,88.71734980295878,0.053153709042817354,88.7705035120016
IoT_Original_Distribution,6q_5k,QSVC,linear,3,L3,qiskit_heavy,0.005,6,13,10240,1,0.9593333333333334,0.9611125915691574,0.7874765055072034,87.66806295595597,0.6055348519003019,88.27359780785628
IoT_Original_Distribution,6q_5k,QSVC,linear,3,L3,qiskit_heavy,0.005,6,14,11264,2,0.9566666666666667,0.9588807105382239,0.7789251797801489,62.756150306086056,1.4913729659747332,64.24752327206079
IoT_Original_Distribution,6q_5k,QSVC,linear,3,L3,qiskit_heavy,0.005,6,15,12288,0,0.9493333333333334,0.9525627511065713,0.7519648903964132,88.18711704399902,1.1466568070463836,89.33377385104541
IoT_Original_Distribution,6q_5k,QSVC,linear,3,L3,qiskit_heavy,0.005,6,16,13312,1,0.9546666666666667,0.9570369402985075,0.7693310710272895,88.4130812860094,1.8001077499939129,90.21318903600331
IoT_Original_Distribution,6q_5k,QSVC,linear,3,L3,qiskit_heavy,0.005,6,17,14336,2,0.9593333333333334,0.9615077323453792,0.7949403762370603,90.62006882799324,0.04701605101581663,90.66708487900905
IoT_Original_Distribution,6q_5k,QSVC,linear,3,L3,qiskit_heavy,0.005,6,18,15360,0,0.954,0.9568809969513825,0.7750222281710959,89.87600146490149,0.05461794603615999,89.93061941093765
IoT_Original_Distribution,6q_5k,QSVC,linear,3,L3,qiskit_heavy,0.005,6,19,16384,1,0.9553333333333334,0.9578261650963198,0.775851834811828,88.7897691159742,0.6704492890276015,89.4602184050018
IoT_Original_Distribution,6q_5k,QSVC,linear,3,L3,qiskit_heavy,0.005,6,20,17408,2,0.944,0.9480500224505309,0.7337098285325372,85.04115248005837,1.8872188230743632,86.92837130313274
IoT_Original_Distribution,6q_5k,QSVC,linear,3,L3,qiskit_heavy,0.005,6,21,18432,0,0.956,0.9586073206657152,0.7823483883008538,89.97573877102695,0.04405704594682902,90.01979581697378
IoT_Original_Distribution,6q_5k,QSVC,linear,3,L3,qiskit_heavy,0.005,6,22,19456,1,0.9513333333333334,0.9542723051102255,0.759093709903244,87.0112374050077,0.9199293070705608,87.93116671207827
IoT_Original_Distribution,6q_5k,QSVC,linear,3,L3,qiskit_heavy,0.005,6,23,20480,2,0.9586666666666667,0.9610213142888777,0.794306600439367,83.96775481000077,1.563444091938436,85.5311989019392
IoT_Original_Distribution,6q_5k,QSVC,linear,3,L3,qiskit_heavy,0.005,6,24,21504,0,0.9473333333333334,0.9508628043116232,0.7449938624712318,81.32406987098511,0.9070063669933006,82.23107623797841
IoT_Original_Distribution,6q_5k,QSVC,linear,3,L3,qiskit_heavy,0.005,6,25,22528,1,0.9493333333333334,0.9533078593443541,0.7674357500576353,89.82627077098005,0.048100322019308805,89.87437109299935
IoT_Original_Distribution,6q_5k,QSVC,linear,3,L3,qiskit_heavy,0.005,6,26,23552,2,0.9473333333333334,0.9506318660747713,0.7405240519295935,84.5372317370493,0.8545267879962921,85.39175852504559
IoT_Original_Distribution,6q_5k,QSVC,linear,3,L3,qiskit_heavy,0.005,6,27,24576,0,0.9566666666666667,0.9584533630522828,0.7712348391774375,89.50685420900118,0.07437524595297873,89.58122945495415
IoT_Original_Distribution,6q_5k,QSVC,linear,3,L3,qiskit_heavy,0.005,6,28,25600,1,0.944,0.9487215094339624,0.7477777870191886,89.20900570799131,0.07688749302178621,89.2858932010131
IoT_Original_Distribution,6q_5k,QSVC,linear,3,L3,qiskit_heavy,0.005,6,29,26624,2,0.9413333333333334,0.9458173801697622,0.7249685529775909,74.13693494792096,1.210429148050025,75.34736409597099
IoT_Original_Distribution,6q_5k,QSVC,linear,3,L3,qiskit_heavy,0.008,6,0,42,0,0.9486666666666667,0.9524325075741703,0.7584969345147942,89.67928373091854,0.06592886603903025,89.74521259695757
IoT_Original_Distribution,6q_5k,QSVC,linear,3,L3,qiskit_heavy,0.008,6,1,123,1,0.9526666666666667,0.9560403819346557,0.7766025269954646,82.19400968996342,1.2265565289417282,83.42056621890515
IoT_Original_Distribution,6q_5k,QSVC,linear,3,L3,qiskit_heavy,0.008,6,2,456,2,0.96,0.9625495403472932,0.8070367464409718,89.3602755429456,0.38801899494137615,89.74829453788698
IoT_Original_Distribution,6q_5k,QSVC,linear,3,L3,qiskit_heavy,0.008,6,3,789,0,0.9513333333333334,0.9545947432246645,0.7655073141509962,87.71201027592178,0.6544407100882381,88.36645098601002
IoT_Original_Distribution,6q_5k,QSVC,linear,3,L3,qiskit_heavy,0.008,6,4,1024,1,0.9406666666666667,0.9456122066712134,0.7300740400658026,55.888998245005496,1.1114201009040698,57.000418345909566
IoT_Original_Distribution,6q_5k,QSVC,linear,3,L3,qiskit_heavy,0.008,6,5,2048,2,0.9486666666666667,0.9515315628718899,0.7408695171147972,87.88872401695698,0.05288419406861067,87.9416082110256
IoT_Original_Distribution,6q_5k,QSVC,linear,3,L3,qiskit_heavy,0.008,6,6,3072,0,0.946,0.9493820398994491,0.733624416681293,89.72342271695379,0.07861897302791476,89.8020416899817
IoT_Original_Distribution,6q_5k,QSVC,linear,3,L3,qiskit_heavy,0.008,6,7,4096,1,0.9626666666666667,0.9642532051282051,0.8045303128510244,87.50946580292657,1.4319368379656225,88.94140264089219
IoT_Original_Distribution,6q_5k,QSVC,linear,3,L3,qiskit_heavy,0.008,6,8,5120,2,0.954,0.956567244651434,0.7688553712724218,89.21205550001469,0.07947480701841414,89.2915303070331
IoT_Original_Distribution,6q_5k,QSVC,linear,3,L3,qiskit_heavy,0.008,6,9,6144,0,0.958,0.9602456907829326,0.7879104825667643,90.24401561298873,0.04331567301414907,90.28733128600288
IoT_Original_Distribution,6q_5k,QSVC,linear,3,L3,qiskit_heavy,0.008,6,10,7168,1,0.9526666666666667,0.954855156513257,0.753651251609038,87.23001731396653,1.081213360070251,88.31123067403678
IoT_Original_Distribution,6q_5k,QSVC,linear,3,L3,qiskit_heavy,0.008,6,11,8192,2,0.9566666666666667,0.9594763418866499,0.7908347624191978,87.0640876290854,0.9449803079478443,88.00906793703325
IoT_Original_Distribution,6q_5k,QSVC,linear,3,L3,qiskit_heavy,0.008,6,12,9216,0,0.948,0.9513144024514811,0.7450809083908434,83.60033903701697,0.9580080090090632,84.55834704602603
IoT_Original_Distribution,6q_5k,QSVC,linear,3,L3,qiskit_heavy,0.008,6,13,10240,1,0.9586666666666667,0.960728884386476,0.7885739767987839,90.01036996208131,0.04996677709277719,90.06033673917409
IoT_Original_Distribution,6q_5k,QSVC,linear,3,L3,qiskit_heavy,0.008,6,14,11264,2,0.9646666666666667,0.9661235114118613,0.8144735705833861,83.22557657200377,0.8995273410109803,84.12510391301475
IoT_Original_Distribution,6q_5k,QSVC,linear,3,L3,qiskit_heavy,0.008,6,15,12288,0,0.95,0.9532419329461342,0.7564924503461042,87.11477345507592,1.1069950360106304,88.22176849108655
IoT_Original_Distribution,6q_5k,QSVC,linear,3,L3,qiskit_heavy,0.008,6,16,13312,1,0.9546666666666667,0.9569284538432317,0.7673304473147916,89.43986283894628,0.04924623295664787,89.48910907190293
IoT_Original_Distribution,6q_5k,QSVC,linear,3,L3,qiskit_heavy,0.008,6,17,14336,2,0.9586666666666667,0.961301191692203,0.800152764435402,86.42958625894971,1.2176649870816618,87.64725124603137
IoT_Original_Distribution,6q_5k,QSVC,linear,3,L3,qiskit_heavy,0.008,6,18,15360,0,0.952,0.9551646827188816,0.7678596108689535,78.7327586869942,1.5068897700402886,80.23964845703449
IoT_Original_Distribution,6q_5k,QSVC,linear,3,L3,qiskit_heavy,0.008,6,19,16384,1,0.9553333333333334,0.9578261650963198,0.775851834811828,88.11552698805463,0.6538365739397705,88.7693635619944
IoT_Original_Distribution,6q_5k,QSVC,linear,3,L3,qiskit_heavy,0.008,6,20,17408,2,0.944,0.9480500224505309,0.7337098285325372,88.68109264294617,0.05261510203126818,88.73370774497744
IoT_Original_Distribution,6q_5k,QSVC,linear,3,L3,qiskit_heavy,0.008,6,21,18432,0,0.9493333333333334,0.9526738317588194,0.7541534614148194,77.73992809595075,1.4431889369152486,79.183117032866
IoT_Original_Distribution,6q_5k,QSVC,linear,3,L3,qiskit_heavy,0.008,6,22,19456,1,0.952,0.954844349817144,0.7615061436964442,82.89160843903664,0.8224258440313861,83.71403428306803
IoT_Original_Distribution,6q_5k,QSVC,linear,3,L3,qiskit_heavy,0.008,6,23,20480,2,0.9606666666666667,0.9628618468758638,0.8038376889694526,89.61136562505271,0.04679524607490748,89.65816087112762
IoT_Original_Distribution,6q_5k,QSVC,linear,3,L3,qiskit_heavy,0.008,6,24,21504,0,0.9593333333333334,0.9616029264309779,0.7968412254300464,89.42433012602851,0.05394146894104779,89.47827159496956
IoT_Original_Distribution,6q_5k,QSVC,linear,3,L3,qiskit_heavy,0.008,6,25,22528,1,0.9453333333333334,0.9497300791476274,0.7497209841861407,88.31902337796055,0.6993306319927797,89.01835400995333
IoT_Original_Distribution,6q_5k,QSVC,linear,3,L3,qiskit_heavy,0.008,6,26,23552,2,0.9473333333333334,0.9506318660747713,0.7405240519295935,75.95706876902841,1.485744787962176,77.44281355699059
IoT_Original_Distribution,6q_5k,QSVC,linear,3,L3,qiskit_heavy,0.008,6,27,24576,0,0.9566666666666667,0.958342479245814,0.7693473315835193,90.94031521002762,0.043785941088572145,90.98410115111619
IoT_Original_Distribution,6q_5k,QSVC,linear,3,L3,qiskit_heavy,0.008,6,28,25600,1,0.944,0.9487215094339624,0.7477777870191886,88.42314357194118,0.7871551960706711,89.21029876801185
IoT_Original_Distribution,6q_5k,QSVC,linear,3,L3,qiskit_heavy,0.008,6,29,26624,2,0.94,0.9447066755393668,0.7206889371092422,81.00075120804831,1.6255073570646346,82.62625856511295
IoT_Original_Distribution,6q_5k,QSVC,linear,3,L3,qiskit_heavy,0.01,6,0,42,0,0.952,0.9551646827188816,0.7678596108689535,84.25616878899746,1.0442637800006196,85.30043256899808
IoT_Original_Distribution,6q_5k,QSVC,linear,3,L3,qiskit_heavy,0.01,6,1,123,1,0.96,0.9622786912473011,0.8012865702142257,88.20533476897981,0.054901549010537565,88.26023631799035
IoT_Original_Distribution,6q_5k,QSVC,linear,3,L3,qiskit_heavy,0.01,6,2,456,2,0.934,0.940464640898339,0.7175025503923863,87.70428007200826,0.43709536001551896,88.14137543202378
IoT_Original_Distribution,6q_5k,QSVC,linear,3,L3,qiskit_heavy,0.01,6,3,789,0,0.9513333333333334,0.9545947432246645,0.7655073141509962,81.78127214394044,1.5540674520889297,83.33533959602937
IoT_Original_Distribution,6q_5k,QSVC,linear,3,L3,qiskit_heavy,0.01,6,4,1024,1,0.942,0.9467217602605283,0.7342901316896631,89.44374063808937,0.046516436035744846,89.49025707412511
IoT_Original_Distribution,6q_5k,QSVC,linear,3,L3,qiskit_heavy,0.01,6,5,2048,2,0.9486666666666667,0.9515315628718899,0.7408695171147972,86.11579951702151,0.771376998978667,86.88717651600018
IoT_Original_Distribution,6q_5k,QSVC,linear,3,L3,qiskit_heavy,0.01,6,6,3072,0,0.9446666666666667,0.9481322137241268,0.7267247814329926,80.84857011598069,0.7561455849790946,81.60471570095979
IoT_Original_Distribution,6q_5k,QSVC,linear,3,L3,qiskit_heavy,0.01,6,7,4096,1,0.9626666666666667,0.9643466144338894,0.80627610183608,77.96406553394627,1.7271651750197634,79.69123070896603
IoT_Original_Distribution,6q_5k,QSVC,linear,3,L3,qiskit_heavy,0.01,6,8,5120,2,0.9606666666666667,0.9625815115853881,0.7982782190152865,88.61072022595908,0.04637366905808449,88.65709389501717
IoT_Original_Distribution,6q_5k,QSVC,linear,3,L3,qiskit_heavy,0.01,6,9,6144,0,0.958,0.9602456907829326,0.7879104825667643,88.970812938991,0.05336018302477896,89.02417312201578
IoT_Original_Distribution,6q_5k,QSVC,linear,3,L3,qiskit_heavy,0.01,6,10,7168,1,0.9526666666666667,0.954855156513257,0.753651251609038,56.25987517694011,1.5771085650194436,57.83698374195956
IoT_Original_Distribution,6q_5k,QSVC,linear,3,L3,qiskit_heavy,0.01,6,11,8192,2,0.9493333333333334,0.9531025210084034,0.7629809563562645,87.61291325301863,0.645134383928962,88.2580476369476
IoT_Original_Distribution,6q_5k,QSVC,linear,3,L3,qiskit_heavy,0.01,6,12,9216,0,0.9493333333333334,0.9524500511172777,0.7497840926896447,89.29801230295561,0.37207939696963876,89.67009169992525
IoT_Original_Distribution,6q_5k,QSVC,linear,3,L3,qiskit_heavy,0.01,6,13,10240,1,0.9593333333333334,0.9613130882492995,0.7911796362894623,88.88030849094503,0.3681799640180543,89.24848845496308
IoT_Original_Distribution,6q_5k,QSVC,linear,3,L3,qiskit_heavy,0.01,6,14,11264,2,0.96,0.9618985455300044,0.7938063807213714,88.9288507909514,0.09322340600192547,89.02207419695333
IoT_Original_Distribution,6q_5k,QSVC,linear,3,L3,qiskit_heavy,0.01,6,15,12288,0,0.9493333333333334,0.9526738317588194,0.7541534614148194,89.21280818502419,0.04362123098690063,89.25642941601109
IoT_Original_Distribution,6q_5k,QSVC,linear,3,L3,qiskit_heavy,0.01,6,16,13312,1,0.9546666666666667,0.9569284538432317,0.7673304473147916,83.94815357401967,0.9349222279852256,84.8830758020049
IoT_Original_Distribution,6q_5k,QSVC,linear,3,L3,qiskit_heavy,0.01,6,17,14336,2,0.96,0.9620914179104478,0.7975184076102594,83.37350158800837,0.8718168250052258,84.24531841301359
IoT_Original_Distribution,6q_5k,QSVC,linear,3,L3,qiskit_heavy,0.01,6,18,15360,0,0.954,0.9568809969513825,0.7750222281710959,89.42660702799913,0.05451729497872293,89.48112432297785
IoT_Original_Distribution,6q_5k,QSVC,linear,3,L3,qiskit_heavy,0.01,6,19,16384,1,0.9553333333333334,0.9578261650963198,0.775851834811828,83.37988682894502,1.2717144269263372,84.65160125587136
IoT_Original_Distribution,6q_5k,QSVC,linear,3,L3,qiskit_heavy,0.01,6,20,17408,2,0.944,0.9480500224505309,0.7337098285325372,88.23490069492254,0.6553679049247876,88.89026859984733
IoT_Original_Distribution,6q_5k,QSVC,linear,3,L3,qiskit_heavy,0.01,6,21,18432,0,0.9573333333333334,0.9597639373304546,0.7873266306645084,89.79088475299068,0.0739868360105902,89.86487158900127
IoT_Original_Distribution,6q_5k,QSVC,linear,3,L3,qiskit_heavy,0.01,6,22,19456,1,0.9513333333333334,0.9542723051102255,0.759093709903244,89.14557798299938,0.07639813399873674,89.22197611699812
IoT_Original_Distribution,6q_5k,QSVC,linear,3,L3,qiskit_heavy,0.01,6,23,20480,2,0.9586666666666667,0.9611159678980964,0.7962432180371268,61.4816319149686,0.9242674889974296,62.40589940396603
IoT_Original_Distribution,6q_5k,QSVC,linear,3,L3,qiskit_heavy,0.01,6,24,21504,0,0.9466666666666667,0.9506342326404246,0.7495119119875201,84.13332627899945,0.7562797989230603,84.88960607792251
IoT_Original_Distribution,6q_5k,QSVC,linear,3,L3,qiskit_heavy,0.01,6,25,22528,1,0.9386666666666666,0.9444050505050506,0.7337397035584198,77.50742258701939,1.3435188350267708,78.85094142204616
IoT_Original_Distribution,6q_5k,QSVC,linear,3,L3,qiskit_heavy,0.01,6,26,23552,2,0.9466666666666667,0.9500660537963909,0.7381969263852736,89.04551801003981,0.046773765003308654,89.09229177504312
IoT_Original_Distribution,6q_5k,QSVC,linear,3,L3,qiskit_heavy,0.01,6,27,24576,0,0.958,0.9595151478498363,0.7747566566339402,90.00340520392638,0.04385631892364472,90.04726152285002
IoT_Original_Distribution,6q_5k,QSVC,linear,3,L3,qiskit_heavy,0.01,6,28,25600,1,0.938,0.943403620111923,0.7218101255221689,86.08135107601993,0.962085788953118,87.04343686497305
IoT_Original_Distribution,6q_5k,QSVC,linear,3,L3,qiskit_heavy,0.01,6,29,26624,2,0.9386666666666666,0.9434779349957971,0.7140108209737575,85.85215294803493,1.0526752029545605,86.90482815098949
IoT_Original_Distribution,6q_5k,QSVC,linear,3,L3,qiskit_heavy,0.02,6,0,42,0,0.9526666666666667,0.955838722862345,0.7723451313775843,89.68281037500128,0.6108912690542638,90.29370164405555
IoT_Original_Distribution,6q_5k,QSVC,linear,3,L3,qiskit_heavy,0.02,6,1,123,1,0.9573333333333334,0.9599579377829707,0.7912766362337398,89.98273004195653,0.05387085292022675,90.03660089487676
IoT_Original_Distribution,6q_5k,QSVC,linear,3,L3,qiskit_heavy,0.02,6,2,456,2,0.9546666666666667,0.9579452562694775,0.7878172254118379,84.50858746794984,1.588012038031593,86.09659950598143
IoT_Original_Distribution,6q_5k,QSVC,linear,3,L3,qiskit_heavy,0.02,6,3,789,0,0.9506666666666667,0.9540258657478741,0.7631722598254365,89.62924356793519,0.06701735395472497,89.69626092188992
IoT_Original_Distribution,6q_5k,QSVC,linear,3,L3,qiskit_heavy,0.02,6,4,1024,1,0.9406666666666667,0.9456122066712134,0.7300740400658026,77.95397901604883,1.8008113809628412,79.75479039701167
IoT_Original_Distribution,6q_5k,QSVC,linear,3,L3,qiskit_heavy,0.02,6,5,2048,2,0.9493333333333334,0.9521019394282375,0.7432908574681596,89.33616680908017,0.35229895007796586,89.68846575915813
IoT_Original_Distribution,6q_5k,QSVC,linear,3,L3,qiskit_heavy,0.02,6,6,3072,0,0.948,0.9509622986214916,0.7384668422404976,79.30057145492174,1.7488767420873046,81.04944819700904
IoT_Original_Distribution,6q_5k,QSVC,linear,3,L3,qiskit_heavy,0.02,6,7,4096,1,0.9573333333333334,0.9596647910974632,0.7853694824262574,88.6073120359797,0.8016420929925516,89.40895412897225
IoT_Original_Distribution,6q_5k,QSVC,linear,3,L3,qiskit_heavy,0.02,6,8,5120,2,0.9613333333333334,0.9631685940123375,0.8009225293607383,89.4956352149602,0.05334912601392716,89.54898434097413
IoT_Original_Distribution,6q_5k,QSVC,linear,3,L3,qiskit_heavy,0.02,6,9,6144,0,0.9566666666666667,0.9590850855412059,0.7828482983512342,79.66108560701832,2.033710260060616,81.69479586707894
IoT_Original_Distribution,6q_5k,QSVC,linear,3,L3,qiskit_heavy,0.02,6,10,7168,1,0.9513333333333334,0.9537025482327683,0.7485881399345171,89.19483904493973,0.04610821197275072,89.24094725691248
IoT_Original_Distribution,6q_5k,QSVC,linear,3,L3,qiskit_heavy,0.02,6,11,8192,2,0.95,0.953770793377,0.7674523217480809,86.41362799599301,0.7899264090228826,87.2035544050159
IoT_Original_Distribution,6q_5k,QSVC,linear,3,L3,qiskit_heavy,0.02,6,12,9216,0,0.9506666666666667,0.9535900262009535,0.7545587288283078,85.98260288196616,0.7803720709634945,86.76297495292965
IoT_Original_Distribution,6q_5k,QSVC,linear,3,L3,qiskit_heavy,0.02,6,13,10240,1,0.958,0.9601459194447399,0.7859891074815686,89.43010214297101,0.046346799936145544,89.47644894290715
IoT_Original_Distribution,6q_5k,QSVC,linear,3,L3,qiskit_heavy,0.02,6,14,11264,2,0.9646666666666667,0.9660330984619714,0.8128100084958152,71.01036338100675,1.5750106880441308,72.58537406905089
IoT_Original_Distribution,6q_5k,QSVC,linear,3,L3,qiskit_heavy,0.02,6,15,12288,0,0.942,0.9462549111552313,0.7247523650538733,88.95509817393031,0.044411698007024825,88.99950987193733
IoT_Original_Distribution,6q_5k,QSVC,linear,3,L3,qiskit_heavy,0.02,6,16,13312,1,0.954,0.9563502927251915,0.7647973243773094,79.29454813606571,1.3032621729653329,80.59781030903105
IoT_Original_Distribution,6q_5k,QSVC,linear,3,L3,qiskit_heavy,0.02,6,17,14336,2,0.9586666666666667,0.9610213142888777,0.794306600439367,84.36688325693831,0.8940361030399799,85.26091935997829
IoT_Original_Distribution,6q_5k,QSVC,linear,3,L3,qiskit_heavy,0.02,6,18,15360,0,0.9546666666666667,0.9574553088944064,0.7774457883857081,78.68882411101367,1.6422087110113353,80.33103282202501
IoT_Original_Distribution,6q_5k,QSVC,linear,3,L3,qiskit_heavy,0.02,6,19,16384,1,0.9533333333333334,0.9562039944501242,0.7705303644616922,88.7098149410449,0.8412003089906648,89.55101525003556
IoT_Original_Distribution,6q_5k,QSVC,linear,3,L3,qiskit_heavy,0.02,6,20,17408,2,0.94,0.9447066755393668,0.7206889371092422,89.20554437104147,0.05818791105411947,89.26373228209559
IoT_Original_Distribution,6q_5k,QSVC,linear,3,L3,qiskit_heavy,0.02,6,21,18432,0,0.9573333333333334,0.9599579377829707,0.7912766362337398,90.2587704421021,0.06448176095727831,90.32325220305938
IoT_Original_Distribution,6q_5k,QSVC,linear,3,L3,qiskit_heavy,0.02,6,22,19456,1,0.954,0.9566733572969086,0.7709006848307817,60.569429959054105,1.2700874030124396,61.839517362066545
IoT_Original_Distribution,6q_5k,QSVC,linear,3,L3,qiskit_heavy,0.02,6,23,20480,2,0.9353333333333333,0.9412085324481665,0.7137619271517838,89.94935529201757,0.3514678659848869,90.30082315800246
IoT_Original_Distribution,6q_5k,QSVC,linear,3,L3,qiskit_heavy,0.02,6,24,21504,0,0.954,0.9569825783104435,0.7770978375899604,86.35650790203363,0.79735284706112,87.15386074909475
IoT_Original_Distribution,6q_5k,QSVC,linear,3,L3,qiskit_heavy,0.02,6,25,22528,1,0.9506666666666667,0.9544373424154817,0.7719111821641591,69.1012959301006,1.2918830720009282,70.39317900210153
IoT_Original_Distribution,6q_5k,QSVC,linear,3,L3,qiskit_heavy,0.02,6,26,23552,2,0.9446666666666667,0.9486105873320623,0.7359341918993468,89.326090511051,0.04715893801767379,89.37324944906868
IoT_Original_Distribution,6q_5k,QSVC,linear,3,L3,qiskit_heavy,0.02,6,27,24576,0,0.9546666666666667,0.9564780429308071,0.7594516977876128,90.6724015600048,0.0531340129673481,90.72553557297215
IoT_Original_Distribution,6q_5k,QSVC,linear,3,L3,qiskit_heavy,0.02,6,28,25600,1,0.9373333333333334,0.942853606979515,0.7197782460291479,89.3810699590249,0.8418641780735925,90.22293413709849
IoT_Original_Distribution,6q_5k,QSVC,linear,3,L3,qiskit_heavy,0.02,6,29,26624,2,0.9333333333333333,0.9390809530348805,0.6975731288922437,88.1382599050412,1.0730982259847224,89.21135813102592
IoT_Original_Distribution,6q_5k,QSVC,linear,3,L3,qiskit_heavy,0.05,6,0,42,0,0.9246666666666666,0.9327940530160153,0.6889822866421416,83.69477939698845,1.7564767310395837,85.45125612802804
IoT_Original_Distribution,6q_5k,QSVC,linear,3,L3,qiskit_heavy,0.05,6,1,123,1,0.936,0.9423237611561299,0.7283810826528431,88.59926682594232,0.9487287290394306,89.54799555498175
IoT_Original_Distribution,6q_5k,QSVC,linear,3,L3,qiskit_heavy,0.05,6,2,456,2,0.9233333333333333,0.9319626942136723,0.6909264170785077,89.99483266402967,0.04386979201808572,90.03870245604776
IoT_Original_Distribution,6q_5k,QSVC,linear,3,L3,qiskit_heavy,0.05,6,3,789,0,0.9266666666666666,0.9342819266460451,0.6916712177375652,88.964599306928,0.8813091529300436,89.84590845985804
IoT_Original_Distribution,6q_5k,QSVC,linear,3,L3,qiskit_heavy,0.05,6,4,1024,1,0.9346666666666666,0.9404218455743879,0.706688750929598,88.65904893504921,0.9539556639501825,89.6130045989994
IoT_Original_Distribution,6q_5k,QSVC,linear,3,L3,qiskit_heavy,0.05,6,5,2048,2,0.9346666666666666,0.9402993339741829,0.7041437176767156,90.99497244297527,0.050071269972249866,91.04504371294752
IoT_Original_Distribution,6q_5k,QSVC,linear,3,L3,qiskit_heavy,0.05,6,6,3072,0,0.922,0.9296400301525823,0.6598172528013454,90.02322156901937,0.7855696179904044,90.80879118700977
IoT_Original_Distribution,6q_5k,QSVC,linear,3,L3,qiskit_heavy,0.05,6,7,4096,1,0.934,0.9399963372409121,0.707255200132095,63.58734506799374,1.0134819470113143,64.60082701500505
IoT_Original_Distribution,6q_5k,QSVC,linear,3,L3,qiskit_heavy,0.05,6,8,5120,2,0.9353333333333333,0.9410897840730583,0.7112277124903293,90.65490961191244,0.05367419100366533,90.70858380291611
IoT_Original_Distribution,6q_5k,QSVC,linear,3,L3,qiskit_heavy,0.05,6,9,6144,0,0.9226666666666666,0.931192286058658,0.6836981870239162,89.6649336880073,0.045080743031576276,89.71001443103887
IoT_Original_Distribution,6q_5k,QSVC,linear,3,L3,qiskit_heavy,0.05,6,10,7168,1,0.9346666666666666,0.9401750943396227,0.7015999326061612,84.97008291899692,0.8908475470962003,85.86093046609312
IoT_Original_Distribution,6q_5k,QSVC,linear,3,L3,qiskit_heavy,0.05,6,11,8192,2,0.9213333333333333,0.9298826292785104,0.6746841911929742,81.66880266100634,0.6265040329890326,82.29530669399537
IoT_Original_Distribution,6q_5k,QSVC,linear,3,L3,qiskit_heavy,0.05,6,12,9216,0,0.9373333333333334,0.9424960732303532,0.7123044346116361,84.9449170329608,0.7733211390441284,85.71823817200493
IoT_Original_Distribution,6q_5k,QSVC,linear,3,L3,qiskit_heavy,0.05,6,13,10240,1,0.9226666666666666,0.9304394740319809,0.6671659503186974,82.22590303607285,1.5492894960334525,83.7751925321063
IoT_Original_Distribution,6q_5k,QSVC,linear,3,L3,qiskit_heavy,0.05,6,14,11264,2,0.942,0.9469454753124061,0.7390818032083202,89.68386267998721,0.0473665960598737,89.73122927604709
IoT_Original_Distribution,6q_5k,QSVC,linear,3,L3,qiskit_heavy,0.05,6,15,12288,0,0.9313333333333333,0.9375719468264038,0.6942417460927173,89.44557311199605,0.044050735887140036,89.4896238478832
IoT_Original_Distribution,6q_5k,QSVC,linear,3,L3,qiskit_heavy,0.05,6,16,13312,1,0.9286666666666666,0.9351475564118951,0.6812282920533397,84.14099809294567,0.7770340809365734,84.91803217388224
IoT_Original_Distribution,6q_5k,QSVC,linear,3,L3,qiskit_heavy,0.05,6,17,14336,2,0.93,0.936976377170497,0.7009084758696238,83.80469009990338,1.5423376329708844,85.34702773287427
IoT_Original_Distribution,6q_5k,QSVC,linear,3,L3,qiskit_heavy,0.05,6,18,15360,0,0.9313333333333333,0.9380591718437266,0.704683595372155,88.69303094502538,0.6663678819313645,89.35939882695675
IoT_Original_Distribution,6q_5k,QSVC,linear,3,L3,qiskit_heavy,0.05,6,19,16384,1,0.924,0.9321387195121952,0.6844796463624363,88.42447887605522,0.636138112982735,89.06061698903795
IoT_Original_Distribution,6q_5k,QSVC,linear,3,L3,qiskit_heavy,0.05,6,20,17408,2,0.9166666666666666,0.9259184096833257,0.6570319338889408,88.92472396895755,0.6125786739867181,89.53730264294427
IoT_Original_Distribution,6q_5k,QSVC,linear,3,L3,qiskit_heavy,0.05,6,21,18432,0,0.9346666666666666,0.9408951700392478,0.7168806933090737,82.01569012808613,1.4993297510081902,83.51501987909433
IoT_Original_Distribution,6q_5k,QSVC,linear,3,L3,qiskit_heavy,0.05,6,22,19456,1,0.92,0.9288196062675773,0.6712144251413242,89.56652081792708,0.04773507500067353,89.61425589292776
IoT_Original_Distribution,6q_5k,QSVC,linear,3,L3,qiskit_heavy,0.05,6,23,20480,2,0.906,0.9170019386046183,0.6191867922360262,86.10086303099524,0.9263458109926432,87.02720884198789
IoT_Original_Distribution,6q_5k,QSVC,linear,3,L3,qiskit_heavy,0.05,6,24,21504,0,0.9186666666666666,0.927883123088685,0.6705942830317453,89.04719326703344,0.04394742799922824,89.09114069503266
IoT_Original_Distribution,6q_5k,QSVC,linear,3,L3,qiskit_heavy,0.05,6,25,22528,1,0.936,0.9424326681643981,0.7309107622197405,84.46381068590563,0.8177203680388629,85.28153105394449
IoT_Original_Distribution,6q_5k,QSVC,linear,3,L3,qiskit_heavy,0.05,6,26,23552,2,0.9373333333333334,0.9423735053643536,0.7098174455973282,80.5474865330616,1.6212460160022601,82.16873254906386
IoT_Original_Distribution,6q_5k,QSVC,linear,3,L3,qiskit_heavy,0.05,6,27,24576,0,0.9326666666666666,0.9381482504173949,0.6878311949798431,89.42009971605148,0.6296592529397458,90.04975896899123
IoT_Original_Distribution,6q_5k,QSVC,linear,3,L3,qiskit_heavy,0.05,6,28,25600,1,0.918,0.9278344679767039,0.68015265441926,81.66184260090813,1.7228814830305055,83.38472408393864
IoT_Original_Distribution,6q_5k,QSVC,linear,3,L3,qiskit_heavy,0.05,6,29,26624,2,0.914,0.9240656034042253,0.6560841459764537,89.68089587497525,0.05502187297679484,89.73591774795204
IoT_Original_Distribution,6q_5k,QVE,linear,0,L0,baseline_unoptimized,0.0,6,0,42,0,0.9486666666666667,0.952642031445623,0.7629735939450754,250.05155802704394,5.137987665017135,255.18954569206107
IoT_Original_Distribution,6q_5k,QVE,linear,0,L0,baseline_unoptimized,0.0,6,1,123,1,0.958,0.9609047520371875,0.8017003432110631,264.38720114692114,4.1344730301061645,268.5216741770273
IoT_Original_Distribution,6q_5k,QVE,linear,0,L0,baseline_unoptimized,0.0,6,2,456,2,0.9406666666666667,0.9459483585824967,0.7373556178755221,264.5558200109517,4.68843827303499,269.2442582839867
IoT_Original_Distribution,6q_5k,QVE,linear,0,L0,baseline_unoptimized,0.0,6,3,789,0,0.948,0.951868376824414,0.7562464341718923,250.53402173495851,4.987224253010936,255.52124598796945
IoT_Original_Distribution,6q_5k,QVE,linear,0,L0,baseline_unoptimized,0.0,6,4,1024,1,0.9466666666666667,0.9507430728816021,0.7517929125127727,265.0258972188458,4.713595553999767,269.73949277284555
IoT_Original_Distribution,6q_5k,QVE,linear,0,L0,baseline_unoptimized,0.0,6,5,2048,2,0.946,0.9496188246739429,0.7381560452446436,262.96683308505453,5.177762391977012,268.14459547703154
IoT_Original_Distribution,6q_5k,QVE,linear,0,L0,baseline_unoptimized,0.0,6,6,3072,0,0.9486666666666667,0.9518816922500936,0.747423687177894,245.86466287693474,5.170113733969629,251.03477661090437
IoT_Original_Distribution,6q_5k,QVE,linear,0,L0,baseline_unoptimized,0.0,6,7,4096,1,0.9513333333333334,0.9546991571224553,0.7676619128243972,262.2739819899434,4.288489787024446,266.56247177696787
IoT_Original_Distribution,6q_5k,QVE,linear,0,L0,baseline_unoptimized,0.0,6,8,5120,2,0.952,0.9551646827188816,0.7678596108689535,263.2828167419648,3.6949034990975633,266.97772024106234
IoT_Original_Distribution,6q_5k,QVE,linear,0,L0,baseline_unoptimized,0.0,6,9,6144,0,0.95,0.9535637837337912,0.7630464152967588,245.79107047000434,4.819101500092074,250.61017197009642
IoT_Original_Distribution,6q_5k,QVE,linear,0,L0,baseline_unoptimized,0.0,6,10,7168,1,0.9553333333333334,0.95728760057596,0.7659670226923443,259.3470885109855,4.608432439970784,263.95552095095627
IoT_Original_Distribution,6q_5k,QVE,linear,0,L0,baseline_unoptimized,0.0,6,11,8192,2,0.9473333333333334,0.9516209087423189,0.7608380955238458,261.23443799698725,4.209111882955767,265.443549879943
IoT_Original_Distribution,6q_5k,QVE,linear,0,L0,baseline_unoptimized,0.0,6,12,9216,0,0.9453333333333334,0.9495116497036421,0.7450868226289773,260.40867029398214,4.022266172920354,264.4309364669025
IoT_Original_Distribution,6q_5k,QVE,linear,0,L0,baseline_unoptimized,0.0,6,13,10240,1,0.95,0.9533507635869841,0.758669496924408,242.6031622190494,5.312371271895245,247.91553349094465
IoT_Original_Distribution,6q_5k,QVE,linear,0,L0,baseline_unoptimized,0.0,6,14,11264,2,0.96,0.962460566671535,0.8051074840817714,258.00883143907413,4.687925359001383,262.6967567980755
IoT_Original_Distribution,6q_5k,QVE,linear,0,L0,baseline_unoptimized,0.0,6,15,12288,0,0.944,0.9481659442724458,0.7360428676187757,249.49387094203848,5.484759536921047,254.97863047895953
IoT_Original_Distribution,6q_5k,QVE,linear,0,L0,baseline_unoptimized,0.0,6,16,13312,1,0.944,0.9479324324324323,0.7313817611299739,263.637923093047,4.591701655997895,268.2296247490449
IoT_Original_Distribution,6q_5k,QVE,linear,0,L0,baseline_unoptimized,0.0,6,17,14336,2,0.952,0.9553706563706564,0.7721386160271583,262.32514038996305,4.79075848904904,267.1158988790121
IoT_Original_Distribution,6q_5k,QVE,linear,0,L0,baseline_unoptimized,0.0,6,18,15360,0,0.95,0.953770793377,0.7674523217480809,249.40618142101448,5.33443113300018,254.74061255401466
IoT_Original_Distribution,6q_5k,QVE,linear,0,L0,baseline_unoptimized,0.0,6,19,16384,1,0.9446666666666667,0.9489518001296976,0.7428974547506464,263.0410716980696,5.292122735991143,268.3331944340607
IoT_Original_Distribution,6q_5k,QVE,linear,0,L0,baseline_unoptimized,0.0,6,20,17408,2,0.936,0.941396010781671,0.7081967689508794,265.2132360659307,3.6445683849742636,268.85780445090495
IoT_Original_Distribution,6q_5k,QVE,linear,0,L0,baseline_unoptimized,0.0,6,21,18432,0,0.9473333333333334,0.9514119543403146,0.7562815475469323,246.669807876111,5.1750090229325,251.8448168990435
IoT_Original_Distribution,6q_5k,QVE,linear,0,L0,baseline_unoptimized,0.0,6,22,19456,1,0.9473333333333334,0.9510871855329268,0.7494903035980528,261.9999834819464,4.388724435004406,266.3887079169508
IoT_Original_Distribution,6q_5k,QVE,linear,0,L0,baseline_unoptimized,0.0,6,23,20480,2,0.9526666666666667,0.955838722862345,0.7723451313775843,261.59964463301003,5.002999394084327,266.60264402709436
IoT_Original_Distribution,6q_5k,QVE,linear,0,L0,baseline_unoptimized,0.0,6,24,21504,0,0.944,0.9483928971700757,0.7407232855156963,249.06855399894994,5.333906664978713,254.40246066392865
IoT_Original_Distribution,6q_5k,QVE,linear,0,L0,baseline_unoptimized,0.0,6,25,22528,1,0.95,0.9538721085509316,0.7696656403432183,264.02255215717014,4.2741559590213,268.29670811619144
IoT_Original_Distribution,6q_5k,QVE,linear,0,L0,baseline_unoptimized,0.0,6,26,23552,2,0.9393333333333334,0.9442721860196329,0.7210161497725717,263.0093643789878,4.3550657340092584,267.36443011299707
IoT_Original_Distribution,6q_5k,QVE,linear,0,L0,baseline_unoptimized,0.0,6,27,24576,0,0.9513333333333334,0.9539354829706997,0.7527610142152849,245.59356887300964,5.063618961023167,250.6571878340328
IoT_Original_Distribution,6q_5k,QVE,linear,0,L0,baseline_unoptimized,0.0,6,28,25600,1,0.9446666666666667,0.9492787994798958,0.7499043866560298,259.36728858505376,5.426509621902369,264.7937982069561
IoT_Original_Distribution,6q_5k,QVE,linear,0,L0,baseline_unoptimized,0.0,6,29,26624,2,0.9393333333333334,0.9441526897568164,0.7185712364218283,261.6392717330018,3.8702906789258122,265.5095624119276
IoT_Original_Distribution,6q_5k,QVE,linear,0,L0,baseline_unoptimized,0.0003,6,0,42,0,0.9473333333333334,0.9515171702284452,0.7585570226895514,127.29246692010202,1.3163651380455121,128.60883205814753
IoT_Original_Distribution,6q_5k,QVE,linear,0,L0,baseline_unoptimized,0.0003,6,1,123,1,0.958,0.9609047520371875,0.8017003432110631,116.14539255097043,2.6030042758211493,118.74839682679158
IoT_Original_Distribution,6q_5k,QVE,linear,0,L0,baseline_unoptimized,0.0003,6,2,456,2,0.9306666666666666,0.9377517624087965,0.7080355160075477,122.12183021998499,2.292572822072543,124.41440304205753
IoT_Original_Distribution,6q_5k,QVE,linear,0,L0,baseline_unoptimized,0.0003,6,3,789,0,0.948,0.951868376824414,0.7562464341718923,126.02836032304913,2.2561092131072655,128.2844695361564
IoT_Original_Distribution,6q_5k,QVE,linear,0,L0,baseline_unoptimized,0.0003,6,4,1024,1,0.9466666666666667,0.9507430728816021,0.7517929125127727,127.36864046601113,1.1050580360461026,128.47369850205723
IoT_Original_Distribution,6q_5k,QVE,linear,0,L0,baseline_unoptimized,0.0003,6,5,2048,2,0.9466666666666667,0.950298233240945,0.7427041951409588,119.89107574603986,2.8975573460338637,122.78863309207372
IoT_Original_Distribution,6q_5k,QVE,linear,0,L0,baseline_unoptimized,0.0003,6,6,3072,0,0.948,0.9510813789685726,0.7406638990920347,120.55601839197334,2.7277921619825065,123.28381055395585
IoT_Original_Distribution,6q_5k,QVE,linear,0,L0,baseline_unoptimized,0.0003,6,7,4096,1,0.9513333333333334,0.9546991571224553,0.7676619128243972,125.81124513607938,1.8661377080716193,127.677382844151
IoT_Original_Distribution,6q_5k,QVE,linear,0,L0,baseline_unoptimized,0.0003,6,8,5120,2,0.952,0.9551646827188816,0.7678596108689535,126.1753939279588,1.1300102230161428,127.30540415097494
IoT_Original_Distribution,6q_5k,QVE,linear,0,L0,baseline_unoptimized,0.0003,6,9,6144,0,0.93,0.9368564373164202,0.6982741178620393,126.22138430108316,0.8575470730429515,127.07893137412611
IoT_Original_Distribution,6q_5k,QVE,linear,0,L0,baseline_unoptimized,0.0003,6,10,7168,1,0.9533333333333334,0.9556616436621502,0.7602492708201275,126.02053551189601,1.3074904349632561,127.32802594685927
IoT_Original_Distribution,6q_5k,QVE,linear,0,L0,baseline_unoptimized,0.0003,6,11,8192,2,0.9446666666666667,0.9493847638037898,0.7522491255530257,120.96153681911528,2.2108419589931145,123.1723787781084
IoT_Original_Distribution,6q_5k,QVE,linear,0,L0,baseline_unoptimized,0.0003,6,12,9216,0,0.946,0.9500724568471599,0.7472915777441907,127.21042116498575,0.4079645109595731,127.61838567594532
IoT_Original_Distribution,6q_5k,QVE,linear,0,L0,baseline_unoptimized,0.0003,6,13,10240,1,0.9513333333333334,0.9541616678648454,0.7569734430900897,124.99254659493454,2.2750165190082043,127.26756311394274
IoT_Original_Distribution,6q_5k,QVE,linear,0,L0,baseline_unoptimized,0.0003,6,14,11264,2,0.9573333333333334,0.9599579377829707,0.7912766362337398,127.00968123797793,0.6300948190037161,127.63977605698165
IoT_Original_Distribution,6q_5k,QVE,linear,0,L0,baseline_unoptimized,0.0003,6,15,12288,0,0.9413333333333334,0.9458173801697622,0.7249685529775909,122.4776900568977,2.5832036790670827,125.06089373596478
IoT_Original_Distribution,6q_5k,QVE,linear,0,L0,baseline_unoptimized,0.0003,6,16,13312,1,0.9493333333333334,0.9524500511172777,0.7497840926896447,127.50531910499558,1.0548746889689937,128.56019379396457
IoT_Original_Distribution,6q_5k,QVE,linear,0,L0,baseline_unoptimized,0.0003,6,17,14336,2,0.9546666666666667,0.9576555336789438,0.7815657603230876,127.32770366605837,1.0148463369114324,128.3425500029698
IoT_Original_Distribution,6q_5k,QVE,linear,0,L0,baseline_unoptimized,0.0003,6,18,15360,0,0.95,0.953770793377,0.7674523217480809,104.9494671721477,2.26979332708288,107.21926049923059
IoT_Original_Distribution,6q_5k,QVE,linear,0,L0,baseline_unoptimized,0.0003,6,19,16384,1,0.9446666666666667,0.9489518001296976,0.7428974547506464,125.89019904402085,1.2310635830508545,127.1212626270717
IoT_Original_Distribution,6q_5k,QVE,linear,0,L0,baseline_unoptimized,0.0003,6,20,17408,2,0.936,0.941396010781671,0.7081967689508794,126.27653798705433,1.055863957037218,127.33240194409154
IoT_Original_Distribution,6q_5k,QVE,linear,0,L0,baseline_unoptimized,0.0003,6,21,18432,0,0.9473333333333334,0.9514119543403146,0.7562815475469323,127.42324339400511,0.998596583143808,128.42183997714892
IoT_Original_Distribution,6q_5k,QVE,linear,0,L0,baseline_unoptimized,0.0003,6,22,19456,1,0.9473333333333334,0.9510871855329268,0.7494903035980528,125.63466746697668,1.583043765858747,127.21771123283543
IoT_Original_Distribution,6q_5k,QVE,linear,0,L0,baseline_unoptimized,0.0003,6,23,20480,2,0.9533333333333334,0.9564101081989126,0.7747126855960206,124.27481838990934,2.0140070121269673,126.28882540203631
IoT_Original_Distribution,6q_5k,QVE,linear,0,L0,baseline_unoptimized,0.0003,6,24,21504,0,0.95,0.9535637837337912,0.7630464152967588,117.35387961613014,1.8598651360953227,119.21374475222547
IoT_Original_Distribution,6q_5k,QVE,linear,0,L0,baseline_unoptimized,0.0003,6,25,22528,1,0.95,0.9538721085509316,0.7696656403432183,126.6090756271733,1.3448016690090299,127.95387729618233
IoT_Original_Distribution,6q_5k,QVE,linear,0,L0,baseline_unoptimized,0.0003,6,26,23552,2,0.9413333333333334,0.9459354160829365,0.7273670532447268,125.94600973499473,1.0608399990014732,127.0068497339962
IoT_Original_Distribution,6q_5k,QVE,linear,0,L0,baseline_unoptimized,0.0003,6,27,24576,0,0.952,0.9546228899846461,0.7573170657875256,128.25894546404015,1.2237980940844864,129.48274355812464
IoT_Original_Distribution,6q_5k,QVE,linear,0,L0,baseline_unoptimized,0.0003,6,28,25600,1,0.9413333333333334,0.9463912386706949,0.7369966615990751,125.69637076498475,2.3413361130515113,128.03770687803626
IoT_Original_Distribution,6q_5k,QVE,linear,0,L0,baseline_unoptimized,0.0003,6,29,26624,2,0.9393333333333334,0.9441526897568164,0.7185712364218283,122.53219279192854,1.4429596659028903,123.97515245783143
IoT_Original_Distribution,6q_5k,QVE,linear,0,L0,baseline_unoptimized,0.0005,6,0,42,0,0.948,0.9520791188007844,0.7607576339221506,125.46454345306847,1.6414837039774284,127.1060271570459
IoT_Original_Distribution,6q_5k,QVE,linear,0,L0,baseline_unoptimized,0.0005,6,1,123,1,0.958,0.9609047520371875,0.8017003432110631,123.40404183510691,1.810509708011523,125.21455154311843
IoT_Original_Distribution,6q_5k,QVE,linear,0,L0,baseline_unoptimized,0.0005,6,2,456,2,0.9453333333333334,0.9499424258760107,0.7543746233639068,110.70546771306545,2.3059400119818747,113.01140772504732
IoT_Original_Distribution,6q_5k,QVE,linear,0,L0,baseline_unoptimized,0.0005,6,3,789,0,0.948,0.951868376824414,0.7562464341718923,124.22695437306538,1.824367236928083,126.05132160999347
IoT_Original_Distribution,6q_5k,QVE,linear,0,L0,baseline_unoptimized,0.0005,6,4,1024,1,0.9466666666666667,0.9507430728816021,0.7517929125127727,126.8480808660388,0.7601262659300119,127.60820713196881
IoT_Original_Distribution,6q_5k,QVE,linear,0,L0,baseline_unoptimized,0.0005,6,5,2048,2,0.9466666666666667,0.950298233240945,0.7427041951409588,122.909958176082,2.7163944341009483,125.62635261018295
IoT_Original_Distribution,6q_5k,QVE,linear,0,L0,baseline_unoptimized,0.0005,6,6,3072,0,0.948,0.9510813789685726,0.7406638990920347,120.22225016588345,2.077004098915495,122.29925426479895
IoT_Original_Distribution,6q_5k,QVE,linear,0,L0,baseline_unoptimized,0.0005,6,7,4096,1,0.9513333333333334,0.9546991571224553,0.7676619128243972,125.34258404595312,1.3270620780531317,126.66964612400625
IoT_Original_Distribution,6q_5k,QVE,linear,0,L0,baseline_unoptimized,0.0005,6,8,5120,2,0.952,0.9551646827188816,0.7678596108689535,120.90256265108474,1.1323019891278818,122.03486464021262
IoT_Original_Distribution,6q_5k,QVE,linear,0,L0,baseline_unoptimized,0.0005,6,9,6144,0,0.95,0.9535637837337912,0.7630464152967588,127.04943690099753,1.0339501379057765,128.0833870389033
IoT_Original_Distribution,6q_5k,QVE,linear,0,L0,baseline_unoptimized,0.0005,6,10,7168,1,0.9533333333333334,0.9556616436621502,0.7602492708201275,121.95861572097056,2.2341273479396477,124.1927430689102
IoT_Original_Distribution,6q_5k,QVE,linear,0,L0,baseline_unoptimized,0.0005,6,11,8192,2,0.9513333333333334,0.95500357222028,0.7741725697493775,127.31231419893447,1.271856192033738,128.5841703909682
IoT_Original_Distribution,6q_5k,QVE,linear,0,L0,baseline_unoptimized,0.0005,6,12,9216,0,0.946,0.9500724568471599,0.7472915777441907,126.27754369401373,1.8394340260419995,128.11697772005573
IoT_Original_Distribution,6q_5k,QVE,linear,0,L0,baseline_unoptimized,0.0005,6,13,10240,1,0.9513333333333334,0.9541616678648454,0.7569734430900897,128.3308838790981,0.6766983050620183,129.00758218416013
IoT_Original_Distribution,6q_5k,QVE,linear,0,L0,baseline_unoptimized,0.0005,6,14,11264,2,0.9526666666666667,0.9559402761054018,0.7744695989017304,127.67108238697983,1.000138889066875,128.6712212760467
IoT_Original_Distribution,6q_5k,QVE,linear,0,L0,baseline_unoptimized,0.0005,6,15,12288,0,0.9466666666666667,0.9504118404118403,0.7449673794290353,127.6654855790548,1.2154747659806162,128.88096034503542
IoT_Original_Distribution,6q_5k,QVE,linear,0,L0,baseline_unoptimized,0.0005,6,16,13312,1,0.9306666666666666,0.9367742034666975,0.6870545082802733,121.75816175097134,1.7552759459940717,123.51343769696541
IoT_Original_Distribution,6q_5k,QVE,linear,0,L0,baseline_unoptimized,0.0005,6,17,14336,2,0.952,0.9553706563706564,0.7721386160271583,121.9984626059886,1.9579324579099193,123.95639506389853
IoT_Original_Distribution,6q_5k,QVE,linear,0,L0,baseline_unoptimized,0.0005,6,18,15360,0,0.95,0.953770793377,0.7674523217480809,125.88935877406038,1.1373612629249692,127.02672003698535
IoT_Original_Distribution,6q_5k,QVE,linear,0,L0,baseline_unoptimized,0.0005,6,19,16384,1,0.9373333333333334,0.942853606979515,0.7197782460291479,109.02605006704107,2.1312617019284517,111.15731176896952
IoT_Original_Distribution,6q_5k,QVE,linear,0,L0,baseline_unoptimized,0.0005,6,20,17408,2,0.936,0.941396010781671,0.7081967689508794,125.16748519008979,1.39139945700299,126.55888464709278
IoT_Original_Distribution,6q_5k,QVE,linear,0,L0,baseline_unoptimized,0.0005,6,21,18432,0,0.9513333333333334,0.9543813446007381,0.7612229576744949,122.0797446439974,1.3850909549510106,123.46483559894841
IoT_Original_Distribution,6q_5k,QVE,linear,0,L0,baseline_unoptimized,0.0005,6,22,19456,1,0.9473333333333334,0.9510871855329268,0.7494903035980528,126.51204372104257,1.3403253828873858,127.85236910392996
IoT_Original_Distribution,6q_5k,QVE,linear,0,L0,baseline_unoptimized,0.0005,6,23,20480,2,0.9546666666666667,0.9575561457269323,0.7795008184186926,121.41675455402583,1.504380558966659,122.92113511299249
IoT_Original_Distribution,6q_5k,QVE,linear,0,L0,baseline_unoptimized,0.0005,6,24,21504,0,0.95,0.9535637837337912,0.7630464152967588,127.3450758770341,0.1884550810791552,127.53353095811326
IoT_Original_Distribution,6q_5k,QVE,linear,0,L0,baseline_unoptimized,0.0005,6,25,22528,1,0.95,0.9538721085509316,0.7696656403432183,99.76656159409322,2.7283806689083576,102.49494226300158
IoT_Original_Distribution,6q_5k,QVE,linear,0,L0,baseline_unoptimized,0.0005,6,26,23552,2,0.9393333333333334,0.9442721860196329,0.7210161497725717,127.1683454811573,0.7564063949976116,127.92475187615491
IoT_Original_Distribution,6q_5k,QVE,linear,0,L0,baseline_unoptimized,0.0005,6,27,24576,0,0.952,0.9546228899846461,0.7573170657875256,126.2547749200603,1.0538783478550613,127.30865326791536
IoT_Original_Distribution,6q_5k,QVE,linear,0,L0,baseline_unoptimized,0.0005,6,28,25600,1,0.9453333333333334,0.9498370000520102,0.7520454344783841,82.49886904901359,2.1663546490017325,84.66522369801532
IoT_Original_Distribution,6q_5k,QVE,linear,0,L0,baseline_unoptimized,0.0005,6,29,26624,2,0.946,0.9497346811906696,0.7404311685150645,125.92091604101006,1.0222866240656003,126.94320266507566
IoT_Original_Distribution,6q_5k,QVE,linear,0,L0,baseline_unoptimized,0.001,6,0,42,0,0.9473333333333334,0.9515171702284452,0.7585570226895514,128.71716359897982,1.2619928260101005,129.97915642498992
IoT_Original_Distribution,6q_5k,QVE,linear,0,L0,baseline_unoptimized,0.001,6,1,123,1,0.958,0.9609047520371875,0.8017003432110631,119.00291639298666,2.6159176729852334,121.6188340659719
IoT_Original_Distribution,6q_5k,QVE,linear,0,L0,baseline_unoptimized,0.001,6,2,456,2,0.9306666666666666,0.9377517624087965,0.7080355160075477,125.30660034902394,2.2100627770414576,127.5166631260654
IoT_Original_Distribution,6q_5k,QVE,linear,0,L0,baseline_unoptimized,0.001,6,3,789,0,0.948,0.951868376824414,0.7562464341718923,122.6592787479749,2.7839263289934024,125.4432050769683
IoT_Original_Distribution,6q_5k,QVE,linear,0,L0,baseline_unoptimized,0.001,6,4,1024,1,0.9466666666666667,0.9507430728816021,0.7517929125127727,129.04391921812203,1.1665255340049043,130.21044475212693
IoT_Original_Distribution,6q_5k,QVE,linear,0,L0,baseline_unoptimized,0.001,6,5,2048,2,0.9466666666666667,0.950298233240945,0.7427041951409588,128.2743991779862,1.5763649251312017,129.8507641031174
IoT_Original_Distribution,6q_5k,QVE,linear,0,L0,baseline_unoptimized,0.001,6,6,3072,0,0.948,0.9510813789685726,0.7406638990920347,127.43081412487663,1.4555327130947262,128.88634683797136
IoT_Original_Distribution,6q_5k,QVE,linear,0,L0,baseline_unoptimized,0.001,6,7,4096,1,0.9466666666666667,0.9506342326404246,0.7495119119875201,122.52824428398162,2.6441052919253707,125.17234957590699
IoT_Original_Distribution,6q_5k,QVE,linear,0,L0,baseline_unoptimized,0.001,6,8,5120,2,0.95,0.9534580381395088,0.760854226747064,121.16209790192079,2.01117798499763,123.17327588691842
IoT_Original_Distribution,6q_5k,QVE,linear,0,L0,baseline_unoptimized,0.001,6,9,6144,0,0.95,0.9535637837337912,0.7630464152967588,125.8022183580324,1.9628695329884067,127.76508789102081
IoT_Original_Distribution,6q_5k,QVE,linear,0,L0,baseline_unoptimized,0.001,6,10,7168,1,0.9533333333333334,0.9556616436621502,0.7602492708201275,98.12762275291607,2.6069613499566913,100.73458410287276
IoT_Original_Distribution,6q_5k,QVE,linear,0,L0,baseline_unoptimized,0.001,6,11,8192,2,0.9513333333333334,0.95500357222028,0.7741725697493775,126.9979489109246,0.843977902084589,127.8419268130092
IoT_Original_Distribution,6q_5k,QVE,linear,0,L0,baseline_unoptimized,0.001,6,12,9216,0,0.946,0.9500724568471599,0.7472915777441907,128.7373319969047,0.3403284680098295,129.07766046491452
IoT_Original_Distribution,6q_5k,QVE,linear,0,L0,baseline_unoptimized,0.001,6,13,10240,1,0.9493333333333334,0.9527833215788977,0.7563495715972772,127.19207478302997,1.5054038020316511,128.69747858506162
IoT_Original_Distribution,6q_5k,QVE,linear,0,L0,baseline_unoptimized,0.001,6,14,11264,2,0.9593333333333334,0.9618803016526716,0.8026207691642978,117.68273073399905,0.9854759201407433,118.6682066541398
IoT_Original_Distribution,6q_5k,QVE,linear,0,L0,baseline_unoptimized,0.001,6,15,12288,0,0.944,0.9481659442724458,0.7360428676187757,127.55586255900562,1.3960381939541548,128.95190075295977
IoT_Original_Distribution,6q_5k,QVE,linear,0,L0,baseline_unoptimized,0.001,6,16,13312,1,0.9486666666666667,0.9518816922500936,0.747423687177894,124.34028761601076,1.6317238039337099,125.97201141994447
IoT_Original_Distribution,6q_5k,QVE,linear,0,L0,baseline_unoptimized,0.001,6,17,14336,2,0.952,0.9553706563706564,0.7721386160271583,124.06724761088844,1.7514806489925832,125.81872825988103
IoT_Original_Distribution,6q_5k,QVE,linear,0,L0,baseline_unoptimized,0.001,6,18,15360,0,0.95,0.953770793377,0.7674523217480809,126.78784524695948,0.952591469977051,127.74043671693653
IoT_Original_Distribution,6q_5k,QVE,linear,0,L0,baseline_unoptimized,0.001,6,19,16384,1,0.9346666666666666,0.9407792929292929,0.7143309964263614,117.09435392089654,2.973108030972071,120.06746195186861
IoT_Original_Distribution,6q_5k,QVE,linear,0,L0,baseline_unoptimized,0.001,6,20,17408,2,0.936,0.941396010781671,0.7081967689508794,126.58260362001602,1.1490338809089735,127.73163750092499
IoT_Original_Distribution,6q_5k,QVE,linear,0,L0,baseline_unoptimized,0.001,6,21,18432,0,0.9473333333333334,0.9514119543403146,0.7562815475469323,128.12516258307733,1.3972652660449967,129.52242784912232
IoT_Original_Distribution,6q_5k,QVE,linear,0,L0,baseline_unoptimized,0.001,6,22,19456,1,0.9473333333333334,0.9510871855329268,0.7494903035980528,128.77039918594528,0.5769442148739472,129.34734340081923
IoT_Original_Distribution,6q_5k,QVE,linear,0,L0,baseline_unoptimized,0.001,6,23,20480,2,0.9546666666666667,0.9575561457269323,0.7795008184186926,114.22551268199459,3.220824694028124,117.44633737602271
IoT_Original_Distribution,6q_5k,QVE,linear,0,L0,baseline_unoptimized,0.001,6,24,21504,0,0.95,0.9535637837337912,0.7630464152967588,127.4800177019788,1.0046391290379688,128.48465683101676
IoT_Original_Distribution,6q_5k,QVE,linear,0,L0,baseline_unoptimized,0.001,6,25,22528,1,0.9493333333333334,0.9536051752021563,0.7741651323980615,106.71590576099698,3.35698958998546,110.07289535098244
IoT_Original_Distribution,6q_5k,QVE,linear,0,L0,baseline_unoptimized,0.001,6,26,23552,2,0.9433333333333334,0.94737228823163,0.729156136049994,126.47539890802,1.7412434259895235,128.21664233400952
IoT_Original_Distribution,6q_5k,QVE,linear,0,L0,baseline_unoptimized,0.001,6,27,24576,0,0.9513333333333334,0.9540494037616619,0.7548624441936095,123.22826207103208,1.4234996860614046,124.65176175709348
IoT_Original_Distribution,6q_5k,QVE,linear,0,L0,baseline_unoptimized,0.001,6,28,25600,1,0.9453333333333334,0.9498370000520102,0.7520454344783841,97.16658084711526,2.1939564601052552,99.36053730722051
IoT_Original_Distribution,6q_5k,QVE,linear,0,L0,baseline_unoptimized,0.001,6,29,26624,2,0.946,0.9497346811906696,0.7404311685150645,125.9923096819548,0.5264057340100408,126.51871541596483
IoT_Original_Distribution,6q_5k,QVE,linear,0,L0,baseline_unoptimized,0.002,6,0,42,0,0.9473333333333334,0.9515171702284452,0.7585570226895514,125.25690029293764,1.2355442809639499,126.4924445739016
IoT_Original_Distribution,6q_5k,QVE,linear,0,L0,baseline_unoptimized,0.002,6,1,123,1,0.9586666666666667,0.9615691763191764,0.8061026617748119,106.50227881991304,2.267453523934819,108.76973234384786
IoT_Original_Distribution,6q_5k,QVE,linear,0,L0,baseline_unoptimized,0.002,6,2,456,2,0.9486666666666667,0.9528456958627664,0.7674750864823916,122.48858923406806,0.9987936180550605,123.48738285212312
IoT_Original_Distribution,6q_5k,QVE,linear,0,L0,baseline_unoptimized,0.002,6,3,789,0,0.948,0.951868376824414,0.7562464341718923,128.35321332607418,1.569649247918278,129.92286257399246
IoT_Original_Distribution,6q_5k,QVE,linear,0,L0,baseline_unoptimized,0.002,6,4,1024,1,0.9466666666666667,0.9507430728816021,0.7517929125127727,125.36839795205742,1.513648312073201,126.88204626413062
IoT_Original_Distribution,6q_5k,QVE,linear,0,L0,baseline_unoptimized,0.002,6,5,2048,2,0.946,0.9497346811906696,0.7404311685150645,128.14456935692579,1.1698490009875968,129.31441835791338
IoT_Original_Distribution,6q_5k,QVE,linear,0,L0,baseline_unoptimized,0.002,6,6,3072,0,0.9486666666666667,0.9518816922500936,0.747423687177894,127.51194271992426,1.581558367004618,129.09350108692888
IoT_Original_Distribution,6q_5k,QVE,linear,0,L0,baseline_unoptimized,0.002,6,7,4096,1,0.9513333333333334,0.9546991571224553,0.7676619128243972,127.13609981106129,1.3575654330197722,128.49366524408106
IoT_Original_Distribution,6q_5k,QVE,linear,0,L0,baseline_unoptimized,0.002,6,8,5120,2,0.952,0.9551646827188816,0.7678596108689535,115.87266715196893,2.0068694069050252,117.87953655887395
IoT_Original_Distribution,6q_5k,QVE,linear,0,L0,baseline_unoptimized,0.002,6,9,6144,0,0.9433333333333334,0.947946547380976,0.7409271226482088,125.5317207420012,1.4007549938978627,126.93247573589906
IoT_Original_Distribution,6q_5k,QVE,linear,0,L0,baseline_unoptimized,0.002,6,10,7168,1,0.9533333333333334,0.9556616436621502,0.7602492708201275,117.94485158706084,3.079656421090476,121.02450800815132
IoT_Original_Distribution,6q_5k,QVE,linear,0,L0,baseline_unoptimized,0.002,6,11,8192,2,0.9386666666666666,0.9442947487725144,0.7312651616905566,126.75375739694573,0.6865468820324168,127.44030427897815
IoT_Original_Distribution,6q_5k,QVE,linear,0,L0,baseline_unoptimized,0.002,6,12,9216,0,0.946,0.9500724568471599,0.7472915777441907,124.02376645314507,2.025358275976032,126.0491247291211
IoT_Original_Distribution,6q_5k,QVE,linear,0,L0,baseline_unoptimized,0.002,6,13,10240,1,0.95,0.9533507635869841,0.758669496924408,127.55696698906831,1.5264662359841168,129.08343322505243
IoT_Original_Distribution,6q_5k,QVE,linear,0,L0,baseline_unoptimized,0.002,6,14,11264,2,0.9573333333333334,0.9599579377829707,0.7912766362337398,122.67801408004016,2.3091784039279446,124.9871924839681
IoT_Original_Distribution,6q_5k,QVE,linear,0,L0,baseline_unoptimized,0.002,6,15,12288,0,0.9466666666666667,0.9504118404118403,0.7449673794290353,126.99088448891416,0.608047031913884,127.59893152082805
IoT_Original_Distribution,6q_5k,QVE,linear,0,L0,baseline_unoptimized,0.002,6,16,13312,1,0.9486666666666667,0.9518816922500936,0.747423687177894,122.53566644096281,1.2316453559324145,123.76731179689523
IoT_Original_Distribution,6q_5k,QVE,linear,0,L0,baseline_unoptimized,0.002,6,17,14336,2,0.952,0.9553706563706564,0.7721386160271583,126.19254131498747,1.3697946650208905,127.56233598000836
IoT_Original_Distribution,6q_5k,QVE,linear,0,L0,baseline_unoptimized,0.002,6,18,15360,0,0.95,0.953770793377,0.7674523217480809,124.90970739501063,1.6811328158946708,126.5908402109053
IoT_Original_Distribution,6q_5k,QVE,linear,0,L0,baseline_unoptimized,0.002,6,19,16384,1,0.9373333333333334,0.942853606979515,0.7197782460291479,127.43312230496667,0.8489534880500287,128.2820757930167
IoT_Original_Distribution,6q_5k,QVE,linear,0,L0,baseline_unoptimized,0.002,6,20,17408,2,0.9353333333333333,0.9408472540839472,0.7061634973465564,123.41094948700629,2.0728519080439582,125.48380139505025
IoT_Original_Distribution,6q_5k,QVE,linear,0,L0,baseline_unoptimized,0.002,6,21,18432,0,0.9413333333333334,0.9460517922559906,0.7297692148917345,121.79590823291801,2.372997565078549,124.16890579799656
IoT_Original_Distribution,6q_5k,QVE,linear,0,L0,baseline_unoptimized,0.002,6,22,19456,1,0.9473333333333334,0.9510871855329268,0.7494903035980528,121.64084361109417,1.9696133921388537,123.61045700323302
IoT_Original_Distribution,6q_5k,QVE,linear,0,L0,baseline_unoptimized,0.002,6,23,20480,2,0.9546666666666667,0.9575561457269323,0.7795008184186926,125.98445498605724,1.036677569965832,127.02113255602308
IoT_Original_Distribution,6q_5k,QVE,linear,0,L0,baseline_unoptimized,0.002,6,24,21504,0,0.9493333333333334,0.9529976393600043,0.7607635269721875,103.83672333008144,2.0384865989908576,105.8752099290723
IoT_Original_Distribution,6q_5k,QVE,linear,0,L0,baseline_unoptimized,0.002,6,25,22528,1,0.95,0.9538721085509316,0.7696656403432183,126.75261082919315,1.3183203790104017,128.07093120820355
IoT_Original_Distribution,6q_5k,QVE,linear,0,L0,baseline_unoptimized,0.002,6,26,23552,2,0.9393333333333334,0.9442721860196329,0.7210161497725717,125.14478423597757,1.9212324540130794,127.06601668999065
IoT_Original_Distribution,6q_5k,QVE,linear,0,L0,baseline_unoptimized,0.002,6,27,24576,0,0.9513333333333334,0.9540494037616619,0.7548624441936095,127.7194546200335,0.4246280479710549,128.14408266800456
IoT_Original_Distribution,6q_5k,QVE,linear,0,L0,baseline_unoptimized,0.002,6,28,25600,1,0.9453333333333334,0.9498370000520102,0.7520454344783841,109.93854717619251,2.4046680809697136,112.34321525716223
IoT_Original_Distribution,6q_5k,QVE,linear,0,L0,baseline_unoptimized,0.002,6,29,26624,2,0.9393333333333334,0.9441526897568164,0.7185712364218283,124.11605740699451,1.9629558540182188,126.07901326101273
IoT_Original_Distribution,6q_5k,QVE,linear,0,L0,baseline_unoptimized,0.005,6,0,42,0,0.946,0.9503961216218711,0.7542011045653002,121.06211554200854,2.1557755960384384,123.21789113804698
IoT_Original_Distribution,6q_5k,QVE,linear,0,L0,baseline_unoptimized,0.005,6,1,123,1,0.9586666666666667,0.9615691763191764,0.8061026617748119,126.45689868496265,1.7414777589729056,128.19837644393556
IoT_Original_Distribution,6q_5k,QVE,linear,0,L0,baseline_unoptimized,0.005,6,2,456,2,0.9313333333333333,0.9384073392463699,0.7125169884548214,114.8837357229786,2.6103717338992283,117.49410745687783
IoT_Original_Distribution,6q_5k,QVE,linear,0,L0,baseline_unoptimized,0.005,6,3,789,0,0.948,0.951868376824414,0.7562464341718923,122.22498671105132,1.5028970980783924,123.72788380912971
IoT_Original_Distribution,6q_5k,QVE,linear,0,L0,baseline_unoptimized,0.005,6,4,1024,1,0.9386666666666666,0.9440694876820784,0.7263229935789228,128.09364946500864,0.30702036700677127,128.4006698320154
IoT_Original_Distribution,6q_5k,QVE,linear,0,L0,baseline_unoptimized,0.005,6,5,2048,2,0.9466666666666667,0.950298233240945,0.7427041951409588,121.7364375218749,1.7991446579108015,123.5355821797857
IoT_Original_Distribution,6q_5k,QVE,linear,0,L0,baseline_unoptimized,0.005,6,6,3072,0,0.9486666666666667,0.9518816922500936,0.747423687177894,124.88454502995592,1.8190871911356226,126.70363222109154
IoT_Original_Distribution,6q_5k,QVE,linear,0,L0,baseline_unoptimized,0.005,6,7,4096,1,0.9513333333333334,0.9546991571224553,0.7676619128243972,128.0950203029206,1.118069828953594,129.2130901318742
IoT_Original_Distribution,6q_5k,QVE,linear,0,L0,baseline_unoptimized,0.005,6,8,5120,2,0.952,0.9551646827188816,0.7678596108689535,124.61957281793002,1.6598906279541552,126.27946344588418
IoT_Original_Distribution,6q_5k,QVE,linear,0,L0,baseline_unoptimized,0.005,6,9,6144,0,0.946,0.9500724568471599,0.7472915777441907,126.24929463898297,1.5081122149713337,127.75740685395431
IoT_Original_Distribution,6q_5k,QVE,linear,0,L0,baseline_unoptimized,0.005,6,10,7168,1,0.9413333333333334,0.9454530244530245,0.7177961428309124,127.65534075803589,1.6972874238854274,129.35262818192132
IoT_Original_Distribution,6q_5k,QVE,linear,0,L0,baseline_unoptimized,0.005,6,11,8192,2,0.9453333333333334,0.9499424258760107,0.7543746233639068,120.627681405982,1.5797462980262935,122.2074277040083
IoT_Original_Distribution,6q_5k,QVE,linear,0,L0,baseline_unoptimized,0.005,6,12,9216,0,0.946,0.9500724568471599,0.7472915777441907,130.20600196998566,0.327615681104362,130.53361765109003
IoT_Original_Distribution,6q_5k,QVE,linear,0,L0,baseline_unoptimized,0.005,6,13,10240,1,0.95,0.9533507635869841,0.758669496924408,113.05411674093921,2.4922260920284316,115.54634283296764
IoT_Original_Distribution,6q_5k,QVE,linear,0,L0,baseline_unoptimized,0.005,6,14,11264,2,0.952,0.9553706563706564,0.7721386160271583,129.36764401989058,0.9073930660961196,130.2750370859867
IoT_Original_Distribution,6q_5k,QVE,linear,0,L0,baseline_unoptimized,0.005,6,15,12288,0,0.9433333333333334,0.9476068991605998,0.7338510817415974,127.01123708009254,1.239323587040417,128.25056066713296
IoT_Original_Distribution,6q_5k,QVE,linear,0,L0,baseline_unoptimized,0.005,6,16,13312,1,0.9486666666666667,0.9518816922500936,0.747423687177894,123.83261162100825,1.7659951029345393,125.5986067239428
IoT_Original_Distribution,6q_5k,QVE,linear,0,L0,baseline_unoptimized,0.005,6,17,14336,2,0.954,0.9570827025000254,0.7791829486041725,123.37551455001812,2.1080722701735795,125.4835868201917
IoT_Original_Distribution,6q_5k,QVE,linear,0,L0,baseline_unoptimized,0.005,6,18,15360,0,0.95,0.953770793377,0.7674523217480809,102.1891019209288,1.6096578789874911,103.7987597999163
IoT_Original_Distribution,6q_5k,QVE,linear,0,L0,baseline_unoptimized,0.005,6,19,16384,1,0.9446666666666667,0.9489518001296976,0.7428974547506464,124.19288683705963,1.2807711620116606,125.47365799907129
IoT_Original_Distribution,6q_5k,QVE,linear,0,L0,baseline_unoptimized,0.005,6,20,17408,2,0.9353333333333333,0.9408472540839472,0.7061634973465564,125.60876228613779,1.1942228359403089,126.8029851220781
IoT_Original_Distribution,6q_5k,QVE,linear,0,L0,baseline_unoptimized,0.005,6,21,18432,0,0.9466666666666667,0.9508503782572149,0.7540795177866658,128.85003380500712,1.2469581790501252,130.09699198405724
IoT_Original_Distribution,6q_5k,QVE,linear,0,L0,baseline_unoptimized,0.005,6,22,19456,1,0.948,0.9516515444015443,0.7517601885785661,122.14340643782634,1.6713643750408664,123.81477081286721
IoT_Original_Distribution,6q_5k,QVE,linear,0,L0,baseline_unoptimized,0.005,6,23,20480,2,0.9533333333333334,0.9564101081989126,0.7747126855960206,127.5334016229026,2.0406546350568533,129.57405625795946
IoT_Original_Distribution,6q_5k,QVE,linear,0,L0,baseline_unoptimized,0.005,6,24,21504,0,0.9493333333333334,0.9527833215788977,0.7563495715972772,128.37603609496728,0.8852213110076264,129.2612574059749
IoT_Original_Distribution,6q_5k,QVE,linear,0,L0,baseline_unoptimized,0.005,6,25,22528,1,0.9513333333333334,0.95500357222028,0.7741725697493775,124.33660302089993,2.6213984979549423,126.95800151885487
IoT_Original_Distribution,6q_5k,QVE,linear,0,L0,baseline_unoptimized,0.005,6,26,23552,2,0.9393333333333334,0.9442721860196329,0.7210161497725717,128.9331431548344,1.2278038820950314,130.16094703692943
IoT_Original_Distribution,6q_5k,QVE,linear,0,L0,baseline_unoptimized,0.005,6,27,24576,0,0.9506666666666667,0.9533624147064417,0.7503039616278425,127.10738108295482,1.1162668180186301,128.22364790097345
IoT_Original_Distribution,6q_5k,QVE,linear,0,L0,baseline_unoptimized,0.005,6,28,25600,1,0.9453333333333334,0.9498370000520102,0.7520454344783841,126.80561165697873,1.377441703923978,128.1830533609027
IoT_Original_Distribution,6q_5k,QVE,linear,0,L0,baseline_unoptimized,0.005,6,29,26624,2,0.946,0.9497346811906696,0.7404311685150645,118.64195956103504,2.7775730290450156,121.41953259008005
IoT_Original_Distribution,6q_5k,QVE,linear,0,L0,baseline_unoptimized,0.008,6,0,42,0,0.9453333333333334,0.9498370000520102,0.7520454344783841,127.82008993590716,1.021194989909418,128.84128492581658
IoT_Original_Distribution,6q_5k,QVE,linear,0,L0,baseline_unoptimized,0.008,6,1,123,1,0.9586666666666667,0.9615691763191764,0.8061026617748119,124.12691736395936,1.3929424269590527,125.51985979091842
IoT_Original_Distribution,6q_5k,QVE,linear,0,L0,baseline_unoptimized,0.008,6,2,456,2,0.9486666666666667,0.9528456958627664,0.7674750864823916,118.82412802707404,3.229009424103424,122.05313745117746
IoT_Original_Distribution,6q_5k,QVE,linear,0,L0,baseline_unoptimized,0.008,6,3,789,0,0.9466666666666667,0.9506342326404246,0.7495119119875201,123.38828721106984,1.7036274219863117,125.09191463305615
IoT_Original_Distribution,6q_5k,QVE,linear,0,L0,baseline_unoptimized,0.008,6,4,1024,1,0.946,0.9501818772350061,0.7495895011487894,127.17870288901031,0.9450179069535807,128.1237207959639
IoT_Original_Distribution,6q_5k,QVE,linear,0,L0,baseline_unoptimized,0.008,6,5,2048,2,0.9466666666666667,0.950298233240945,0.7427041951409588,125.06435024400707,1.5351577571127564,126.59950800111983
IoT_Original_Distribution,6q_5k,QVE,linear,0,L0,baseline_unoptimized,0.008,6,6,3072,0,0.9466666666666667,0.9499474222287132,0.7359532448416131,124.89666845300235,1.9768406591610983,126.87350911216345
IoT_Original_Distribution,6q_5k,QVE,linear,0,L0,baseline_unoptimized,0.008,6,7,4096,1,0.9506666666666667,0.9541309523809525,0.7653458068776275,124.59093799698167,1.837694640038535,126.4286326370202
IoT_Original_Distribution,6q_5k,QVE,linear,0,L0,baseline_unoptimized,0.008,6,8,5120,2,0.952,0.9551646827188816,0.7678596108689535,126.23322216595989,0.7991217281669378,127.03234389412683
IoT_Original_Distribution,6q_5k,QVE,linear,0,L0,baseline_unoptimized,0.008,6,9,6144,0,0.9506666666666667,0.9541309523809525,0.7653458068776275,123.66437801299617,1.7029936949256808,125.36737170792185
IoT_Original_Distribution,6q_5k,QVE,linear,0,L0,baseline_unoptimized,0.008,6,10,7168,1,0.9546666666666667,0.9567066032411514,0.7633654895224282,126.5680376898963,1.6154104029992595,128.18344809289556
IoT_Original_Distribution,6q_5k,QVE,linear,0,L0,baseline_unoptimized,0.008,6,11,8192,2,0.9493333333333334,0.9533078593443541,0.7674357500576353,123.99595379305538,2.1645241290098056,126.16047792206518
IoT_Original_Distribution,6q_5k,QVE,linear,0,L0,baseline_unoptimized,0.008,6,12,9216,0,0.9453333333333334,0.9495116497036421,0.7450868226289773,127.80020740395412,0.557483469019644,128.35769087297376
IoT_Original_Distribution,6q_5k,QVE,linear,0,L0,baseline_unoptimized,0.008,6,13,10240,1,0.9506666666666667,0.9539192572388504,0.7610065361418865,124.12231708690524,1.821766703040339,125.94408378994558
IoT_Original_Distribution,6q_5k,QVE,linear,0,L0,baseline_unoptimized,0.008,6,14,11264,2,0.9586666666666667,0.961301191692203,0.800152764435402,124.74581983499229,1.0967879140516743,125.84260774904396
IoT_Original_Distribution,6q_5k,QVE,linear,0,L0,baseline_unoptimized,0.008,6,15,12288,0,0.946,0.9497346811906696,0.7404311685150645,126.82341610186268,1.67385497095529,128.49727107281797
IoT_Original_Distribution,6q_5k,QVE,linear,0,L0,baseline_unoptimized,0.008,6,16,13312,1,0.948,0.9513144024514811,0.7450809083908434,114.81439356005285,2.6901842451188713,117.50457780517172
IoT_Original_Distribution,6q_5k,QVE,linear,0,L0,baseline_unoptimized,0.008,6,17,14336,2,0.952,0.9552684099168505,0.7699949480535957,127.35884668689687,1.0519075089832768,128.41075419588014
IoT_Original_Distribution,6q_5k,QVE,linear,0,L0,baseline_unoptimized,0.008,6,18,15360,0,0.9513333333333334,0.95500357222028,0.7741725697493775,120.63014423602726,2.4449009300442412,123.0750451660715
IoT_Original_Distribution,6q_5k,QVE,linear,0,L0,baseline_unoptimized,0.008,6,19,16384,1,0.9446666666666667,0.9489518001296976,0.7428974547506464,124.57927278790157,1.2425353840226308,125.8218081719242
IoT_Original_Distribution,6q_5k,QVE,linear,0,L0,baseline_unoptimized,0.008,6,20,17408,2,0.9353333333333333,0.9408472540839472,0.7061634973465564,122.09562603698578,1.6648910529911518,123.76051708997693
IoT_Original_Distribution,6q_5k,QVE,linear,0,L0,baseline_unoptimized,0.008,6,21,18432,0,0.9466666666666667,0.9508503782572149,0.7540795177866658,125.62254611693788,1.5830114799318835,127.20555759686977
IoT_Original_Distribution,6q_5k,QVE,linear,0,L0,baseline_unoptimized,0.008,6,22,19456,1,0.9486666666666667,0.9523254846333591,0.7562683594474058,101.76555454009213,2.659813364967704,104.42536790505983
IoT_Original_Distribution,6q_5k,QVE,linear,0,L0,baseline_unoptimized,0.008,6,23,20480,2,0.9353333333333333,0.941325639503058,0.7162974976674493,127.04462538391817,0.9256046138470992,127.97022999776527
IoT_Original_Distribution,6q_5k,QVE,linear,0,L0,baseline_unoptimized,0.008,6,24,21504,0,0.9426666666666667,0.9472778878865362,0.7364198046565366,126.03716061892919,1.004904980887659,127.04206559981685
IoT_Original_Distribution,6q_5k,QVE,linear,0,L0,baseline_unoptimized,0.008,6,25,22528,1,0.9473333333333334,0.9519235052563648,0.767713451333049,87.34878243494313,2.246948846965097,89.59573128190823
IoT_Original_Distribution,6q_5k,QVE,linear,0,L0,baseline_unoptimized,0.008,6,26,23552,2,0.942,0.9462549111552313,0.7247523650538733,125.95331888401415,0.7984710889868438,126.751789973001
IoT_Original_Distribution,6q_5k,QVE,linear,0,L0,baseline_unoptimized,0.008,6,27,24576,0,0.95,0.9527904833167758,0.7478659806542033,127.45260538393632,1.07454808591865,128.52715346985497
IoT_Original_Distribution,6q_5k,QVE,linear,0,L0,baseline_unoptimized,0.008,6,28,25600,1,0.9453333333333334,0.9498370000520102,0.7520454344783841,115.55021465208847,3.068256755010225,118.6184714070987
IoT_Original_Distribution,6q_5k,QVE,linear,0,L0,baseline_unoptimized,0.008,6,29,26624,2,0.9386666666666666,0.9435996009948991,0.7164680353621303,122.80641033302527,1.6230171968927607,124.42942752991803
IoT_Original_Distribution,6q_5k,QVE,linear,0,L0,baseline_unoptimized,0.01,6,0,42,0,0.948,0.9520791188007844,0.7607576339221506,119.28084196301643,2.5888488329946995,121.86969079601113
IoT_Original_Distribution,6q_5k,QVE,linear,0,L0,baseline_unoptimized,0.01,6,1,123,1,0.9533333333333334,0.9566103603603604,0.778931425176689,125.94219981308561,1.1786355009535328,127.12083531403914
IoT_Original_Distribution,6q_5k,QVE,linear,0,L0,baseline_unoptimized,0.01,6,2,456,2,0.9306666666666666,0.937866548828988,0.7106582211342738,125.91967576008756,0.7352704079821706,126.65494616806973
IoT_Original_Distribution,6q_5k,QVE,linear,0,L0,baseline_unoptimized,0.01,6,3,789,0,0.9466666666666667,0.9506342326404246,0.7495119119875201,126.34032034489792,1.1746423511067405,127.51496269600466
IoT_Original_Distribution,6q_5k,QVE,linear,0,L0,baseline_unoptimized,0.01,6,4,1024,1,0.9386666666666666,0.9440694876820784,0.7263229935789228,123.31130497902632,2.2227138159796596,125.53401879500598
IoT_Original_Distribution,6q_5k,QVE,linear,0,L0,baseline_unoptimized,0.01,6,5,2048,2,0.9466666666666667,0.950298233240945,0.7427041951409588,109.87500124506187,2.315701059065759,112.19070230412763
IoT_Original_Distribution,6q_5k,QVE,linear,0,L0,baseline_unoptimized,0.01,6,6,3072,0,0.9473333333333334,0.9506318660747713,0.7405240519295935,122.6665052549215,1.950586928986013,124.61709218390752
IoT_Original_Distribution,6q_5k,QVE,linear,0,L0,baseline_unoptimized,0.01,6,7,4096,1,0.956,0.9587066233386886,0.7843612123097239,125.05063724308275,1.2337181370239705,126.28435538010672
IoT_Original_Distribution,6q_5k,QVE,linear,0,L0,baseline_unoptimized,0.01,6,8,5120,2,0.9466666666666667,0.9505238309052676,0.7472366777523624,125.6922542109387,0.7942869330290705,126.48654114396777
IoT_Original_Distribution,6q_5k,QVE,linear,0,L0,baseline_unoptimized,0.01,6,9,6144,0,0.9293333333333333,0.9363158196098934,0.6963924536386645,114.79463395907078,1.3859424061374739,116.18057636520825
IoT_Original_Distribution,6q_5k,QVE,linear,0,L0,baseline_unoptimized,0.01,6,10,7168,1,0.9526666666666667,0.9550850838186752,0.7577333966758897,125.88974480202887,1.2695878481026739,127.15933265013155
IoT_Original_Distribution,6q_5k,QVE,linear,0,L0,baseline_unoptimized,0.01,6,11,8192,2,0.9506666666666667,0.9544373424154817,0.7719111821641591,125.96089198708069,1.2825553249567747,127.24344731203746
IoT_Original_Distribution,6q_5k,QVE,linear,0,L0,baseline_unoptimized,0.01,6,12,9216,0,0.9453333333333334,0.9495116497036421,0.7450868226289773,121.51544832601212,2.144600164028816,123.66004849004094
IoT_Original_Distribution,6q_5k,QVE,linear,0,L0,baseline_unoptimized,0.01,6,13,10240,1,0.9493333333333334,0.9527833215788977,0.7563495715972772,124.41758118895814,0.7161543760448694,125.13373556500301
IoT_Original_Distribution,6q_5k,QVE,linear,0,L0,baseline_unoptimized,0.01,6,14,11264,2,0.9586666666666667,0.961301191692203,0.800152764435402,123.49475415213965,1.4602542710490525,124.9550084231887
IoT_Original_Distribution,6q_5k,QVE,linear,0,L0,baseline_unoptimized,0.01,6,15,12288,0,0.9433333333333334,0.9476068991605998,0.7338510817415974,112.51707298611291,3.3657928281463683,115.88286581425928
IoT_Original_Distribution,6q_5k,QVE,linear,0,L0,baseline_unoptimized,0.01,6,16,13312,1,0.948,0.9513144024514811,0.7450809083908434,124.35994322795887,1.715246903942898,126.07519013190176
IoT_Original_Distribution,6q_5k,QVE,linear,0,L0,baseline_unoptimized,0.01,6,17,14336,2,0.9526666666666667,0.955838722862345,0.7723451313775843,125.30839521798771,1.1143581529613584,126.42275337094907
IoT_Original_Distribution,6q_5k,QVE,linear,0,L0,baseline_unoptimized,0.01,6,18,15360,0,0.9513333333333334,0.95500357222028,0.7741725697493775,126.81046828289982,1.7276991601102054,128.53816744301002
IoT_Original_Distribution,6q_5k,QVE,linear,0,L0,baseline_unoptimized,0.01,6,19,16384,1,0.946,0.9501818772350061,0.7495895011487894,119.36595219396986,3.1652660969411954,122.53121829091106
IoT_Original_Distribution,6q_5k,QVE,linear,0,L0,baseline_unoptimized,0.01,6,20,17408,2,0.9353333333333333,0.9408472540839472,0.7061634973465564,127.17774974787608,0.6273797549074516,127.80512950278353
IoT_Original_Distribution,6q_5k,QVE,linear,0,L0,baseline_unoptimized,0.01,6,21,18432,0,0.9433333333333334,0.9480566018770017,0.743294271125954,122.17562204110436,2.709925414994359,124.88554745609872
IoT_Original_Distribution,6q_5k,QVE,linear,0,L0,baseline_unoptimized,0.01,6,22,19456,1,0.9473333333333334,0.9510871855329268,0.7494903035980528,125.70695065206382,0.817684328998439,126.52463498106226
IoT_Original_Distribution,6q_5k,QVE,linear,0,L0,baseline_unoptimized,0.01,6,23,20480,2,0.954,0.9569825783104435,0.7770978375899604,124.47946219705045,0.8381709649693221,125.31763316201977
IoT_Original_Distribution,6q_5k,QVE,linear,0,L0,baseline_unoptimized,0.01,6,24,21504,0,0.9466666666666667,0.9506342326404246,0.7495119119875201,124.58586381888017,1.2999294130131602,125.88579323189333
IoT_Original_Distribution,6q_5k,QVE,linear,0,L0,baseline_unoptimized,0.01,6,25,22528,1,0.9506666666666667,0.9544373424154817,0.7719111821641591,119.5069805609528,2.1432722529862076,121.650252813939
IoT_Original_Distribution,6q_5k,QVE,linear,0,L0,baseline_unoptimized,0.01,6,26,23552,2,0.9413333333333334,0.9456976559044671,0.7225738232500313,126.67236930201761,0.5548271160805598,127.22719641809817
IoT_Original_Distribution,6q_5k,QVE,linear,0,L0,baseline_unoptimized,0.01,6,27,24576,0,0.9506666666666667,0.9533624147064417,0.7503039616278425,127.4946906270925,0.9990045030135661,128.49369513010606
IoT_Original_Distribution,6q_5k,QVE,linear,0,L0,baseline_unoptimized,0.01,6,28,25600,1,0.9446666666666667,0.9492787994798958,0.7499043866560298,122.71040392597206,2.5300378929823637,125.24044181895442
IoT_Original_Distribution,6q_5k,QVE,linear,0,L0,baseline_unoptimized,0.01,6,29,26624,2,0.946,0.9497346811906696,0.7404311685150645,119.89953016501386,2.3895186990266666,122.28904886404052
IoT_Original_Distribution,6q_5k,QVE,linear,0,L0,baseline_unoptimized,0.02,6,0,42,0,0.9406666666666667,0.9459483585824967,0.7373556178755221,129.08321660698857,0.8532723321113735,129.93648893909995
IoT_Original_Distribution,6q_5k,QVE,linear,0,L0,baseline_unoptimized,0.02,6,1,123,1,0.9586666666666667,0.9615691763191764,0.8061026617748119,125.06776958890259,1.811569963931106,126.8793395528337
IoT_Original_Distribution,6q_5k,QVE,linear,0,L0,baseline_unoptimized,0.02,6,2,456,2,0.9413333333333334,0.9465012490872056,0.7394124886784728,122.57406696700491,1.0761535849887878,123.6502205519937
IoT_Original_Distribution,6q_5k,QVE,linear,0,L0,baseline_unoptimized,0.02,6,3,789,0,0.946,0.9500724568471599,0.7472915777441907,128.96943986206315,1.387863185023889,130.35730304708704
IoT_Original_Distribution,6q_5k,QVE,linear,0,L0,baseline_unoptimized,0.02,6,4,1024,1,0.9453333333333334,0.9497300791476274,0.7497209841861407,120.06122837995645,1.4972163130296394,121.55844469298609
IoT_Original_Distribution,6q_5k,QVE,linear,0,L0,baseline_unoptimized,0.02,6,5,2048,2,0.9446666666666667,0.9486105873320623,0.7359341918993468,125.983654004056,1.6163989000488073,127.60005290410481
IoT_Original_Distribution,6q_5k,QVE,linear,0,L0,baseline_unoptimized,0.02,6,6,3072,0,0.942,0.9461339891311978,0.722378080200641,124.29473016411066,2.4369616269832477,126.73169179109391
IoT_Original_Distribution,6q_5k,QVE,linear,0,L0,baseline_unoptimized,0.02,6,7,4096,1,0.95,0.9535637837337912,0.7630464152967588,129.04114362201653,1.0122922039590776,130.0534358259756
IoT_Original_Distribution,6q_5k,QVE,linear,0,L0,baseline_unoptimized,0.02,6,8,5120,2,0.952,0.9551646827188816,0.7678596108689535,126.14016325795092,1.741840754984878,127.8820040129358
IoT_Original_Distribution,6q_5k,QVE,linear,0,L0,baseline_unoptimized,0.02,6,9,6144,0,0.9473333333333334,0.9513052356904398,0.7540118257454874,115.26506396604236,2.709730088012293,117.97479405405466
IoT_Original_Distribution,6q_5k,QVE,linear,0,L0,baseline_unoptimized,0.02,6,10,7168,1,0.9526666666666667,0.9549709715688568,0.7556867226603413,125.18435327813495,1.9319112399825826,127.11626451811753
IoT_Original_Distribution,6q_5k,QVE,linear,0,L0,baseline_unoptimized,0.02,6,11,8192,2,0.9386666666666666,0.9442947487725144,0.7312651616905566,127.0393001009943,1.171424814965576,128.21072491595987
IoT_Original_Distribution,6q_5k,QVE,linear,0,L0,baseline_unoptimized,0.02,6,12,9216,0,0.946,0.9500724568471599,0.7472915777441907,126.787639113958,1.3265172279207036,128.1141563418787
IoT_Original_Distribution,6q_5k,QVE,linear,0,L0,baseline_unoptimized,0.02,6,13,10240,1,0.948,0.9516515444015443,0.7517601885785661,117.30673987290356,2.520817506010644,119.82755737891421
IoT_Original_Distribution,6q_5k,QVE,linear,0,L0,baseline_unoptimized,0.02,6,14,11264,2,0.952,0.9553706563706564,0.7721386160271583,123.30275391892064,1.4096936549758539,124.7124475738965
IoT_Original_Distribution,6q_5k,QVE,linear,0,L0,baseline_unoptimized,0.02,6,15,12288,0,0.9433333333333334,0.9476068991605998,0.7338510817415974,127.50041017495096,0.741458760923706,128.24186893587466
IoT_Original_Distribution,6q_5k,QVE,linear,0,L0,baseline_unoptimized,0.02,6,16,13312,1,0.9466666666666667,0.9501829807987573,0.7404473119606854,107.96534343902022,2.204081943957135,110.16942538297735
IoT_Original_Distribution,6q_5k,QVE,linear,0,L0,baseline_unoptimized,0.02,6,17,14336,2,0.9506666666666667,0.9541309523809525,0.7653458068776275,122.95914509810973,1.37760858098045,124.33675367909018
IoT_Original_Distribution,6q_5k,QVE,linear,0,L0,baseline_unoptimized,0.02,6,18,15360,0,0.93,0.9372113652511536,0.706176741182577,128.3862970530754,0.8995630351128057,129.2858600881882
IoT_Original_Distribution,6q_5k,QVE,linear,0,L0,baseline_unoptimized,0.02,6,19,16384,1,0.9453333333333334,0.9496216377136452,0.7474014016511811,128.11049453204032,1.1715820769313723,129.2820766089717
IoT_Original_Distribution,6q_5k,QVE,linear,0,L0,baseline_unoptimized,0.02,6,20,17408,2,0.9366666666666666,0.9419456138625313,0.7102436934755755,119.50749693799298,2.0597032059449703,121.56720014393795
IoT_Original_Distribution,6q_5k,QVE,linear,0,L0,baseline_unoptimized,0.02,6,21,18432,0,0.946,0.9502897568165071,0.7518927249782642,123.55903120106086,2.112859562970698,125.67189076403156
IoT_Original_Distribution,6q_5k,QVE,linear,0,L0,baseline_unoptimized,0.02,6,22,19456,1,0.948,0.9516515444015443,0.7517601885785661,124.43116035999265,1.932624078122899,126.36378443811554
IoT_Original_Distribution,6q_5k,QVE,linear,0,L0,baseline_unoptimized,0.02,6,23,20480,2,0.9353333333333333,0.941325639503058,0.7162974976674493,127.52626601490192,0.8815308179473504,128.40779683284927
IoT_Original_Distribution,6q_5k,QVE,linear,0,L0,baseline_unoptimized,0.02,6,24,21504,0,0.9486666666666667,0.9524325075741703,0.7584969345147942,126.85283919400536,1.8488614689558744,128.70170066296123
IoT_Original_Distribution,6q_5k,QVE,linear,0,L0,baseline_unoptimized,0.02,6,25,22528,1,0.948,0.9524831433672067,0.7698496055214346,125.90215472190175,2.0977082550525665,127.99986297695432
IoT_Original_Distribution,6q_5k,QVE,linear,0,L0,baseline_unoptimized,0.02,6,26,23552,2,0.938,0.9431678114654254,0.7168538090056512,125.80745505611412,1.7611502161016688,127.56860527221579
IoT_Original_Distribution,6q_5k,QVE,linear,0,L0,baseline_unoptimized,0.02,6,27,24576,0,0.9486666666666667,0.9516499784327822,0.7430462013493978,120.35808784211986,1.9111788370646536,122.26926667918451
IoT_Original_Distribution,6q_5k,QVE,linear,0,L0,baseline_unoptimized,0.02,6,28,25600,1,0.938,0.943745200760664,0.7292612197087034,126.65687971597072,1.2961461450904608,127.95302586106118
IoT_Original_Distribution,6q_5k,QVE,linear,0,L0,baseline_unoptimized,0.02,6,29,26624,2,0.9446666666666667,0.9488396780038799,0.7405713297428941,120.27353375207167,2.476378985098563,122.74991273717023
IoT_Original_Distribution,6q_5k,QVE,linear,0,L0,baseline_unoptimized,0.05,6,0,42,0,0.9313333333333333,0.9382928745136939,0.7099056670221666,123.76909710012842,2.1886268079979345,125.95772390812635
IoT_Original_Distribution,6q_5k,QVE,linear,0,L0,baseline_unoptimized,0.05,6,1,123,1,0.918,0.928178265733538,0.6885652365310698,102.94376202102285,3.0045405731070787,105.94830259412993
IoT_Original_Distribution,6q_5k,QVE,linear,0,L0,baseline_unoptimized,0.05,6,2,456,2,0.9253333333333333,0.9337943425076453,0.701594961808708,126.44349760911427,0.5854782109381631,127.02897582005244
IoT_Original_Distribution,6q_5k,QVE,linear,0,L0,baseline_unoptimized,0.05,6,3,789,0,0.928,0.9352367516849478,0.6926638750791146,117.18721006298438,3.140752232982777,120.32796229596715
IoT_Original_Distribution,6q_5k,QVE,linear,0,L0,baseline_unoptimized,0.05,6,4,1024,1,0.916,0.925645059880833,0.6610420172840304,123.60212034394499,1.8668698250548914,125.46899016899988
IoT_Original_Distribution,6q_5k,QVE,linear,0,L0,baseline_unoptimized,0.05,6,5,2048,2,0.936,0.941396010781671,0.7081967689508794,126.2920878350269,1.5974497380666435,127.88953757309355
IoT_Original_Distribution,6q_5k,QVE,linear,0,L0,baseline_unoptimized,0.05,6,6,3072,0,0.94,0.9449430488375723,0.7255514345672188,120.55004483903758,1.3780684738885611,121.92811331292614
IoT_Original_Distribution,6q_5k,QVE,linear,0,L0,baseline_unoptimized,0.05,6,7,4096,1,0.936,0.9415177149134851,0.7107143064611874,126.25350664090365,1.223972535924986,127.47747917682864
IoT_Original_Distribution,6q_5k,QVE,linear,0,L0,baseline_unoptimized,0.05,6,8,5120,2,0.942,0.9466075165806926,0.7318998318444027,126.33472805586644,0.8652049019001424,127.19993295776658
IoT_Original_Distribution,6q_5k,QVE,linear,0,L0,baseline_unoptimized,0.05,6,9,6144,0,0.9333333333333333,0.9396889490196407,0.7104354314700336,122.58832245704252,1.8976256549358368,124.48594811197836
IoT_Original_Distribution,6q_5k,QVE,linear,0,L0,baseline_unoptimized,0.05,6,10,7168,1,0.9366666666666666,0.9416978629329402,0.7052426409992539,126.78912394598592,1.5848917020484805,128.3740156480344
IoT_Original_Distribution,6q_5k,QVE,linear,0,L0,baseline_unoptimized,0.05,6,11,8192,2,0.9326666666666666,0.9392619063710328,0.7110930728822706,125.78841178410221,1.6943614000920206,127.48277318419423
IoT_Original_Distribution,6q_5k,QVE,linear,0,L0,baseline_unoptimized,0.05,6,12,9216,0,0.9306666666666666,0.9373977888575765,0.7001675372875632,113.61045089515392,2.449512847000733,116.05996374215465
IoT_Original_Distribution,6q_5k,QVE,linear,0,L0,baseline_unoptimized,0.05,6,13,10240,1,0.9313333333333333,0.9376962976166495,0.6968519146055684,124.22627641598228,1.8249562759883702,126.05123269197065
IoT_Original_Distribution,6q_5k,QVE,linear,0,L0,baseline_unoptimized,0.05,6,14,11264,2,0.944,0.9487215094339624,0.7477777870191886,126.64318025787361,0.7756181260338053,127.41879838390741
IoT_Original_Distribution,6q_5k,QVE,linear,0,L0,baseline_unoptimized,0.05,6,15,12288,0,0.934,0.9398751404456988,0.7046957361440312,122.97315799014177,1.3597227109130472,124.33288070105482
IoT_Original_Distribution,6q_5k,QVE,linear,0,L0,baseline_unoptimized,0.05,6,16,13312,1,0.932,0.9379900841692609,0.6935992558300481,124.07627976301592,2.116602175985463,126.19288193900138
IoT_Original_Distribution,6q_5k,QVE,linear,0,L0,baseline_unoptimized,0.05,6,17,14336,2,0.9366666666666666,0.9426485311421791,0.7252917606989296,127.03964281699155,0.7526156399399042,127.79225845693145
IoT_Original_Distribution,6q_5k,QVE,linear,0,L0,baseline_unoptimized,0.05,6,18,15360,0,0.9353333333333333,0.9416673754256454,0.7239120279025019,126.30505257297773,1.6149053290719166,127.91995790204965
IoT_Original_Distribution,6q_5k,QVE,linear,0,L0,baseline_unoptimized,0.05,6,19,16384,1,0.928,0.9353575994245196,0.6953323652099169,117.05867788603064,2.637698253034614,119.69637613906525
IoT_Original_Distribution,6q_5k,QVE,linear,0,L0,baseline_unoptimized,0.05,6,20,17408,2,0.9226666666666666,0.9305692734559655,0.6699260636146553,125.59450743696652,1.6999862489756197,127.29449368594214
IoT_Original_Distribution,6q_5k,QVE,linear,0,L0,baseline_unoptimized,0.05,6,21,18432,0,0.9273333333333333,0.93469828467954,0.6908167078128369,125.51810043188743,2.004742225049995,127.52284265693743
IoT_Original_Distribution,6q_5k,QVE,linear,0,L0,baseline_unoptimized,0.05,6,22,19456,1,0.9333333333333333,0.939570707070707,0.707861427382342,119.74095516803209,2.3622735920362175,122.1032287600683
IoT_Original_Distribution,6q_5k,QVE,linear,0,L0,baseline_unoptimized,0.05,6,23,20480,2,0.9253333333333333,0.9333292682926829,0.6907644654457384,125.69444849702995,1.2866942810360342,126.98114277806599
IoT_Original_Distribution,6q_5k,QVE,linear,0,L0,baseline_unoptimized,0.05,6,24,21504,0,0.932,0.9386016775333922,0.7065888540513295,128.54555182904005,0.8705483981175348,129.41610022715759
IoT_Original_Distribution,6q_5k,QVE,linear,0,L0,baseline_unoptimized,0.05,6,25,22528,1,0.8946666666666667,0.9098773797161648,0.6334394717411292,127.7829236589605,1.1706747629214078,128.9535984218819
IoT_Original_Distribution,6q_5k,QVE,linear,0,L0,baseline_unoptimized,0.05,6,26,23552,2,0.9406666666666667,0.9452615688137721,0.7228213155562175,119.71040895592887,3.02131892205216,122.73172787798103
IoT_Original_Distribution,6q_5k,QVE,linear,0,L0,baseline_unoptimized,0.05,6,27,24576,0,0.934,0.9393730375378424,0.6944681859383888,121.99718949699309,2.016700815060176,124.01389031205326
IoT_Original_Distribution,6q_5k,QVE,linear,0,L0,baseline_unoptimized,0.05,6,28,25600,1,0.9206666666666666,0.9297163914479402,0.6812829708816507,122.83008229290135,2.850185539922677,125.68026783282403
IoT_Original_Distribution,6q_5k,QVE,linear,0,L0,baseline_unoptimized,0.05,6,29,26624,2,0.9206666666666666,0.9294743260185261,0.6757259380777384,127.691928818007,1.1416960118804127,128.8336248298874
IoT_Original_Distribution,6q_5k,QVE,linear,3,L3,qiskit_heavy,0.0,6,0,42,0,0.9486666666666667,0.952642031445623,0.7629735939450754,262.94662597298156,4.5101948560914025,267.45682082907297
IoT_Original_Distribution,6q_5k,QVE,linear,3,L3,qiskit_heavy,0.0,6,1,123,1,0.958,0.9609047520371875,0.8017003432110631,246.69894424802624,5.113927230937406,251.81287147896364
IoT_Original_Distribution,6q_5k,QVE,linear,3,L3,qiskit_heavy,0.0,6,2,456,2,0.9406666666666667,0.9459483585824967,0.7373556178755221,263.616287957062,3.687762128887698,267.3040500859497
IoT_Original_Distribution,6q_5k,QVE,linear,3,L3,qiskit_heavy,0.0,6,3,789,0,0.948,0.951868376824414,0.7562464341718923,245.58125356491655,4.952280786004849,250.5335343509214
IoT_Original_Distribution,6q_5k,QVE,linear,3,L3,qiskit_heavy,0.0,6,4,1024,1,0.9433333333333334,0.9478349299926309,0.7385641295556898,258.22320401493926,6.1118143369676545,264.3350183519069
IoT_Original_Distribution,6q_5k,QVE,linear,3,L3,qiskit_heavy,0.0,6,5,2048,2,0.9466666666666667,0.950298233240945,0.7427041951409588,261.36174752097577,3.249627346987836,264.6113748679636
IoT_Original_Distribution,6q_5k,QVE,linear,3,L3,qiskit_heavy,0.0,6,6,3072,0,0.9466666666666667,0.9499474222287132,0.7359532448416131,246.05372850899585,5.377653244882822,251.43138175387867
IoT_Original_Distribution,6q_5k,QVE,linear,3,L3,qiskit_heavy,0.0,6,7,4096,1,0.9553333333333334,0.9581308231267048,0.7819218634193963,247.09905214095488,6.55930684087798,253.65835898183286
IoT_Original_Distribution,6q_5k,QVE,linear,3,L3,qiskit_heavy,0.0,6,8,5120,2,0.952,0.9551646827188816,0.7678596108689535,252.79143775010016,5.268963334034197,258.06040108413436
IoT_Original_Distribution,6q_5k,QVE,linear,3,L3,qiskit_heavy,0.0,6,9,6144,0,0.9293333333333333,0.9363158196098934,0.6963924536386645,245.44186925690155,5.2622857498936355,250.7041550067952
IoT_Original_Distribution,6q_5k,QVE,linear,3,L3,qiskit_heavy,0.0,6,10,7168,1,0.9426666666666667,0.9465706007340159,0.722236130456481,219.89524421293754,5.771128266933374,225.66637247987092
IoT_Original_Distribution,6q_5k,QVE,linear,3,L3,qiskit_heavy,0.0,6,11,8192,2,0.9473333333333334,0.9516209087423189,0.7608380955238458,246.354444194003,3.8601183730643243,250.21456256706733
IoT_Original_Distribution,6q_5k,QVE,linear,3,L3,qiskit_heavy,0.0,6,12,9216,0,0.9433333333333334,0.9478349299926309,0.7385641295556898,239.32928907696623,4.896289300057106,244.22557837702334
IoT_Original_Distribution,6q_5k,QVE,linear,3,L3,qiskit_heavy,0.0,6,13,10240,1,0.95,0.9533507635869841,0.758669496924408,254.51017288095318,4.216658855904825,258.726831736858
IoT_Original_Distribution,6q_5k,QVE,linear,3,L3,qiskit_heavy,0.0,6,14,11264,2,0.942,0.9469454753124061,0.7390818032083202,252.83985507499892,4.231142960023135,257.07099803502206
IoT_Original_Distribution,6q_5k,QVE,linear,3,L3,qiskit_heavy,0.0,6,15,12288,0,0.944,0.9481659442724458,0.7360428676187757,259.7186584220035,4.585482895025052,264.30414131702855
IoT_Original_Distribution,6q_5k,QVE,linear,3,L3,qiskit_heavy,0.0,6,16,13312,1,0.9493333333333334,0.9524500511172777,0.7497840926896447,246.0360396510223,5.041838106000796,251.0778777570231
IoT_Original_Distribution,6q_5k,QVE,linear,3,L3,qiskit_heavy,0.0,6,17,14336,2,0.952,0.9553706563706564,0.7721386160271583,261.5005078238901,4.0654910519951954,265.56599887588527
IoT_Original_Distribution,6q_5k,QVE,linear,3,L3,qiskit_heavy,0.0,6,18,15360,0,0.95,0.953770793377,0.7674523217480809,251.85600856295787,4.943581202998757,256.7995897659566
IoT_Original_Distribution,6q_5k,QVE,linear,3,L3,qiskit_heavy,0.0,6,19,16384,1,0.9446666666666667,0.9489518001296976,0.7428974547506464,262.9322869658936,3.7804374640109017,266.7127244299045
IoT_Original_Distribution,6q_5k,QVE,linear,3,L3,qiskit_heavy,0.0,6,20,17408,2,0.936,0.941396010781671,0.7081967689508794,263.2429173621349,4.381155826034956,267.62407318816986
IoT_Original_Distribution,6q_5k,QVE,linear,3,L3,qiskit_heavy,0.0,6,21,18432,0,0.942,0.9466075165806926,0.7318998318444027,247.80916247412097,5.783126886002719,253.5922893601237
IoT_Original_Distribution,6q_5k,QVE,linear,3,L3,qiskit_heavy,0.0,6,22,19456,1,0.9473333333333334,0.9510871855329268,0.7494903035980528,265.19306979805697,4.089807947981171,269.28287774603814
IoT_Original_Distribution,6q_5k,QVE,linear,3,L3,qiskit_heavy,0.0,6,23,20480,2,0.9366666666666666,0.9424207276554208,0.7202686541714726,261.122603649972,6.071734230034053,267.19433788000606
IoT_Original_Distribution,6q_5k,QVE,linear,3,L3,qiskit_heavy,0.0,6,24,21504,0,0.9493333333333334,0.9529976393600043,0.7607635269721875,242.0778658790514,4.992945942096412,247.0708118211478
IoT_Original_Distribution,6q_5k,QVE,linear,3,L3,qiskit_heavy,0.0,6,25,22528,1,0.95,0.9538721085509316,0.7696656403432183,259.72239263309166,4.121986009995453,263.8443786430871
IoT_Original_Distribution,6q_5k,QVE,linear,3,L3,qiskit_heavy,0.0,6,26,23552,2,0.9393333333333334,0.9442721860196329,0.7210161497725717,256.9071163061308,5.287608257960528,262.1947245640913
IoT_Original_Distribution,6q_5k,QVE,linear,3,L3,qiskit_heavy,0.0,6,27,24576,0,0.9513333333333334,0.9539354829706997,0.7527610142152849,230.5264464019565,5.0682414069306105,235.5946878088871
IoT_Original_Distribution,6q_5k,QVE,linear,3,L3,qiskit_heavy,0.0,6,28,25600,1,0.9446666666666667,0.9492787994798958,0.7499043866560298,257.7578886790434,4.063631825032644,261.82152050407603
IoT_Original_Distribution,6q_5k,QVE,linear,3,L3,qiskit_heavy,0.0,6,29,26624,2,0.9453333333333334,0.9490556890719686,0.7358815069127995,257.5962353540817,3.8504007449373603,261.4466360990191
IoT_Original_Distribution,6q_5k,QVE,linear,3,L3,qiskit_heavy,0.0003,6,0,42,0,0.9473333333333334,0.9515171702284452,0.7585570226895514,127.5252133149188,0.5648623290471733,128.09007564396597
IoT_Original_Distribution,6q_5k,QVE,linear,3,L3,qiskit_heavy,0.0003,6,1,123,1,0.958,0.9609047520371875,0.8017003432110631,121.91238877107389,1.7711460071150213,123.68353477818891
IoT_Original_Distribution,6q_5k,QVE,linear,3,L3,qiskit_heavy,0.0003,6,2,456,2,0.9306666666666666,0.9377517624087965,0.7080355160075477,125.55707991099916,1.5976193229435012,127.15469923394267
IoT_Original_Distribution,6q_5k,QVE,linear,3,L3,qiskit_heavy,0.0003,6,3,789,0,0.948,0.951868376824414,0.7562464341718923,126.34006764693186,1.4100138659123331,127.75008151284419
IoT_Original_Distribution,6q_5k,QVE,linear,3,L3,qiskit_heavy,0.0003,6,4,1024,1,0.9466666666666667,0.9507430728816021,0.7517929125127727,122.42257612198591,2.232484740903601,124.65506086288951
IoT_Original_Distribution,6q_5k,QVE,linear,3,L3,qiskit_heavy,0.0003,6,5,2048,2,0.9466666666666667,0.950298233240945,0.7427041951409588,125.69977619906422,1.70862325001508,127.4083994490793
IoT_Original_Distribution,6q_5k,QVE,linear,3,L3,qiskit_heavy,0.0003,6,6,3072,0,0.948,0.9510813789685726,0.7406638990920347,120.46612879098393,1.727546394104138,122.19367518508807
IoT_Original_Distribution,6q_5k,QVE,linear,3,L3,qiskit_heavy,0.0003,6,7,4096,1,0.9513333333333334,0.9546991571224553,0.7676619128243972,120.63387537805829,1.630602430086583,122.26447780814487
IoT_Original_Distribution,6q_5k,QVE,linear,3,L3,qiskit_heavy,0.0003,6,8,5120,2,0.9506666666666667,0.9540258657478741,0.7631722598254365,126.131189214997,0.8163454161258414,126.94753463112283
IoT_Original_Distribution,6q_5k,QVE,linear,3,L3,qiskit_heavy,0.0003,6,9,6144,0,0.9373333333333334,0.942853606979515,0.7197782460291479,124.77849367202725,1.7275650469819084,126.50605871900916
IoT_Original_Distribution,6q_5k,QVE,linear,3,L3,qiskit_heavy,0.0003,6,10,7168,1,0.9426666666666667,0.9465706007340159,0.722236130456481,126.2617690260522,1.0989843319403008,127.36075335799251
IoT_Original_Distribution,6q_5k,QVE,linear,3,L3,qiskit_heavy,0.0003,6,11,8192,2,0.9446666666666667,0.9493847638037898,0.7522491255530257,118.08128919906449,1.9196598069975153,120.000949006062
IoT_Original_Distribution,6q_5k,QVE,linear,3,L3,qiskit_heavy,0.0003,6,12,9216,0,0.946,0.9500724568471599,0.7472915777441907,123.58955574699212,2.0307998820208013,125.62035562901292
IoT_Original_Distribution,6q_5k,QVE,linear,3,L3,qiskit_heavy,0.0003,6,13,10240,1,0.9513333333333334,0.9541616678648454,0.7569734430900897,119.6541266849963,1.9762235879898071,121.6303502729861
IoT_Original_Distribution,6q_5k,QVE,linear,3,L3,qiskit_heavy,0.0003,6,14,11264,2,0.9593333333333334,0.9618803016526716,0.8026207691642978,126.69509046897292,1.1220447081141174,127.81713517708704
IoT_Original_Distribution,6q_5k,QVE,linear,3,L3,qiskit_heavy,0.0003,6,15,12288,0,0.944,0.9481659442724458,0.7360428676187757,120.34168322302867,2.257725110044703,122.59940833307337
IoT_Original_Distribution,6q_5k,QVE,linear,3,L3,qiskit_heavy,0.0003,6,16,13312,1,0.9446666666666667,0.9484935622077233,0.7336234824377313,120.22382338403258,2.0717513700947165,122.2955747541273
IoT_Original_Distribution,6q_5k,QVE,linear,3,L3,qiskit_heavy,0.0003,6,17,14336,2,0.9546666666666667,0.9576555336789438,0.7815657603230876,126.42400971497409,0.8519164910539985,127.27592620602809
IoT_Original_Distribution,6q_5k,QVE,linear,3,L3,qiskit_heavy,0.0003,6,18,15360,0,0.95,0.953770793377,0.7674523217480809,122.83612845884636,1.5938473079586402,124.429975766805
IoT_Original_Distribution,6q_5k,QVE,linear,3,L3,qiskit_heavy,0.0003,6,19,16384,1,0.9446666666666667,0.9489518001296976,0.7428974547506464,126.29593139409553,1.1422514229780063,127.43818281707354
IoT_Original_Distribution,6q_5k,QVE,linear,3,L3,qiskit_heavy,0.0003,6,20,17408,2,0.936,0.941396010781671,0.7081967689508794,122.5679219190497,1.39661729009822,123.96453920914792
IoT_Original_Distribution,6q_5k,QVE,linear,3,L3,qiskit_heavy,0.0003,6,21,18432,0,0.9473333333333334,0.9514119543403146,0.7562815475469323,127.04536270000972,0.7737609460018575,127.81912364601158
IoT_Original_Distribution,6q_5k,QVE,linear,3,L3,qiskit_heavy,0.0003,6,22,19456,1,0.9473333333333334,0.9510871855329268,0.7494903035980528,117.81918689096346,2.008880496956408,119.82806738791987
IoT_Original_Distribution,6q_5k,QVE,linear,3,L3,qiskit_heavy,0.0003,6,23,20480,2,0.9546666666666667,0.9575561457269323,0.7795008184186926,120.37427995109465,1.754966996028088,122.12924694712274
IoT_Original_Distribution,6q_5k,QVE,linear,3,L3,qiskit_heavy,0.0003,6,24,21504,0,0.946,0.9500724568471599,0.7472915777441907,90.38460734405089,2.812897572061047,93.19750491611194
IoT_Original_Distribution,6q_5k,QVE,linear,3,L3,qiskit_heavy,0.0003,6,25,22528,1,0.95,0.9538721085509316,0.7696656403432183,129.76602121489123,0.15549571893643588,129.92151693382766
IoT_Original_Distribution,6q_5k,QVE,linear,3,L3,qiskit_heavy,0.0003,6,26,23552,2,0.944,0.9479324324324323,0.7313817611299739,129.53246541297995,0.16330178803764284,129.6957672010176
IoT_Original_Distribution,6q_5k,QVE,linear,3,L3,qiskit_heavy,0.0003,6,27,24576,0,0.9513333333333334,0.9540494037616619,0.7548624441936095,117.02938784100115,2.14833948307205,119.1777273240732
IoT_Original_Distribution,6q_5k,QVE,linear,3,L3,qiskit_heavy,0.0003,6,28,25600,1,0.9413333333333334,0.9463912386706949,0.7369966615990751,125.86501457192935,1.3236789660295472,127.1886935379589
IoT_Original_Distribution,6q_5k,QVE,linear,3,L3,qiskit_heavy,0.0003,6,29,26624,2,0.946,0.9497346811906696,0.7404311685150645,125.16133301984519,1.610209646052681,126.77154266589787
IoT_Original_Distribution,6q_5k,QVE,linear,3,L3,qiskit_heavy,0.0005,6,0,42,0,0.948,0.9520791188007844,0.7607576339221506,123.78807962895371,2.7672023399500176,126.55528196890373
IoT_Original_Distribution,6q_5k,QVE,linear,3,L3,qiskit_heavy,0.0005,6,1,123,1,0.958,0.9609047520371875,0.8017003432110631,127.72599092090968,1.3492133719846606,129.07520429289434
IoT_Original_Distribution,6q_5k,QVE,linear,3,L3,qiskit_heavy,0.0005,6,2,456,2,0.9306666666666666,0.9377517624087965,0.7080355160075477,127.79935842892155,1.021067716064863,128.8204261449864
IoT_Original_Distribution,6q_5k,QVE,linear,3,L3,qiskit_heavy,0.0005,6,3,789,0,0.9453333333333334,0.9495116497036421,0.7450868226289773,126.65637014200911,1.0404222371289507,127.69679237913806
IoT_Original_Distribution,6q_5k,QVE,linear,3,L3,qiskit_heavy,0.0005,6,4,1024,1,0.9466666666666667,0.9507430728816021,0.7517929125127727,114.52174266707152,2.5855198650388047,117.10726253211033
IoT_Original_Distribution,6q_5k,QVE,linear,3,L3,qiskit_heavy,0.0005,6,5,2048,2,0.9466666666666667,0.950298233240945,0.7427041951409588,122.83601227088366,1.5239501720061526,124.35996244288981
IoT_Original_Distribution,6q_5k,QVE,linear,3,L3,qiskit_heavy,0.0005,6,6,3072,0,0.948,0.9510813789685726,0.7406638990920347,105.02233847498428,2.236435897066258,107.25877437205054
IoT_Original_Distribution,6q_5k,QVE,linear,3,L3,qiskit_heavy,0.0005,6,7,4096,1,0.9553333333333334,0.9581308231267048,0.7819218634193963,126.5504889281001,1.649172501056455,128.19966142915655
IoT_Original_Distribution,6q_5k,QVE,linear,3,L3,qiskit_heavy,0.0005,6,8,5120,2,0.9506666666666667,0.9540258657478741,0.7631722598254365,126.03198148403317,1.7200663508847356,127.7520478349179
IoT_Original_Distribution,6q_5k,QVE,linear,3,L3,qiskit_heavy,0.0005,6,9,6144,0,0.9266666666666666,0.934160517932381,0.6889807898111014,123.06695832987316,1.6301395179471,124.69709784782026
IoT_Original_Distribution,6q_5k,QVE,linear,3,L3,qiskit_heavy,0.0005,6,10,7168,1,0.9533333333333334,0.9556616436621502,0.7602492708201275,124.38863437995315,1.3119167280383408,125.70055110799149
IoT_Original_Distribution,6q_5k,QVE,linear,3,L3,qiskit_heavy,0.0005,6,11,8192,2,0.9446666666666667,0.9493847638037898,0.7522491255530257,125.5465299099451,1.516008279984817,127.06253818992991
IoT_Original_Distribution,6q_5k,QVE,linear,3,L3,qiskit_heavy,0.0005,6,12,9216,0,0.946,0.9500724568471599,0.7472915777441907,118.66792097210418,2.760304471012205,121.42822544311639
IoT_Original_Distribution,6q_5k,QVE,linear,3,L3,qiskit_heavy,0.0005,6,13,10240,1,0.9513333333333334,0.9541616678648454,0.7569734430900897,126.92036320792977,1.0905044949613512,128.01086770289112
IoT_Original_Distribution,6q_5k,QVE,linear,3,L3,qiskit_heavy,0.0005,6,14,11264,2,0.9573333333333334,0.9599579377829707,0.7912766362337398,123.4425602729898,2.360564258066006,125.8031245310558
IoT_Original_Distribution,6q_5k,QVE,linear,3,L3,qiskit_heavy,0.0005,6,15,12288,0,0.944,0.9481659442724458,0.7360428676187757,127.12837894901168,0.8945020649116486,128.02288101392332
IoT_Original_Distribution,6q_5k,QVE,linear,3,L3,qiskit_heavy,0.0005,6,16,13312,1,0.9493333333333334,0.9524500511172777,0.7497840926896447,113.02979367203079,2.6586389699950814,115.68843264202587
IoT_Original_Distribution,6q_5k,QVE,linear,3,L3,qiskit_heavy,0.0005,6,17,14336,2,0.936,0.9419878787878788,0.7208005654703808,124.34111101995222,2.491412368020974,126.8325233879732
IoT_Original_Distribution,6q_5k,QVE,linear,3,L3,qiskit_heavy,0.0005,6,18,15360,0,0.95,0.953770793377,0.7674523217480809,126.69839917786885,2.0509888629894704,128.74938804085832
IoT_Original_Distribution,6q_5k,QVE,linear,3,L3,qiskit_heavy,0.0005,6,19,16384,1,0.9446666666666667,0.9489518001296976,0.7428974547506464,124.15497360390145,1.7458072679582983,125.90078087185975
IoT_Original_Distribution,6q_5k,QVE,linear,3,L3,qiskit_heavy,0.0005,6,20,17408,2,0.936,0.941396010781671,0.7081967689508794,127.28601170994807,1.785047741024755,129.07105945097283
IoT_Original_Distribution,6q_5k,QVE,linear,3,L3,qiskit_heavy,0.0005,6,21,18432,0,0.9413333333333334,0.9460517922559906,0.7297692148917345,128.27069710206706,0.8700106029864401,129.1407077050535
IoT_Original_Distribution,6q_5k,QVE,linear,3,L3,qiskit_heavy,0.0005,6,22,19456,1,0.9473333333333334,0.9510871855329268,0.7494903035980528,126.91391831310466,1.8110112579306588,128.72492957103532
IoT_Original_Distribution,6q_5k,QVE,linear,3,L3,qiskit_heavy,0.0005,6,23,20480,2,0.9373333333333334,0.9429694878376311,0.7222736029851896,119.09880690299906,2.2998543209396303,121.39866122393869
IoT_Original_Distribution,6q_5k,QVE,linear,3,L3,qiskit_heavy,0.0005,6,24,21504,0,0.95,0.9535637837337912,0.7630464152967588,120.72307547205128,2.885085353977047,123.60816082602832
IoT_Original_Distribution,6q_5k,QVE,linear,3,L3,qiskit_heavy,0.0005,6,25,22528,1,0.928,0.936048988276891,0.7113307201698363,127.86952205002308,1.2156416879734024,129.08516373799648
IoT_Original_Distribution,6q_5k,QVE,linear,3,L3,qiskit_heavy,0.0005,6,26,23552,2,0.9413333333333334,0.9459354160829365,0.7273670532447268,125.51184928102884,2.442859707865864,127.95470898889471
IoT_Original_Distribution,6q_5k,QVE,linear,3,L3,qiskit_heavy,0.0005,6,27,24576,0,0.952,0.9546228899846461,0.7573170657875256,128.3496237170184,1.4021228059427813,129.75174652296118
IoT_Original_Distribution,6q_5k,QVE,linear,3,L3,qiskit_heavy,0.0005,6,28,25600,1,0.9413333333333334,0.9463912386706949,0.7369966615990751,124.82221943303011,1.157443051924929,125.97966248495504
IoT_Original_Distribution,6q_5k,QVE,linear,3,L3,qiskit_heavy,0.0005,6,29,26624,2,0.9393333333333334,0.9441526897568164,0.7185712364218283,127.99638081493322,1.3089001161279157,129.30528093106113
IoT_Original_Distribution,6q_5k,QVE,linear,3,L3,qiskit_heavy,0.001,6,0,42,0,0.948,0.9520791188007844,0.7607576339221506,129.17024547909386,1.6478204048471525,130.81806588394102
IoT_Original_Distribution,6q_5k,QVE,linear,3,L3,qiskit_heavy,0.001,6,1,123,1,0.958,0.9609047520371875,0.8017003432110631,128.38828584901057,1.118806682061404,129.50709253107198
IoT_Original_Distribution,6q_5k,QVE,linear,3,L3,qiskit_heavy,0.001,6,2,456,2,0.9486666666666667,0.9528456958627664,0.7674750864823916,128.49595423706342,0.8864934369921684,129.38244767405558
IoT_Original_Distribution,6q_5k,QVE,linear,3,L3,qiskit_heavy,0.001,6,3,789,0,0.948,0.951868376824414,0.7562464341718923,126.1254999920493,1.5194147288566455,127.64491472090594
IoT_Original_Distribution,6q_5k,QVE,linear,3,L3,qiskit_heavy,0.001,6,4,1024,1,0.9466666666666667,0.9507430728816021,0.7517929125127727,125.64334691606928,1.902262242976576,127.54560915904585
IoT_Original_Distribution,6q_5k,QVE,linear,3,L3,qiskit_heavy,0.001,6,5,2048,2,0.9466666666666667,0.950298233240945,0.7427041951409588,127.25000961404294,1.3840442310320213,128.63405384507496
IoT_Original_Distribution,6q_5k,QVE,linear,3,L3,qiskit_heavy,0.001,6,6,3072,0,0.9486666666666667,0.9518816922500936,0.747423687177894,121.48703056992963,1.6476836699293926,123.13471423985902
IoT_Original_Distribution,6q_5k,QVE,linear,3,L3,qiskit_heavy,0.001,6,7,4096,1,0.9473333333333334,0.9513052356904398,0.7540118257454874,119.16946185100824,1.8068525509443134,120.97631440195255
IoT_Original_Distribution,6q_5k,QVE,linear,3,L3,qiskit_heavy,0.001,6,8,5120,2,0.95,0.9534580381395088,0.760854226747064,127.157398161944,1.451606260961853,128.60900442290585
IoT_Original_Distribution,6q_5k,QVE,linear,3,L3,qiskit_heavy,0.001,6,9,6144,0,0.95,0.9533507635869841,0.758669496924408,127.65284789900761,1.1537883001146838,128.8066361991223
IoT_Original_Distribution,6q_5k,QVE,linear,3,L3,qiskit_heavy,0.001,6,10,7168,1,0.9553333333333334,0.95728760057596,0.7659670226923443,120.50191263004672,2.9203474380774423,123.42226006812416
IoT_Original_Distribution,6q_5k,QVE,linear,3,L3,qiskit_heavy,0.001,6,11,8192,2,0.9446666666666667,0.9493847638037898,0.7522491255530257,126.95584311999846,1.7708544109482318,128.7266975309467
IoT_Original_Distribution,6q_5k,QVE,linear,3,L3,qiskit_heavy,0.001,6,12,9216,0,0.946,0.9500724568471599,0.7472915777441907,127.88183279603254,1.1225117180729285,129.00434451410547
IoT_Original_Distribution,6q_5k,QVE,linear,3,L3,qiskit_heavy,0.001,6,13,10240,1,0.9493333333333334,0.9527833215788977,0.7563495715972772,127.90316146204714,0.7150397109799087,128.61820117302705
IoT_Original_Distribution,6q_5k,QVE,linear,3,L3,qiskit_heavy,0.001,6,14,11264,2,0.958,0.9604408914450037,0.7917915474418197,118.62556287704501,1.7329375609988347,120.35850043804385
IoT_Original_Distribution,6q_5k,QVE,linear,3,L3,qiskit_heavy,0.001,6,15,12288,0,0.944,0.9481659442724458,0.7360428676187757,119.465407550917,0.6894546449184418,120.15486219583545
IoT_Original_Distribution,6q_5k,QVE,linear,3,L3,qiskit_heavy,0.001,6,16,13312,1,0.9486666666666667,0.9518816922500936,0.747423687177894,122.16400132898707,2.153098248061724,124.3170995770488
IoT_Original_Distribution,6q_5k,QVE,linear,3,L3,qiskit_heavy,0.001,6,17,14336,2,0.952,0.9553706563706564,0.7721386160271583,126.98464972700458,1.3687551789917052,128.35340490599629
IoT_Original_Distribution,6q_5k,QVE,linear,3,L3,qiskit_heavy,0.001,6,18,15360,0,0.95,0.953770793377,0.7674523217480809,86.12786891893484,3.5610514659201726,89.68892038485501
IoT_Original_Distribution,6q_5k,QVE,linear,3,L3,qiskit_heavy,0.001,6,19,16384,1,0.9446666666666667,0.9489518001296976,0.7428974547506464,127.23530294501688,0.867934113019146,128.10323705803603
IoT_Original_Distribution,6q_5k,QVE,linear,3,L3,qiskit_heavy,0.001,6,20,17408,2,0.936,0.941396010781671,0.7081967689508794,127.15368817711715,0.9635586380027235,128.11724681511987
IoT_Original_Distribution,6q_5k,QVE,linear,3,L3,qiskit_heavy,0.001,6,21,18432,0,0.9473333333333334,0.9514119543403146,0.7562815475469323,126.58674909803085,1.2780311621027067,127.86478026013356
IoT_Original_Distribution,6q_5k,QVE,linear,3,L3,qiskit_heavy,0.001,6,22,19456,1,0.9473333333333334,0.9510871855329268,0.7494903035980528,118.47588041389827,2.946711578872055,121.42259199277032
IoT_Original_Distribution,6q_5k,QVE,linear,3,L3,qiskit_heavy,0.001,6,23,20480,2,0.9533333333333334,0.9564101081989126,0.7747126855960206,121.13432177901268,1.8293239580234513,122.96364573703613
IoT_Original_Distribution,6q_5k,QVE,linear,3,L3,qiskit_heavy,0.001,6,24,21504,0,0.9493333333333334,0.9527833215788977,0.7563495715972772,116.22465038090013,1.6089429720304906,117.83359335293062
IoT_Original_Distribution,6q_5k,QVE,linear,3,L3,qiskit_heavy,0.001,6,25,22528,1,0.95,0.9538721085509316,0.7696656403432183,121.30393236398231,1.918620300013572,123.22255266399588
IoT_Original_Distribution,6q_5k,QVE,linear,3,L3,qiskit_heavy,0.001,6,26,23552,2,0.9433333333333334,0.94737228823163,0.729156136049994,124.78061018802691,1.0450946999480948,125.82570488797501
IoT_Original_Distribution,6q_5k,QVE,linear,3,L3,qiskit_heavy,0.001,6,27,24576,0,0.9513333333333334,0.9540494037616619,0.7548624441936095,123.94254382897634,1.8217578360345215,125.76430166501086
IoT_Original_Distribution,6q_5k,QVE,linear,3,L3,qiskit_heavy,0.001,6,28,25600,1,0.9453333333333334,0.9498370000520102,0.7520454344783841,126.4299452691339,1.245086043025367,127.67503131215926
IoT_Original_Distribution,6q_5k,QVE,linear,3,L3,qiskit_heavy,0.001,6,29,26624,2,0.946,0.9497346811906696,0.7404311685150645,121.69817324797623,2.1038089611101896,123.80198220908642
IoT_Original_Distribution,6q_5k,QVE,linear,3,L3,qiskit_heavy,0.002,6,0,42,0,0.9473333333333334,0.9515171702284452,0.7585570226895514,126.818998155999,0.8577780249761418,127.67677618097514
IoT_Original_Distribution,6q_5k,QVE,linear,3,L3,qiskit_heavy,0.002,6,1,123,1,0.9586666666666667,0.9615691763191764,0.8061026617748119,127.02015455602668,1.06863611494191,128.0887906709686
IoT_Original_Distribution,6q_5k,QVE,linear,3,L3,qiskit_heavy,0.002,6,2,456,2,0.9313333333333333,0.9384073392463699,0.7125169884548214,115.93085877702106,2.0636051901383325,117.99446396715939
IoT_Original_Distribution,6q_5k,QVE,linear,3,L3,qiskit_heavy,0.002,6,3,789,0,0.948,0.951868376824414,0.7562464341718923,121.73423261591233,1.3609294859925285,123.09516210190486
IoT_Original_Distribution,6q_5k,QVE,linear,3,L3,qiskit_heavy,0.002,6,4,1024,1,0.946,0.9501818772350061,0.7495895011487894,124.60607243597042,2.1026747850701213,126.70874722104054
IoT_Original_Distribution,6q_5k,QVE,linear,3,L3,qiskit_heavy,0.002,6,5,2048,2,0.946,0.9497346811906696,0.7404311685150645,128.09747354104184,1.1226453118724748,129.2201188529143
IoT_Original_Distribution,6q_5k,QVE,linear,3,L3,qiskit_heavy,0.002,6,6,3072,0,0.948,0.9510813789685726,0.7406638990920347,123.33418830297887,1.63350574800279,124.96769405098166
IoT_Original_Distribution,6q_5k,QVE,linear,3,L3,qiskit_heavy,0.002,6,7,4096,1,0.9513333333333334,0.9546991571224553,0.7676619128243972,109.8239873329876,1.854002657928504,111.6779899909161
IoT_Original_Distribution,6q_5k,QVE,linear,3,L3,qiskit_heavy,0.002,6,8,5120,2,0.952,0.9551646827188816,0.7678596108689535,126.52390375698451,1.4871817108942196,128.01108546787873
IoT_Original_Distribution,6q_5k,QVE,linear,3,L3,qiskit_heavy,0.002,6,9,6144,0,0.95,0.9533507635869841,0.758669496924408,121.25826915598009,1.908616257016547,123.16688541299663
IoT_Original_Distribution,6q_5k,QVE,linear,3,L3,qiskit_heavy,0.002,6,10,7168,1,0.9533333333333334,0.9556616436621502,0.7602492708201275,120.10999970010016,2.000863234978169,122.11086293507833
IoT_Original_Distribution,6q_5k,QVE,linear,3,L3,qiskit_heavy,0.002,6,11,8192,2,0.9386666666666666,0.9442947487725144,0.7312651616905566,126.98048948601354,1.4539283809717745,128.4344178669853
IoT_Original_Distribution,6q_5k,QVE,linear,3,L3,qiskit_heavy,0.002,6,12,9216,0,0.946,0.9500724568471599,0.7472915777441907,126.68169615487568,1.7197437511058524,128.40143990598153
IoT_Original_Distribution,6q_5k,QVE,linear,3,L3,qiskit_heavy,0.002,6,13,10240,1,0.95,0.9533507635869841,0.758669496924408,125.27414203295484,1.7173675870290026,126.99150961998384
IoT_Original_Distribution,6q_5k,QVE,linear,3,L3,qiskit_heavy,0.002,6,14,11264,2,0.958,0.9604408914450037,0.7917915474418197,125.45437983702868,1.2810113029554486,126.73539113998413
IoT_Original_Distribution,6q_5k,QVE,linear,3,L3,qiskit_heavy,0.002,6,15,12288,0,0.942,0.9463741203173199,0.7271308337403007,117.74642741004936,1.88348210696131,119.62990951701067
IoT_Original_Distribution,6q_5k,QVE,linear,3,L3,qiskit_heavy,0.002,6,16,13312,1,0.944,0.9479324324324323,0.7313817611299739,124.35178102401551,1.543528031092137,125.89530905510765
IoT_Original_Distribution,6q_5k,QVE,linear,3,L3,qiskit_heavy,0.002,6,17,14336,2,0.952,0.9553706563706564,0.7721386160271583,126.0603186560329,1.5331545749213547,127.59347323095426
IoT_Original_Distribution,6q_5k,QVE,linear,3,L3,qiskit_heavy,0.002,6,18,15360,0,0.95,0.953770793377,0.7674523217480809,124.93042392993812,1.97874039306771,126.90916432300583
IoT_Original_Distribution,6q_5k,QVE,linear,3,L3,qiskit_heavy,0.002,6,19,16384,1,0.9373333333333334,0.942853606979515,0.7197782460291479,125.87531083193608,1.7824874239740893,127.65779825591017
IoT_Original_Distribution,6q_5k,QVE,linear,3,L3,qiskit_heavy,0.002,6,20,17408,2,0.9353333333333333,0.9408472540839472,0.7061634973465564,127.263694475987,0.7821139899315313,128.04580846591853
IoT_Original_Distribution,6q_5k,QVE,linear,3,L3,qiskit_heavy,0.002,6,21,18432,0,0.9473333333333334,0.9514119543403146,0.7562815475469323,128.02403708687052,1.3306023359764367,129.35463942284696
IoT_Original_Distribution,6q_5k,QVE,linear,3,L3,qiskit_heavy,0.002,6,22,19456,1,0.9473333333333334,0.9510871855329268,0.7494903035980528,125.62599943892565,1.4464561719214544,127.0724556108471
IoT_Original_Distribution,6q_5k,QVE,linear,3,L3,qiskit_heavy,0.002,6,23,20480,2,0.9546666666666667,0.9575561457269323,0.7795008184186926,123.37010907405056,1.7897327010286972,125.15984177507926
IoT_Original_Distribution,6q_5k,QVE,linear,3,L3,qiskit_heavy,0.002,6,24,21504,0,0.9466666666666667,0.9506342326404246,0.7495119119875201,115.18789303395897,0.9401073779445142,116.12800041190349
IoT_Original_Distribution,6q_5k,QVE,linear,3,L3,qiskit_heavy,0.002,6,25,22528,1,0.95,0.9538721085509316,0.7696656403432183,127.61708693404216,1.218312074081041,128.8353990081232
IoT_Original_Distribution,6q_5k,QVE,linear,3,L3,qiskit_heavy,0.002,6,26,23552,2,0.9406666666666667,0.9453801031687545,0.7252355341331155,128.3277129328344,1.0483428288716823,129.37605576170608
IoT_Original_Distribution,6q_5k,QVE,linear,3,L3,qiskit_heavy,0.002,6,27,24576,0,0.9513333333333334,0.9540494037616619,0.7548624441936095,123.74075121397618,1.5334764319704846,125.27422764594667
IoT_Original_Distribution,6q_5k,QVE,linear,3,L3,qiskit_heavy,0.002,6,28,25600,1,0.9413333333333334,0.9463912386706949,0.7369966615990751,126.70979856397025,1.579023425001651,128.2888219889719
IoT_Original_Distribution,6q_5k,QVE,linear,3,L3,qiskit_heavy,0.002,6,29,26624,2,0.9393333333333334,0.9441526897568164,0.7185712364218283,126.9198896700982,1.7166660540970042,128.6365557241952
IoT_Original_Distribution,6q_5k,QVE,linear,3,L3,qiskit_heavy,0.005,6,0,42,0,0.9473333333333334,0.9515171702284452,0.7585570226895514,125.45221876201686,1.7414643530501053,127.19368311506696
IoT_Original_Distribution,6q_5k,QVE,linear,3,L3,qiskit_heavy,0.005,6,1,123,1,0.9586666666666667,0.9615691763191764,0.8061026617748119,105.7190639199689,3.0588435489917174,108.77790746896062
IoT_Original_Distribution,6q_5k,QVE,linear,3,L3,qiskit_heavy,0.005,6,2,456,2,0.9313333333333333,0.9384073392463699,0.7125169884548214,121.95611120900139,2.39700441097375,124.35311561997514
IoT_Original_Distribution,6q_5k,QVE,linear,3,L3,qiskit_heavy,0.005,6,3,789,0,0.948,0.951868376824414,0.7562464341718923,119.74870925908908,2.0724471180001274,121.82115637708921
IoT_Original_Distribution,6q_5k,QVE,linear,3,L3,qiskit_heavy,0.005,6,4,1024,1,0.946,0.9501818772350061,0.7495895011487894,126.15912098495755,1.8874868060229346,128.0466077909805
IoT_Original_Distribution,6q_5k,QVE,linear,3,L3,qiskit_heavy,0.005,6,5,2048,2,0.9466666666666667,0.950298233240945,0.7427041951409588,127.1661036220612,1.0743810209678486,128.24048464302905
IoT_Original_Distribution,6q_5k,QVE,linear,3,L3,qiskit_heavy,0.005,6,6,3072,0,0.9466666666666667,0.9499474222287132,0.7359532448416131,124.581744122901,1.4302737100515515,126.01201783295255
IoT_Original_Distribution,6q_5k,QVE,linear,3,L3,qiskit_heavy,0.005,6,7,4096,1,0.9513333333333334,0.9546991571224553,0.7676619128243972,125.32950827293098,0.9060232358751819,126.23553150880616
IoT_Original_Distribution,6q_5k,QVE,linear,3,L3,qiskit_heavy,0.005,6,8,5120,2,0.952,0.9551646827188816,0.7678596108689535,122.1890006060712,1.7364301570924,123.9254307631636
IoT_Original_Distribution,6q_5k,QVE,linear,3,L3,qiskit_heavy,0.005,6,9,6144,0,0.946,0.9500724568471599,0.7472915777441907,126.28576245997101,0.6775265671312809,126.96328902710229
IoT_Original_Distribution,6q_5k,QVE,linear,3,L3,qiskit_heavy,0.005,6,10,7168,1,0.9533333333333334,0.9556616436621502,0.7602492708201275,125.6327043180354,1.2154849108774215,126.84818922891282
IoT_Original_Distribution,6q_5k,QVE,linear,3,L3,qiskit_heavy,0.005,6,11,8192,2,0.9513333333333334,0.95500357222028,0.7741725697493775,116.91418786300346,1.7172072890680283,118.63139515207149
IoT_Original_Distribution,6q_5k,QVE,linear,3,L3,qiskit_heavy,0.005,6,12,9216,0,0.946,0.9500724568471599,0.7472915777441907,121.21692068094853,2.770632552099414,123.98755323304795
IoT_Original_Distribution,6q_5k,QVE,linear,3,L3,qiskit_heavy,0.005,6,13,10240,1,0.95,0.9533507635869841,0.758669496924408,124.53786285489332,1.3476285859942436,125.88549144088756
IoT_Original_Distribution,6q_5k,QVE,linear,3,L3,qiskit_heavy,0.005,6,14,11264,2,0.9593333333333334,0.9618803016526716,0.8026207691642978,124.98642622120678,1.3893586660269648,126.37578488723375
IoT_Original_Distribution,6q_5k,QVE,linear,3,L3,qiskit_heavy,0.005,6,15,12288,0,0.9466666666666667,0.9504118404118403,0.7449673794290353,117.52807475300506,1.6367502260254696,119.16482497903053
IoT_Original_Distribution,6q_5k,QVE,linear,3,L3,qiskit_heavy,0.005,6,16,13312,1,0.9486666666666667,0.9518816922500936,0.747423687177894,125.05630240996834,0.7898927330970764,125.84619514306542
IoT_Original_Distribution,6q_5k,QVE,linear,3,L3,qiskit_heavy,0.005,6,17,14336,2,0.952,0.9553706563706564,0.7721386160271583,120.8918753239559,1.9483834420097992,122.8402587659657
IoT_Original_Distribution,6q_5k,QVE,linear,3,L3,qiskit_heavy,0.005,6,18,15360,0,0.95,0.953770793377,0.7674523217480809,125.45421033794992,1.2563623319147155,126.71057266986463
IoT_Original_Distribution,6q_5k,QVE,linear,3,L3,qiskit_heavy,0.005,6,19,16384,1,0.9353333333333333,0.9412085324481665,0.7137619271517838,122.40984063502401,2.1875156339956447,124.59735626901966
IoT_Original_Distribution,6q_5k,QVE,linear,3,L3,qiskit_heavy,0.005,6,20,17408,2,0.9353333333333333,0.9408472540839472,0.7061634973465564,110.12566683697514,2.2401070030173287,112.36577383999247
IoT_Original_Distribution,6q_5k,QVE,linear,3,L3,qiskit_heavy,0.005,6,21,18432,0,0.9466666666666667,0.9508503782572149,0.7540795177866658,113.59080491610803,2.110508414916694,115.70131333102472
IoT_Original_Distribution,6q_5k,QVE,linear,3,L3,qiskit_heavy,0.005,6,22,19456,1,0.948,0.9516515444015443,0.7517601885785661,121.99058912310284,1.5085381109965965,123.49912723409943
IoT_Original_Distribution,6q_5k,QVE,linear,3,L3,qiskit_heavy,0.005,6,23,20480,2,0.9546666666666667,0.9575561457269323,0.7795008184186926,125.07020447799005,0.6419140080688521,125.7121184860589
IoT_Original_Distribution,6q_5k,QVE,linear,3,L3,qiskit_heavy,0.005,6,24,21504,0,0.9493333333333334,0.9529976393600043,0.7607635269721875,125.46527123590931,0.7149832131108269,126.18025444902014
IoT_Original_Distribution,6q_5k,QVE,linear,3,L3,qiskit_heavy,0.005,6,25,22528,1,0.9513333333333334,0.95500357222028,0.7741725697493775,121.82164084305987,2.0428645799402148,123.86450542300008
IoT_Original_Distribution,6q_5k,QVE,linear,3,L3,qiskit_heavy,0.005,6,26,23552,2,0.9426666666666667,0.9468131182231627,0.7269464039226246,116.41812616190873,2.6088165120454505,119.02694267395418
IoT_Original_Distribution,6q_5k,QVE,linear,3,L3,qiskit_heavy,0.005,6,27,24576,0,0.9506666666666667,0.9533624147064417,0.7503039616278425,126.86520255787764,1.221955769811757,128.0871583276894
IoT_Original_Distribution,6q_5k,QVE,linear,3,L3,qiskit_heavy,0.005,6,28,25600,1,0.9453333333333334,0.9498370000520102,0.7520454344783841,112.20284121099394,2.0697304300265387,114.27257164102048
IoT_Original_Distribution,6q_5k,QVE,linear,3,L3,qiskit_heavy,0.005,6,29,26624,2,0.9386666666666666,0.9435996009948991,0.7164680353621303,124.51899579796009,2.0474797469796613,126.56647554493975
IoT_Original_Distribution,6q_5k,QVE,linear,3,L3,qiskit_heavy,0.008,6,0,42,0,0.948,0.9520791188007844,0.7607576339221506,112.85897965589538,2.124425034970045,114.98340469086543
IoT_Original_Distribution,6q_5k,QVE,linear,3,L3,qiskit_heavy,0.008,6,1,123,1,0.9526666666666667,0.9559402761054018,0.7744695989017304,122.82697094208561,2.458335938048549,125.28530688013416
IoT_Original_Distribution,6q_5k,QVE,linear,3,L3,qiskit_heavy,0.008,6,2,456,2,0.942,0.9470549994595411,0.7414829794411175,125.42824765190016,1.5965095449937508,127.02475719689392
IoT_Original_Distribution,6q_5k,QVE,linear,3,L3,qiskit_heavy,0.008,6,3,789,0,0.9466666666666667,0.9506342326404246,0.7495119119875201,124.70816929207649,1.534091015928425,126.24226030800492
IoT_Original_Distribution,6q_5k,QVE,linear,3,L3,qiskit_heavy,0.008,6,4,1024,1,0.946,0.9501818772350061,0.7495895011487894,121.72247475001495,2.040735214948654,123.76320996496361
IoT_Original_Distribution,6q_5k,QVE,linear,3,L3,qiskit_heavy,0.008,6,5,2048,2,0.9466666666666667,0.950298233240945,0.7427041951409588,125.91496419010218,0.7870679330080748,126.70203212311026
IoT_Original_Distribution,6q_5k,QVE,linear,3,L3,qiskit_heavy,0.008,6,6,3072,0,0.9466666666666667,0.9499474222287132,0.7359532448416131,126.21380695491098,1.188505230937153,127.40231218584813
IoT_Original_Distribution,6q_5k,QVE,linear,3,L3,qiskit_heavy,0.008,6,7,4096,1,0.9506666666666667,0.9541309523809525,0.7653458068776275,122.77741181408055,1.3980064650531858,124.17541827913374
IoT_Original_Distribution,6q_5k,QVE,linear,3,L3,qiskit_heavy,0.008,6,8,5120,2,0.9466666666666667,0.9505238309052676,0.7472366777523624,122.0063081959961,1.6432993399212137,123.64960753591731
IoT_Original_Distribution,6q_5k,QVE,linear,3,L3,qiskit_heavy,0.008,6,9,6144,0,0.946,0.9500724568471599,0.7472915777441907,117.76630111015402,2.1406372470082715,119.90693835716229
IoT_Original_Distribution,6q_5k,QVE,linear,3,L3,qiskit_heavy,0.008,6,10,7168,1,0.9526666666666667,0.9550850838186752,0.7577333966758897,126.04858086502645,1.142373553942889,127.19095441896934
IoT_Original_Distribution,6q_5k,QVE,linear,3,L3,qiskit_heavy,0.008,6,11,8192,2,0.9513333333333334,0.95500357222028,0.7741725697493775,122.63504870503675,1.4536502859555185,124.08869899099227
IoT_Original_Distribution,6q_5k,QVE,linear,3,L3,qiskit_heavy,0.008,6,12,9216,0,0.9453333333333334,0.9495116497036421,0.7450868226289773,118.65529925201554,1.7107434659264982,120.36604271794204
IoT_Original_Distribution,6q_5k,QVE,linear,3,L3,qiskit_heavy,0.008,6,13,10240,1,0.9506666666666667,0.953477052538338,0.7524267817902149,128.1779267390957,1.1856423730496317,129.36356911214534
IoT_Original_Distribution,6q_5k,QVE,linear,3,L3,qiskit_heavy,0.008,6,14,11264,2,0.9566666666666667,0.959380649302027,0.7888214986676968,124.96121463889722,2.3199659849051386,127.28118062380236
IoT_Original_Distribution,6q_5k,QVE,linear,3,L3,qiskit_heavy,0.008,6,15,12288,0,0.9433333333333334,0.9476068991605998,0.7338510817415974,124.21047345607076,1.1264414880424738,125.33691494411323
IoT_Original_Distribution,6q_5k,QVE,linear,3,L3,qiskit_heavy,0.008,6,16,13312,1,0.948,0.9513144024514811,0.7450809083908434,126.40043952397536,1.0444940420566127,127.44493356603198
IoT_Original_Distribution,6q_5k,QVE,linear,3,L3,qiskit_heavy,0.008,6,17,14336,2,0.9526666666666667,0.9560403819346557,0.7766025269954646,128.00814723793883,0.30876334896311164,128.31691058690194
IoT_Original_Distribution,6q_5k,QVE,linear,3,L3,qiskit_heavy,0.008,6,18,15360,0,0.9513333333333334,0.95500357222028,0.7741725697493775,125.13690030400176,1.679246673011221,126.81614697701298
IoT_Original_Distribution,6q_5k,QVE,linear,3,L3,qiskit_heavy,0.008,6,19,16384,1,0.9446666666666667,0.9489518001296976,0.7428974547506464,123.67058663105126,1.258128245943226,124.92871487699449
IoT_Original_Distribution,6q_5k,QVE,linear,3,L3,qiskit_heavy,0.008,6,20,17408,2,0.9353333333333333,0.9408472540839472,0.7061634973465564,116.32416332897265,2.2934139360440895,118.61757726501673
IoT_Original_Distribution,6q_5k,QVE,linear,3,L3,qiskit_heavy,0.008,6,21,18432,0,0.9433333333333334,0.9480566018770017,0.743294271125954,125.82267926807981,1.383108729030937,127.20578799711075
IoT_Original_Distribution,6q_5k,QVE,linear,3,L3,qiskit_heavy,0.008,6,22,19456,1,0.948,0.9516515444015443,0.7517601885785661,123.61906760407146,1.9428387370426208,125.56190634111408
IoT_Original_Distribution,6q_5k,QVE,linear,3,L3,qiskit_heavy,0.008,6,23,20480,2,0.9353333333333333,0.941325639503058,0.7162974976674493,125.48931711097248,0.5823354800231755,126.07165259099565
IoT_Original_Distribution,6q_5k,QVE,linear,3,L3,qiskit_heavy,0.008,6,24,21504,0,0.9466666666666667,0.9506342326404246,0.7495119119875201,125.55260941502638,2.362985971965827,127.91559538699221
IoT_Original_Distribution,6q_5k,QVE,linear,3,L3,qiskit_heavy,0.008,6,25,22528,1,0.9513333333333334,0.95500357222028,0.7741725697493775,127.60746296297293,1.2779375369427726,128.8854004999157
IoT_Original_Distribution,6q_5k,QVE,linear,3,L3,qiskit_heavy,0.008,6,26,23552,2,0.942,0.9462549111552313,0.7247523650538733,127.451849724981,0.5722799319773912,128.0241296569584
IoT_Original_Distribution,6q_5k,QVE,linear,3,L3,qiskit_heavy,0.008,6,27,24576,0,0.95,0.9527904833167758,0.7478659806542033,112.49686485098209,2.698622103082016,115.19548695406411
IoT_Original_Distribution,6q_5k,QVE,linear,3,L3,qiskit_heavy,0.008,6,28,25600,1,0.9453333333333334,0.9498370000520102,0.7520454344783841,123.20293836807832,2.4786318601109087,125.68157022818923
IoT_Original_Distribution,6q_5k,QVE,linear,3,L3,qiskit_heavy,0.008,6,29,26624,2,0.946,0.9497346811906696,0.7404311685150645,126.30340471409727,0.8086090729339048,127.11201378703117
IoT_Original_Distribution,6q_5k,QVE,linear,3,L3,qiskit_heavy,0.01,6,0,42,0,0.9453333333333334,0.9498370000520102,0.7520454344783841,126.82736444112379,0.1626659509493038,126.9900303920731
IoT_Original_Distribution,6q_5k,QVE,linear,3,L3,qiskit_heavy,0.01,6,1,123,1,0.9586666666666667,0.9615691763191764,0.8061026617748119,117.23415222205222,0.760243677883409,117.99439589993563
IoT_Original_Distribution,6q_5k,QVE,linear,3,L3,qiskit_heavy,0.01,6,2,456,2,0.9486666666666667,0.9528456958627664,0.7674750864823916,125.79051224107388,0.517303703003563,126.30781594407745
IoT_Original_Distribution,6q_5k,QVE,linear,3,L3,qiskit_heavy,0.01,6,3,789,0,0.9466666666666667,0.9506342326404246,0.7495119119875201,116.89220076496713,2.4440446029184386,119.33624536788557
IoT_Original_Distribution,6q_5k,QVE,linear,3,L3,qiskit_heavy,0.01,6,4,1024,1,0.946,0.9501818772350061,0.7495895011487894,125.7482457109727,1.367365134996362,127.11561084596906
IoT_Original_Distribution,6q_5k,QVE,linear,3,L3,qiskit_heavy,0.01,6,5,2048,2,0.9466666666666667,0.950298233240945,0.7427041951409588,124.96073109004647,1.105406398884952,126.06613748893142
IoT_Original_Distribution,6q_5k,QVE,linear,3,L3,qiskit_heavy,0.01,6,6,3072,0,0.9486666666666667,0.9518816922500936,0.747423687177894,125.00720417092089,1.8340726450551301,126.84127681597602
IoT_Original_Distribution,6q_5k,QVE,linear,3,L3,qiskit_heavy,0.01,6,7,4096,1,0.9506666666666667,0.9541309523809525,0.7653458068776275,126.85877086000983,1.004087210050784,127.86285807006061
IoT_Original_Distribution,6q_5k,QVE,linear,3,L3,qiskit_heavy,0.01,6,8,5120,2,0.9466666666666667,0.9505238309052676,0.7472366777523624,123.75423984380905,1.886307202046737,125.64054704585578
IoT_Original_Distribution,6q_5k,QVE,linear,3,L3,qiskit_heavy,0.01,6,9,6144,0,0.9373333333333334,0.942853606979515,0.7197782460291479,114.22527130611707,1.8489881660789251,116.07425947219599
IoT_Original_Distribution,6q_5k,QVE,linear,3,L3,qiskit_heavy,0.01,6,10,7168,1,0.9526666666666667,0.9550850838186752,0.7577333966758897,121.1123886880232,2.355411699973047,123.46780038799625
IoT_Original_Distribution,6q_5k,QVE,linear,3,L3,qiskit_heavy,0.01,6,11,8192,2,0.9506666666666667,0.9544373424154817,0.7719111821641591,125.7659263049718,1.0732981350738555,126.83922444004565
IoT_Original_Distribution,6q_5k,QVE,linear,3,L3,qiskit_heavy,0.01,6,12,9216,0,0.9453333333333334,0.9495116497036421,0.7450868226289773,110.20352826395538,2.5272837760858238,112.7308120400412
IoT_Original_Distribution,6q_5k,QVE,linear,3,L3,qiskit_heavy,0.01,6,13,10240,1,0.948,0.9510813789685726,0.7406638990920347,124.82982639409602,1.5106241550529376,126.34045054914895
IoT_Original_Distribution,6q_5k,QVE,linear,3,L3,qiskit_heavy,0.01,6,14,11264,2,0.956,0.9588044943820224,0.7863848004242623,123.67960665805731,1.7309455630602315,125.41055222111754
IoT_Original_Distribution,6q_5k,QVE,linear,3,L3,qiskit_heavy,0.01,6,15,12288,0,0.9433333333333334,0.9476068991605998,0.7338510817415974,113.70158031291794,1.722610023804009,115.42419033672195
IoT_Original_Distribution,6q_5k,QVE,linear,3,L3,qiskit_heavy,0.01,6,16,13312,1,0.948,0.9513144024514811,0.7450809083908434,122.91575049003586,2.1293649721192196,125.04511546215508
IoT_Original_Distribution,6q_5k,QVE,linear,3,L3,qiskit_heavy,0.01,6,17,14336,2,0.932,0.938718996228388,0.709187905244336,125.95517529302742,1.1352678168332204,127.09044310986064
IoT_Original_Distribution,6q_5k,QVE,linear,3,L3,qiskit_heavy,0.01,6,18,15360,0,0.9513333333333334,0.95500357222028,0.7741725697493775,125.13639503205195,1.531757903052494,126.66815293510444
IoT_Original_Distribution,6q_5k,QVE,linear,3,L3,qiskit_heavy,0.01,6,19,16384,1,0.946,0.9501818772350061,0.7495895011487894,95.8592342279153,2.4428287720074877,98.30206299992278
IoT_Original_Distribution,6q_5k,QVE,linear,3,L3,qiskit_heavy,0.01,6,20,17408,2,0.9226666666666666,0.9303078780636568,0.6644038246244861,126.2169516569702,0.8680038399761543,127.08495549694635
IoT_Original_Distribution,6q_5k,QVE,linear,3,L3,qiskit_heavy,0.01,6,21,18432,0,0.9393333333333334,0.9443900090683193,0.7234639245357268,95.90428157197312,2.364657517056912,98.26893908903003
IoT_Original_Distribution,6q_5k,QVE,linear,3,L3,qiskit_heavy,0.01,6,22,19456,1,0.9473333333333334,0.9510871855329268,0.7494903035980528,128.52188522194047,1.1771696549840271,129.6990548769245
IoT_Original_Distribution,6q_5k,QVE,linear,3,L3,qiskit_heavy,0.01,6,23,20480,2,0.9553333333333334,0.9582294600985467,0.7839663000045791,128.22752551408485,0.6985356349032372,128.92606114898808
IoT_Original_Distribution,6q_5k,QVE,linear,3,L3,qiskit_heavy,0.01,6,24,21504,0,0.9466666666666667,0.9506342326404246,0.7495119119875201,108.73590319999494,1.1104026450775564,109.8463058450725
IoT_Original_Distribution,6q_5k,QVE,linear,3,L3,qiskit_heavy,0.01,6,25,22528,1,0.9506666666666667,0.9544373424154817,0.7719111821641591,124.68350333697163,2.055763049167581,126.7392663861392
IoT_Original_Distribution,6q_5k,QVE,linear,3,L3,qiskit_heavy,0.01,6,26,23552,2,0.94,0.9448256966254448,0.7231186251269324,127.80292986496352,0.9744352819398046,128.77736514690332
IoT_Original_Distribution,6q_5k,QVE,linear,3,L3,qiskit_heavy,0.01,6,27,24576,0,0.9506666666666667,0.9533624147064417,0.7503039616278425,127.19787859206554,1.3442391288699582,128.5421177209355
IoT_Original_Distribution,6q_5k,QVE,linear,3,L3,qiskit_heavy,0.01,6,28,25600,1,0.9446666666666667,0.9492787994798958,0.7499043866560298,113.98095475300215,2.5026338601019233,116.48358861310408
IoT_Original_Distribution,6q_5k,QVE,linear,3,L3,qiskit_heavy,0.01,6,29,26624,2,0.946,0.9497346811906696,0.7404311685150645,124.58497351105325,1.9389172920491546,126.5238908031024
IoT_Original_Distribution,6q_5k,QVE,linear,3,L3,qiskit_heavy,0.02,6,0,42,0,0.9453333333333334,0.9498370000520102,0.7520454344783841,118.5552242900012,2.492684580036439,121.04790887003765
IoT_Original_Distribution,6q_5k,QVE,linear,3,L3,qiskit_heavy,0.02,6,1,123,1,0.9586666666666667,0.9615691763191764,0.8061026617748119,126.37595876993146,0.9754848149605095,127.35144358489197
IoT_Original_Distribution,6q_5k,QVE,linear,3,L3,qiskit_heavy,0.02,6,2,456,2,0.9473333333333334,0.9517231946856838,0.7631246177161812,125.95280511898454,0.9105125280329958,126.86331764701754
IoT_Original_Distribution,6q_5k,QVE,linear,3,L3,qiskit_heavy,0.02,6,3,789,0,0.946,0.9500724568471599,0.7472915777441907,122.62057005299721,1.9814754738472402,124.60204552684445
IoT_Original_Distribution,6q_5k,QVE,linear,3,L3,qiskit_heavy,0.02,6,4,1024,1,0.9306666666666666,0.9373977888575765,0.7001675372875632,129.97847711702343,0.3225202161120251,130.30099733313546
IoT_Original_Distribution,6q_5k,QVE,linear,3,L3,qiskit_heavy,0.02,6,5,2048,2,0.9453333333333334,0.9492869266778994,0.7404732531424497,129.1553203809308,1.3372721769846976,130.4925925579155
IoT_Original_Distribution,6q_5k,QVE,linear,3,L3,qiskit_heavy,0.02,6,6,3072,0,0.942,0.9461339891311978,0.722378080200641,128.7484709849814,1.1443311430048198,129.89280212798622
IoT_Original_Distribution,6q_5k,QVE,linear,3,L3,qiskit_heavy,0.02,6,7,4096,1,0.95,0.9535637837337912,0.7630464152967588,127.18273577711079,1.5870401781285182,128.7697759552393
IoT_Original_Distribution,6q_5k,QVE,linear,3,L3,qiskit_heavy,0.02,6,8,5120,2,0.952,0.9551646827188816,0.7678596108689535,121.38150391099043,1.9600421698996797,123.34154608089011
IoT_Original_Distribution,6q_5k,QVE,linear,3,L3,qiskit_heavy,0.02,6,9,6144,0,0.9353333333333333,0.9412085324481665,0.7137619271517838,119.77604908193462,2.3603903808398172,122.13643946277443
IoT_Original_Distribution,6q_5k,QVE,linear,3,L3,qiskit_heavy,0.02,6,10,7168,1,0.938,0.9425483533038681,0.7045056233773208,127.9838157959748,1.6187181859277189,129.60253398190252
IoT_Original_Distribution,6q_5k,QVE,linear,3,L3,qiskit_heavy,0.02,6,11,8192,2,0.9453333333333334,0.9498370000520102,0.7520454344783841,128.0633548340993,1.7412504530511796,129.80460528715048
IoT_Original_Distribution,6q_5k,QVE,linear,3,L3,qiskit_heavy,0.02,6,12,9216,0,0.946,0.9500724568471599,0.7472915777441907,130.17294276796747,0.6960254348814487,130.86896820284892
IoT_Original_Distribution,6q_5k,QVE,linear,3,L3,qiskit_heavy,0.02,6,13,10240,1,0.946,0.9493820398994491,0.733624416681293,125.55418601201382,1.7307151110144332,127.28490112302825
IoT_Original_Distribution,6q_5k,QVE,linear,3,L3,qiskit_heavy,0.02,6,14,11264,2,0.9586666666666667,0.961301191692203,0.800152764435402,127.86866917903535,2.1246073801303282,129.99327655916568
IoT_Original_Distribution,6q_5k,QVE,linear,3,L3,qiskit_heavy,0.02,6,15,12288,0,0.9433333333333334,0.9476068991605998,0.7338510817415974,120.94712531997357,2.689768767799251,123.63689408777282
IoT_Original_Distribution,6q_5k,QVE,linear,3,L3,qiskit_heavy,0.02,6,16,13312,1,0.9466666666666667,0.9501829807987573,0.7404473119606854,127.07433304795995,1.1327898940071464,128.2071229419671
IoT_Original_Distribution,6q_5k,QVE,linear,3,L3,qiskit_heavy,0.02,6,17,14336,2,0.9506666666666667,0.9541309523809525,0.7653458068776275,126.867124855984,1.0929579429794103,127.96008279896341
IoT_Original_Distribution,6q_5k,QVE,linear,3,L3,qiskit_heavy,0.02,6,18,15360,0,0.9493333333333334,0.9533078593443541,0.7674357500576353,125.33982013189234,0.6229719208786264,125.96279205277096
IoT_Original_Distribution,6q_5k,QVE,linear,3,L3,qiskit_heavy,0.02,6,19,16384,1,0.9333333333333333,0.9396889490196407,0.7104354314700336,110.1988275978947,2.4218757221242413,112.62070332001895
IoT_Original_Distribution,6q_5k,QVE,linear,3,L3,qiskit_heavy,0.02,6,20,17408,2,0.9386666666666666,0.9434779349957971,0.7140108209737575,122.14782215305604,1.3420915890019387,123.48991374205798
IoT_Original_Distribution,6q_5k,QVE,linear,3,L3,qiskit_heavy,0.02,6,21,18432,0,0.946,0.9502897568165071,0.7518927249782642,116.97864909796044,2.0104590280679986,118.98910812602844
IoT_Original_Distribution,6q_5k,QVE,linear,3,L3,qiskit_heavy,0.02,6,22,19456,1,0.948,0.9516515444015443,0.7517601885785661,125.31221915909555,1.5133553189225495,126.8255744780181
IoT_Original_Distribution,6q_5k,QVE,linear,3,L3,qiskit_heavy,0.02,6,23,20480,2,0.9353333333333333,0.941325639503058,0.7162974976674493,124.24313318601344,1.3322555880295113,125.57538877404295
IoT_Original_Distribution,6q_5k,QVE,linear,3,L3,qiskit_heavy,0.02,6,24,21504,0,0.9486666666666667,0.9524325075741703,0.7584969345147942,123.7200195210753,1.5089445310877636,125.22896405216306
IoT_Original_Distribution,6q_5k,QVE,linear,3,L3,qiskit_heavy,0.02,6,25,22528,1,0.9473333333333334,0.9516209087423189,0.7608380955238458,116.70969647204038,2.342484369990416,119.0521808420308
IoT_Original_Distribution,6q_5k,QVE,linear,3,L3,qiskit_heavy,0.02,6,26,23552,2,0.938,0.9431678114654254,0.7168538090056512,126.23984545702115,0.8697483539581299,127.10959381097928
IoT_Original_Distribution,6q_5k,QVE,linear,3,L3,qiskit_heavy,0.02,6,27,24576,0,0.9486666666666667,0.9516499784327822,0.7430462013493978,123.72936894907616,2.6292740571079776,126.35864300618414
IoT_Original_Distribution,6q_5k,QVE,linear,3,L3,qiskit_heavy,0.02,6,28,25600,1,0.9406666666666667,0.9459483585824967,0.7373556178755221,127.28190037095919,1.1258899050299078,128.4077902759891
IoT_Original_Distribution,6q_5k,QVE,linear,3,L3,qiskit_heavy,0.02,6,29,26624,2,0.9473333333333334,0.950975800173616,0.7472388545923977,126.43003678089008,1.2832671580836177,127.7133039389737
IoT_Original_Distribution,6q_5k,QVE,linear,3,L3,qiskit_heavy,0.05,6,0,42,0,0.9313333333333333,0.9382928745136939,0.7099056670221666,116.2507412750274,1.9453299371525645,118.19607121217996
IoT_Original_Distribution,6q_5k,QVE,linear,3,L3,qiskit_heavy,0.05,6,1,123,1,0.9393333333333334,0.9452755790075641,0.7431404604328489,118.04341986810323,2.2136284781154245,120.25704834621865
IoT_Original_Distribution,6q_5k,QVE,linear,3,L3,qiskit_heavy,0.05,6,2,456,2,0.934,0.9406892677364631,0.7226316398283864,123.68318613385782,1.5005685959476978,125.18375472980551
IoT_Original_Distribution,6q_5k,QVE,linear,3,L3,qiskit_heavy,0.05,6,3,789,0,0.928,0.9352367516849478,0.6926638750791146,123.68690534797497,1.3641162150306627,125.05102156300563
IoT_Original_Distribution,6q_5k,QVE,linear,3,L3,qiskit_heavy,0.05,6,4,1024,1,0.938,0.943403620111923,0.7218101255221689,123.90891678503249,1.7190057199914008,125.62792250502389
IoT_Original_Distribution,6q_5k,QVE,linear,3,L3,qiskit_heavy,0.05,6,5,2048,2,0.9106666666666666,0.9207896597859327,0.63339346849939,123.4767256899504,1.2383109030779451,124.71503659302834
IoT_Original_Distribution,6q_5k,QVE,linear,3,L3,qiskit_heavy,0.05,6,6,3072,0,0.94,0.9449430488375723,0.7255514345672188,122.01513932901435,1.3956449850229546,123.4107843140373
IoT_Original_Distribution,6q_5k,QVE,linear,3,L3,qiskit_heavy,0.05,6,7,4096,1,0.936,0.9415177149134851,0.7107143064611874,125.21966446202714,1.6922153390478343,126.91187980107497
IoT_Original_Distribution,6q_5k,QVE,linear,3,L3,qiskit_heavy,0.05,6,8,5120,2,0.942,0.9466075165806926,0.7318998318444027,121.67646009090822,1.8424464450217783,123.51890653593
IoT_Original_Distribution,6q_5k,QVE,linear,3,L3,qiskit_heavy,0.05,6,9,6144,0,0.9206666666666666,0.9297163914479402,0.6812829708816507,123.87197558104526,1.5004847989184782,125.37246037996374
IoT_Original_Distribution,6q_5k,QVE,linear,3,L3,qiskit_heavy,0.05,6,10,7168,1,0.9366666666666666,0.9416978629329402,0.7052426409992539,116.86554955889005,2.8758049880852923,119.74135454697534
IoT_Original_Distribution,6q_5k,QVE,linear,3,L3,qiskit_heavy,0.05,6,11,8192,2,0.9326666666666666,0.9392619063710328,0.7110930728822706,125.07289339101408,1.0194974939804524,126.09239088499453
IoT_Original_Distribution,6q_5k,QVE,linear,3,L3,qiskit_heavy,0.05,6,12,9216,0,0.9306666666666666,0.9373977888575765,0.7001675372875632,126.16707465006039,1.3622384121408686,127.52931306220125
IoT_Original_Distribution,6q_5k,QVE,linear,3,L3,qiskit_heavy,0.05,6,13,10240,1,0.93,0.9361008614166874,0.6824644176842718,116.62639662693255,2.627356084063649,119.2537527109962
IoT_Original_Distribution,6q_5k,QVE,linear,3,L3,qiskit_heavy,0.05,6,14,11264,2,0.944,0.9487215094339624,0.7477777870191886,123.7850719129201,2.394309659837745,126.17938157275785
IoT_Original_Distribution,6q_5k,QVE,linear,3,L3,qiskit_heavy,0.05,6,15,12288,0,0.93,0.9366115344203031,0.6930049123772181,122.24788514594547,1.6977479610359296,123.9456331069814
IoT_Original_Distribution,6q_5k,QVE,linear,3,L3,qiskit_heavy,0.05,6,16,13312,1,0.932,0.9379900841692609,0.6935992558300481,125.16059495997615,1.5328033280093223,126.69339828798547
IoT_Original_Distribution,6q_5k,QVE,linear,3,L3,qiskit_heavy,0.05,6,17,14336,2,0.936,0.942101391058855,0.7233259551481138,122.13741282804403,1.893508538021706,124.03092136606574
IoT_Original_Distribution,6q_5k,QVE,linear,3,L3,qiskit_heavy,0.05,6,18,15360,0,0.9353333333333333,0.9416673754256454,0.7239120279025019,124.49787233199459,1.4636587129207328,125.96153104491532
IoT_Original_Distribution,6q_5k,QVE,linear,3,L3,qiskit_heavy,0.05,6,19,16384,1,0.928,0.9353575994245196,0.6953323652099169,123.05063729302492,1.4861093561630696,124.53674664918799
IoT_Original_Distribution,6q_5k,QVE,linear,3,L3,qiskit_heavy,0.05,6,20,17408,2,0.9226666666666666,0.9305692734559655,0.6699260636146553,107.47228956595063,2.267398745054379,109.73968831100501
IoT_Original_Distribution,6q_5k,QVE,linear,3,L3,qiskit_heavy,0.05,6,21,18432,0,0.9313333333333333,0.9380591718437266,0.704683595372155,128.77160566300154,0.936121542006731,129.70772720500827
IoT_Original_Distribution,6q_5k,QVE,linear,3,L3,qiskit_heavy,0.05,6,22,19456,1,0.9333333333333333,0.939570707070707,0.707861427382342,128.55793722707313,0.8910738510312513,129.44901107810438
IoT_Original_Distribution,6q_5k,QVE,linear,3,L3,qiskit_heavy,0.05,6,23,20480,2,0.9253333333333333,0.9333292682926829,0.6907644654457384,117.98011849296745,2.12091405200772,120.10103254497517
IoT_Original_Distribution,6q_5k,QVE,linear,3,L3,qiskit_heavy,0.05,6,24,21504,0,0.932,0.9386016775333922,0.7065888540513295,128.2386299900245,0.5955848089652136,128.8342147989897
IoT_Original_Distribution,6q_5k,QVE,linear,3,L3,qiskit_heavy,0.05,6,25,22528,1,0.9366666666666666,0.9430856609592321,0.7353576126346062,118.37797043193132,2.4961641528643668,120.87413458479568
IoT_Original_Distribution,6q_5k,QVE,linear,3,L3,qiskit_heavy,0.05,6,26,23552,2,0.9406666666666667,0.9452615688137721,0.7228213155562175,125.20373877196107,1.2869334450224414,126.49067221698351
IoT_Original_Distribution,6q_5k,QVE,linear,3,L3,qiskit_heavy,0.05,6,27,24576,0,0.934,0.9393730375378424,0.6944681859383888,116.89877548103686,1.8022435309831053,118.70101901201997
IoT_Original_Distribution,6q_5k,QVE,linear,3,L3,qiskit_heavy,0.05,6,28,25600,1,0.9206666666666666,0.9297163914479402,0.6812829708816507,126.83016871695872,1.383200881886296,128.21336959884502
IoT_Original_Distribution,6q_5k,QVE,linear,3,L3,qiskit_heavy,0.05,6,29,26624,2,0.9206666666666666,0.9294743260185261,0.6757259380777384,126.26723407395184,1.9098094989312813,128.17704357288312
IoT_Original_Distribution,6q_5k,QWE,linear,0,L0,baseline_unoptimized,0.0,6,0,42,0,0.952,0.9552684099168505,0.7699949480535957,470.6583517510444,8.805677596130408,479.4640293471748
IoT_Original_Distribution,6q_5k,QWE,linear,0,L0,baseline_unoptimized,0.0,6,1,123,1,0.962,0.9642084255930984,0.8126824100528576,490.0897195509169,7.216813156963326,497.30653270788025
IoT_Original_Distribution,6q_5k,QWE,linear,0,L0,baseline_unoptimized,0.0,6,2,456,2,0.9433333333333334,0.9481651195580981,0.7456654643806729,484.505853444105,11.077375881024636,495.58322932512965
IoT_Original_Distribution,6q_5k,QWE,linear,0,L0,baseline_unoptimized,0.0,6,3,789,0,0.9506666666666667,0.9540258657478741,0.7631722598254365,456.8982876329683,8.367551568080671,465.26583920104895
IoT_Original_Distribution,6q_5k,QWE,linear,0,L0,baseline_unoptimized,0.0,6,4,1024,1,0.9453333333333334,0.9496216377136452,0.7474014016511811,488.1351657608757,6.82836262404453,494.9635283849202
IoT_Original_Distribution,6q_5k,QWE,linear,0,L0,baseline_unoptimized,0.0,6,5,2048,2,0.952,0.9543948334810689,0.7531680943254634,487.7932783899596,7.097419462050311,494.8906978520099
IoT_Original_Distribution,6q_5k,QWE,linear,0,L0,baseline_unoptimized,0.0,6,6,3072,0,0.9466666666666667,0.9499474222287132,0.7359532448416131,473.19935454404913,7.951589382952079,481.1509439270012
IoT_Original_Distribution,6q_5k,QWE,linear,0,L0,baseline_unoptimized,0.0,6,7,4096,1,0.9566666666666667,0.9590850855412059,0.7828482983512342,475.868155758013,8.999931594007649,484.86808735202067
IoT_Original_Distribution,6q_5k,QWE,linear,0,L0,baseline_unoptimized,0.0,6,8,5120,2,0.9526666666666667,0.9554175125808769,0.7639370639604357,484.98425165202934,7.225546810193919,492.20979846222326
IoT_Original_Distribution,6q_5k,QWE,linear,0,L0,baseline_unoptimized,0.0,6,9,6144,0,0.9566666666666667,0.9591850467289721,0.7848279265714736,451.016417360981,7.982464193133637,458.99888155411463
IoT_Original_Distribution,6q_5k,QWE,linear,0,L0,baseline_unoptimized,0.0,6,10,7168,1,0.9493333333333334,0.9522196755799147,0.7454468120153563,483.360538882087,6.847697206889279,490.20823608897626
IoT_Original_Distribution,6q_5k,QWE,linear,0,L0,baseline_unoptimized,0.0,6,11,8192,2,0.952,0.9551646827188816,0.7678596108689535,483.7414571000263,7.151720050140284,490.8931771501666
IoT_Original_Distribution,6q_5k,QWE,linear,0,L0,baseline_unoptimized,0.0,6,12,9216,0,0.944,0.9479324324324323,0.7313817611299739,468.1143944457872,7.61981498892419,475.7342094347114
IoT_Original_Distribution,6q_5k,QWE,linear,0,L0,baseline_unoptimized,0.0,6,13,10240,1,0.9546666666666667,0.9572491834136079,0.773366691114791,490.37287973403,7.2052993749966845,497.5781791090267
IoT_Original_Distribution,6q_5k,QWE,linear,0,L0,baseline_unoptimized,0.0,6,14,11264,2,0.9646666666666667,0.9660330984619714,0.8128100084958152,490.5417397089768,7.247467021807097,497.7892067307839
IoT_Original_Distribution,6q_5k,QWE,linear,0,L0,baseline_unoptimized,0.0,6,15,12288,0,0.9473333333333334,0.950975800173616,0.7472388545923977,468.5626650340855,8.166683685150929,476.72934871923644
IoT_Original_Distribution,6q_5k,QWE,linear,0,L0,baseline_unoptimized,0.0,6,16,13312,1,0.956,0.9581952640243129,0.7744116238094557,487.82579771999735,8.29884251090698,496.12464023090433
IoT_Original_Distribution,6q_5k,QWE,linear,0,L0,baseline_unoptimized,0.0,6,17,14336,2,0.952,0.9552684099168505,0.7699949480535957,483.82037927920464,10.980425552814268,494.8008048320189
IoT_Original_Distribution,6q_5k,QWE,linear,0,L0,baseline_unoptimized,0.0,6,18,15360,0,0.954,0.9568809969513825,0.7750222281710959,458.9862512111431,8.240067641017959,467.22631885216106
IoT_Original_Distribution,6q_5k,QWE,linear,0,L0,baseline_unoptimized,0.0,6,19,16384,1,0.9433333333333334,0.94737228823163,0.729156136049994,490.2522137979977,6.760763681028038,497.0129774790257
IoT_Original_Distribution,6q_5k,QWE,linear,0,L0,baseline_unoptimized,0.0,6,20,17408,2,0.942,0.9463741203173199,0.7271308337403007,491.51024066703394,5.731124558020383,497.2413652250543
IoT_Original_Distribution,6q_5k,QWE,linear,0,L0,baseline_unoptimized,0.0,6,21,18432,0,0.956,0.9587066233386886,0.7843612123097239,438.91777125396766,8.043451505131088,446.96122275909875
IoT_Original_Distribution,6q_5k,QWE,linear,0,L0,baseline_unoptimized,0.0,6,22,19456,1,0.95,0.9531315184254159,0.7543233224261945,482.90373668202665,9.472510716179386,492.37624739820603
IoT_Original_Distribution,6q_5k,QWE,linear,0,L0,baseline_unoptimized,0.0,6,23,20480,2,0.9606666666666667,0.9629525808770668,0.8057187891825116,481.6983241791604,9.341642039944418,491.0399662191048
IoT_Original_Distribution,6q_5k,QWE,linear,0,L0,baseline_unoptimized,0.0,6,24,21504,0,0.946,0.9498488864324945,0.7427122477486998,487.7039928068407,7.945069004083052,495.64906181092374
IoT_Original_Distribution,6q_5k,QWE,linear,0,L0,baseline_unoptimized,0.0,6,25,22528,1,0.95,0.9538721085509316,0.7696656403432183,447.0217829849571,8.10762466408778,455.1294076490449
IoT_Original_Distribution,6q_5k,QWE,linear,0,L0,baseline_unoptimized,0.0,6,26,23552,2,0.95,0.9531315184254159,0.7543233224261945,487.14875433803536,8.75743823684752,495.9061925748829
IoT_Original_Distribution,6q_5k,QWE,linear,0,L0,baseline_unoptimized,0.0,6,27,24576,0,0.9546666666666667,0.9567066032411514,0.7633654895224282,473.6914815190248,8.261314805946313,481.95279632497113
IoT_Original_Distribution,6q_5k,QWE,linear,0,L0,baseline_unoptimized,0.0,6,28,25600,1,0.944,0.9485039835170819,0.7430703944213387,485.14487003011163,9.8441113618901,494.98898139200173
IoT_Original_Distribution,6q_5k,QWE,linear,0,L0,baseline_unoptimized,0.0,6,29,26624,2,0.9486666666666667,0.9521067839493036,0.7518316796978198,487.92663520993665,7.3561447858810425,495.2827799958177
IoT_Original_Distribution,6q_5k,QWE,linear,0,L0,baseline_unoptimized,0.0003,6,0,42,0,0.9546666666666667,0.9577534982548032,0.7836403245099142,231.3105771531118,4.910998138017021,236.22157529112883
IoT_Original_Distribution,6q_5k,QWE,linear,0,L0,baseline_unoptimized,0.0003,6,1,123,1,0.9593333333333334,0.9618803016526716,0.8026207691642978,247.9122228330234,3.2107724499655887,251.122995282989
IoT_Original_Distribution,6q_5k,QWE,linear,0,L0,baseline_unoptimized,0.0003,6,2,456,2,0.9566666666666667,0.9596636330542408,0.7948926571337299,245.93269568914548,4.748665380990133,250.6813610701356
IoT_Original_Distribution,6q_5k,QWE,linear,0,L0,baseline_unoptimized,0.0003,6,3,789,0,0.9506666666666667,0.9540258657478741,0.7631722598254365,230.86850301804952,5.9408640289912,236.80936704704072
IoT_Original_Distribution,6q_5k,QWE,linear,0,L0,baseline_unoptimized,0.0003,6,4,1024,1,0.9446666666666667,0.9490623434045687,0.745228427266977,247.19466161413584,3.8797461460344493,251.0744077601703
IoT_Original_Distribution,6q_5k,QWE,linear,0,L0,baseline_unoptimized,0.0003,6,5,2048,2,0.952,0.9543948334810689,0.7531680943254634,246.339513147017,4.590709372074343,250.93022251909133
IoT_Original_Distribution,6q_5k,QWE,linear,0,L0,baseline_unoptimized,0.0003,6,6,3072,0,0.948,0.9510813789685726,0.7406638990920347,247.49237353005446,3.4317903040209785,250.92416383407544
IoT_Original_Distribution,6q_5k,QWE,linear,0,L0,baseline_unoptimized,0.0003,6,7,4096,1,0.9586666666666667,0.9608277985074628,0.7904715734645169,237.4476204799721,3.965425831032917,241.41304631100502
IoT_Original_Distribution,6q_5k,QWE,linear,0,L0,baseline_unoptimized,0.0003,6,8,5120,2,0.9526666666666667,0.9554175125808769,0.7639370639604357,245.77737265022006,4.278769762837328,250.0561424130574
IoT_Original_Distribution,6q_5k,QWE,linear,0,L0,baseline_unoptimized,0.0003,6,9,6144,0,0.9566666666666667,0.9591850467289721,0.7848279265714736,231.95033925503958,4.79427394492086,236.74461319996044
IoT_Original_Distribution,6q_5k,QWE,linear,0,L0,baseline_unoptimized,0.0003,6,10,7168,1,0.9553333333333334,0.95728760057596,0.7659670226923443,212.87713399191853,2.615267323097214,215.49240131501574
IoT_Original_Distribution,6q_5k,QWE,linear,0,L0,baseline_unoptimized,0.0003,6,11,8192,2,0.9526666666666667,0.9559402761054018,0.7744695989017304,245.02801525301766,2.772597631905228,247.80061288492288
IoT_Original_Distribution,6q_5k,QWE,linear,0,L0,baseline_unoptimized,0.0003,6,12,9216,0,0.9453333333333334,0.9490556890719686,0.7358815069127995,248.41813947388437,3.5810821048216894,251.99922157870606
IoT_Original_Distribution,6q_5k,QWE,linear,0,L0,baseline_unoptimized,0.0003,6,13,10240,1,0.9546666666666667,0.9572491834136079,0.773366691114791,247.55711266305298,4.597289385856129,252.1544020489091
IoT_Original_Distribution,6q_5k,QWE,linear,0,L0,baseline_unoptimized,0.0003,6,14,11264,2,0.9653333333333334,0.9666291271878196,0.8156167850857873,231.85246962599922,5.063731600996107,236.91620122699533
IoT_Original_Distribution,6q_5k,QWE,linear,0,L0,baseline_unoptimized,0.0003,6,15,12288,0,0.9473333333333334,0.950975800173616,0.7472388545923977,219.72203027503565,4.952981671900488,224.67501194693614
IoT_Original_Distribution,6q_5k,QWE,linear,0,L0,baseline_unoptimized,0.0003,6,16,13312,1,0.956,0.9581952640243129,0.7744116238094557,221.7502284249058,2.2509512581164017,224.0011796830222
IoT_Original_Distribution,6q_5k,QWE,linear,0,L0,baseline_unoptimized,0.0003,6,17,14336,2,0.9526666666666667,0.9555251186688496,0.7660250597507845,243.9897511311574,1.288181323907338,245.27793245506473
IoT_Original_Distribution,6q_5k,QWE,linear,0,L0,baseline_unoptimized,0.0003,6,18,15360,0,0.9546666666666667,0.9574553088944064,0.7774457883857081,241.3277468988672,3.5557813679333776,244.88352826680057
IoT_Original_Distribution,6q_5k,QWE,linear,0,L0,baseline_unoptimized,0.0003,6,19,16384,1,0.9413333333333334,0.9460517922559906,0.7297692148917345,208.24124952603597,4.3449639801401645,212.58621350617614
IoT_Original_Distribution,6q_5k,QWE,linear,0,L0,baseline_unoptimized,0.0003,6,20,17408,2,0.942,0.9463741203173199,0.7271308337403007,247.094919155119,3.0365971630671993,250.1315163181862
IoT_Original_Distribution,6q_5k,QWE,linear,0,L0,baseline_unoptimized,0.0003,6,21,18432,0,0.95,0.9532419329461342,0.7564924503461042,241.54761389899068,5.668010945082642,247.21562484407332
IoT_Original_Distribution,6q_5k,QWE,linear,0,L0,baseline_unoptimized,0.0003,6,22,19456,1,0.9506666666666667,0.9537013655615598,0.7566995166136605,248.86676989810076,4.130802719038911,252.99757261713967
IoT_Original_Distribution,6q_5k,QWE,linear,0,L0,baseline_unoptimized,0.0003,6,23,20480,2,0.9606666666666667,0.9629525808770668,0.8057187891825116,246.4706118280301,4.298321845126338,250.76893367315643
IoT_Original_Distribution,6q_5k,QWE,linear,0,L0,baseline_unoptimized,0.0003,6,24,21504,0,0.958,0.9604408914450037,0.7917915474418197,240.65852927882224,5.2347397319972515,245.8932690108195
IoT_Original_Distribution,6q_5k,QWE,linear,0,L0,baseline_unoptimized,0.0003,6,25,22528,1,0.95,0.9538721085509316,0.7696656403432183,206.45907241199166,5.68110575992614,212.1401781719178
IoT_Original_Distribution,6q_5k,QWE,linear,0,L0,baseline_unoptimized,0.0003,6,26,23552,2,0.95,0.9531315184254159,0.7543233224261945,247.9358365799999,3.55714416410774,251.49298074410763
IoT_Original_Distribution,6q_5k,QWE,linear,0,L0,baseline_unoptimized,0.0003,6,27,24576,0,0.9546666666666667,0.9567066032411514,0.7633654895224282,200.4956524920417,4.93240584700834,205.42805833905004
IoT_Original_Distribution,6q_5k,QWE,linear,0,L0,baseline_unoptimized,0.0003,6,28,25600,1,0.9433333333333334,0.947946547380976,0.7409271226482088,241.774342474062,4.589132075081579,246.36347454914358
IoT_Original_Distribution,6q_5k,QWE,linear,0,L0,baseline_unoptimized,0.0003,6,29,26624,2,0.948,0.9513144024514811,0.7450809083908434,246.9887102819048,3.081558163976297,250.07026844588108
IoT_Original_Distribution,6q_5k,QWE,linear,0,L0,baseline_unoptimized,0.0005,6,0,42,0,0.9546666666666667,0.9577534982548032,0.7836403245099142,246.87637385795824,4.45438034995459,251.33075420791283
IoT_Original_Distribution,6q_5k,QWE,linear,0,L0,baseline_unoptimized,0.0005,6,1,123,1,0.9593333333333334,0.9618803016526716,0.8026207691642978,239.92576135217678,4.351451340015046,244.27721269219182
IoT_Original_Distribution,6q_5k,QWE,linear,0,L0,baseline_unoptimized,0.0005,6,2,456,2,0.9506666666666667,0.9544373424154817,0.7719111821641591,219.63273979106452,4.96094414126128,224.5936839323258
IoT_Original_Distribution,6q_5k,QWE,linear,0,L0,baseline_unoptimized,0.0005,6,3,789,0,0.9506666666666667,0.9540258657478741,0.7631722598254365,249.79259349789936,3.111208366113715,252.90380186401308
IoT_Original_Distribution,6q_5k,QWE,linear,0,L0,baseline_unoptimized,0.0005,6,4,1024,1,0.9446666666666667,0.9490623434045687,0.745228427266977,243.66347384708934,4.874481999897398,248.53795584698673
IoT_Original_Distribution,6q_5k,QWE,linear,0,L0,baseline_unoptimized,0.0005,6,5,2048,2,0.952,0.9543948334810689,0.7531680943254634,236.44362634792924,4.843329887953587,241.28695623588283
IoT_Original_Distribution,6q_5k,QWE,linear,0,L0,baseline_unoptimized,0.0005,6,6,3072,0,0.948,0.9509622986214916,0.7384668422404976,251.09299091692083,3.47415457398165,254.56714549090248
IoT_Original_Distribution,6q_5k,QWE,linear,0,L0,baseline_unoptimized,0.0005,6,7,4096,1,0.9566666666666667,0.9590850855412059,0.7828482983512342,243.38933592219837,4.351903579081409,247.74123950127978
IoT_Original_Distribution,6q_5k,QWE,linear,0,L0,baseline_unoptimized,0.0005,6,8,5120,2,0.96,0.9618985455300044,0.7938063807213714,252.10080884897616,2.6790409981040284,254.7798498470802
IoT_Original_Distribution,6q_5k,QWE,linear,0,L0,baseline_unoptimized,0.0005,6,9,6144,0,0.9566666666666667,0.9591850467289721,0.7848279265714736,237.60351679997984,4.986804798943922,242.59032159892377
IoT_Original_Distribution,6q_5k,QWE,linear,0,L0,baseline_unoptimized,0.0005,6,10,7168,1,0.9553333333333334,0.95728760057596,0.7659670226923443,244.22167402890045,4.631103224121034,248.8527772530215
IoT_Original_Distribution,6q_5k,QWE,linear,0,L0,baseline_unoptimized,0.0005,6,11,8192,2,0.9506666666666667,0.9541309523809525,0.7653458068776275,249.50733954110183,2.179666488082148,251.68700602918398
IoT_Original_Distribution,6q_5k,QWE,linear,0,L0,baseline_unoptimized,0.0005,6,12,9216,0,0.9453333333333334,0.9490556890719686,0.7358815069127995,200.63972630095668,5.629142427816987,206.26886872877367
IoT_Original_Distribution,6q_5k,QWE,linear,0,L0,baseline_unoptimized,0.0005,6,13,10240,1,0.96,0.9615982731742415,0.7883518137678861,242.28376810997725,4.290543641895056,246.5743117518723
IoT_Original_Distribution,6q_5k,QWE,linear,0,L0,baseline_unoptimized,0.0005,6,14,11264,2,0.9653333333333334,0.9666291271878196,0.8156167850857873,245.76627006498165,2.793437184067443,248.5597072490491
IoT_Original_Distribution,6q_5k,QWE,linear,0,L0,baseline_unoptimized,0.0005,6,15,12288,0,0.9473333333333334,0.950975800173616,0.7472388545923977,244.78085237788036,3.398087250883691,248.17893962876406
IoT_Original_Distribution,6q_5k,QWE,linear,0,L0,baseline_unoptimized,0.0005,6,16,13312,1,0.956,0.9581952640243129,0.7744116238094557,228.91645517514553,4.472203655983321,233.38865883112885
IoT_Original_Distribution,6q_5k,QWE,linear,0,L0,baseline_unoptimized,0.0005,6,17,14336,2,0.9526666666666667,0.9555251186688496,0.7660250597507845,213.94823220698163,3.0315896139945835,216.9798218209762
IoT_Original_Distribution,6q_5k,QWE,linear,0,L0,baseline_unoptimized,0.0005,6,18,15360,0,0.9546666666666667,0.9574553088944064,0.7774457883857081,232.34717733005527,4.868949755909853,237.21612708596513
IoT_Original_Distribution,6q_5k,QWE,linear,0,L0,baseline_unoptimized,0.0005,6,19,16384,1,0.9526666666666667,0.9555251186688496,0.7660250597507845,223.97236900089774,4.5078716420102865,228.48024064290803
IoT_Original_Distribution,6q_5k,QWE,linear,0,L0,baseline_unoptimized,0.0005,6,20,17408,2,0.942,0.9463741203173199,0.7271308337403007,244.31646307499614,3.49671240511816,247.8131754801143
IoT_Original_Distribution,6q_5k,QWE,linear,0,L0,baseline_unoptimized,0.0005,6,21,18432,0,0.9566666666666667,0.9592835593447213,0.7868191092934059,247.44904313399456,3.5491187010193244,250.9981618350139
IoT_Original_Distribution,6q_5k,QWE,linear,0,L0,baseline_unoptimized,0.0005,6,22,19456,1,0.9506666666666667,0.9537013655615598,0.7566995166136605,247.6988334240159,3.386712545994669,251.08554597001057
IoT_Original_Distribution,6q_5k,QWE,linear,0,L0,baseline_unoptimized,0.0005,6,23,20480,2,0.9606666666666667,0.9629525808770668,0.8057187891825116,226.80782134982292,3.8529650900745764,230.6607864398975
IoT_Original_Distribution,6q_5k,QWE,linear,0,L0,baseline_unoptimized,0.0005,6,24,21504,0,0.948,0.951760735132636,0.7540001023622749,211.19915208790917,4.858422105899081,216.05757419380825
IoT_Original_Distribution,6q_5k,QWE,linear,0,L0,baseline_unoptimized,0.0005,6,25,22528,1,0.95,0.9538721085509316,0.7696656403432183,238.08292136201635,5.565225337981246,243.6481466999976
IoT_Original_Distribution,6q_5k,QWE,linear,0,L0,baseline_unoptimized,0.0005,6,26,23552,2,0.95,0.9531315184254159,0.7543233224261945,244.30824095290154,2.425662086927332,246.73390303982887
IoT_Original_Distribution,6q_5k,QWE,linear,0,L0,baseline_unoptimized,0.0005,6,27,24576,0,0.9546666666666667,0.9567066032411514,0.7633654895224282,216.05681168707088,6.724514549016021,222.7813262360869
IoT_Original_Distribution,6q_5k,QWE,linear,0,L0,baseline_unoptimized,0.0005,6,28,25600,1,0.9433333333333334,0.947946547380976,0.7409271226482088,246.55738231400028,4.043323392979801,250.60070570698008
IoT_Original_Distribution,6q_5k,QWE,linear,0,L0,baseline_unoptimized,0.0005,6,29,26624,2,0.948,0.9516515444015443,0.7517601885785661,245.8637049519457,3.3854796640807763,249.24918461602647
IoT_Original_Distribution,6q_5k,QWE,linear,0,L0,baseline_unoptimized,0.001,6,0,42,0,0.952,0.9552684099168505,0.7699949480535957,248.51040581904817,4.646299991174601,253.15670581022277
IoT_Original_Distribution,6q_5k,QWE,linear,0,L0,baseline_unoptimized,0.001,6,1,123,1,0.9593333333333334,0.9618803016526716,0.8026207691642978,249.26618356176186,3.057636082987301,252.32381964474916
IoT_Original_Distribution,6q_5k,QWE,linear,0,L0,baseline_unoptimized,0.001,6,2,456,2,0.9433333333333334,0.9481651195580981,0.7456654643806729,236.63369945599698,4.529501317068934,241.1632007730659
IoT_Original_Distribution,6q_5k,QWE,linear,0,L0,baseline_unoptimized,0.001,6,3,789,0,0.9506666666666667,0.9540258657478741,0.7631722598254365,247.68889160000253,4.473441470880061,252.1623330708826
IoT_Original_Distribution,6q_5k,QWE,linear,0,L0,baseline_unoptimized,0.001,6,4,1024,1,0.9453333333333334,0.9496216377136452,0.7474014016511811,247.2435720290523,4.342690823948942,251.58626285300124
IoT_Original_Distribution,6q_5k,QWE,linear,0,L0,baseline_unoptimized,0.001,6,5,2048,2,0.9526666666666667,0.9549709715688568,0.7556867226603413,243.13611241802573,4.385898293927312,247.52201071195304
IoT_Original_Distribution,6q_5k,QWE,linear,0,L0,baseline_unoptimized,0.001,6,6,3072,0,0.948,0.9509622986214916,0.7384668422404976,220.83495615795255,3.9317915730644017,224.76674773101695
IoT_Original_Distribution,6q_5k,QWE,linear,0,L0,baseline_unoptimized,0.001,6,7,4096,1,0.9566666666666667,0.9590850855412059,0.7828482983512342,240.286661461927,4.081352582084946,244.36801404401194
IoT_Original_Distribution,6q_5k,QWE,linear,0,L0,baseline_unoptimized,0.001,6,8,5120,2,0.9526666666666667,0.9554175125808769,0.7639370639604357,246.96729912923183,3.5098163309739903,250.47711546020582
IoT_Original_Distribution,6q_5k,QWE,linear,0,L0,baseline_unoptimized,0.001,6,9,6144,0,0.9546666666666667,0.9573529970495248,0.7754009734327173,248.72109059907962,2.030979563947767,250.75207016302738
IoT_Original_Distribution,6q_5k,QWE,linear,0,L0,baseline_unoptimized,0.001,6,10,7168,1,0.9553333333333334,0.95728760057596,0.7659670226923443,196.77458475297317,4.255997402127832,201.030582155101
IoT_Original_Distribution,6q_5k,QWE,linear,0,L0,baseline_unoptimized,0.001,6,11,8192,2,0.9526666666666667,0.9559402761054018,0.7744695989017304,248.10575038706884,2.493737570941448,250.5994879580103
IoT_Original_Distribution,6q_5k,QWE,linear,0,L0,baseline_unoptimized,0.001,6,12,9216,0,0.9453333333333334,0.9490556890719686,0.7358815069127995,241.7981775959488,3.8055851419921964,245.603762737941
IoT_Original_Distribution,6q_5k,QWE,linear,0,L0,baseline_unoptimized,0.001,6,13,10240,1,0.9546666666666667,0.9572491834136079,0.773366691114791,249.89276213606354,3.6722195289330557,253.5649816649966
IoT_Original_Distribution,6q_5k,QWE,linear,0,L0,baseline_unoptimized,0.001,6,14,11264,2,0.9653333333333334,0.9666291271878196,0.8156167850857873,247.58700094092637,4.19557116588112,251.7825721068075
IoT_Original_Distribution,6q_5k,QWE,linear,0,L0,baseline_unoptimized,0.001,6,15,12288,0,0.9473333333333334,0.950975800173616,0.7472388545923977,223.97900019190274,3.6827633599750698,227.6617635518778
IoT_Original_Distribution,6q_5k,QWE,linear,0,L0,baseline_unoptimized,0.001,6,16,13312,1,0.956,0.9581952640243129,0.7744116238094557,246.02863444504328,3.8255531147588044,249.85418755980209
IoT_Original_Distribution,6q_5k,QWE,linear,0,L0,baseline_unoptimized,0.001,6,17,14336,2,0.952,0.9552684099168505,0.7699949480535957,237.67611527186818,4.978284946992062,242.65440021886025
IoT_Original_Distribution,6q_5k,QWE,linear,0,L0,baseline_unoptimized,0.001,6,18,15360,0,0.9546666666666667,0.9574553088944064,0.7774457883857081,243.44867936288938,3.2014193419599906,246.65009870484937
IoT_Original_Distribution,6q_5k,QWE,linear,0,L0,baseline_unoptimized,0.001,6,19,16384,1,0.9526666666666667,0.9555251186688496,0.7660250597507845,223.50649403501302,4.615403915056959,228.12189795006998
IoT_Original_Distribution,6q_5k,QWE,linear,0,L0,baseline_unoptimized,0.001,6,20,17408,2,0.942,0.9463741203173199,0.7271308337403007,246.05950165295508,3.1239022800000384,249.18340393295512
IoT_Original_Distribution,6q_5k,QWE,linear,0,L0,baseline_unoptimized,0.001,6,21,18432,0,0.9566666666666667,0.9592835593447213,0.7868191092934059,215.25491294800304,4.776919523021206,220.03183247102425
IoT_Original_Distribution,6q_5k,QWE,linear,0,L0,baseline_unoptimized,0.001,6,22,19456,1,0.9506666666666667,0.9537013655615598,0.7566995166136605,243.28010453097522,3.3032398120267317,246.58334434300195
IoT_Original_Distribution,6q_5k,QWE,linear,0,L0,baseline_unoptimized,0.001,6,23,20480,2,0.96,0.9622786912473011,0.8012865702142257,235.13792826910503,3.399150852113962,238.537079121219
IoT_Original_Distribution,6q_5k,QWE,linear,0,L0,baseline_unoptimized,0.001,6,24,21504,0,0.9513333333333334,0.9545947432246645,0.7655073141509962,222.1578345480375,4.971231000730768,227.12906554876827
IoT_Original_Distribution,6q_5k,QWE,linear,0,L0,baseline_unoptimized,0.001,6,25,22528,1,0.95,0.9538721085509316,0.7696656403432183,250.22305162914563,3.4409558499464765,253.6640074790921
IoT_Original_Distribution,6q_5k,QWE,linear,0,L0,baseline_unoptimized,0.001,6,26,23552,2,0.946,0.9496188246739429,0.7381560452446436,249.24581522902008,3.1857033148407936,252.43151854386088
IoT_Original_Distribution,6q_5k,QWE,linear,0,L0,baseline_unoptimized,0.001,6,27,24576,0,0.9546666666666667,0.9567066032411514,0.7633654895224282,240.279696782236,4.306691613863222,244.5863883960992
IoT_Original_Distribution,6q_5k,QWE,linear,0,L0,baseline_unoptimized,0.001,6,28,25600,1,0.9446666666666667,0.9491713345014237,0.7475641136067545,245.3096882449463,3.528715729014948,248.83840397396125
IoT_Original_Distribution,6q_5k,QWE,linear,0,L0,baseline_unoptimized,0.001,6,29,26624,2,0.9473333333333334,0.9510871855329268,0.7494903035980528,217.09208611701615,3.7917208081344143,220.88380692515057
IoT_Original_Distribution,6q_5k,QWE,linear,0,L0,baseline_unoptimized,0.002,6,0,42,0,0.9526666666666667,0.955838722862345,0.7723451313775843,222.17215481086168,5.287027497077361,227.45918230793905
IoT_Original_Distribution,6q_5k,QWE,linear,0,L0,baseline_unoptimized,0.002,6,1,123,1,0.96,0.962460566671535,0.8051074840817714,245.77574860211462,4.025067625101656,249.80081622721627
IoT_Original_Distribution,6q_5k,QWE,linear,0,L0,baseline_unoptimized,0.002,6,2,456,2,0.9506666666666667,0.9544373424154817,0.7719111821641591,242.92969101306517,4.083525109919719,247.0132161229849
IoT_Original_Distribution,6q_5k,QWE,linear,0,L0,baseline_unoptimized,0.002,6,3,789,0,0.946,0.9500724568471599,0.7472915777441907,240.1976333730854,4.786813898012042,244.98444727109745
IoT_Original_Distribution,6q_5k,QWE,linear,0,L0,baseline_unoptimized,0.002,6,4,1024,1,0.9453333333333334,0.9496216377136452,0.7474014016511811,239.35105027793907,4.942885279888287,244.29393555782735
IoT_Original_Distribution,6q_5k,QWE,linear,0,L0,baseline_unoptimized,0.002,6,5,2048,2,0.952,0.9543948334810689,0.7531680943254634,245.96584657486528,3.3081708619138226,249.2740174367791
IoT_Original_Distribution,6q_5k,QWE,linear,0,L0,baseline_unoptimized,0.002,6,6,3072,0,0.948,0.9510813789685726,0.7406638990920347,244.15452273294795,5.123183409916237,249.2777061428642
IoT_Original_Distribution,6q_5k,QWE,linear,0,L0,baseline_unoptimized,0.002,6,7,4096,1,0.9626666666666667,0.9643466144338894,0.80627610183608,247.58641183702275,4.524125954019837,252.1105377910426
IoT_Original_Distribution,6q_5k,QWE,linear,0,L0,baseline_unoptimized,0.002,6,8,5120,2,0.9526666666666667,0.9554175125808769,0.7639370639604357,242.85357741988264,3.527124749147333,246.38070216902997
IoT_Original_Distribution,6q_5k,QWE,linear,0,L0,baseline_unoptimized,0.002,6,9,6144,0,0.9566666666666667,0.9591850467289721,0.7848279265714736,213.4226944601396,5.11251292808447,218.53520738822408
IoT_Original_Distribution,6q_5k,QWE,linear,0,L0,baseline_unoptimized,0.002,6,10,7168,1,0.9586666666666667,0.9601034688559908,0.7774960591845436,231.9740744549781,4.2039838479831815,236.1780583029613
IoT_Original_Distribution,6q_5k,QWE,linear,0,L0,baseline_unoptimized,0.002,6,11,8192,2,0.952,0.9553706563706564,0.7721386160271583,242.77876371296588,3.0744385659927502,245.85320227895863
IoT_Original_Distribution,6q_5k,QWE,linear,0,L0,baseline_unoptimized,0.002,6,12,9216,0,0.9446666666666667,0.9484935622077233,0.7336234824377313,231.37706180196255,4.5879222330404446,235.964984035003
IoT_Original_Distribution,6q_5k,QWE,linear,0,L0,baseline_unoptimized,0.002,6,13,10240,1,0.9546666666666667,0.9572491834136079,0.773366691114791,241.35390359000303,3.4243229429703206,244.77822653297335
IoT_Original_Distribution,6q_5k,QWE,linear,0,L0,baseline_unoptimized,0.002,6,14,11264,2,0.96,0.9617999440363101,0.7919725643981961,245.70855718990788,3.5561926891095936,249.26474987901747
IoT_Original_Distribution,6q_5k,QWE,linear,0,L0,baseline_unoptimized,0.002,6,15,12288,0,0.9473333333333334,0.950975800173616,0.7472388545923977,237.82693278603256,4.444064841023646,242.2709976270562
IoT_Original_Distribution,6q_5k,QWE,linear,0,L0,baseline_unoptimized,0.002,6,16,13312,1,0.956,0.9581952640243129,0.7744116238094557,249.29202481696848,3.7631166628561914,253.05514147982467
IoT_Original_Distribution,6q_5k,QWE,linear,0,L0,baseline_unoptimized,0.002,6,17,14336,2,0.9526666666666667,0.9560403819346557,0.7766025269954646,244.2426424989244,3.8341512460028753,248.07679374492727
IoT_Original_Distribution,6q_5k,QWE,linear,0,L0,baseline_unoptimized,0.002,6,18,15360,0,0.954,0.9568809969513825,0.7750222281710959,240.84940430091228,3.848293966962956,244.69769826787524
IoT_Original_Distribution,6q_5k,QWE,linear,0,L0,baseline_unoptimized,0.002,6,19,16384,1,0.9526666666666667,0.9555251186688496,0.7660250597507845,243.04253605008125,3.6737253731116652,246.71626142319292
IoT_Original_Distribution,6q_5k,QWE,linear,0,L0,baseline_unoptimized,0.002,6,20,17408,2,0.942,0.9463741203173199,0.7271308337403007,218.8308667888632,5.3410743698477745,224.17194115871098
IoT_Original_Distribution,6q_5k,QWE,linear,0,L0,baseline_unoptimized,0.002,6,21,18432,0,0.9513333333333334,0.9546991571224553,0.7676619128243972,218.36100704909768,5.139557589078322,223.500564638176
IoT_Original_Distribution,6q_5k,QWE,linear,0,L0,baseline_unoptimized,0.002,6,22,19456,1,0.9513333333333334,0.9542723051102255,0.759093709903244,243.29810442088638,3.4695960481185466,246.76770046900492
IoT_Original_Distribution,6q_5k,QWE,linear,0,L0,baseline_unoptimized,0.002,6,23,20480,2,0.9606666666666667,0.9629525808770668,0.8057187891825116,241.64255072304513,2.9250322349835187,244.56758295802865
IoT_Original_Distribution,6q_5k,QWE,linear,0,L0,baseline_unoptimized,0.002,6,24,21504,0,0.9486666666666667,0.9523254846333591,0.7562683594474058,240.20082336396445,4.377340883016586,244.57816424698103
IoT_Original_Distribution,6q_5k,QWE,linear,0,L0,baseline_unoptimized,0.002,6,25,22528,1,0.95,0.9538721085509316,0.7696656403432183,225.70730383112095,3.8586137329693884,229.56591756409034
IoT_Original_Distribution,6q_5k,QWE,linear,0,L0,baseline_unoptimized,0.002,6,26,23552,2,0.95,0.9531315184254159,0.7543233224261945,242.8037294781534,3.8104280839907005,246.6141575621441
IoT_Original_Distribution,6q_5k,QWE,linear,0,L0,baseline_unoptimized,0.002,6,27,24576,0,0.9553333333333334,0.95728760057596,0.7659670226923443,244.56582351389807,2.813443071907386,247.37926658580545
IoT_Original_Distribution,6q_5k,QWE,linear,0,L0,baseline_unoptimized,0.002,6,28,25600,1,0.944,0.9485039835170819,0.7430703944213387,219.17332147189882,4.995128029026091,224.1684495009249
IoT_Original_Distribution,6q_5k,QWE,linear,0,L0,baseline_unoptimized,0.002,6,29,26624,2,0.9493333333333334,0.9527833215788977,0.7563495715972772,233.9223982701078,4.504210662911646,238.42660893301945
IoT_Original_Distribution,6q_5k,QWE,linear,0,L0,baseline_unoptimized,0.005,6,0,42,0,0.952,0.9552684099168505,0.7699949480535957,241.30940196011215,4.173082674969919,245.48248463508207
IoT_Original_Distribution,6q_5k,QWE,linear,0,L0,baseline_unoptimized,0.005,6,1,123,1,0.96,0.962460566671535,0.8051074840817714,235.35098245600238,4.422108299913816,239.7730907559162
IoT_Original_Distribution,6q_5k,QWE,linear,0,L0,baseline_unoptimized,0.005,6,2,456,2,0.9513333333333334,0.95500357222028,0.7741725697493775,245.93758997903205,3.8253506359178573,249.7629406149499
IoT_Original_Distribution,6q_5k,QWE,linear,0,L0,baseline_unoptimized,0.005,6,3,789,0,0.9513333333333334,0.9545947432246645,0.7655073141509962,245.98393054609187,2.9177028079284355,248.9016333540203
IoT_Original_Distribution,6q_5k,QWE,linear,0,L0,baseline_unoptimized,0.005,6,4,1024,1,0.9453333333333334,0.9496216377136452,0.7474014016511811,236.4260834120214,4.581848551053554,241.00793196307495
IoT_Original_Distribution,6q_5k,QWE,linear,0,L0,baseline_unoptimized,0.005,6,5,2048,2,0.95,0.9526734414082532,0.7457311205449889,219.92320936883334,5.096804558997974,225.02001392783131
IoT_Original_Distribution,6q_5k,QWE,linear,0,L0,baseline_unoptimized,0.005,6,6,3072,0,0.948,0.9509622986214916,0.7384668422404976,244.11206142697483,3.115388830075972,247.2274502570508
IoT_Original_Distribution,6q_5k,QWE,linear,0,L0,baseline_unoptimized,0.005,6,7,4096,1,0.9626666666666667,0.9643466144338894,0.80627610183608,218.9016104330076,4.768395408987999,223.6700058419956
IoT_Original_Distribution,6q_5k,QWE,linear,0,L0,baseline_unoptimized,0.005,6,8,5120,2,0.9526666666666667,0.9554175125808769,0.7639370639604357,236.61624600505456,3.344934874214232,239.9611808792688
IoT_Original_Distribution,6q_5k,QWE,linear,0,L0,baseline_unoptimized,0.005,6,9,6144,0,0.9526666666666667,0.9557356965223406,0.7702293751753417,239.3211464191554,3.993520302930847,243.31466672208626
IoT_Original_Distribution,6q_5k,QWE,linear,0,L0,baseline_unoptimized,0.005,6,10,7168,1,0.9553333333333334,0.95728760057596,0.7659670226923443,215.57706084882375,4.096601572120562,219.6736624209443
IoT_Original_Distribution,6q_5k,QWE,linear,0,L0,baseline_unoptimized,0.005,6,11,8192,2,0.9533333333333334,0.9566103603603604,0.778931425176689,247.18150269892067,1.8029847660800442,248.9844874650007
IoT_Original_Distribution,6q_5k,QWE,linear,0,L0,baseline_unoptimized,0.005,6,12,9216,0,0.9446666666666667,0.9484935622077233,0.7336234824377313,242.9970701270504,4.0925686658592895,247.08963879290968
IoT_Original_Distribution,6q_5k,QWE,linear,0,L0,baseline_unoptimized,0.005,6,13,10240,1,0.96,0.9615982731742415,0.7883518137678861,238.46112413797528,4.433190823998302,242.89431496197358
IoT_Original_Distribution,6q_5k,QWE,linear,0,L0,baseline_unoptimized,0.005,6,14,11264,2,0.9653333333333334,0.9666291271878196,0.8156167850857873,245.48297603300307,3.873568272101693,249.35654430510476
IoT_Original_Distribution,6q_5k,QWE,linear,0,L0,baseline_unoptimized,0.005,6,15,12288,0,0.9466666666666667,0.9504118404118403,0.7449673794290353,217.55758426093962,5.278659188887104,222.83624344982672
IoT_Original_Distribution,6q_5k,QWE,linear,0,L0,baseline_unoptimized,0.005,6,16,13312,1,0.9553333333333334,0.9576155016317076,0.7718612520787291,248.09557839296758,2.8549557520309463,250.95053414499853
IoT_Original_Distribution,6q_5k,QWE,linear,0,L0,baseline_unoptimized,0.005,6,17,14336,2,0.9526666666666667,0.9556311707760604,0.7681225929227954,236.79310764593538,4.382432862883434,241.1755405088188
IoT_Original_Distribution,6q_5k,QWE,linear,0,L0,baseline_unoptimized,0.005,6,18,15360,0,0.9526666666666667,0.9557356965223406,0.7702293751753417,214.73584073001985,5.063621695037,219.79946242505684
IoT_Original_Distribution,6q_5k,QWE,linear,0,L0,baseline_unoptimized,0.005,6,19,16384,1,0.9533333333333334,0.9560986734333344,0.7684535585645808,238.0416414589854,5.147417523083277,243.18905898206867
IoT_Original_Distribution,6q_5k,QWE,linear,0,L0,baseline_unoptimized,0.005,6,20,17408,2,0.942,0.9463741203173199,0.7271308337403007,246.4890594719909,2.727744639967568,249.21680411195848
IoT_Original_Distribution,6q_5k,QWE,linear,0,L0,baseline_unoptimized,0.005,6,21,18432,0,0.9566666666666667,0.9592835593447213,0.7868191092934059,241.51365890202578,4.252735738060437,245.76639464008622
IoT_Original_Distribution,6q_5k,QWE,linear,0,L0,baseline_unoptimized,0.005,6,22,19456,1,0.952,0.954844349817144,0.7615061436964442,246.63022326212376,3.1302514381241053,249.76047470024787
IoT_Original_Distribution,6q_5k,QWE,linear,0,L0,baseline_unoptimized,0.005,6,23,20480,2,0.9606666666666667,0.9629525808770668,0.8057187891825116,217.99917312606703,4.080791171058081,222.07996429712512
IoT_Original_Distribution,6q_5k,QWE,linear,0,L0,baseline_unoptimized,0.005,6,24,21504,0,0.9566666666666667,0.9592835593447213,0.7868191092934059,216.04584181890823,4.504341889056377,220.5501837079646
IoT_Original_Distribution,6q_5k,QWE,linear,0,L0,baseline_unoptimized,0.005,6,25,22528,1,0.9446666666666667,0.9493847638037898,0.7522491255530257,230.3345819269307,3.9735481439856812,234.30813007091638
IoT_Original_Distribution,6q_5k,QWE,linear,0,L0,baseline_unoptimized,0.005,6,26,23552,2,0.9473333333333334,0.9507481693699283,0.7427555255168669,243.09005699912086,2.849434871925041,245.9394918710459
IoT_Original_Distribution,6q_5k,QWE,linear,0,L0,baseline_unoptimized,0.005,6,27,24576,0,0.9553333333333334,0.95728760057596,0.7659670226923443,242.97714133094996,2.972736708004959,245.94987803895492
IoT_Original_Distribution,6q_5k,QWE,linear,0,L0,baseline_unoptimized,0.005,6,28,25600,1,0.9426666666666667,0.947390024444791,0.7387984345228015,247.79241915897,3.281891449005343,251.07431060797535
IoT_Original_Distribution,6q_5k,QWE,linear,0,L0,baseline_unoptimized,0.005,6,29,26624,2,0.9453333333333334,0.9492869266778994,0.7404732531424497,242.68987305194605,4.1477430949453264,246.83761614689138
IoT_Original_Distribution,6q_5k,QWE,linear,0,L0,baseline_unoptimized,0.008,6,0,42,0,0.9466666666666667,0.9508503782572149,0.7540795177866658,249.78255427791737,2.995515306130983,252.77806958404835
IoT_Original_Distribution,6q_5k,QWE,linear,0,L0,baseline_unoptimized,0.008,6,1,123,1,0.96,0.962460566671535,0.8051074840817714,241.6827318770811,4.958170808036812,246.6409026851179
IoT_Original_Distribution,6q_5k,QWE,linear,0,L0,baseline_unoptimized,0.008,6,2,456,2,0.952,0.9555708093763823,0.7764500007250089,240.67889660899527,3.979902504943311,244.65879911393858
IoT_Original_Distribution,6q_5k,QWE,linear,0,L0,baseline_unoptimized,0.008,6,3,789,0,0.9513333333333334,0.9545947432246645,0.7655073141509962,241.12305892293807,2.9403148520505056,244.06337377498858
IoT_Original_Distribution,6q_5k,QWE,linear,0,L0,baseline_unoptimized,0.008,6,4,1024,1,0.946,0.9501818772350061,0.7495895011487894,246.2925123400055,4.468206735793501,250.760719075799
IoT_Original_Distribution,6q_5k,QWE,linear,0,L0,baseline_unoptimized,0.008,6,5,2048,2,0.9493333333333334,0.9521019394282375,0.7432908574681596,243.69983068900183,3.419631005031988,247.11946169403382
IoT_Original_Distribution,6q_5k,QWE,linear,0,L0,baseline_unoptimized,0.008,6,6,3072,0,0.9486666666666667,0.9515315628718899,0.7408695171147972,248.3783362719696,4.310234209173359,252.68857048114296
IoT_Original_Distribution,6q_5k,QWE,linear,0,L0,baseline_unoptimized,0.008,6,7,4096,1,0.9573333333333334,0.9596647910974632,0.7853694824262574,249.0201757089235,3.686130487942137,252.70630619686563
IoT_Original_Distribution,6q_5k,QWE,linear,0,L0,baseline_unoptimized,0.008,6,8,5120,2,0.96,0.9619956945675573,0.795655153293448,238.74438360799104,3.9882478970102966,242.73263150500134
IoT_Original_Distribution,6q_5k,QWE,linear,0,L0,baseline_unoptimized,0.008,6,9,6144,0,0.9506666666666667,0.9539192572388504,0.7610065361418865,216.23497140896507,4.7032223250716925,220.93819373403676
IoT_Original_Distribution,6q_5k,QWE,linear,0,L0,baseline_unoptimized,0.008,6,10,7168,1,0.9546666666666667,0.9565931776556776,0.7614019791563855,240.10618334414903,4.440738431178033,244.54692177532706
IoT_Original_Distribution,6q_5k,QWE,linear,0,L0,baseline_unoptimized,0.008,6,11,8192,2,0.952,0.9553706563706564,0.7721386160271583,249.33932222402655,1.6159774380503222,250.95529966207687
IoT_Original_Distribution,6q_5k,QWE,linear,0,L0,baseline_unoptimized,0.008,6,12,9216,0,0.9446666666666667,0.9484935622077233,0.7336234824377313,175.25981898698956,5.079345469130203,180.33916445611976
IoT_Original_Distribution,6q_5k,QWE,linear,0,L0,baseline_unoptimized,0.008,6,13,10240,1,0.9546666666666667,0.9570369402985075,0.7693310710272895,244.2662961030146,2.464248322066851,246.73054442508146
IoT_Original_Distribution,6q_5k,QWE,linear,0,L0,baseline_unoptimized,0.008,6,14,11264,2,0.9606666666666667,0.9624852709053827,0.7964545107591481,235.3063877139939,4.816055072005838,240.12244278599974
IoT_Original_Distribution,6q_5k,QWE,linear,0,L0,baseline_unoptimized,0.008,6,15,12288,0,0.9466666666666667,0.9504118404118403,0.7449673794290353,206.88201894715894,5.606582709937356,212.4886016570963
IoT_Original_Distribution,6q_5k,QWE,linear,0,L0,baseline_unoptimized,0.008,6,16,13312,1,0.9553333333333334,0.9576155016317076,0.7718612520787291,242.05756443797145,4.242063527111895,246.29962796508335
IoT_Original_Distribution,6q_5k,QWE,linear,0,L0,baseline_unoptimized,0.008,6,17,14336,2,0.95,0.9535637837337912,0.7630464152967588,246.60379928990733,2.809691984206438,249.41349127411377
IoT_Original_Distribution,6q_5k,QWE,linear,0,L0,baseline_unoptimized,0.008,6,18,15360,0,0.9526666666666667,0.9557356965223406,0.7702293751753417,242.11976181622595,3.5758954158518463,245.6956572320778
IoT_Original_Distribution,6q_5k,QWE,linear,0,L0,baseline_unoptimized,0.008,6,19,16384,1,0.9533333333333334,0.9560986734333344,0.7684535585645808,246.07139898184687,2.9215215740259737,248.99292055587284
IoT_Original_Distribution,6q_5k,QWE,linear,0,L0,baseline_unoptimized,0.008,6,20,17408,2,0.9413333333333334,0.9458173801697622,0.7249685529775909,192.28965416701976,5.164579508127645,197.4542336751474
IoT_Original_Distribution,6q_5k,QWE,linear,0,L0,baseline_unoptimized,0.008,6,21,18432,0,0.9566666666666667,0.959380649302027,0.7888214986676968,209.03852608904708,3.4965337159810588,212.53505980502814
IoT_Original_Distribution,6q_5k,QWE,linear,0,L0,baseline_unoptimized,0.008,6,22,19456,1,0.9506666666666667,0.9537013655615598,0.7566995166136605,241.37389413197525,3.8957326801028103,245.26962681207806
IoT_Original_Distribution,6q_5k,QWE,linear,0,L0,baseline_unoptimized,0.008,6,23,20480,2,0.9613333333333334,0.9635360682057243,0.8082665399890844,238.6705967070302,4.5789465110283345,243.24954321805853
IoT_Original_Distribution,6q_5k,QWE,linear,0,L0,baseline_unoptimized,0.008,6,24,21504,0,0.9566666666666667,0.9592835593447213,0.7868191092934059,234.201095164055,3.5773212099447846,237.7784163739998
IoT_Original_Distribution,6q_5k,QWE,linear,0,L0,baseline_unoptimized,0.008,6,25,22528,1,0.9353333333333333,0.9419952612320182,0.7315377302715544,232.75627358001657,3.5323405240196735,236.28861410403624
IoT_Original_Distribution,6q_5k,QWE,linear,0,L0,baseline_unoptimized,0.008,6,26,23552,2,0.9493333333333334,0.9525627511065713,0.7519648903964132,241.3010494230548,3.5137971190270036,244.8148465420818
IoT_Original_Distribution,6q_5k,QWE,linear,0,L0,baseline_unoptimized,0.008,6,27,24576,0,0.9553333333333334,0.95728760057596,0.7659670226923443,175.62299362907652,4.422376253991388,180.0453698830679
IoT_Original_Distribution,6q_5k,QWE,linear,0,L0,baseline_unoptimized,0.008,6,28,25600,1,0.9426666666666667,0.947390024444791,0.7387984345228015,232.20042555592954,2.638202760950662,234.8386283168802
IoT_Original_Distribution,6q_5k,QWE,linear,0,L0,baseline_unoptimized,0.008,6,29,26624,2,0.9486666666666667,0.9518816922500936,0.747423687177894,243.19521862093825,2.478966144961305,245.67418476589955
IoT_Original_Distribution,6q_5k,QWE,linear,0,L0,baseline_unoptimized,0.01,6,0,42,0,0.952,0.9552684099168505,0.7699949480535957,240.1212060279213,3.8206202770816162,243.9418263050029
IoT_Original_Distribution,6q_5k,QWE,linear,0,L0,baseline_unoptimized,0.01,6,1,123,1,0.9593333333333334,0.9618803016526716,0.8026207691642978,251.49849759903736,2.928511040052399,254.42700863908976
IoT_Original_Distribution,6q_5k,QWE,linear,0,L0,baseline_unoptimized,0.01,6,2,456,2,0.9413333333333334,0.9465012490872056,0.7394124886784728,249.99518388113938,4.132026780862361,254.12721066200174
IoT_Original_Distribution,6q_5k,QWE,linear,0,L0,baseline_unoptimized,0.01,6,3,789,0,0.9506666666666667,0.9540258657478741,0.7631722598254365,245.489296730957,4.498130750027485,249.98742748098448
IoT_Original_Distribution,6q_5k,QWE,linear,0,L0,baseline_unoptimized,0.01,6,4,1024,1,0.9453333333333334,0.9496216377136452,0.7474014016511811,229.1637626820011,4.51105951203499,233.6748221940361
IoT_Original_Distribution,6q_5k,QWE,linear,0,L0,baseline_unoptimized,0.01,6,5,2048,2,0.9526666666666667,0.9549709715688568,0.7556867226603413,245.24629202100914,4.151114626904018,249.39740664791316
IoT_Original_Distribution,6q_5k,QWE,linear,0,L0,baseline_unoptimized,0.01,6,6,3072,0,0.9466666666666667,0.9499474222287132,0.7359532448416131,212.30434934585355,3.2729550161166117,215.57730436197016
IoT_Original_Distribution,6q_5k,QWE,linear,0,L0,baseline_unoptimized,0.01,6,7,4096,1,0.9566666666666667,0.9590850855412059,0.7828482983512342,241.5552366009215,4.596259586047381,246.15149618696887
IoT_Original_Distribution,6q_5k,QWE,linear,0,L0,baseline_unoptimized,0.01,6,8,5120,2,0.9613333333333334,0.9630732792350996,0.799124333117138,245.3512708080234,3.665500639122911,249.0167714471463
IoT_Original_Distribution,6q_5k,QWE,linear,0,L0,baseline_unoptimized,0.01,6,9,6144,0,0.932,0.9386016775333922,0.7065888540513295,236.9050054209074,4.14179057313595,241.04679599404335
IoT_Original_Distribution,6q_5k,QWE,linear,0,L0,baseline_unoptimized,0.01,6,10,7168,1,0.95,0.9529058231488139,0.7500098222197438,219.97856315190438,5.165146137936972,225.14370928984135
IoT_Original_Distribution,6q_5k,QWE,linear,0,L0,baseline_unoptimized,0.01,6,11,8192,2,0.9513333333333334,0.9545947432246645,0.7655073141509962,246.45543487882242,2.1887118800077587,248.64414675883017
IoT_Original_Distribution,6q_5k,QWE,linear,0,L0,baseline_unoptimized,0.01,6,12,9216,0,0.9446666666666667,0.9484935622077233,0.7336234824377313,245.2575699139852,3.1785807539708912,248.4361506679561
IoT_Original_Distribution,6q_5k,QWE,linear,0,L0,baseline_unoptimized,0.01,6,13,10240,1,0.9553333333333334,0.9578261650963198,0.775851834811828,245.73034228303004,2.5372949461452663,248.2676372291753
IoT_Original_Distribution,6q_5k,QWE,linear,0,L0,baseline_unoptimized,0.01,6,14,11264,2,0.9653333333333334,0.9666291271878196,0.8156167850857873,177.29577957303263,4.972367195994593,182.26814676902723
IoT_Original_Distribution,6q_5k,QWE,linear,0,L0,baseline_unoptimized,0.01,6,15,12288,0,0.9466666666666667,0.9504118404118403,0.7449673794290353,243.97519879997708,3.8327524251071736,247.80795122508425
IoT_Original_Distribution,6q_5k,QWE,linear,0,L0,baseline_unoptimized,0.01,6,16,13312,1,0.9553333333333334,0.9576155016317076,0.7718612520787291,248.56641824916005,2.893129719886929,251.45954796904698
IoT_Original_Distribution,6q_5k,QWE,linear,0,L0,baseline_unoptimized,0.01,6,17,14336,2,0.9533333333333334,0.9562039944501242,0.7705303644616922,236.16562524903566,4.0987059629987925,240.26433121203445
IoT_Original_Distribution,6q_5k,QWE,linear,0,L0,baseline_unoptimized,0.01,6,18,15360,0,0.9526666666666667,0.9557356965223406,0.7702293751753417,236.32981173612643,3.7072021790081635,240.0370139151346
IoT_Original_Distribution,6q_5k,QWE,linear,0,L0,baseline_unoptimized,0.01,6,19,16384,1,0.954,0.9566733572969086,0.7709006848307817,189.2042232620297,3.5839200110640377,192.78814327309374
IoT_Original_Distribution,6q_5k,QWE,linear,0,L0,baseline_unoptimized,0.01,6,20,17408,2,0.9413333333333334,0.9458173801697622,0.7249685529775909,244.1437391139334,1.6670810610521585,245.81082017498557
IoT_Original_Distribution,6q_5k,QWE,linear,0,L0,baseline_unoptimized,0.01,6,21,18432,0,0.956,0.9588044943820224,0.7863848004242623,248.9697076260345,2.8104705289006233,251.78017815493513
IoT_Original_Distribution,6q_5k,QWE,linear,0,L0,baseline_unoptimized,0.01,6,22,19456,1,0.9506666666666667,0.9537013655615598,0.7566995166136605,234.23787760199048,5.952126156189479,240.19000375817996
IoT_Original_Distribution,6q_5k,QWE,linear,0,L0,baseline_unoptimized,0.01,6,23,20480,2,0.9626666666666667,0.9647066922102803,0.8134218990649893,247.7201109121088,4.3458596700802445,252.06597058218904
IoT_Original_Distribution,6q_5k,QWE,linear,0,L0,baseline_unoptimized,0.01,6,24,21504,0,0.948,0.951760735132636,0.7540001023622749,244.48031425196677,4.098060110933147,248.57837436289992
IoT_Original_Distribution,6q_5k,QWE,linear,0,L0,baseline_unoptimized,0.01,6,25,22528,1,0.9506666666666667,0.9544373424154817,0.7719111821641591,249.07060309883673,3.7051678019342944,252.77577090077102
IoT_Original_Distribution,6q_5k,QWE,linear,0,L0,baseline_unoptimized,0.01,6,26,23552,2,0.9473333333333334,0.9507481693699283,0.7427555255168669,229.29583443910815,4.633287676144391,233.92912211525254
IoT_Original_Distribution,6q_5k,QWE,linear,0,L0,baseline_unoptimized,0.01,6,27,24576,0,0.954,0.956126842245278,0.7607851281340564,234.32207415089943,4.11593229486607,238.4380064457655
IoT_Original_Distribution,6q_5k,QWE,linear,0,L0,baseline_unoptimized,0.01,6,28,25600,1,0.9446666666666667,0.9491713345014237,0.7475641136067545,244.88639091292862,4.843069148133509,249.72946006106213
IoT_Original_Distribution,6q_5k,QWE,linear,0,L0,baseline_unoptimized,0.01,6,29,26624,2,0.9493333333333334,0.9527833215788977,0.7563495715972772,243.59776644106023,4.846538098878227,248.44430453993846
IoT_Original_Distribution,6q_5k,QWE,linear,0,L0,baseline_unoptimized,0.02,6,0,42,0,0.9513333333333334,0.9546991571224553,0.7676619128243972,208.7393464751076,3.4873996899696067,212.2267461650772
IoT_Original_Distribution,6q_5k,QWE,linear,0,L0,baseline_unoptimized,0.02,6,1,123,1,0.96,0.9625495403472932,0.8070367464409718,249.17432107706554,2.990989636979066,252.1653107140446
IoT_Original_Distribution,6q_5k,QWE,linear,0,L0,baseline_unoptimized,0.02,6,2,456,2,0.9366666666666666,0.9427600861234123,0.7278058215379719,245.88221988198347,4.984262120909989,250.86648200289346
IoT_Original_Distribution,6q_5k,QWE,linear,0,L0,baseline_unoptimized,0.02,6,3,789,0,0.95,0.9534580381395088,0.760854226747064,246.65655708196573,3.744891664944589,250.40144874691032
IoT_Original_Distribution,6q_5k,QWE,linear,0,L0,baseline_unoptimized,0.02,6,4,1024,1,0.944,0.9485039835170819,0.7430703944213387,245.4531526940409,4.472637184895575,249.92578987893648
IoT_Original_Distribution,6q_5k,QWE,linear,0,L0,baseline_unoptimized,0.02,6,5,2048,2,0.9486666666666667,0.9515315628718899,0.7408695171147972,212.2356765519362,3.4841173560125753,215.71979390794877
IoT_Original_Distribution,6q_5k,QWE,linear,0,L0,baseline_unoptimized,0.02,6,6,3072,0,0.948,0.9509622986214916,0.7384668422404976,252.74673547886778,2.126901807030663,254.87363728589844
IoT_Original_Distribution,6q_5k,QWE,linear,0,L0,baseline_unoptimized,0.02,6,7,4096,1,0.9533333333333334,0.9562039944501242,0.7705303644616922,251.78597444691695,2.828101271064952,254.6140757179819
IoT_Original_Distribution,6q_5k,QWE,linear,0,L0,baseline_unoptimized,0.02,6,8,5120,2,0.9546666666666667,0.9573529970495248,0.7754009734327173,211.95605932897888,5.364424331928603,217.32048366090748
IoT_Original_Distribution,6q_5k,QWE,linear,0,L0,baseline_unoptimized,0.02,6,9,6144,0,0.9546666666666667,0.9572491834136079,0.773366691114791,242.10499395884108,2.9084078911691904,245.01340185001027
IoT_Original_Distribution,6q_5k,QWE,linear,0,L0,baseline_unoptimized,0.02,6,10,7168,1,0.9553333333333334,0.95728760057596,0.7659670226923443,250.74683118786197,2.4024301250465214,253.1492613129085
IoT_Original_Distribution,6q_5k,QWE,linear,0,L0,baseline_unoptimized,0.02,6,11,8192,2,0.9426666666666667,0.9475005929919137,0.7411809506744704,229.7874443619512,3.557238535140641,233.34468289709184
IoT_Original_Distribution,6q_5k,QWE,linear,0,L0,baseline_unoptimized,0.02,6,12,9216,0,0.946,0.9496188246739429,0.7381560452446436,246.85524838301353,2.8433307599043474,249.69857914291788
IoT_Original_Distribution,6q_5k,QWE,linear,0,L0,baseline_unoptimized,0.02,6,13,10240,1,0.952,0.9549526800058419,0.7636149405376764,239.45292275003158,4.94070380507037,244.39362655510195
IoT_Original_Distribution,6q_5k,QWE,linear,0,L0,baseline_unoptimized,0.02,6,14,11264,2,0.966,0.9672265482593911,0.8184475842985484,237.9639628099976,4.704210618860088,242.6681734288577
IoT_Original_Distribution,6q_5k,QWE,linear,0,L0,baseline_unoptimized,0.02,6,15,12288,0,0.946,0.9498488864324945,0.7427122477486998,235.19228616089094,5.62326825002674,240.81555441091768
IoT_Original_Distribution,6q_5k,QWE,linear,0,L0,baseline_unoptimized,0.02,6,16,13312,1,0.954,0.9563502927251915,0.7647973243773094,236.14033905102406,5.045205413945951,241.18554446497
IoT_Original_Distribution,6q_5k,QWE,linear,0,L0,baseline_unoptimized,0.02,6,17,14336,2,0.9526666666666667,0.9556311707760604,0.7681225929227954,246.5831695139641,3.7283297970425338,250.31149931100663
IoT_Original_Distribution,6q_5k,QWE,linear,0,L0,baseline_unoptimized,0.02,6,18,15360,0,0.9526666666666667,0.955838722862345,0.7723451313775843,246.99737208522856,5.630367837846279,252.62773992307484
IoT_Original_Distribution,6q_5k,QWE,linear,0,L0,baseline_unoptimized,0.02,6,19,16384,1,0.9533333333333334,0.9562039944501242,0.7705303644616922,250.05608512996696,3.19361823995132,253.24970336991828
IoT_Original_Distribution,6q_5k,QWE,linear,0,L0,baseline_unoptimized,0.02,6,20,17408,2,0.94,0.9445859569918023,0.7182624630937955,237.32571116893087,4.82386422494892,242.1495753938798
IoT_Original_Distribution,6q_5k,QWE,linear,0,L0,baseline_unoptimized,0.02,6,21,18432,0,0.9553333333333334,0.9582294600985467,0.7839663000045791,247.03969515184872,3.8204190640244633,250.86011421587318
IoT_Original_Distribution,6q_5k,QWE,linear,0,L0,baseline_unoptimized,0.02,6,22,19456,1,0.952,0.9549526800058419,0.7636149405376764,241.34088094194885,5.277779015130363,246.61865995707922
IoT_Original_Distribution,6q_5k,QWE,linear,0,L0,baseline_unoptimized,0.02,6,23,20480,2,0.94,0.9451728577313925,0.7304260728146031,237.5320421899669,4.650417254189961,242.18245944415685
IoT_Original_Distribution,6q_5k,QWE,linear,0,L0,baseline_unoptimized,0.02,6,24,21504,0,0.9453333333333334,0.9494000884564351,0.7427773898031479,231.29066444199998,4.541475082980469,235.83213952498045
IoT_Original_Distribution,6q_5k,QWE,linear,0,L0,baseline_unoptimized,0.02,6,25,22528,1,0.9493333333333334,0.9533078593443541,0.7674357500576353,249.75542436691467,4.2141077182022855,253.96953208511695
IoT_Original_Distribution,6q_5k,QWE,linear,0,L0,baseline_unoptimized,0.02,6,26,23552,2,0.9473333333333334,0.950975800173616,0.7472388545923977,247.00572532508522,3.923914126935415,250.92963945202064
IoT_Original_Distribution,6q_5k,QWE,linear,0,L0,baseline_unoptimized,0.02,6,27,24576,0,0.9526666666666667,0.9549709715688568,0.7556867226603413,230.02278830413707,4.817964576999657,234.84075288113672
IoT_Original_Distribution,6q_5k,QWE,linear,0,L0,baseline_unoptimized,0.02,6,28,25600,1,0.9426666666666667,0.9476096196099973,0.7435672503835469,240.3557707449654,4.632477353909053,244.98824809887446
IoT_Original_Distribution,6q_5k,QWE,linear,0,L0,baseline_unoptimized,0.02,6,29,26624,2,0.9473333333333334,0.9508628043116232,0.7449938624712318,248.5741538311122,3.0511064309393987,251.6252602620516
IoT_Original_Distribution,6q_5k,QWE,linear,0,L0,baseline_unoptimized,0.05,6,0,42,0,0.9386666666666666,0.9444050505050506,0.7337397035584198,234.61977469280828,4.198211689130403,238.81798638193868
IoT_Original_Distribution,6q_5k,QWE,linear,0,L0,baseline_unoptimized,0.05,6,1,123,1,0.952,0.9557653404314933,0.7807919823286048,250.1075140668545,2.900575823150575,253.00808989000507
IoT_Original_Distribution,6q_5k,QWE,linear,0,L0,baseline_unoptimized,0.05,6,2,456,2,0.9333333333333333,0.9402562969509499,0.7233162233987462,248.21299264684785,4.361898054950871,252.57489070179872
IoT_Original_Distribution,6q_5k,QWE,linear,0,L0,baseline_unoptimized,0.05,6,3,789,0,0.9413333333333334,0.9462796765498653,0.7345841143297522,196.15831794484984,4.278773201978765,200.4370911468286
IoT_Original_Distribution,6q_5k,QWE,linear,0,L0,baseline_unoptimized,0.05,6,4,1024,1,0.9273333333333333,0.9345754772531826,0.6881363545118917,245.73712357587647,2.727128096972592,248.46425167284906
IoT_Original_Distribution,6q_5k,QWE,linear,0,L0,baseline_unoptimized,0.05,6,5,2048,2,0.9393333333333334,0.94390856263076,0.7136903377377074,242.9943531929748,2.699549120152369,245.69390231312718
IoT_Original_Distribution,6q_5k,QWE,linear,0,L0,baseline_unoptimized,0.05,6,6,3072,0,0.9406666666666667,0.9447702052588839,0.7132004242057319,234.14856413006783,3.8131352920318022,237.96169942209963
IoT_Original_Distribution,6q_5k,QWE,linear,0,L0,baseline_unoptimized,0.05,6,7,4096,1,0.938,0.9431678114654254,0.7168538090056512,246.57976202107966,3.3697078679688275,249.9494698890485
IoT_Original_Distribution,6q_5k,QWE,linear,0,L0,baseline_unoptimized,0.05,6,8,5120,2,0.94,0.9450587601078169,0.7279872779850339,223.1727522809524,5.572373055969365,228.74512533692177
IoT_Original_Distribution,6q_5k,QWE,linear,0,L0,baseline_unoptimized,0.05,6,9,6144,0,0.94,0.9451728577313925,0.7304260728146031,245.9553545601666,3.497533346991986,249.45288790715858
IoT_Original_Distribution,6q_5k,QWE,linear,0,L0,baseline_unoptimized,0.05,6,10,7168,1,0.9446666666666667,0.9483748450362625,0.7313182280180555,226.1803151690401,5.2725683491444215,231.45288351818454
IoT_Original_Distribution,6q_5k,QWE,linear,0,L0,baseline_unoptimized,0.05,6,11,8192,2,0.938,0.9435190713277777,0.7242916651829258,247.9069500588812,3.49062604107894,251.39757609996013
IoT_Original_Distribution,6q_5k,QWE,linear,0,L0,baseline_unoptimized,0.05,6,12,9216,0,0.9366666666666666,0.942066898329639,0.7127471585189091,212.75789742311463,2.4858352289302275,215.24373265204486
IoT_Original_Distribution,6q_5k,QWE,linear,0,L0,baseline_unoptimized,0.05,6,13,10240,1,0.9406666666666667,0.9454969731400807,0.7276531407311173,245.74168751202524,3.472965923137963,249.2146534351632
IoT_Original_Distribution,6q_5k,QWE,linear,0,L0,baseline_unoptimized,0.05,6,14,11264,2,0.9526666666666667,0.9554175125808769,0.7639370639604357,233.9646726519568,5.101060617947951,239.06573326990474
IoT_Original_Distribution,6q_5k,QWE,linear,0,L0,baseline_unoptimized,0.05,6,15,12288,0,0.9326666666666666,0.9386604968183392,0.698163759797733,239.9144714110298,3.745788665022701,243.6602600760525
IoT_Original_Distribution,6q_5k,QWE,linear,0,L0,baseline_unoptimized,0.05,6,16,13312,1,0.936,0.941396010781671,0.7081967689508794,242.8581314459443,4.128526621963829,246.98665806790814
IoT_Original_Distribution,6q_5k,QWE,linear,0,L0,baseline_unoptimized,0.05,6,17,14336,2,0.942,0.9467217602605283,0.7342901316896631,247.87833747302648,3.7024318110197783,251.58076928404626
IoT_Original_Distribution,6q_5k,QWE,linear,0,L0,baseline_unoptimized,0.05,6,18,15360,0,0.942,0.9471630022098566,0.7438875942218202,237.1373441942269,5.438695930992253,242.57604012521915
IoT_Original_Distribution,6q_5k,QWE,linear,0,L0,baseline_unoptimized,0.05,6,19,16384,1,0.9313333333333333,0.9380591718437266,0.704683595372155,247.88266617211048,3.9340001669479534,251.81666633905843
IoT_Original_Distribution,6q_5k,QWE,linear,0,L0,baseline_unoptimized,0.05,6,20,17408,2,0.926,0.9333750272945254,0.6817502938330257,241.99568058387376,3.7737483880482614,245.76942897192203
IoT_Original_Distribution,6q_5k,QWE,linear,0,L0,baseline_unoptimized,0.05,6,21,18432,0,0.9453333333333334,0.9497300791476274,0.7497209841861407,212.13130961998831,3.835898914025165,215.96720853401348
IoT_Original_Distribution,6q_5k,QWE,linear,0,L0,baseline_unoptimized,0.05,6,22,19456,1,0.9406666666666667,0.9457258310667145,0.7324981420359674,247.41975585510954,2.6866871148813516,250.1064429699909
IoT_Original_Distribution,6q_5k,QWE,linear,0,L0,baseline_unoptimized,0.05,6,23,20480,2,0.934,0.9402337324534286,0.7123770213702451,237.109688068158,4.105866964906454,241.21555503306445
IoT_Original_Distribution,6q_5k,QWE,linear,0,L0,baseline_unoptimized,0.05,6,24,21504,0,0.9293333333333333,0.9361939001817606,0.6937462205237968,204.32198431598954,6.315668357070535,210.63765267306007
IoT_Original_Distribution,6q_5k,QWE,linear,0,L0,baseline_unoptimized,0.05,6,25,22528,1,0.942,0.9473745426470728,0.7487068027705844,251.44501705805305,2.452683456009254,253.8977005140623
IoT_Original_Distribution,6q_5k,QWE,linear,0,L0,baseline_unoptimized,0.05,6,26,23552,2,0.938,0.9430473988991854,0.7143791588140259,249.4990647790255,2.7571445419453084,252.2562093209708
IoT_Original_Distribution,6q_5k,QWE,linear,0,L0,baseline_unoptimized,0.05,6,27,24576,0,0.936,0.9410204539086579,0.700654588702788,245.85017597605474,4.4395634301472455,250.289739406202
IoT_Original_Distribution,6q_5k,QWE,linear,0,L0,baseline_unoptimized,0.05,6,28,25600,1,0.93,0.9370946779023092,0.7035426806190567,227.86508309678175,4.041146438801661,231.9062295355834
IoT_Original_Distribution,6q_5k,QWE,linear,0,L0,baseline_unoptimized,0.05,6,29,26624,2,0.924,0.931892178524083,0.6790132154730928,251.7220180769218,3.4143318970454857,255.1363499739673
IoT_Original_Distribution,6q_5k,QWE,linear,3,L3,qiskit_heavy,0.0,6,0,42,0,0.956,0.9589009591589748,0.7884188350501546,451.29243202193175,8.119977379683405,459.41240940161515
IoT_Original_Distribution,6q_5k,QWE,linear,3,L3,qiskit_heavy,0.0,6,1,123,1,0.958,0.9606304754773493,0.7957211339159973,481.68007914396003,7.965470150113106,489.64554929407313
IoT_Original_Distribution,6q_5k,QWE,linear,3,L3,qiskit_heavy,0.0,6,2,456,2,0.9433333333333334,0.9481651195580981,0.7456654643806729,483.8260022570612,7.142753461957909,490.9687557190191
IoT_Original_Distribution,6q_5k,QWE,linear,3,L3,qiskit_heavy,0.0,6,3,789,0,0.9506666666666667,0.9540258657478741,0.7631722598254365,471.6239550020546,8.767255195998587,480.39121019805316
IoT_Original_Distribution,6q_5k,QWE,linear,3,L3,qiskit_heavy,0.0,6,4,1024,1,0.9453333333333334,0.9494000884564351,0.7427773898031479,471.7520615638932,8.291558758937754,480.043620322831
IoT_Original_Distribution,6q_5k,QWE,linear,3,L3,qiskit_heavy,0.0,6,5,2048,2,0.952,0.9543948334810689,0.7531680943254634,431.80138603190426,7.8167625109199435,439.6181485428242
IoT_Original_Distribution,6q_5k,QWE,linear,3,L3,qiskit_heavy,0.0,6,6,3072,0,0.9466666666666667,0.9497049216630682,0.7314868724656389,463.02544073492754,9.016241620061919,472.04168235498946
IoT_Original_Distribution,6q_5k,QWE,linear,3,L3,qiskit_heavy,0.0,6,7,4096,1,0.9566666666666667,0.9590850855412059,0.7828482983512342,485.62333684193436,6.340969183947891,491.96430602588225
IoT_Original_Distribution,6q_5k,QWE,linear,3,L3,qiskit_heavy,0.0,6,8,5120,2,0.96,0.9618985455300044,0.7938063807213714,480.6121706459671,9.653766587842256,490.2659372338094
IoT_Original_Distribution,6q_5k,QWE,linear,3,L3,qiskit_heavy,0.0,6,9,6144,0,0.954,0.9566733572969086,0.7709006848307817,441.75109166500624,8.482320091919973,450.2334117569262
IoT_Original_Distribution,6q_5k,QWE,linear,3,L3,qiskit_heavy,0.0,6,10,7168,1,0.9553333333333334,0.95728760057596,0.7659670226923443,483.5277658221312,9.133342982968315,492.6611088050995
IoT_Original_Distribution,6q_5k,QWE,linear,3,L3,qiskit_heavy,0.0,6,11,8192,2,0.9506666666666667,0.9541309523809525,0.7653458068776275,484.31965590897016,8.362457838025875,492.68211374699604
IoT_Original_Distribution,6q_5k,QWE,linear,3,L3,qiskit_heavy,0.0,6,12,9216,0,0.944,0.9479324324324323,0.7313817611299739,462.91269122518133,9.228998360107653,472.141689585289
IoT_Original_Distribution,6q_5k,QWE,linear,3,L3,qiskit_heavy,0.0,6,13,10240,1,0.9546666666666667,0.9572491834136079,0.773366691114791,486.881181424018,5.506649828981608,492.3878312529996
IoT_Original_Distribution,6q_5k,QWE,linear,3,L3,qiskit_heavy,0.0,6,14,11264,2,0.9646666666666667,0.9660330984619714,0.8128100084958152,479.640803949791,10.017656734096818,489.6584606838878
IoT_Original_Distribution,6q_5k,QWE,linear,3,L3,qiskit_heavy,0.0,6,15,12288,0,0.9473333333333334,0.950975800173616,0.7472388545923977,452.06889679888263,8.534720985917374,460.6036177848
IoT_Original_Distribution,6q_5k,QWE,linear,3,L3,qiskit_heavy,0.0,6,16,13312,1,0.956,0.9581952640243129,0.7744116238094557,487.8249226571061,7.758898377069272,495.58382103417534
IoT_Original_Distribution,6q_5k,QWE,linear,3,L3,qiskit_heavy,0.0,6,17,14336,2,0.9526666666666667,0.9555251186688496,0.7660250597507845,486.48327995906584,8.578240072936751,495.0615200320026
IoT_Original_Distribution,6q_5k,QWE,linear,3,L3,qiskit_heavy,0.0,6,18,15360,0,0.954,0.9568809969513825,0.7750222281710959,474.8214939138852,8.304396386025473,483.1258902999107
IoT_Original_Distribution,6q_5k,QWE,linear,3,L3,qiskit_heavy,0.0,6,19,16384,1,0.9533333333333334,0.9560986734333344,0.7684535585645808,491.89579381386284,8.203056790982373,500.0988506048452
IoT_Original_Distribution,6q_5k,QWE,linear,3,L3,qiskit_heavy,0.0,6,20,17408,2,0.942,0.9463741203173199,0.7271308337403007,492.2431510320166,8.12530014209915,500.36845117411576
IoT_Original_Distribution,6q_5k,QWE,linear,3,L3,qiskit_heavy,0.0,6,21,18432,0,0.956,0.9587066233386886,0.7843612123097239,484.96859008201864,7.135154546005651,492.1037446280243
IoT_Original_Distribution,6q_5k,QWE,linear,3,L3,qiskit_heavy,0.0,6,22,19456,1,0.95,0.9531315184254159,0.7543233224261945,450.33970200794283,8.445109956897795,458.7848119648406
IoT_Original_Distribution,6q_5k,QWE,linear,3,L3,qiskit_heavy,0.0,6,23,20480,2,0.9606666666666667,0.9629525808770668,0.8057187891825116,486.1798537890427,6.404697118909098,492.5845509079518
IoT_Original_Distribution,6q_5k,QWE,linear,3,L3,qiskit_heavy,0.0,6,24,21504,0,0.9506666666666667,0.9540258657478741,0.7631722598254365,483.3663115928648,8.952102713868953,492.31841430673376
IoT_Original_Distribution,6q_5k,QWE,linear,3,L3,qiskit_heavy,0.0,6,25,22528,1,0.95,0.9538721085509316,0.7696656403432183,485.9175545980688,8.153828918933868,494.0713835170027
IoT_Original_Distribution,6q_5k,QWE,linear,3,L3,qiskit_heavy,0.0,6,26,23552,2,0.95,0.9531315184254159,0.7543233224261945,487.75338102295063,7.632512917974964,495.3858939409256
IoT_Original_Distribution,6q_5k,QWE,linear,3,L3,qiskit_heavy,0.0,6,27,24576,0,0.9546666666666667,0.9567066032411514,0.7633654895224282,461.6470311830053,8.807174402987584,470.4542055859929
IoT_Original_Distribution,6q_5k,QWE,linear,3,L3,qiskit_heavy,0.0,6,28,25600,1,0.944,0.9485039835170819,0.7430703944213387,480.0168166878866,6.964574465993792,486.9813911538804
IoT_Original_Distribution,6q_5k,QWE,linear,3,L3,qiskit_heavy,0.0,6,29,26624,2,0.9486666666666667,0.9521067839493036,0.7518316796978198,477.24388605507556,9.265007629059255,486.5088936841348
IoT_Original_Distribution,6q_5k,QWE,linear,3,L3,qiskit_heavy,0.0003,6,0,42,0,0.9546666666666667,0.9577534982548032,0.7836403245099142,248.22696458199061,3.703386820969172,251.9303514029598
IoT_Original_Distribution,6q_5k,QWE,linear,3,L3,qiskit_heavy,0.0003,6,1,123,1,0.9593333333333334,0.9618803016526716,0.8026207691642978,241.1616787831299,3.9869947669794783,245.14867355010938
IoT_Original_Distribution,6q_5k,QWE,linear,3,L3,qiskit_heavy,0.0003,6,2,456,2,0.9566666666666667,0.9596636330542408,0.7948926571337299,236.69699358800426,4.294961266103201,240.99195485410746
IoT_Original_Distribution,6q_5k,QWE,linear,3,L3,qiskit_heavy,0.0003,6,3,789,0,0.9506666666666667,0.9540258657478741,0.7631722598254365,218.69648600695655,4.380742161069065,223.0772281680256
IoT_Original_Distribution,6q_5k,QWE,linear,3,L3,qiskit_heavy,0.0003,6,4,1024,1,0.9446666666666667,0.9490623434045687,0.745228427266977,244.66992478305474,4.052937260014005,248.72286204306874
IoT_Original_Distribution,6q_5k,QWE,linear,3,L3,qiskit_heavy,0.0003,6,5,2048,2,0.952,0.9543948334810689,0.7531680943254634,247.27838196908124,1.9385617090156302,249.21694367809687
IoT_Original_Distribution,6q_5k,QWE,linear,3,L3,qiskit_heavy,0.0003,6,6,3072,0,0.948,0.9510813789685726,0.7406638990920347,243.84334937296808,3.689552032155916,247.532901405124
IoT_Original_Distribution,6q_5k,QWE,linear,3,L3,qiskit_heavy,0.0003,6,7,4096,1,0.9566666666666667,0.9590850855412059,0.7828482983512342,233.15124408097472,3.998774125939235,237.15001820691396
IoT_Original_Distribution,6q_5k,QWE,linear,3,L3,qiskit_heavy,0.0003,6,8,5120,2,0.9526666666666667,0.9554175125808769,0.7639370639604357,226.95432611298747,4.429141473956406,231.38346758694388
IoT_Original_Distribution,6q_5k,QWE,linear,3,L3,qiskit_heavy,0.0003,6,9,6144,0,0.954,0.9566733572969086,0.7709006848307817,231.8444136629114,4.720881319022737,236.56529498193413
IoT_Original_Distribution,6q_5k,QWE,linear,3,L3,qiskit_heavy,0.0003,6,10,7168,1,0.9553333333333334,0.95728760057596,0.7659670226923443,246.51421237108298,4.340748589136638,250.8549609602196
IoT_Original_Distribution,6q_5k,QWE,linear,3,L3,qiskit_heavy,0.0003,6,11,8192,2,0.9506666666666667,0.9541309523809525,0.7653458068776275,248.70027223799843,3.5606241651112214,252.26089640310965
IoT_Original_Distribution,6q_5k,QWE,linear,3,L3,qiskit_heavy,0.0003,6,12,9216,0,0.9453333333333334,0.9490556890719686,0.7358815069127995,231.59391447086819,4.729874621145427,236.3237890920136
IoT_Original_Distribution,6q_5k,QWE,linear,3,L3,qiskit_heavy,0.0003,6,13,10240,1,0.9546666666666667,0.9572491834136079,0.773366691114791,222.18970540491864,5.102555096033029,227.29226050095167
IoT_Original_Distribution,6q_5k,QWE,linear,3,L3,qiskit_heavy,0.0003,6,14,11264,2,0.96,0.9617999440363101,0.7919725643981961,248.46280409104656,1.6485016860533506,250.11130577709991
IoT_Original_Distribution,6q_5k,QWE,linear,3,L3,qiskit_heavy,0.0003,6,15,12288,0,0.9473333333333334,0.950975800173616,0.7472388545923977,237.28778904001229,4.782099371077493,242.06988841108978
IoT_Original_Distribution,6q_5k,QWE,linear,3,L3,qiskit_heavy,0.0003,6,16,13312,1,0.956,0.9581952640243129,0.7744116238094557,247.48928488709498,3.519682729966007,251.008967617061
IoT_Original_Distribution,6q_5k,QWE,linear,3,L3,qiskit_heavy,0.0003,6,17,14336,2,0.9526666666666667,0.955838722862345,0.7723451313775843,239.42889962892514,4.199625689070672,243.6285253179958
IoT_Original_Distribution,6q_5k,QWE,linear,3,L3,qiskit_heavy,0.0003,6,18,15360,0,0.9506666666666667,0.9540258657478741,0.7631722598254365,191.55663733696565,5.796911456156522,197.35354879312217
IoT_Original_Distribution,6q_5k,QWE,linear,3,L3,qiskit_heavy,0.0003,6,19,16384,1,0.934,0.9401158588742552,0.7098156366468223,247.33957407285925,3.587529739132151,250.9271038119914
IoT_Original_Distribution,6q_5k,QWE,linear,3,L3,qiskit_heavy,0.0003,6,20,17408,2,0.942,0.9463741203173199,0.7271308337403007,248.43702192092314,1.6587377419928089,250.09575966291595
IoT_Original_Distribution,6q_5k,QWE,linear,3,L3,qiskit_heavy,0.0003,6,21,18432,0,0.95,0.9532419329461342,0.7564924503461042,247.44175384019036,2.922654554131441,250.3644083943218
IoT_Original_Distribution,6q_5k,QWE,linear,3,L3,qiskit_heavy,0.0003,6,22,19456,1,0.9506666666666667,0.9537013655615598,0.7566995166136605,237.926050299895,4.126954129897058,242.05300442979205
IoT_Original_Distribution,6q_5k,QWE,linear,3,L3,qiskit_heavy,0.0003,6,23,20480,2,0.9446666666666667,0.9489518001296976,0.7428974547506464,225.07042507408187,4.200089554069564,229.27051462815143
IoT_Original_Distribution,6q_5k,QWE,linear,3,L3,qiskit_heavy,0.0003,6,24,21504,0,0.946,0.9498488864324945,0.7427122477486998,236.43612903507892,4.676353840040974,241.1124828751199
IoT_Original_Distribution,6q_5k,QWE,linear,3,L3,qiskit_heavy,0.0003,6,25,22528,1,0.95,0.9538721085509316,0.7696656403432183,216.30594687489793,6.161619813996367,222.4675666888943
IoT_Original_Distribution,6q_5k,QWE,linear,3,L3,qiskit_heavy,0.0003,6,26,23552,2,0.95,0.9531315184254159,0.7543233224261945,245.41754724492785,2.0578679209575057,247.47541516588535
IoT_Original_Distribution,6q_5k,QWE,linear,3,L3,qiskit_heavy,0.0003,6,27,24576,0,0.9546666666666667,0.9567066032411514,0.7633654895224282,242.98969021602534,4.562758376938291,247.55244859296363
IoT_Original_Distribution,6q_5k,QWE,linear,3,L3,qiskit_heavy,0.0003,6,28,25600,1,0.9433333333333334,0.947946547380976,0.7409271226482088,239.45259539503604,4.07157719891984,243.52417259395588
IoT_Original_Distribution,6q_5k,QWE,linear,3,L3,qiskit_heavy,0.0003,6,29,26624,2,0.9493333333333334,0.9527833215788977,0.7563495715972772,248.19285743194632,4.064705519936979,252.2575629518833
IoT_Original_Distribution,6q_5k,QWE,linear,3,L3,qiskit_heavy,0.0005,6,0,42,0,0.952,0.9552684099168505,0.7699949480535957,240.33406164404005,3.9359824740095064,244.27004411804955
IoT_Original_Distribution,6q_5k,QWE,linear,3,L3,qiskit_heavy,0.0005,6,1,123,1,0.9593333333333334,0.9618803016526716,0.8026207691642978,250.0335063370876,4.050028805970214,254.08353514305782
IoT_Original_Distribution,6q_5k,QWE,linear,3,L3,qiskit_heavy,0.0005,6,2,456,2,0.9506666666666667,0.9544373424154817,0.7719111821641591,239.69412374089006,4.913581328932196,244.60770506982226
IoT_Original_Distribution,6q_5k,QWE,linear,3,L3,qiskit_heavy,0.0005,6,3,789,0,0.9506666666666667,0.9540258657478741,0.7631722598254365,219.95035693712998,6.084669253905304,226.03502619103529
IoT_Original_Distribution,6q_5k,QWE,linear,3,L3,qiskit_heavy,0.0005,6,4,1024,1,0.9446666666666667,0.9490623434045687,0.745228427266977,248.22518762398977,4.459654720965773,252.68484234495554
IoT_Original_Distribution,6q_5k,QWE,linear,3,L3,qiskit_heavy,0.0005,6,5,2048,2,0.95,0.9526734414082532,0.7457311205449889,249.28486729913857,2.820645061903633,252.1055123610422
IoT_Original_Distribution,6q_5k,QWE,linear,3,L3,qiskit_heavy,0.0005,6,6,3072,0,0.948,0.9510813789685726,0.7406638990920347,246.31766858010087,4.2341138371266425,250.5517824172275
IoT_Original_Distribution,6q_5k,QWE,linear,3,L3,qiskit_heavy,0.0005,6,7,4096,1,0.9566666666666667,0.9590850855412059,0.7828482983512342,247.3739254239481,3.6813774370821193,251.0553028610302
IoT_Original_Distribution,6q_5k,QWE,linear,3,L3,qiskit_heavy,0.0005,6,8,5120,2,0.9526666666666667,0.9554175125808769,0.7639370639604357,219.87618356989697,5.345600795932114,225.22178436582908
IoT_Original_Distribution,6q_5k,QWE,linear,3,L3,qiskit_heavy,0.0005,6,9,6144,0,0.9626666666666667,0.9642532051282051,0.8045303128510244,244.53467404702678,2.5487542771734297,247.0834283242002
IoT_Original_Distribution,6q_5k,QWE,linear,3,L3,qiskit_heavy,0.0005,6,10,7168,1,0.9553333333333334,0.95728760057596,0.7659670226923443,215.80492418608628,4.0512328441254795,219.85615703021176
IoT_Original_Distribution,6q_5k,QWE,linear,3,L3,qiskit_heavy,0.0005,6,11,8192,2,0.9506666666666667,0.9541309523809525,0.7653458068776275,232.91258524206933,3.982198199839331,236.89478344190866
IoT_Original_Distribution,6q_5k,QWE,linear,3,L3,qiskit_heavy,0.0005,6,12,9216,0,0.9453333333333334,0.9490556890719686,0.7358815069127995,245.81731658510398,3.3165510749677196,249.1338676600717
IoT_Original_Distribution,6q_5k,QWE,linear,3,L3,qiskit_heavy,0.0005,6,13,10240,1,0.9546666666666667,0.9572491834136079,0.773366691114791,242.62583833001554,4.3413736341753975,246.96721196419094
IoT_Original_Distribution,6q_5k,QWE,linear,3,L3,qiskit_heavy,0.0005,6,14,11264,2,0.96,0.9617999440363101,0.7919725643981961,230.8983295969665,4.926530372817069,235.82485996978357
IoT_Original_Distribution,6q_5k,QWE,linear,3,L3,qiskit_heavy,0.0005,6,15,12288,0,0.9473333333333334,0.950975800173616,0.7472388545923977,231.11965493601747,5.07696252304595,236.19661745906342
IoT_Original_Distribution,6q_5k,QWE,linear,3,L3,qiskit_heavy,0.0005,6,16,13312,1,0.9546666666666667,0.9570369402985075,0.7693310710272895,245.59786036994774,4.11840200307779,249.71626237302553
IoT_Original_Distribution,6q_5k,QWE,linear,3,L3,qiskit_heavy,0.0005,6,17,14336,2,0.9526666666666667,0.9555251186688496,0.7660250597507845,248.17198961798567,3.4445049320347607,251.61649455002043
IoT_Original_Distribution,6q_5k,QWE,linear,3,L3,qiskit_heavy,0.0005,6,18,15360,0,0.9546666666666667,0.9574553088944064,0.7774457883857081,239.8033956901636,4.36531879787799,244.1687144880416
IoT_Original_Distribution,6q_5k,QWE,linear,3,L3,qiskit_heavy,0.0005,6,19,16384,1,0.9526666666666667,0.9555251186688496,0.7660250597507845,247.18097239499912,3.8422561591723934,251.0232285541715
IoT_Original_Distribution,6q_5k,QWE,linear,3,L3,qiskit_heavy,0.0005,6,20,17408,2,0.942,0.9463741203173199,0.7271308337403007,236.36399058578536,5.143591540982015,241.50758212676737
IoT_Original_Distribution,6q_5k,QWE,linear,3,L3,qiskit_heavy,0.0005,6,21,18432,0,0.9566666666666667,0.9592835593447213,0.7868191092934059,237.4645484809298,4.477901868056506,241.9424503489863
IoT_Original_Distribution,6q_5k,QWE,linear,3,L3,qiskit_heavy,0.0005,6,22,19456,1,0.9506666666666667,0.9537013655615598,0.7566995166136605,244.26077631593216,2.606026396038942,246.8668027119711
IoT_Original_Distribution,6q_5k,QWE,linear,3,L3,qiskit_heavy,0.0005,6,23,20480,2,0.9606666666666667,0.9629525808770668,0.8057187891825116,233.27316142595373,4.496247188188136,237.76940861414187
IoT_Original_Distribution,6q_5k,QWE,linear,3,L3,qiskit_heavy,0.0005,6,24,21504,0,0.9573333333333334,0.9598616442819057,0.7892958031689904,209.8594875880517,5.52987889398355,215.38936648203526
IoT_Original_Distribution,6q_5k,QWE,linear,3,L3,qiskit_heavy,0.0005,6,25,22528,1,0.95,0.9538721085509316,0.7696656403432183,244.73842057399452,2.440481167053804,247.17890174104832
IoT_Original_Distribution,6q_5k,QWE,linear,3,L3,qiskit_heavy,0.0005,6,26,23552,2,0.9466666666666667,0.9501829807987573,0.7404473119606854,239.0073273689486,4.260598848108202,243.2679262170568
IoT_Original_Distribution,6q_5k,QWE,linear,3,L3,qiskit_heavy,0.0005,6,27,24576,0,0.9573333333333334,0.9592532736387308,0.7776690269603121,222.86490596598014,3.730853561894037,226.59575952787418
IoT_Original_Distribution,6q_5k,QWE,linear,3,L3,qiskit_heavy,0.0005,6,28,25600,1,0.9433333333333334,0.947946547380976,0.7409271226482088,249.76029282587115,2.3457051679724827,252.10599799384363
IoT_Original_Distribution,6q_5k,QWE,linear,3,L3,qiskit_heavy,0.0005,6,29,26624,2,0.948,0.9516515444015443,0.7517601885785661,246.03027900587767,3.658976697945036,249.6892557038227
IoT_Original_Distribution,6q_5k,QWE,linear,3,L3,qiskit_heavy,0.001,6,0,42,0,0.9546666666666667,0.9577534982548032,0.7836403245099142,244.10357849288266,4.040352576295845,248.1439310691785
IoT_Original_Distribution,6q_5k,QWE,linear,3,L3,qiskit_heavy,0.001,6,1,123,1,0.9593333333333334,0.9618803016526716,0.8026207691642978,235.23636755696498,3.5237889531999826,238.76015651016496
IoT_Original_Distribution,6q_5k,QWE,linear,3,L3,qiskit_heavy,0.001,6,2,456,2,0.9433333333333334,0.9481651195580981,0.7456654643806729,247.76532664790284,3.239786490914412,251.00511313881725
IoT_Original_Distribution,6q_5k,QWE,linear,3,L3,qiskit_heavy,0.001,6,3,789,0,0.9506666666666667,0.9540258657478741,0.7631722598254365,239.03533937304746,3.3176239089807495,242.3529632820282
IoT_Original_Distribution,6q_5k,QWE,linear,3,L3,qiskit_heavy,0.001,6,4,1024,1,0.9453333333333334,0.9496216377136452,0.7474014016511811,216.076265689102,3.969906813115813,220.04617250221781
IoT_Original_Distribution,6q_5k,QWE,linear,3,L3,qiskit_heavy,0.001,6,5,2048,2,0.952,0.9543948334810689,0.7531680943254634,243.25790074211545,3.832026427029632,247.08992716914508
IoT_Original_Distribution,6q_5k,QWE,linear,3,L3,qiskit_heavy,0.001,6,6,3072,0,0.948,0.9509622986214916,0.7384668422404976,240.05403078580275,3.548126194975339,243.6021569807781
IoT_Original_Distribution,6q_5k,QWE,linear,3,L3,qiskit_heavy,0.001,6,7,4096,1,0.956,0.9585065603720313,0.7803466608896497,237.05192871193867,4.5064338450320065,241.55836255697068
IoT_Original_Distribution,6q_5k,QWE,linear,3,L3,qiskit_heavy,0.001,6,8,5120,2,0.96,0.9618985455300044,0.7938063807213714,248.1183505009394,3.537686434923671,251.65603693586309
IoT_Original_Distribution,6q_5k,QWE,linear,3,L3,qiskit_heavy,0.001,6,9,6144,0,0.9566666666666667,0.9591850467289721,0.7848279265714736,248.12526657187846,4.016416826052591,252.14168339793105
IoT_Original_Distribution,6q_5k,QWE,linear,3,L3,qiskit_heavy,0.001,6,10,7168,1,0.9493333333333334,0.9522196755799147,0.7454468120153563,228.00357262196485,4.4124181849183515,232.4159908068832
IoT_Original_Distribution,6q_5k,QWE,linear,3,L3,qiskit_heavy,0.001,6,11,8192,2,0.9506666666666667,0.9541309523809525,0.7653458068776275,247.6168411639519,4.396730654872954,252.01357181882486
IoT_Original_Distribution,6q_5k,QWE,linear,3,L3,qiskit_heavy,0.001,6,12,9216,0,0.9453333333333334,0.9490556890719686,0.7358815069127995,227.23223112011328,4.5127934229094535,231.74502454302274
IoT_Original_Distribution,6q_5k,QWE,linear,3,L3,qiskit_heavy,0.001,6,13,10240,1,0.9546666666666667,0.9572491834136079,0.773366691114791,247.94392585998867,3.737414621980861,251.68134048196953
IoT_Original_Distribution,6q_5k,QWE,linear,3,L3,qiskit_heavy,0.001,6,14,11264,2,0.9653333333333334,0.9666291271878196,0.8156167850857873,246.05442353978287,3.8641664790920913,249.91859001887497
IoT_Original_Distribution,6q_5k,QWE,linear,3,L3,qiskit_heavy,0.001,6,15,12288,0,0.9473333333333334,0.950975800173616,0.7472388545923977,240.78396672592498,5.052090761018917,245.8360574869439
IoT_Original_Distribution,6q_5k,QWE,linear,3,L3,qiskit_heavy,0.001,6,16,13312,1,0.956,0.9581952640243129,0.7744116238094557,245.82338324782904,3.050632000900805,248.87401524872985
IoT_Original_Distribution,6q_5k,QWE,linear,3,L3,qiskit_heavy,0.001,6,17,14336,2,0.952,0.9549526800058419,0.7636149405376764,227.24833888898138,4.871522213099524,232.1198611020809
IoT_Original_Distribution,6q_5k,QWE,linear,3,L3,qiskit_heavy,0.001,6,18,15360,0,0.9546666666666667,0.9574553088944064,0.7774457883857081,246.69643679610454,4.275226257042959,250.9716630531475
IoT_Original_Distribution,6q_5k,QWE,linear,3,L3,qiskit_heavy,0.001,6,19,16384,1,0.9526666666666667,0.9555251186688496,0.7660250597507845,229.0275468250038,5.879166589002125,234.90671341400594
IoT_Original_Distribution,6q_5k,QWE,linear,3,L3,qiskit_heavy,0.001,6,20,17408,2,0.942,0.9463741203173199,0.7271308337403007,239.37824509397615,3.8799598929472268,243.25820498692337
IoT_Original_Distribution,6q_5k,QWE,linear,3,L3,qiskit_heavy,0.001,6,21,18432,0,0.9566666666666667,0.9592835593447213,0.7868191092934059,248.22721451206598,3.2071714049670845,251.43438591703307
IoT_Original_Distribution,6q_5k,QWE,linear,3,L3,qiskit_heavy,0.001,6,22,19456,1,0.9506666666666667,0.9537013655615598,0.7566995166136605,242.78602202492766,4.25589986005798,247.04192188498564
IoT_Original_Distribution,6q_5k,QWE,linear,3,L3,qiskit_heavy,0.001,6,23,20480,2,0.9446666666666667,0.9489518001296976,0.7428974547506464,227.96271743811667,4.552345483098179,232.51506292121485
IoT_Original_Distribution,6q_5k,QWE,linear,3,L3,qiskit_heavy,0.001,6,24,21504,0,0.946,0.9498488864324945,0.7427122477486998,247.91579830192495,3.6349164019338787,251.55071470385883
IoT_Original_Distribution,6q_5k,QWE,linear,3,L3,qiskit_heavy,0.001,6,25,22528,1,0.95,0.9538721085509316,0.7696656403432183,246.61657622398343,4.887764165061526,251.50434038904496
IoT_Original_Distribution,6q_5k,QWE,linear,3,L3,qiskit_heavy,0.001,6,26,23552,2,0.946,0.9497346811906696,0.7404311685150645,219.89891633600928,5.717179954051971,225.61609629006125
IoT_Original_Distribution,6q_5k,QWE,linear,3,L3,qiskit_heavy,0.001,6,27,24576,0,0.9546666666666667,0.9567066032411514,0.7633654895224282,247.24183948512655,3.331158941029571,250.57299842615612
IoT_Original_Distribution,6q_5k,QWE,linear,3,L3,qiskit_heavy,0.001,6,28,25600,1,0.944,0.9485039835170819,0.7430703944213387,194.6842328190105,3.84916140709538,198.53339422610588
IoT_Original_Distribution,6q_5k,QWE,linear,3,L3,qiskit_heavy,0.001,6,29,26624,2,0.9473333333333334,0.9510871855329268,0.7494903035980528,248.33570954191964,1.6204913461115211,249.95620088803116
IoT_Original_Distribution,6q_5k,QWE,linear,3,L3,qiskit_heavy,0.002,6,0,42,0,0.9526666666666667,0.955838722862345,0.7723451313775843,222.67856627691071,4.040848214994185,226.7194144919049
IoT_Original_Distribution,6q_5k,QWE,linear,3,L3,qiskit_heavy,0.002,6,1,123,1,0.96,0.962460566671535,0.8051074840817714,247.13929583097342,3.948351622093469,251.0876474530669
IoT_Original_Distribution,6q_5k,QWE,linear,3,L3,qiskit_heavy,0.002,6,2,456,2,0.9433333333333334,0.9481651195580981,0.7456654643806729,249.47876872506458,2.565180083969608,252.0439488090342
IoT_Original_Distribution,6q_5k,QWE,linear,3,L3,qiskit_heavy,0.002,6,3,789,0,0.946,0.9500724568471599,0.7472915777441907,238.00069075694773,3.6179976349230856,241.61868839187082
IoT_Original_Distribution,6q_5k,QWE,linear,3,L3,qiskit_heavy,0.002,6,4,1024,1,0.9446666666666667,0.9490623434045687,0.745228427266977,246.2557299520122,3.1910344370407984,249.446764389053
IoT_Original_Distribution,6q_5k,QWE,linear,3,L3,qiskit_heavy,0.002,6,5,2048,2,0.95,0.9526734414082532,0.7457311205449889,202.97411020402797,5.137486688094214,208.11159689212218
IoT_Original_Distribution,6q_5k,QWE,linear,3,L3,qiskit_heavy,0.002,6,6,3072,0,0.948,0.9510813789685726,0.7406638990920347,236.75110467383638,4.2743911480065435,241.02549582184292
IoT_Original_Distribution,6q_5k,QWE,linear,3,L3,qiskit_heavy,0.002,6,7,4096,1,0.9566666666666667,0.9590850855412059,0.7828482983512342,199.68776302796323,5.758133260067552,205.44589628803078
IoT_Original_Distribution,6q_5k,QWE,linear,3,L3,qiskit_heavy,0.002,6,8,5120,2,0.9593333333333334,0.9613130882492995,0.7911796362894623,247.1133818239905,2.3697656439617276,249.48314746795222
IoT_Original_Distribution,6q_5k,QWE,linear,3,L3,qiskit_heavy,0.002,6,9,6144,0,0.954,0.9566733572969086,0.7709006848307817,239.9363746229792,4.236523317871615,244.17289794085082
IoT_Original_Distribution,6q_5k,QWE,linear,3,L3,qiskit_heavy,0.002,6,10,7168,1,0.9553333333333334,0.95728760057596,0.7659670226923443,242.48666907218285,3.9057691730558872,246.39243824523874
IoT_Original_Distribution,6q_5k,QWE,linear,3,L3,qiskit_heavy,0.002,6,11,8192,2,0.9533333333333334,0.9566103603603604,0.778931425176689,246.22228931204882,3.7324344740482047,249.95472378609702
IoT_Original_Distribution,6q_5k,QWE,linear,3,L3,qiskit_heavy,0.002,6,12,9216,0,0.9446666666666667,0.9484935622077233,0.7336234824377313,248.8368355348939,3.987481363932602,252.8243168988265
IoT_Original_Distribution,6q_5k,QWE,linear,3,L3,qiskit_heavy,0.002,6,13,10240,1,0.9546666666666667,0.9572491834136079,0.773366691114791,248.82560716103762,3.4043114540399984,252.22991861507762
IoT_Original_Distribution,6q_5k,QWE,linear,3,L3,qiskit_heavy,0.002,6,14,11264,2,0.96,0.9617999440363101,0.7919725643981961,247.4136501449393,3.4370472349692136,250.85069737990852
IoT_Original_Distribution,6q_5k,QWE,linear,3,L3,qiskit_heavy,0.002,6,15,12288,0,0.9473333333333334,0.950975800173616,0.7472388545923977,247.24202324997168,2.4796754949493334,249.721698744921
IoT_Original_Distribution,6q_5k,QWE,linear,3,L3,qiskit_heavy,0.002,6,16,13312,1,0.954,0.9564595660955929,0.7668208015558766,235.95219137205277,4.615127390134148,240.56731876218691
IoT_Original_Distribution,6q_5k,QWE,linear,3,L3,qiskit_heavy,0.002,6,17,14336,2,0.9526666666666667,0.9556311707760604,0.7681225929227954,207.062276411918,6.275701074046083,213.33797748596407
IoT_Original_Distribution,6q_5k,QWE,linear,3,L3,qiskit_heavy,0.002,6,18,15360,0,0.954,0.9568809969513825,0.7750222281710959,246.56177452695556,3.0046584520023316,249.5664329789579
IoT_Original_Distribution,6q_5k,QWE,linear,3,L3,qiskit_heavy,0.002,6,19,16384,1,0.9526666666666667,0.9555251186688496,0.7660250597507845,239.52920068823732,4.202257522963919,243.73145821120124
IoT_Original_Distribution,6q_5k,QWE,linear,3,L3,qiskit_heavy,0.002,6,20,17408,2,0.942,0.9463741203173199,0.7271308337403007,193.32879514596425,4.889205548912287,198.21800069487654
IoT_Original_Distribution,6q_5k,QWE,linear,3,L3,qiskit_heavy,0.002,6,21,18432,0,0.9566666666666667,0.9592835593447213,0.7868191092934059,249.14765147899743,5.047503391164355,254.1951548701618
IoT_Original_Distribution,6q_5k,QWE,linear,3,L3,qiskit_heavy,0.002,6,22,19456,1,0.9513333333333334,0.9542723051102255,0.759093709903244,252.13304349104874,3.3761939328396693,255.5092374238884
IoT_Original_Distribution,6q_5k,QWE,linear,3,L3,qiskit_heavy,0.002,6,23,20480,2,0.9593333333333334,0.9616967361610351,0.7987551683121656,232.4849563780008,5.142338482895866,237.62729486089665
IoT_Original_Distribution,6q_5k,QWE,linear,3,L3,qiskit_heavy,0.002,6,24,21504,0,0.9513333333333334,0.9545947432246645,0.7655073141509962,242.34701633895747,3.194630479090847,245.54164681804832
IoT_Original_Distribution,6q_5k,QWE,linear,3,L3,qiskit_heavy,0.002,6,25,22528,1,0.95,0.9538721085509316,0.7696656403432183,248.97962383308914,4.278279824997298,253.25790365808643
IoT_Original_Distribution,6q_5k,QWE,linear,3,L3,qiskit_heavy,0.002,6,26,23552,2,0.946,0.9497346811906696,0.7404311685150645,226.4896193969762,4.304007886908948,230.79362728388514
IoT_Original_Distribution,6q_5k,QWE,linear,3,L3,qiskit_heavy,0.002,6,27,24576,0,0.9553333333333334,0.95728760057596,0.7659670226923443,250.77376618492417,2.4735381511272863,253.24730433605146
IoT_Original_Distribution,6q_5k,QWE,linear,3,L3,qiskit_heavy,0.002,6,28,25600,1,0.9446666666666667,0.9491713345014237,0.7475641136067545,238.14514596993104,4.497693911078386,242.64283988100942
IoT_Original_Distribution,6q_5k,QWE,linear,3,L3,qiskit_heavy,0.002,6,29,26624,2,0.9473333333333334,0.9510871855329268,0.7494903035980528,244.8128396330867,2.1710836241254583,246.98392325721215
IoT_Original_Distribution,6q_5k,QWE,linear,3,L3,qiskit_heavy,0.005,6,0,42,0,0.9546666666666667,0.9577534982548032,0.7836403245099142,247.65171075297985,4.106952662928961,251.7586634159088
IoT_Original_Distribution,6q_5k,QWE,linear,3,L3,qiskit_heavy,0.005,6,1,123,1,0.96,0.962460566671535,0.8051074840817714,242.81403032701928,3.6782417859649286,246.4922721129842
IoT_Original_Distribution,6q_5k,QWE,linear,3,L3,qiskit_heavy,0.005,6,2,456,2,0.9513333333333334,0.95500357222028,0.7741725697493775,242.74190412508324,3.3045549880480394,246.04645911313128
IoT_Original_Distribution,6q_5k,QWE,linear,3,L3,qiskit_heavy,0.005,6,3,789,0,0.9513333333333334,0.9545947432246645,0.7655073141509962,234.55946195707656,3.3324163369834423,237.89187829406
IoT_Original_Distribution,6q_5k,QWE,linear,3,L3,qiskit_heavy,0.005,6,4,1024,1,0.9453333333333334,0.9496216377136452,0.7474014016511811,231.79592821886763,4.408648656099103,236.20457687496673
IoT_Original_Distribution,6q_5k,QWE,linear,3,L3,qiskit_heavy,0.005,6,5,2048,2,0.95,0.9526734414082532,0.7457311205449889,247.9666983060306,3.973815372912213,251.9405136789428
IoT_Original_Distribution,6q_5k,QWE,linear,3,L3,qiskit_heavy,0.005,6,6,3072,0,0.948,0.9509622986214916,0.7384668422404976,196.52159096486866,3.2051218941342086,199.72671285900287
IoT_Original_Distribution,6q_5k,QWE,linear,3,L3,qiskit_heavy,0.005,6,7,4096,1,0.9626666666666667,0.9643466144338894,0.80627610183608,242.35769924905617,2.9407642380101606,245.29846348706633
IoT_Original_Distribution,6q_5k,QWE,linear,3,L3,qiskit_heavy,0.005,6,8,5120,2,0.96,0.9619956945675573,0.795655153293448,231.5046658971114,4.901098257978447,236.40576415508986
IoT_Original_Distribution,6q_5k,QWE,linear,3,L3,qiskit_heavy,0.005,6,9,6144,0,0.954,0.9566733572969086,0.7709006848307817,236.5033209270332,2.786763710784726,239.29008463781793
IoT_Original_Distribution,6q_5k,QWE,linear,3,L3,qiskit_heavy,0.005,6,10,7168,1,0.9553333333333334,0.95728760057596,0.7659670226923443,249.58183055184782,2.149122223141603,251.73095277498942
IoT_Original_Distribution,6q_5k,QWE,linear,3,L3,qiskit_heavy,0.005,6,11,8192,2,0.952,0.9553706563706564,0.7721386160271583,242.3840763659682,4.491331919212826,246.87540828518104
IoT_Original_Distribution,6q_5k,QWE,linear,3,L3,qiskit_heavy,0.005,6,12,9216,0,0.9446666666666667,0.9484935622077233,0.7336234824377313,232.65261342702433,3.932740998105146,236.58535442512948
IoT_Original_Distribution,6q_5k,QWE,linear,3,L3,qiskit_heavy,0.005,6,13,10240,1,0.9553333333333334,0.9578261650963198,0.775851834811828,244.66669238894247,4.185730985947885,248.85242337489035
IoT_Original_Distribution,6q_5k,QWE,linear,3,L3,qiskit_heavy,0.005,6,14,11264,2,0.96,0.9617999440363101,0.7919725643981961,233.6896184249781,3.9132295299787074,237.60284795495681
IoT_Original_Distribution,6q_5k,QWE,linear,3,L3,qiskit_heavy,0.005,6,15,12288,0,0.9466666666666667,0.9504118404118403,0.7449673794290353,242.64074340602383,3.340974385966547,245.98171779199038
IoT_Original_Distribution,6q_5k,QWE,linear,3,L3,qiskit_heavy,0.005,6,16,13312,1,0.954,0.9564595660955929,0.7668208015558766,240.5281357249478,3.074683249928057,243.60281897487585
IoT_Original_Distribution,6q_5k,QWE,linear,3,L3,qiskit_heavy,0.005,6,17,14336,2,0.9526666666666667,0.9560403819346557,0.7766025269954646,245.84561905288137,3.276635435060598,249.12225448794197
IoT_Original_Distribution,6q_5k,QWE,linear,3,L3,qiskit_heavy,0.005,6,18,15360,0,0.9513333333333334,0.9545947432246645,0.7655073141509962,248.3414941378869,3.526228470960632,251.86772260884754
IoT_Original_Distribution,6q_5k,QWE,linear,3,L3,qiskit_heavy,0.005,6,19,16384,1,0.9533333333333334,0.9560986734333344,0.7684535585645808,240.04327816783916,4.604491514968686,244.64776968280785
IoT_Original_Distribution,6q_5k,QWE,linear,3,L3,qiskit_heavy,0.005,6,20,17408,2,0.942,0.9463741203173199,0.7271308337403007,247.83327801292762,3.3400594028644264,251.17333741579205
IoT_Original_Distribution,6q_5k,QWE,linear,3,L3,qiskit_heavy,0.005,6,21,18432,0,0.9566666666666667,0.9592835593447213,0.7868191092934059,234.50807149289176,5.103863455122337,239.6119349480141
IoT_Original_Distribution,6q_5k,QWE,linear,3,L3,qiskit_heavy,0.005,6,22,19456,1,0.952,0.954844349817144,0.7615061436964442,213.50623198179528,4.524130288860761,218.03036227065604
IoT_Original_Distribution,6q_5k,QWE,linear,3,L3,qiskit_heavy,0.005,6,23,20480,2,0.9606666666666667,0.9629525808770668,0.8057187891825116,246.54939920606557,2.178307972033508,248.72770717809908
IoT_Original_Distribution,6q_5k,QWE,linear,3,L3,qiskit_heavy,0.005,6,24,21504,0,0.9446666666666667,0.948725949722807,0.7382501928382417,237.96505582192913,4.2754743818659335,242.24053020379506
IoT_Original_Distribution,6q_5k,QWE,linear,3,L3,qiskit_heavy,0.005,6,25,22528,1,0.9513333333333334,0.95500357222028,0.7741725697493775,247.78724472492468,3.0907679938245565,250.87801271874923
IoT_Original_Distribution,6q_5k,QWE,linear,3,L3,qiskit_heavy,0.005,6,26,23552,2,0.946,0.9497346811906696,0.7404311685150645,247.6168073239969,3.832187836174853,251.44899516017176
IoT_Original_Distribution,6q_5k,QWE,linear,3,L3,qiskit_heavy,0.005,6,27,24576,0,0.9553333333333334,0.95728760057596,0.7659670226923443,249.63001160905696,2.9416838900651783,252.57169549912214
IoT_Original_Distribution,6q_5k,QWE,linear,3,L3,qiskit_heavy,0.005,6,28,25600,1,0.9426666666666667,0.947390024444791,0.7387984345228015,249.1123218809953,3.867941125179641,252.98026300617494
IoT_Original_Distribution,6q_5k,QWE,linear,3,L3,qiskit_heavy,0.005,6,29,26624,2,0.9486666666666667,0.9522169191565624,0.7540465406697309,236.95146701007616,5.021354454103857,241.97282146418002
IoT_Original_Distribution,6q_5k,QWE,linear,3,L3,qiskit_heavy,0.008,6,0,42,0,0.954,0.9571813950883481,0.7812772849790636,242.62557623791508,5.122381476918235,247.74795771483332
IoT_Original_Distribution,6q_5k,QWE,linear,3,L3,qiskit_heavy,0.008,6,1,123,1,0.96,0.962460566671535,0.8051074840817714,221.41090032900684,4.5313010269310325,225.94220135593787
IoT_Original_Distribution,6q_5k,QWE,linear,3,L3,qiskit_heavy,0.008,6,2,456,2,0.952,0.9555708093763823,0.7764500007250089,245.5702805829933,3.809210289036855,249.37949087203015
IoT_Original_Distribution,6q_5k,QWE,linear,3,L3,qiskit_heavy,0.008,6,3,789,0,0.9513333333333334,0.9545947432246645,0.7655073141509962,234.3098677570233,4.501264001009986,238.8111317580333
IoT_Original_Distribution,6q_5k,QWE,linear,3,L3,qiskit_heavy,0.008,6,4,1024,1,0.9466666666666667,0.9504118404118403,0.7449673794290353,236.77285574085545,5.90181448997464,242.6746702308301
IoT_Original_Distribution,6q_5k,QWE,linear,3,L3,qiskit_heavy,0.008,6,5,2048,2,0.9493333333333334,0.9521019394282375,0.7432908574681596,247.37339522095863,4.099151751957834,251.47254697291646
IoT_Original_Distribution,6q_5k,QWE,linear,3,L3,qiskit_heavy,0.008,6,6,3072,0,0.9466666666666667,0.9499474222287132,0.7359532448416131,243.76620862504933,4.687534953933209,248.45374357898254
IoT_Original_Distribution,6q_5k,QWE,linear,3,L3,qiskit_heavy,0.008,6,7,4096,1,0.9526666666666667,0.9555251186688496,0.7660250597507845,246.97416720492765,3.2305673219962046,250.20473452692386
IoT_Original_Distribution,6q_5k,QWE,linear,3,L3,qiskit_heavy,0.008,6,8,5120,2,0.9526666666666667,0.9554175125808769,0.7639370639604357,217.8408416918246,5.331037653028034,223.17187934485264
IoT_Original_Distribution,6q_5k,QWE,linear,3,L3,qiskit_heavy,0.008,6,9,6144,0,0.932,0.9386016775333922,0.7065888540513295,246.65461581293494,3.7562916360329837,250.41090744896792
IoT_Original_Distribution,6q_5k,QWE,linear,3,L3,qiskit_heavy,0.008,6,10,7168,1,0.9546666666666667,0.9565931776556776,0.7614019791563855,239.58540784812067,3.812439470901154,243.39784731902182
IoT_Original_Distribution,6q_5k,QWE,linear,3,L3,qiskit_heavy,0.008,6,11,8192,2,0.9493333333333334,0.9529976393600043,0.7607635269721875,227.38936491392087,4.385589491925202,231.77495440584607
IoT_Original_Distribution,6q_5k,QWE,linear,3,L3,qiskit_heavy,0.008,6,12,9216,0,0.9446666666666667,0.9484935622077233,0.7336234824377313,242.6438409339171,3.2591520530404523,245.90299298695754
IoT_Original_Distribution,6q_5k,QWE,linear,3,L3,qiskit_heavy,0.008,6,13,10240,1,0.956,0.9584043158192588,0.7783563782665744,235.0082707280526,3.786240883055143,238.79451161110774
IoT_Original_Distribution,6q_5k,QWE,linear,3,L3,qiskit_heavy,0.008,6,14,11264,2,0.9653333333333334,0.9666291271878196,0.8156167850857873,239.37437820492778,3.495485068997368,242.86986327392515
IoT_Original_Distribution,6q_5k,QWE,linear,3,L3,qiskit_heavy,0.008,6,15,12288,0,0.9466666666666667,0.9504118404118403,0.7449673794290353,235.51017170294654,5.945230847923085,241.45540255086962
IoT_Original_Distribution,6q_5k,QWE,linear,3,L3,qiskit_heavy,0.008,6,16,13312,1,0.9553333333333334,0.9576155016317076,0.7718612520787291,239.70828358223662,4.337540464126505,244.04582404636312
IoT_Original_Distribution,6q_5k,QWE,linear,3,L3,qiskit_heavy,0.008,6,17,14336,2,0.9526666666666667,0.9556311707760604,0.7681225929227954,248.0542492128443,4.237248591030948,252.29149780387525
IoT_Original_Distribution,6q_5k,QWE,linear,3,L3,qiskit_heavy,0.008,6,18,15360,0,0.9526666666666667,0.9557356965223406,0.7702293751753417,240.8472325989278,2.892465131939389,243.7396977308672
IoT_Original_Distribution,6q_5k,QWE,linear,3,L3,qiskit_heavy,0.008,6,19,16384,1,0.9533333333333334,0.9560986734333344,0.7684535585645808,227.804334606044,4.712788131088018,232.517122737132
IoT_Original_Distribution,6q_5k,QWE,linear,3,L3,qiskit_heavy,0.008,6,20,17408,2,0.9413333333333334,0.9458173801697622,0.7249685529775909,248.33042218489572,2.3619539578212425,250.69237614271697
IoT_Original_Distribution,6q_5k,QWE,linear,3,L3,qiskit_heavy,0.008,6,21,18432,0,0.9513333333333334,0.9546991571224553,0.7676619128243972,246.82584076118656,4.233427120023407,251.05926788120996
IoT_Original_Distribution,6q_5k,QWE,linear,3,L3,qiskit_heavy,0.008,6,22,19456,1,0.9506666666666667,0.9537013655615598,0.7566995166136605,247.1437810859643,3.6009611941408366,250.74474228010513
IoT_Original_Distribution,6q_5k,QWE,linear,3,L3,qiskit_heavy,0.008,6,23,20480,2,0.9433333333333334,0.9478349299926309,0.7385641295556898,247.06190306309145,4.0838720018509775,251.14577506494243
IoT_Original_Distribution,6q_5k,QWE,linear,3,L3,qiskit_heavy,0.008,6,24,21504,0,0.9506666666666667,0.9540258657478741,0.7631722598254365,242.4682286249008,4.636349216219969,247.10457784112077
IoT_Original_Distribution,6q_5k,QWE,linear,3,L3,qiskit_heavy,0.008,6,25,22528,1,0.9513333333333334,0.95500357222028,0.7741725697493775,249.61104920890648,3.2730757310055196,252.884124939912
IoT_Original_Distribution,6q_5k,QWE,linear,3,L3,qiskit_heavy,0.008,6,26,23552,2,0.9473333333333334,0.9507481693699283,0.7427555255168669,247.63437713496387,3.9029586649267003,251.53733579989057
IoT_Original_Distribution,6q_5k,QWE,linear,3,L3,qiskit_heavy,0.008,6,27,24576,0,0.9553333333333334,0.95728760057596,0.7659670226923443,239.39890117687173,4.348127595032565,243.7470287719043
IoT_Original_Distribution,6q_5k,QWE,linear,3,L3,qiskit_heavy,0.008,6,28,25600,1,0.9426666666666667,0.947390024444791,0.7387984345228015,244.57187023793813,3.740908959065564,248.3127791970037
IoT_Original_Distribution,6q_5k,QWE,linear,3,L3,qiskit_heavy,0.008,6,29,26624,2,0.944,0.9481659442724458,0.7360428676187757,225.498737283051,4.4012422050582245,229.89997948810924
IoT_Original_Distribution,6q_5k,QWE,linear,3,L3,qiskit_heavy,0.01,6,0,42,0,0.952,0.9552684099168505,0.7699949480535957,247.95427720888983,3.0422041800338775,250.9964813889237
IoT_Original_Distribution,6q_5k,QWE,linear,3,L3,qiskit_heavy,0.01,6,1,123,1,0.9593333333333334,0.9618803016526716,0.8026207691642978,178.7110506509198,6.025616908096708,184.7366675590165
IoT_Original_Distribution,6q_5k,QWE,linear,3,L3,qiskit_heavy,0.01,6,2,456,2,0.952,0.9555708093763823,0.7764500007250089,248.3575352060143,2.4689288130030036,250.8264640190173
IoT_Original_Distribution,6q_5k,QWE,linear,3,L3,qiskit_heavy,0.01,6,3,789,0,0.9506666666666667,0.9540258657478741,0.7631722598254365,215.4647493729135,5.148979838821106,220.6137292117346
IoT_Original_Distribution,6q_5k,QWE,linear,3,L3,qiskit_heavy,0.01,6,4,1024,1,0.9453333333333334,0.9496216377136452,0.7474014016511811,250.54325261886697,2.243564242962748,252.78681686182972
IoT_Original_Distribution,6q_5k,QWE,linear,3,L3,qiskit_heavy,0.01,6,5,2048,2,0.9486666666666667,0.9515315628718899,0.7408695171147972,242.4663336429512,4.462998373899609,246.92933201685082
IoT_Original_Distribution,6q_5k,QWE,linear,3,L3,qiskit_heavy,0.01,6,6,3072,0,0.9466666666666667,0.9499474222287132,0.7359532448416131,245.63128257892095,4.238906516111456,249.8701890950324
IoT_Original_Distribution,6q_5k,QWE,linear,3,L3,qiskit_heavy,0.01,6,7,4096,1,0.9566666666666667,0.9590850855412059,0.7828482983512342,233.83899752993602,4.59178482403513,238.43078235397115
IoT_Original_Distribution,6q_5k,QWE,linear,3,L3,qiskit_heavy,0.01,6,8,5120,2,0.9613333333333334,0.9630732792350996,0.799124333117138,241.50038534787018,5.29435347893741,246.7947388268076
IoT_Original_Distribution,6q_5k,QWE,linear,3,L3,qiskit_heavy,0.01,6,9,6144,0,0.9466666666666667,0.9506342326404246,0.7495119119875201,204.86616231303196,4.244176883948967,209.11033919698093
IoT_Original_Distribution,6q_5k,QWE,linear,3,L3,qiskit_heavy,0.01,6,10,7168,1,0.9553333333333334,0.957175004992353,0.7640283839431127,243.24095484195277,2.7386939220596105,245.97964876401238
IoT_Original_Distribution,6q_5k,QWE,linear,3,L3,qiskit_heavy,0.01,6,11,8192,2,0.9513333333333334,0.9548020828342234,0.7698244711461116,247.67189802601933,2.7519307361217216,250.42382876214106
IoT_Original_Distribution,6q_5k,QWE,linear,3,L3,qiskit_heavy,0.01,6,12,9216,0,0.9446666666666667,0.9484935622077233,0.7336234824377313,185.4449741570279,3.5456707399571314,188.99064489698503
IoT_Original_Distribution,6q_5k,QWE,linear,3,L3,qiskit_heavy,0.01,6,13,10240,1,0.9553333333333334,0.9578261650963198,0.775851834811828,249.81867618707474,2.427045807009563,252.2457219940843
IoT_Original_Distribution,6q_5k,QWE,linear,3,L3,qiskit_heavy,0.01,6,14,11264,2,0.9653333333333334,0.9666291271878196,0.8156167850857873,249.85176262201276,2.6433329498395324,252.4950955718523
IoT_Original_Distribution,6q_5k,QWE,linear,3,L3,qiskit_heavy,0.01,6,15,12288,0,0.9466666666666667,0.9504118404118403,0.7449673794290353,226.51661244698334,3.98638452088926,230.5029969678726
IoT_Original_Distribution,6q_5k,QWE,linear,3,L3,qiskit_heavy,0.01,6,16,13312,1,0.9553333333333334,0.9576155016317076,0.7718612520787291,213.21400598308537,5.425505925901234,218.6395119089866
IoT_Original_Distribution,6q_5k,QWE,linear,3,L3,qiskit_heavy,0.01,6,17,14336,2,0.9533333333333334,0.9562039944501242,0.7705303644616922,241.99937570106704,3.2477414809400216,245.24711718200706
IoT_Original_Distribution,6q_5k,QWE,linear,3,L3,qiskit_heavy,0.01,6,18,15360,0,0.9526666666666667,0.9557356965223406,0.7702293751753417,199.22060151817277,5.747756511089392,204.96835802926216
IoT_Original_Distribution,6q_5k,QWE,linear,3,L3,qiskit_heavy,0.01,6,19,16384,1,0.954,0.9566733572969086,0.7709006848307817,236.64357191417366,3.4626460330327973,240.10621794720646
IoT_Original_Distribution,6q_5k,QWE,linear,3,L3,qiskit_heavy,0.01,6,20,17408,2,0.9413333333333334,0.9458173801697622,0.7249685529775909,245.51234871102497,2.761725232936442,248.2740739439614
IoT_Original_Distribution,6q_5k,QWE,linear,3,L3,qiskit_heavy,0.01,6,21,18432,0,0.956,0.9588044943820224,0.7863848004242623,225.31957639101893,4.588842761935666,229.9084191529546
IoT_Original_Distribution,6q_5k,QWE,linear,3,L3,qiskit_heavy,0.01,6,22,19456,1,0.9506666666666667,0.9537013655615598,0.7566995166136605,243.65267221897375,3.8518149779411033,247.50448719691485
IoT_Original_Distribution,6q_5k,QWE,linear,3,L3,qiskit_heavy,0.01,6,23,20480,2,0.944,0.9485039835170819,0.7430703944213387,242.1372670700075,4.301519823959097,246.4387868939666
IoT_Original_Distribution,6q_5k,QWE,linear,3,L3,qiskit_heavy,0.01,6,24,21504,0,0.9566666666666667,0.9592835593447213,0.7868191092934059,213.09010231099091,3.7742216768674552,216.86432398785837
IoT_Original_Distribution,6q_5k,QWE,linear,3,L3,qiskit_heavy,0.01,6,25,22528,1,0.9506666666666667,0.9544373424154817,0.7719111821641591,245.87095143576153,2.5787185219815,248.44966995774303
IoT_Original_Distribution,6q_5k,QWE,linear,3,L3,qiskit_heavy,0.01,6,26,23552,2,0.9473333333333334,0.9507481693699283,0.7427555255168669,239.5673309030244,4.1649709871271625,243.73230189015158
IoT_Original_Distribution,6q_5k,QWE,linear,3,L3,qiskit_heavy,0.01,6,27,24576,0,0.954,0.956126842245278,0.7607851281340564,236.66844756924547,4.677894206135534,241.346341775381
IoT_Original_Distribution,6q_5k,QWE,linear,3,L3,qiskit_heavy,0.01,6,28,25600,1,0.9426666666666667,0.947390024444791,0.7387984345228015,227.07913984789047,3.9954546878580004,231.07459453574847
IoT_Original_Distribution,6q_5k,QWE,linear,3,L3,qiskit_heavy,0.01,6,29,26624,2,0.944,0.9481659442724458,0.7360428676187757,239.20171462500002,2.2052052590297535,241.40691988402978
IoT_Original_Distribution,6q_5k,QWE,linear,3,L3,qiskit_heavy,0.02,6,0,42,0,0.9513333333333334,0.95500357222028,0.7741725697493775,206.17619490914512,4.041348134167492,210.21754304331262
IoT_Original_Distribution,6q_5k,QWE,linear,3,L3,qiskit_heavy,0.02,6,1,123,1,0.96,0.9625495403472932,0.8070367464409718,245.09205920400564,3.1195080529432744,248.2115672569489
IoT_Original_Distribution,6q_5k,QWE,linear,3,L3,qiskit_heavy,0.02,6,2,456,2,0.954,0.957278681035088,0.7833805828448176,245.47820371424314,2.4083974498789757,247.8866011641221
IoT_Original_Distribution,6q_5k,QWE,linear,3,L3,qiskit_heavy,0.02,6,3,789,0,0.95,0.9534580381395088,0.760854226747064,243.51065266306978,3.650197025970556,247.16084968904033
IoT_Original_Distribution,6q_5k,QWE,linear,3,L3,qiskit_heavy,0.02,6,4,1024,1,0.944,0.9480500224505309,0.7337098285325372,246.04379695898388,3.0074525310192257,249.0512494900031
IoT_Original_Distribution,6q_5k,QWE,linear,3,L3,qiskit_heavy,0.02,6,5,2048,2,0.9486666666666667,0.9515315628718899,0.7408695171147972,204.002372566727,3.8232924750773236,207.8256650418043
IoT_Original_Distribution,6q_5k,QWE,linear,3,L3,qiskit_heavy,0.02,6,6,3072,0,0.942,0.9460113242418301,0.7200081102830651,242.79787845676765,3.829678935930133,246.62755739269778
IoT_Original_Distribution,6q_5k,QWE,linear,3,L3,qiskit_heavy,0.02,6,7,4096,1,0.9473333333333334,0.9510871855329268,0.7494903035980528,235.3388766249409,3.7293427321128547,239.06821935705375
IoT_Original_Distribution,6q_5k,QWE,linear,3,L3,qiskit_heavy,0.02,6,8,5120,2,0.952,0.954844349817144,0.7615061436964442,223.45697216596454,5.207157365977764,228.6641295319423
IoT_Original_Distribution,6q_5k,QWE,linear,3,L3,qiskit_heavy,0.02,6,9,6144,0,0.9553333333333334,0.9580307457860975,0.7798877594458655,198.68933235504664,3.6488460880937055,202.33817844314035
IoT_Original_Distribution,6q_5k,QWE,linear,3,L3,qiskit_heavy,0.02,6,10,7168,1,0.9553333333333334,0.95728760057596,0.7659670226923443,234.27194587991107,4.183130322024226,238.4550762019353
IoT_Original_Distribution,6q_5k,QWE,linear,3,L3,qiskit_heavy,0.02,6,11,8192,2,0.9526666666666667,0.9561390654255337,0.7787436761913467,245.18942917289678,2.9397599829826504,248.12918915587943
IoT_Original_Distribution,6q_5k,QWE,linear,3,L3,qiskit_heavy,0.02,6,12,9216,0,0.946,0.9496188246739429,0.7381560452446436,231.29199074208736,3.6097525730729103,234.90174331516027
IoT_Original_Distribution,6q_5k,QWE,linear,3,L3,qiskit_heavy,0.02,6,13,10240,1,0.9586666666666667,0.9604231913919414,0.782966146003705,240.3651203829795,4.705158985918388,245.0702793688979
IoT_Original_Distribution,6q_5k,QWE,linear,3,L3,qiskit_heavy,0.02,6,14,11264,2,0.966,0.9672265482593911,0.8184475842985484,246.50445521599613,2.517136537004262,249.0215917530004
IoT_Original_Distribution,6q_5k,QWE,linear,3,L3,qiskit_heavy,0.02,6,15,12288,0,0.946,0.9498488864324945,0.7427122477486998,241.85923980292864,3.764658119995147,245.6238979229238
IoT_Original_Distribution,6q_5k,QWE,linear,3,L3,qiskit_heavy,0.02,6,16,13312,1,0.954,0.9563502927251915,0.7647973243773094,235.0775593779981,2.827671099919826,237.90523047791794
IoT_Original_Distribution,6q_5k,QWE,linear,3,L3,qiskit_heavy,0.02,6,17,14336,2,0.9526666666666667,0.9556311707760604,0.7681225929227954,237.662306401995,3.1442675868747756,240.8065739888698
IoT_Original_Distribution,6q_5k,QWE,linear,3,L3,qiskit_heavy,0.02,6,18,15360,0,0.9526666666666667,0.955838722862345,0.7723451313775843,214.39814557798672,3.920009484048933,218.31815506203566
IoT_Original_Distribution,6q_5k,QWE,linear,3,L3,qiskit_heavy,0.02,6,19,16384,1,0.9533333333333334,0.9562039944501242,0.7705303644616922,244.901375375106,3.685804732958786,248.58718010806479
IoT_Original_Distribution,6q_5k,QWE,linear,3,L3,qiskit_heavy,0.02,6,20,17408,2,0.94,0.9445859569918023,0.7182624630937955,243.69312373397406,3.9641771159367636,247.65730084991083
IoT_Original_Distribution,6q_5k,QWE,linear,3,L3,qiskit_heavy,0.02,6,21,18432,0,0.9553333333333334,0.9582294600985467,0.7839663000045791,245.41392400988843,4.41482606693171,249.82875007682014
IoT_Original_Distribution,6q_5k,QWE,linear,3,L3,qiskit_heavy,0.02,6,22,19456,1,0.952,0.9549526800058419,0.7636149405376764,214.95940226805396,4.983742034062743,219.9431443021167
IoT_Original_Distribution,6q_5k,QWE,linear,3,L3,qiskit_heavy,0.02,6,23,20480,2,0.94,0.9451728577313925,0.7304260728146031,247.70047497795895,2.6809450400760397,250.381420018035
IoT_Original_Distribution,6q_5k,QWE,linear,3,L3,qiskit_heavy,0.02,6,24,21504,0,0.9453333333333334,0.9494000884564351,0.7427773898031479,248.23853600409348,3.3742932280292735,251.61282923212275
IoT_Original_Distribution,6q_5k,QWE,linear,3,L3,qiskit_heavy,0.02,6,25,22528,1,0.9493333333333334,0.9533078593443541,0.7674357500576353,247.34025883011054,3.416918267030269,250.7571770971408
IoT_Original_Distribution,6q_5k,QWE,linear,3,L3,qiskit_heavy,0.02,6,26,23552,2,0.948,0.9515407774099214,0.749526883369118,231.07091815886088,3.3478535738540813,234.41877173271496
IoT_Original_Distribution,6q_5k,QWE,linear,3,L3,qiskit_heavy,0.02,6,27,24576,0,0.9526666666666667,0.9549709715688568,0.7556867226603413,241.91405438585207,3.708043444901705,245.62209783075377
IoT_Original_Distribution,6q_5k,QWE,linear,3,L3,qiskit_heavy,0.02,6,28,25600,1,0.9426666666666667,0.9476096196099973,0.7435672503835469,240.14722720207646,4.882085613091476,245.02931281516794
IoT_Original_Distribution,6q_5k,QWE,linear,3,L3,qiskit_heavy,0.02,6,29,26624,2,0.94,0.9448256966254448,0.7231186251269324,246.72887193609495,1.990567795932293,248.71943973202724
IoT_Original_Distribution,6q_5k,QWE,linear,3,L3,qiskit_heavy,0.05,6,0,42,0,0.9406666666666667,0.9459483585824967,0.7373556178755221,245.7009722540388,4.451403907965869,250.15237616200466
IoT_Original_Distribution,6q_5k,QWE,linear,3,L3,qiskit_heavy,0.05,6,1,123,1,0.952,0.9557653404314933,0.7807919823286048,250.25081993394997,3.333823347929865,253.58464328187983
IoT_Original_Distribution,6q_5k,QWE,linear,3,L3,qiskit_heavy,0.05,6,2,456,2,0.9406666666666667,0.9461647620182699,0.7422249417499573,251.248023812077,2.553436625050381,253.8014604371274
IoT_Original_Distribution,6q_5k,QWE,linear,3,L3,qiskit_heavy,0.05,6,3,789,0,0.9413333333333334,0.9462796765498653,0.7345841143297522,249.85580496897455,2.4001524578779936,252.25595742685255
IoT_Original_Distribution,6q_5k,QWE,linear,3,L3,qiskit_heavy,0.05,6,4,1024,1,0.9273333333333333,0.9345754772531826,0.6881363545118917,242.06363554298878,2.322552115889266,244.38618765887804
IoT_Original_Distribution,6q_5k,QWE,linear,3,L3,qiskit_heavy,0.05,6,5,2048,2,0.9393333333333334,0.94390856263076,0.7136903377377074,241.41263611218892,2.76545263803564,244.17808875022456
IoT_Original_Distribution,6q_5k,QWE,linear,3,L3,qiskit_heavy,0.05,6,6,3072,0,0.9406666666666667,0.9447702052588839,0.7132004242057319,233.0425392088946,5.083180691115558,238.12571990001015
IoT_Original_Distribution,6q_5k,QWE,linear,3,L3,qiskit_heavy,0.05,6,7,4096,1,0.946,0.949961469006595,0.7449991067304259,247.08009973797016,2.8435189209412783,249.92361865891144
IoT_Original_Distribution,6q_5k,QWE,linear,3,L3,qiskit_heavy,0.05,6,8,5120,2,0.934,0.9397522407643052,0.7021372716032204,239.02635156398173,3.10413221095223,242.13048377493396
IoT_Original_Distribution,6q_5k,QWE,linear,3,L3,qiskit_heavy,0.05,6,9,6144,0,0.942,0.9467217602605283,0.7342901316896631,239.72509089205414,5.2436597320484,244.96875062410254
IoT_Original_Distribution,6q_5k,QWE,linear,3,L3,qiskit_heavy,0.05,6,10,7168,1,0.9446666666666667,0.9483748450362625,0.7313182280180555,242.89552193984855,4.048989557893947,246.9445114977425
IoT_Original_Distribution,6q_5k,QWE,linear,3,L3,qiskit_heavy,0.05,6,11,8192,2,0.936,0.942101391058855,0.7233259551481138,246.5739868779201,2.7606868118746206,249.33467368979473
IoT_Original_Distribution,6q_5k,QWE,linear,3,L3,qiskit_heavy,0.05,6,12,9216,0,0.9366666666666666,0.942066898329639,0.7127471585189091,207.41733288299292,5.2231350970687345,212.64046798006166
IoT_Original_Distribution,6q_5k,QWE,linear,3,L3,qiskit_heavy,0.05,6,13,10240,1,0.9406666666666667,0.9454969731400807,0.7276531407311173,239.50644371914677,3.8192254828754812,243.32566920202225
IoT_Original_Distribution,6q_5k,QWE,linear,3,L3,qiskit_heavy,0.05,6,14,11264,2,0.952,0.9550594484167518,0.7657328544075529,245.49878008116502,2.7195611530914903,248.2183412342565
IoT_Original_Distribution,6q_5k,QWE,linear,3,L3,qiskit_heavy,0.05,6,15,12288,0,0.9326666666666666,0.9386604968183392,0.698163759797733,246.64480326208286,3.507753435987979,250.15255669807084
IoT_Original_Distribution,6q_5k,QWE,linear,3,L3,qiskit_heavy,0.05,6,16,13312,1,0.936,0.941396010781671,0.7081967689508794,237.77883323596325,4.4534480719594285,242.23228130792268
IoT_Original_Distribution,6q_5k,QWE,linear,3,L3,qiskit_heavy,0.05,6,17,14336,2,0.942,0.9467217602605283,0.7342901316896631,241.80630100890994,4.491706395871006,246.29800740478095
IoT_Original_Distribution,6q_5k,QWE,linear,3,L3,qiskit_heavy,0.05,6,18,15360,0,0.942,0.9471630022098566,0.7438875942218202,239.51425754802767,4.254615210928023,243.7688727589557
IoT_Original_Distribution,6q_5k,QWE,linear,3,L3,qiskit_heavy,0.05,6,19,16384,1,0.9313333333333333,0.9380591718437266,0.704683595372155,228.16559380700346,3.9443660230608657,232.10995983006433
IoT_Original_Distribution,6q_5k,QWE,linear,3,L3,qiskit_heavy,0.05,6,20,17408,2,0.926,0.9333750272945254,0.6817502938330257,243.92874448618386,3.490158917149529,247.4189034033334
IoT_Original_Distribution,6q_5k,QWE,linear,3,L3,qiskit_heavy,0.05,6,21,18432,0,0.9453333333333334,0.9497300791476274,0.7497209841861407,218.26103870605584,5.061589806107804,223.32262851216365
IoT_Original_Distribution,6q_5k,QWE,linear,3,L3,qiskit_heavy,0.05,6,22,19456,1,0.9406666666666667,0.9457258310667145,0.7324981420359674,238.24952217494138,4.496773579972796,242.74629575491417
IoT_Original_Distribution,6q_5k,QWE,linear,3,L3,qiskit_heavy,0.05,6,23,20480,2,0.9453333333333334,0.9497300791476274,0.7497209841861407,242.15956083417404,3.5245121790794656,245.6840730132535
IoT_Original_Distribution,6q_5k,QWE,linear,3,L3,qiskit_heavy,0.05,6,24,21504,0,0.9333333333333333,0.9399205845376352,0.7155856310471717,243.34961635200307,3.796745323110372,247.14636167511344
IoT_Original_Distribution,6q_5k,QWE,linear,3,L3,qiskit_heavy,0.05,6,25,22528,1,0.9433333333333334,0.9484817036916923,0.7528022892699165,219.44317615719046,4.72134499810636,224.16452115529682
IoT_Original_Distribution,6q_5k,QWE,linear,3,L3,qiskit_heavy,0.05,6,26,23552,2,0.9413333333333334,0.9456976559044671,0.7225738232500313,241.39748499298003,4.142670713947155,245.54015570692718
IoT_Original_Distribution,6q_5k,QWE,linear,3,L3,qiskit_heavy,0.05,6,27,24576,0,0.936,0.9410204539086579,0.700654588702788,247.1615503759822,3.664730874937959,250.82628125092015
IoT_Original_Distribution,6q_5k,QWE,linear,3,L3,qiskit_heavy,0.05,6,28,25600,1,0.9346666666666666,0.9410094548850239,0.7194314875788624,245.97957224596757,3.1243273068685085,249.10389955283608
IoT_Original_Distribution,6q_5k,QWE,linear,3,L3,qiskit_heavy,0.05,6,29,26624,2,0.924,0.931892178524083,0.6790132154730928,230.2203259988455,5.356940745958127,235.57726674480364
