status,dataset,model,device,entanglement,optimization_level,num_qubits,run_idx,seed,gpu_id,aggregate_depth,aggregate_two_qubit_gates,mean_readout_error,accuracy,balanced_accuracy,f1_score,mcc,roc_auc,g_mean,kernel_time,classifier_time,total_time
success,IoT_Original_Distribution,QSVC,ideal,full,0,6,0,42,0,124,150,,0.9486666666666667,0.9271758019820582,0.9519950511580313,0.7496239879314855,0.9559647007864565,0.9267979757270467,279.2614884210052,0.7369589630980045,279.9984473841032
success,IoT_Original_Distribution,QSVC,ideal,full,0,6,1,123,1,124,150,,0.96,0.946143127769167,0.9621857416538717,0.7993956907456233,0.9829818546177571,0.9459892177626344,275.9761584850494,3.856426347978413,279.8325848330278
success,IoT_Original_Distribution,QSVC,ideal,full,0,6,2,456,2,124,150,,0.9613333333333334,0.9437007812377687,0.9632625047486387,0.8027363297881122,0.9698307579102281,0.9434509127539433,279.83796850801446,0.3561490459833294,280.1941175539978
success,IoT_Original_Distribution,QSVC,ideal,full,0,6,3,789,0,124,150,,0.9546666666666667,0.9368434236688429,0.9573529970495248,0.7754009734327173,0.9691732030748516,0.9365862514791115,279.24249341199175,1.2954395900014788,280.5379330019932
success,IoT_Original_Distribution,QSVC,ideal,full,0,6,4,1024,1,124,150,,0.952,0.9290153899143613,0.954844349817144,0.7615061436964442,0.9675762841889374,0.9285840594337607,287.81774352805223,0.30534906301181763,288.12309259106405
success,IoT_Original_Distribution,QSVC,ideal,full,0,6,5,2048,2,124,150,,0.9573333333333334,0.9128896403801293,0.9588164839803776,0.7701949411529486,0.9542999389413367,0.9112473468984996,287.42642601998523,0.155547164962627,287.58197318494786
success,IoT_Original_Distribution,QSVC,ideal,full,0,6,6,3072,0,124,150,,0.9533333333333334,0.907503953157046,0.9551979853699486,0.7522266687925445,0.9316403905666973,0.9057471708317207,288.27561486698687,0.1014130850089714,288.37702795199584
success,IoT_Original_Distribution,QSVC,ideal,full,0,6,7,4096,1,124,150,,0.954,0.9110500524478262,0.9558966469324232,0.756821928708788,0.9601918390138765,0.9095132875785343,278.3453251780011,1.315086100017652,279.6604112780187
success,IoT_Original_Distribution,QSVC,ideal,full,0,6,8,5120,2,124,150,,0.944,0.9055312886509166,0.9473184081200012,0.7198216544876251,0.9582191745077472,0.9042911585540306,288.1075017140247,0.10228178196121007,288.2097834959859
success,IoT_Original_Distribution,QSVC,ideal,full,0,6,9,6144,0,124,150,,0.9613333333333334,0.9405225995334492,0.9631685940123375,0.8009225293607383,0.9795270823874459,0.94017334331949,242.72368910291698,2.358407892053947,245.08209699497093
success,IoT_Original_Distribution,QSVC,FakeKolkataV2,full,0,6,0,42,1,135,150,0.012177777777777777,0.9486666666666667,0.9271758019820582,0.9519950511580313,0.7496239879314855,0.9562778221366357,0.9267979757270467,267.73452225793153,0.9096929769730195,268.64421523490455
success,IoT_Original_Distribution,QSVC,FakeKolkataV2,full,0,6,1,123,2,135,150,0.012177777777777777,0.9593333333333334,0.9457752101827064,0.9616029264309779,0.7968412254300464,0.9834045684404992,0.9456278083061731,274.2518354339991,0.05373932595830411,274.3055747599574
success,IoT_Original_Distribution,QSVC,FakeKolkataV2,full,0,6,2,456,0,135,150,0.012177777777777777,0.9466666666666667,0.9419629577442739,0.9508503782572149,0.7540795177866658,0.9732229058705033,0.9419451458911802,268.7441334769828,0.053117619012482464,268.7972510959953
success,IoT_Original_Distribution,QSVC,FakeKolkataV2,full,0,6,3,789,1,135,150,0.012177777777777777,0.9533333333333334,0.9361075884959216,0.9562039944501242,0.7705303644616922,0.9684164931452517,0.9358671832337763,264.9388042780338,1.1844066940248013,266.1232109720586
success,IoT_Original_Distribution,QSVC,FakeKolkataV2,full,0,6,4,1024,2,135,150,0.012177777777777777,0.954,0.9269409609694237,0.9564595660955929,0.7668208015558766,0.9459917857832469,0.9263417620761073,264.7930946209235,1.1843649540096521,265.97745957493316
success,IoT_Original_Distribution,QSVC,FakeKolkataV2,full,0,6,5,2048,0,135,150,0.012177777777777777,0.9573333333333334,0.9128896403801293,0.9588164839803776,0.7701949411529486,0.9530526722297893,0.9112473468984996,250.54110299400054,1.5303799309767783,252.07148292497732
success,IoT_Original_Distribution,QSVC,FakeKolkataV2,full,0,6,6,3072,1,135,150,0.012177777777777777,0.958,0.9227921030795485,0.9597317211122125,0.7784412944117622,0.9519463101258225,0.9217728684929747,266.6063787670573,1.5922264779219404,268.19860524497926
success,IoT_Original_Distribution,QSVC,FakeKolkataV2,full,0,6,7,4096,2,135,150,0.012177777777777777,0.9533333333333334,0.9297512250872826,0.9559918064551846,0.7663867213399324,0.9614860739279506,0.929297531732208,268.2673192980001,0.21533346304204315,268.4826527610421
success,IoT_Original_Distribution,QSVC,FakeKolkataV2,full,0,6,8,5120,0,135,150,0.012177777777777777,0.9466666666666667,0.9133593224053982,0.9498270553523821,0.7337164842238981,0.9605571472557524,0.9124377797549434,276.1703581660986,0.054215036099776626,276.22457320219837
success,IoT_Original_Distribution,QSVC,FakeKolkataV2,full,0,6,9,6144,1,135,150,0.012177777777777777,0.9613333333333334,0.9437007812377687,0.9632625047486387,0.8027363297881122,0.9788695275520695,0.9434509127539433,269.5680496629793,0.7980249229585752,270.3660745859379
success,IoT_Original_Distribution,QSVC,ideal,full,3,6,0,42,2,124,142,,0.9486666666666667,0.9271758019820582,0.9519950511580313,0.7496239879314855,0.9559490447189474,0.9267979757270467,238.2570827570744,1.4498808230273426,239.70696358010173
success,IoT_Original_Distribution,QSVC,ideal,full,3,6,1,123,0,124,142,,0.956,0.9471138039547227,0.9588044943820224,0.7863848004242623,0.9830131667527752,0.9470505770303285,276.47323306195904,1.3587570009985939,277.83199006295763
success,IoT_Original_Distribution,QSVC,ideal,full,3,6,2,456,1,124,142,,0.9613333333333334,0.9437007812377687,0.9632625047486387,0.8027363297881122,0.9698255392210585,0.9434509127539433,284.53659584291745,0.1037744500208646,284.6403702929383
success,IoT_Original_Distribution,QSVC,ideal,full,3,6,3,789,2,124,142,,0.9546666666666667,0.9368434236688429,0.9573529970495248,0.7754009734327173,0.9691784217640212,0.9365862514791115,284.233494141954,0.10338499606586993,284.33687913801987
success,IoT_Original_Distribution,QSVC,ideal,full,3,6,4,1024,0,124,142,,0.9546666666666667,0.9241306968515648,0.9569284538432317,0.7673304473147916,0.9514087851413483,0.9233652273571288,280.6047913359944,0.23813777999021113,280.8429291159846
success,IoT_Original_Distribution,QSVC,ideal,full,3,6,5,2048,1,124,142,,0.9533333333333334,0.9138603165656851,0.9554332680423616,0.7562137208034863,0.9395780167937418,0.9125664594629617,280.99480034201406,0.09584473492577672,281.09064507693984
success,IoT_Original_Distribution,QSVC,ideal,full,3,6,6,3072,2,124,142,,0.9613333333333334,0.9246316910118517,0.9626774386072172,0.7920982952477333,0.948376726733779,0.9235262900291211,274.5971412169747,1.2956321489764377,275.89277336595114
success,IoT_Original_Distribution,QSVC,ideal,full,3,6,7,4096,0,124,142,,0.954,0.9110500524478262,0.9558966469324232,0.756821928708788,0.9601761829463675,0.9095132875785343,283.29876395501196,0.10158993804361671,283.4003538930556
success,IoT_Original_Distribution,QSVC,ideal,full,3,6,8,5120,1,124,142,,0.944,0.9055312886509166,0.9473184081200012,0.7198216544876251,0.9581982997510684,0.9042911585540306,274.4433122869814,1.2685539110098034,275.7118661979912
success,IoT_Original_Distribution,QSVC,ideal,full,3,6,9,6144,2,124,142,,0.9493333333333334,0.9339000829771578,0.9527833215788977,0.7563495715972772,0.963098648881374,0.9337066558810696,282.9109370339429,0.09464793396182358,283.0055849679047
success,IoT_Original_Distribution,QSVC,FakeKolkataV2,full,3,6,0,42,0,134,142,0.012177777777777777,0.948,0.9268078843955975,0.9514284062787883,0.7473003866877523,0.9559125138947598,0.9264403457790498,263.95190974208526,0.8068875009194016,264.75879724300466
success,IoT_Original_Distribution,QSVC,FakeKolkataV2,full,3,6,1,123,1,134,142,0.012177777777777777,0.9586666666666667,0.9454072925962457,0.9610213142888777,0.794306600439367,0.98399428031667,0.945266260669824,260.78160274901893,1.808958269073628,262.59056101809256
success,IoT_Original_Distribution,QSVC,FakeKolkataV2,full,3,6,2,456,2,134,142,0.012177777777777777,0.946,0.9415950401578131,0.9502897568165071,0.7518927249782642,0.9732437806271821,0.9415794129533431,265.791461040033,0.05258412391413003,265.84404516394716
success,IoT_Original_Distribution,QSVC,FakeKolkataV2,full,3,6,3,789,0,134,142,0.012177777777777777,0.9526666666666667,0.935739670909461,0.9556311707760604,0.7681225929227954,0.9680250914575277,0.9355074418469568,266.2577205300331,0.11247864202596247,266.3701991720591
success,IoT_Original_Distribution,QSVC,FakeKolkataV2,full,3,6,4,1024,1,134,142,0.012177777777777777,0.954,0.9269409609694237,0.9564595660955929,0.7668208015558766,0.9466545593077931,0.9263417620761073,266.5995094599202,0.27998331701382995,266.87949277693406
success,IoT_Original_Distribution,QSVC,FakeKolkataV2,full,3,6,5,2048,2,134,142,0.012177777777777777,0.9526666666666667,0.9134923989792244,0.954855156513257,0.753651251609038,0.9487315975973154,0.9122175523733729,265.978084745002,0.27784665301442146,266.2559313980164
success,IoT_Original_Distribution,QSVC,FakeKolkataV2,full,3,6,6,3072,0,134,142,0.012177777777777777,0.952,0.9099462996884442,0.9541599328435719,0.7490619520845443,0.9339313951121757,0.9084712632292389,263.59504418901633,0.8063613720005378,264.4014055610169
success,IoT_Original_Distribution,QSVC,FakeKolkataV2,full,3,6,7,4096,1,134,142,0.012177777777777777,0.9533333333333334,0.9297512250872826,0.9559918064551846,0.7663867213399324,0.9599309045553938,0.929297531732208,251.03404190100264,2.0160183899570256,253.05006029095966
success,IoT_Original_Distribution,QSVC,FakeKolkataV2,full,3,6,8,5120,2,134,142,0.012177777777777777,0.9473333333333334,0.9137272399918588,0.9503941337167506,0.7360825804790517,0.9628377144228913,0.9127894613173392,266.23532891098876,0.051379424054175615,266.28670833504293
success,IoT_Original_Distribution,QSVC,FakeKolkataV2,full,3,6,9,6144,0,134,142,0.012177777777777777,0.95,0.9469807273808966,0.953770793377,0.7674523217480809,0.9651548124142177,0.9469734273762531,186.15804698807187,0.05351074901409447,186.21155773708597
success,IoT_Original_Distribution,QSVC,ideal,linear,0,6,0,42,1,25,20,,0.9526666666666667,0.9420960343181,0.955838722862345,0.7723451313775843,0.9628951200037574,0.9420060875757063,137.20307708589826,1.280600812053308,138.48367789795157
success,IoT_Original_Distribution,QSVC,ideal,linear,0,6,1,123,2,25,20,,0.9606666666666667,0.9496892270599471,0.9628618468758638,0.8038376889694526,0.9846831472870643,0.9495929992613881,137.5547165069729,1.1260992638999596,138.68081577087287
success,IoT_Original_Distribution,QSVC,ideal,linear,0,6,2,456,0,25,20,,0.9586666666666667,0.9612982011178433,0.9614811307617323,0.8041083891943919,0.9753938805650797,0.9612927382691694,160.2415822329931,0.08523734100162983,160.32681957399473
success,IoT_Original_Distribution,QSVC,ideal,linear,0,6,3,789,1,25,20,,0.95,0.9374461822679379,0.9534580381395088,0.760854226747064,0.9651235002791999,0.937318687379758,159.82818462594878,0.2437358769821003,160.07192050293088
success,IoT_Original_Distribution,QSVC,ideal,linear,0,6,4,1024,2,25,20,,0.9426666666666667,0.9333990888168711,0.9472778878865362,0.7364198046565366,0.9616530719813797,0.9333293074787199,151.0487175140297,2.315829358994961,153.36454687302466
success,IoT_Original_Distribution,QSVC,ideal,linear,0,6,5,2048,0,25,20,,0.95,0.9151989103377014,0.9526734414082532,0.7457311205449889,0.9380619875899573,0.9141948346843074,149.80304570903536,2.0101459010038525,151.8131916100392
success,IoT_Original_Distribution,QSVC,ideal,linear,0,6,6,3072,1,25,20,,0.946,0.9161695865232571,0.9493820398994491,0.733624416681293,0.9476774223850453,0.9154327429489827,161.5375106210122,0.09233999706339091,161.62985061807558
success,IoT_Original_Distribution,QSVC,ideal,linear,0,6,7,4096,2,25,20,,0.9633333333333334,0.9416263522928311,0.9649375825623552,0.8089859883220626,0.9654731524535668,0.941246805145815,161.77719695994165,0.24243381794076413,162.0196307778824
success,IoT_Original_Distribution,QSVC,ideal,linear,0,6,8,5120,0,25,20,,0.958,0.938683011601146,0.9602456907829326,0.7879104825667643,0.9566640051351901,0.9383815114195935,120.21390019392129,1.1107603359268978,121.32466052984819
success,IoT_Original_Distribution,QSVC,ideal,linear,0,6,9,6144,1,25,20,,0.9533333333333334,0.9361075884959216,0.9562039944501242,0.7705303644616922,0.9729828461686993,0.9358671832337763,119.34952324407641,1.1500576110556722,120.49958085513208
success,IoT_Original_Distribution,QSVC,FakeKolkataV2,linear,0,6,0,42,2,29,20,0.012177777777777777,0.9533333333333334,0.94564213360888,0.9565109540858268,0.7768176362817549,0.9672109759470616,0.9455946951902281,138.8909447089536,0.04937798099126667,138.94032268994488
success,IoT_Original_Distribution,QSVC,FakeKolkataV2,linear,0,6,1,123,0,29,20,0.012177777777777777,0.96,0.946143127769167,0.9621857416538717,0.7993956907456233,0.9851006424206367,0.9459892177626344,118.8798528740881,1.129856468993239,120.00970934308134
success,IoT_Original_Distribution,QSVC,FakeKolkataV2,linear,0,6,2,456,1,29,20,0.012177777777777777,0.9593333333333334,0.9616661187043039,0.962058621050747,0.806534217510525,0.9757226579827679,0.9616618274508513,111.8712748879334,1.9204816750716418,113.79175656300504
success,IoT_Original_Distribution,QSVC,FakeKolkataV2,linear,0,6,3,789,2,29,20,0.012177777777777777,0.9513333333333334,0.9381820174408593,0.9545947432246645,0.7655073141509962,0.9559960129214743,0.9380422063507712,123.09613984101452,0.05064862291328609,123.1467884639278
success,IoT_Original_Distribution,QSVC,FakeKolkataV2,linear,0,6,4,1024,0,29,20,0.012177777777777777,0.9413333333333334,0.9326632536439496,0.9461665366411817,0.7321749345450101,0.9613295132528612,0.9326021322164112,119.4737823070027,0.9677211159141734,120.44150342291687
success,IoT_Original_Distribution,QSVC,FakeKolkataV2,linear,0,6,5,2048,1,29,20,0.012177777777777777,0.9486666666666667,0.9144630751647802,0.9515315628718899,0.7408695171147972,0.954206002536283,0.9134924182650522,120.31971418892499,1.4271274600178003,121.74684164894279
success,IoT_Original_Distribution,QSVC,FakeKolkataV2,linear,0,6,6,3072,2,29,20,0.012177777777777777,0.946,0.9129914048189376,0.9492610508757298,0.731368310513082,0.9429231965514902,0.9120859625913904,122.23730378702749,0.06573055300395936,122.30303434003145
success,IoT_Original_Distribution,QSVC,FakeKolkataV2,linear,0,6,7,4096,0,29,20,0.012177777777777777,0.9633333333333334,0.9416263522928311,0.9649375825623552,0.8089859883220626,0.9653687786701737,0.941246805145815,121.14856537198648,0.22334286000113934,121.37190823198762
success,IoT_Original_Distribution,QSVC,FakeKolkataV2,linear,0,6,8,5120,1,29,20,0.012177777777777777,0.9586666666666667,0.9390509291876066,0.9608277985074628,0.7904715734645169,0.955505456139527,0.9387401514141205,117.9195607820293,1.3657945380546153,119.28535532008391
success,IoT_Original_Distribution,QSVC,FakeKolkataV2,linear,0,6,9,6144,2,29,20,0.012177777777777777,0.9553333333333334,0.9403895229596231,0.9580307457860975,0.7798877594458655,0.964805160239851,0.9402094226542048,119.20467481797095,1.4601644029607996,120.66483922093175
success,IoT_Original_Distribution,QSVC,ideal,linear,3,6,0,42,0,25,20,,0.9533333333333334,0.94564213360888,0.9565109540858268,0.7768176362817549,0.9667152004759444,0.9455946951902281,152.5724708060734,2.2320530760334805,154.80452388210688
success,IoT_Original_Distribution,QSVC,ideal,linear,3,6,1,123,1,25,20,,0.9606666666666667,0.9496892270599471,0.9628618468758638,0.8038376889694526,0.9846831472870643,0.9495929992613881,157.68232193693984,0.09478664409834892,157.7771085810382
success,IoT_Original_Distribution,QSVC,ideal,linear,3,6,2,456,2,25,20,,0.954,0.9555445963082994,0.9573745847093215,0.7854925900835309,0.9774500440979235,0.9555427029299779,157.33220132894348,0.24764124501962215,157.5798425739631
success,IoT_Original_Distribution,QSVC,ideal,linear,3,6,3,789,0,25,20,,0.9513333333333334,0.9381820174408593,0.9545947432246645,0.7655073141509962,0.9554950187611876,0.9380422063507712,150.9780644250568,2.035158507991582,153.01322293304838
success,IoT_Original_Distribution,QSVC,ideal,linear,3,6,4,1024,1,25,20,,0.9426666666666667,0.9333990888168711,0.9472778878865362,0.7364198046565366,0.9616530719813797,0.9333293074787199,162.6639006800251,0.24407411296851933,162.90797479299363
success,IoT_Original_Distribution,QSVC,ideal,linear,3,6,5,2048,2,25,20,,0.95,0.9151989103377014,0.9526734414082532,0.7457311205449889,0.9380619875899573,0.9141948346843074,162.4257336750161,0.09326371503993869,162.51899739005603
success,IoT_Original_Distribution,QSVC,ideal,linear,3,6,6,3072,0,25,20,,0.946,0.9161695865232571,0.9493820398994491,0.733624416681293,0.9476774223850453,0.9154327429489827,149.82321313000284,2.20486226095818,152.02807539096102
success,IoT_Original_Distribution,QSVC,ideal,linear,3,6,7,4096,1,25,20,,0.9633333333333334,0.9416263522928311,0.9649375825623552,0.8089859883220626,0.9654731524535668,0.941246805145815,162.25785221799742,0.0906967610353604,162.34854897903278
success,IoT_Original_Distribution,QSVC,ideal,linear,3,6,8,5120,2,25,20,,0.9546666666666667,0.9304870602602038,0.9571438405410545,0.7713432741068915,0.9722991978874745,0.9300104566792066,162.46166317292955,0.2419766620732844,162.70363983500283
success,IoT_Original_Distribution,QSVC,ideal,linear,3,6,9,6144,0,25,20,,0.932,0.9275124074335008,0.9384827280000334,0.7039901696309935,0.965937615789666,0.9274959421613799,92.46060113306157,1.523735765949823,93.9843368990114
success,IoT_Original_Distribution,QSVC,FakeKolkataV2,linear,3,6,0,42,1,29,20,0.012177777777777777,0.952,0.9417281167316394,0.9552684099168505,0.7699949480535957,0.9631560544622403,0.9416431493662896,131.5546087899711,0.2476382489548996,131.802247038926
success,IoT_Original_Distribution,QSVC,FakeKolkataV2,linear,3,6,1,123,2,29,20,0.012177777777777777,0.96,0.946143127769167,0.9621857416538717,0.7993956907456233,0.9851006424206367,0.9459892177626344,131.87849231890868,0.07538954610936344,131.95388186501805
success,IoT_Original_Distribution,QSVC,FakeKolkataV2,linear,3,6,2,456,0,29,20,0.012177777777777777,0.9593333333333334,0.9616661187043039,0.962058621050747,0.806534217510525,0.9757226579827679,0.9616618274508513,121.50105674599763,0.051465734955854714,121.55252248095348
success,IoT_Original_Distribution,QSVC,FakeKolkataV2,linear,3,6,3,789,1,29,20,0.012177777777777777,0.9513333333333334,0.9381820174408593,0.9545947432246645,0.7655073141509962,0.9559960129214743,0.9380422063507712,118.93094130395912,1.2886622829828411,120.21960358694196
success,IoT_Original_Distribution,QSVC,FakeKolkataV2,linear,3,6,4,1024,2,29,20,0.012177777777777777,0.9413333333333334,0.9326632536439496,0.9461665366411817,0.7321749345450101,0.9613295132528612,0.9326021322164112,111.27493814600166,1.9513336139498278,113.22627175995149
success,IoT_Original_Distribution,QSVC,FakeKolkataV2,linear,3,6,5,2048,0,29,20,0.012177777777777777,0.95,0.9151989103377014,0.9526734414082532,0.7457311205449889,0.9378454119894164,0.9141948346843074,118.95560030790512,1.6072729179868475,120.56287322589196
success,IoT_Original_Distribution,QSVC,FakeKolkataV2,linear,3,6,6,3072,1,29,20,0.012177777777777777,0.946,0.9129914048189376,0.9492610508757298,0.731368310513082,0.9429231965514902,0.9120859625913904,118.76244857802521,1.1964202270610258,119.95886880508624
success,IoT_Original_Distribution,QSVC,FakeKolkataV2,linear,3,6,7,4096,2,29,20,0.012177777777777777,0.9633333333333334,0.9416263522928311,0.9649375825623552,0.8089859883220626,0.9653687786701737,0.941246805145815,121.65681031497661,0.05330295593012124,121.71011327090673
success,IoT_Original_Distribution,QSVC,FakeKolkataV2,linear,3,6,8,5120,0,29,20,0.012177777777777777,0.96,0.9366085826562084,0.9618985455300044,0.7938063807213714,0.9577338364149692,0.9361654684910545,204.5668031189125,2.0383468279615045,206.605149946874
success,IoT_Original_Distribution,QSVC,FakeKolkataV2,linear,3,6,9,6144,1,29,20,0.012177777777777777,0.9586666666666667,0.9390509291876066,0.9608277985074628,0.7904715734645169,0.9648886592665654,0.9387401514141205,211.26362717000302,0.22856725403107703,211.4921944240341
success,IoT_Original_Distribution,QVE,ideal,full,0,6,0,42,2,126,150,,0.942,0.9393875346390494,0.9469454753124061,0.7390818032083202,0.9646590369431005,0.939382025096923,211.36675436305813,1.800045226002112,213.16679958906025
success,IoT_Original_Distribution,QVE,ideal,full,0,6,1,123,0,126,150,,0.962,0.959959607345827,0.9642948135792173,0.8145445086835679,0.9903193315902912,0.9599563185778653,401.26407613093033,1.6822842329274863,402.9463603638578
success,IoT_Original_Distribution,QVE,ideal,full,0,6,2,456,1,126,150,,0.944,0.9468476508070702,0.9488280005492996,0.7501378391680188,0.9724609772517337,0.9468411562012841,400.3399664480239,1.3653361310716718,401.7053025790956
success,IoT_Original_Distribution,QVE,ideal,full,0,6,3,789,2,126,150,,0.9486666666666667,0.9335321653906972,0.9522169191565624,0.7540465406697309,0.9658384606954424,0.9333460817583823,383.2822429499356,5.383744418970309,388.6659873689059
success,IoT_Original_Distribution,QVE,ideal,full,0,6,4,1024,0,126,150,,0.9413333333333334,0.9390196170525887,0.9463912386706949,0.7369966615990751,0.9738387111925227,0.9390152938609688,377.43279882497154,5.18044741009362,382.61324623506516
success,IoT_Original_Distribution,QVE,ideal,full,0,6,5,2048,1,126,150,,0.9533333333333334,0.9297512250872826,0.9559918064551846,0.7663867213399324,0.9435390018735095,0.929297531732208,394.4072971229907,1.7886598460609093,396.1959569690516
success,IoT_Original_Distribution,QVE,ideal,full,0,6,6,3072,2,126,150,,0.9606666666666667,0.93062013683403,0.962288437232072,0.7928542048804118,0.9520141530850281,0.9298841909184347,395.58458811987657,1.6687023239210248,397.2532904437976
success,IoT_Original_Distribution,QVE,ideal,full,0,6,7,4096,0,126,150,,0.9526666666666667,0.9420960343181,0.955838722862345,0.7723451313775843,0.9641476054044745,0.9420060875757063,393.35516521695536,3.176683543017134,396.5318487599725
success,IoT_Original_Distribution,QVE,ideal,full,0,6,8,5120,1,126,150,,0.9526666666666667,0.929383307500822,0.9554175125808769,0.7639370639604357,0.9723200726441533,0.9289408640807164,389.85707848891616,5.409131153021008,395.26620964193717
success,IoT_Original_Distribution,QVE,ideal,full,0,6,9,6144,2,126,150,,0.9386666666666666,0.9343697650024267,0.9440694876820784,0.7263229935789228,0.9720643568748402,0.9343547801151177,394.0151459639892,1.8676644498482347,395.88281041383743
success,IoT_Original_Distribution,QVE,FakeKolkataV2,full,0,6,0,42,0,139,150,0.012177777777777777,0.944,0.9373131056941117,0.9485039835170819,0.7430703944213387,0.97312375077628,0.937276928860285,328.96885135397315,2.491992346011102,331.46084369998425
success,IoT_Original_Distribution,QVE,FakeKolkataV2,full,0,6,1,123,1,139,150,0.012177777777777777,0.9613333333333334,0.9627698714636856,0.9637978890023834,0.8139207284465416,0.9902045204285588,0.9627682460267007,328.4274490418611,2.4025528240017593,330.83000186586287
success,IoT_Original_Distribution,QVE,FakeKolkataV2,full,0,6,2,456,2,139,150,0.012177777777777777,0.95,0.9533370907895355,0.9539719970523214,0.7718856181121257,0.9730820012629229,0.9533282325072031,332.29371115996037,1.2462696749716997,333.53998083493207
success,IoT_Original_Distribution,QVE,FakeKolkataV2,full,0,6,3,789,0,139,150,0.012177777777777777,0.9486666666666667,0.9335321653906972,0.9522169191565624,0.7540465406697309,0.9654209655618702,0.9333460817583823,328.1641367599368,2.830291262944229,330.99442802288104
success,IoT_Original_Distribution,QVE,FakeKolkataV2,full,0,6,4,1024,1,139,150,0.012177777777777777,0.954,0.9428318694910213,0.9569825783104435,0.7770978375899604,0.9677224074856877,0.9427315448165181,344.05424194200896,1.660254831891507,345.71449677390046
success,IoT_Original_Distribution,QVE,FakeKolkataV2,full,0,6,5,2048,2,139,150,0.012177777777777777,0.952,0.9290153899143613,0.954844349817144,0.7615061436964442,0.9446871134908333,0.9285840594337607,343.7328609190881,1.1763091280590743,344.9091700471472
success,IoT_Original_Distribution,QVE,FakeKolkataV2,full,0,6,6,3072,0,139,150,0.012177777777777777,0.9573333333333334,0.9287805489017269,0.959358448565338,0.7795740834426378,0.9511008824803385,0.928114666591984,330.1992299410049,1.1640640920959413,331.36329403310083
success,IoT_Original_Distribution,QVE,FakeKolkataV2,full,0,6,7,4096,1,139,150,0.012177777777777777,0.958,0.9418611933054655,0.9603440059860919,0.7898447618906402,0.9706187799748459,0.9416514624934076,323.0829768619733,1.9797624240163714,325.06273928598966
success,IoT_Original_Distribution,QVE,FakeKolkataV2,full,0,6,8,5120,2,139,150,0.012177777777777777,0.9506666666666667,0.9314577364457595,0.9538110997616617,0.7588488724019831,0.9644085398629573,0.9311572871449028,297.56428637204226,2.5465562249301,300.11084259697236
success,IoT_Original_Distribution,QVE,FakeKolkataV2,full,0,6,9,6144,0,139,150,0.012177777777777777,0.9546666666666667,0.9431997870774819,0.9575561457269323,0.7795008184186926,0.9714642076203299,0.943094064170358,352.2706465719966,1.3621529340744019,353.632799506071
success,IoT_Original_Distribution,QVE,ideal,full,3,6,0,42,1,126,142,,0.942,0.9393875346390494,0.9469454753124061,0.7390818032083202,0.9646694743214399,0.939382025096923,283.50417988793924,3.1234334210166708,286.6276133089559
success,IoT_Original_Distribution,QVE,ideal,full,3,6,1,123,2,126,142,,0.962,0.959959607345827,0.9642948135792173,0.8145445086835679,0.9903245502794608,0.9599563185778653,282.46335751505103,3.383048173971474,285.8464056890225
success,IoT_Original_Distribution,QVE,ideal,full,3,6,2,456,0,126,142,,0.9506666666666667,0.9537050083759961,0.9545365998879238,0.7741138661931201,0.9738648046383711,0.953697667991912,377.4623055589618,5.408852225053124,382.87115778401494
success,IoT_Original_Distribution,QVE,ideal,full,3,6,3,789,1,126,142,,0.9486666666666667,0.9335321653906972,0.9522169191565624,0.7540465406697309,0.9658541167629514,0.9333460817583823,391.9989851730643,2.2574482989730313,394.2564334720373
success,IoT_Original_Distribution,QVE,ideal,full,3,6,4,1024,2,126,142,,0.956,0.9439356222504032,0.9587066233386886,0.7843612123097239,0.9701751913954253,0.9438186851486957,393.71769506589044,1.1981650840025395,394.915860149893
success,IoT_Original_Distribution,QVE,ideal,full,3,6,5,2048,0,126,142,,0.948,0.9140951575783195,0.9509622986214916,0.7384668422404976,0.9501302062947828,0.9131410074352514,376.20243457495235,5.537361671915278,381.7397962468676
success,IoT_Original_Distribution,QVE,ideal,full,3,6,6,3072,1,126,142,,0.9546666666666667,0.9241306968515648,0.9569284538432317,0.7673304473147916,0.9442539622897521,0.9233652273571288,391.0451267029857,1.1555310561088845,392.2006577590946
success,IoT_Original_Distribution,QVE,ideal,full,3,6,7,4096,2,126,142,,0.9526666666666667,0.9420960343181,0.955838722862345,0.7723451313775843,0.9641632614719835,0.9420060875757063,391.95098686707206,1.4453524890122935,393.39633935608435
success,IoT_Original_Distribution,QVE,ideal,full,3,6,8,5120,0,126,142,,0.9473333333333334,0.932796330217776,0.9510871855329268,0.7494903035980528,0.9704726566780956,0.9326245152943139,292.14584790496156,3.285078646033071,295.4309265509946
success,IoT_Original_Distribution,QVE,ideal,full,3,6,9,6144,1,126,142,,0.9553333333333334,0.9435677046639426,0.9581308231267048,0.7819218634193963,0.9719704204697864,0.9434564442276008,283.76336696604267,4.085325642954558,287.8486926089972
success,IoT_Original_Distribution,QVE,FakeKolkataV2,full,3,6,0,42,2,138,142,0.012177777777777777,0.946,0.9384168584534937,0.9501818772350061,0.7495895011487894,0.9733116235863875,0.938370388608593,357.5278735340107,1.3273097180062905,358.855183252017
success,IoT_Original_Distribution,QVE,FakeKolkataV2,full,3,6,1,123,0,138,142,0.012177777777777777,0.9626666666666667,0.9666838883409266,0.9650462376574735,0.8208047104521115,0.9902514886310857,0.966671228510056,330.9343574360246,0.5365987149998546,331.47095615102444
success,IoT_Original_Distribution,QVE,FakeKolkataV2,full,3,6,2,456,1,138,142,0.012177777777777777,0.9506666666666667,0.9537050083759961,0.9545365998879238,0.7741138661931201,0.9730924386412619,0.953697667991912,327.03113747609314,1.7234122239751741,328.7545497000683
success,IoT_Original_Distribution,QVE,FakeKolkataV2,full,3,6,3,789,2,138,142,0.012177777777777777,0.948,0.9331642478042366,0.9516515444015443,0.7517601885785661,0.965332247845986,0.9329853682833612,327.61857805005275,1.1948497319826856,328.81342778203543
success,IoT_Original_Distribution,QVE,FakeKolkataV2,full,3,6,4,1024,0,138,142,0.012177777777777777,0.9546666666666667,0.9431997870774819,0.9575561457269323,0.7795008184186926,0.9701386605712378,0.943094064170358,331.2081226219889,2.0155565299792215,333.2236791519681
success,IoT_Original_Distribution,QVE,FakeKolkataV2,full,3,6,5,2048,1,138,142,0.012177777777777777,0.9513333333333334,0.9286474723279007,0.9542723051102255,0.759093709903244,0.944269618357261,0.9282271176333602,320.9966540420428,4.33300991600845,325.32966395805124
success,IoT_Original_Distribution,QVE,FakeKolkataV2,full,3,6,6,3072,2,138,142,0.012177777777777777,0.9573333333333334,0.9287805489017269,0.959358448565338,0.7795740834426378,0.9493004347168079,0.928114666591984,324.21035638591275,2.2791762379929423,326.4895326239057
success,IoT_Original_Distribution,QVE,FakeKolkataV2,full,3,6,7,4096,0,138,142,0.012177777777777777,0.954,0.9428318694910213,0.9569825783104435,0.7770978375899604,0.9641423867153047,0.9427315448165181,317.4955561470706,2.9640123199205846,320.4595684669912
success,IoT_Original_Distribution,QVE,FakeKolkataV2,full,3,6,8,5120,1,138,142,0.012177777777777777,0.9506666666666667,0.9314577364457595,0.9538110997616617,0.7588488724019831,0.9643250408362428,0.9311572871449028,326.49606877204496,2.572432173998095,329.06850094604306
success,IoT_Original_Distribution,QVE,FakeKolkataV2,full,3,6,9,6144,2,138,142,0.012177777777777777,0.954,0.9428318694910213,0.9569825783104435,0.7770978375899604,0.9715529253362141,0.9427315448165181,331.0086867760401,2.387036655913107,333.39572343195323
success,IoT_Original_Distribution,QVE,ideal,linear,0,6,0,42,0,27,20,,0.9486666666666667,0.9462448922079751,0.952642031445623,0.7629735939450754,0.9710206190409093,0.9462401919373323,253.3186620961642,6.30341300892178,259.62207510508597
success,IoT_Original_Distribution,QVE,ideal,linear,0,6,1,123,1,27,20,,0.958,0.9672866469400216,0.9610811425606849,0.8057393317600834,0.9899122738350581,0.9672190330688188,268.3917274810374,2.6372822480043396,271.0290097290417
success,IoT_Original_Distribution,QVE,ideal,linear,0,6,2,456,2,27,20,,0.9486666666666667,0.9526012556166142,0.9528456958627664,0.7674750864823916,0.9751851329982933,0.9525889317116283,268.8140563610941,2.6547532400581986,271.4688096011523
success,IoT_Original_Distribution,QVE,ideal,linear,0,6,3,789,0,27,20,,0.948,0.9395206112128756,0.951868376824414,0.7562464341718923,0.9637509850275807,0.9394625756575491,255.92749277909752,6.345957760931924,262.27345054002944
success,IoT_Original_Distribution,QVE,ideal,linear,0,6,4,1024,1,27,20,,0.9393333333333334,0.9347376825888873,0.944620746561129,0.7283677434951519,0.973499496396495,0.9347205482951547,269.29575543804094,2.814962633070536,272.1107180711115
success,IoT_Original_Distribution,QVE,ideal,linear,0,6,5,2048,2,27,20,,0.946,0.9225259499318961,0.9496188246739429,0.7381560452446436,0.9503180791048904,0.9220728833133257,270.6126690279925,1.8979561378946528,272.5106251658872
success,IoT_Original_Distribution,QVE,ideal,linear,0,6,6,3072,0,27,20,,0.9466666666666667,0.9165375041097177,0.9499474222287132,0.7359532448416131,0.9436590317244113,0.9157861236774312,250.9534110518871,6.314320161007345,257.26773121289443
success,IoT_Original_Distribution,QVE,ideal,linear,0,6,7,4096,1,27,20,,0.9513333333333334,0.9413601991451788,0.9546991571224553,0.7676619128243972,0.9687139584279221,0.9412800712153847,270.17654231295455,2.543149218079634,272.7196915310342
success,IoT_Original_Distribution,QVE,ideal,linear,0,6,8,5120,2,27,20,,0.9506666666666667,0.9378140998543986,0.9540258657478741,0.7631722598254365,0.9724766333192428,0.9376805166491238,269.2065824259771,2.8195057088742033,272.0260881348513
success,IoT_Original_Distribution,QVE,ideal,linear,0,6,9,6144,0,27,20,,0.952,0.9353717533230004,0.9550594484167518,0.7657328544075529,0.9708797144333285,0.9351475620714368,115.98550501908176,3.175333558116108,119.16083857719786
success,IoT_Original_Distribution,QVE,FakeKolkataV2,linear,0,6,0,42,1,33,20,0.012177777777777777,0.9473333333333334,0.945509057035054,0.9515171702284452,0.7585570226895514,0.9671796638120438,0.945506387878195,202.6568757588975,1.0907987490063533,203.74767450790387
success,IoT_Original_Distribution,QVE,FakeKolkataV2,linear,0,6,1,123,2,33,20,0.012177777777777777,0.958,0.9609302835313825,0.9609047520371875,0.8017003432110631,0.9913004451541862,0.9609235073209339,200.98769990704022,1.7969677450601012,202.78466765210032
success,IoT_Original_Distribution,QVE,FakeKolkataV2,linear,0,6,2,456,0,33,20,0.012177777777777777,0.9486666666666667,0.9526012556166142,0.9528456958627664,0.7674750864823916,0.9752634133358383,0.9525889317116283,185.8860583360074,1.8750418800627813,187.7611002160702
success,IoT_Original_Distribution,QVE,FakeKolkataV2,linear,0,6,3,789,1,33,20,0.012177777777777777,0.948,0.9395206112128756,0.951868376824414,0.7562464341718923,0.9638553588109737,0.9394625756575491,178.35643663606606,1.6505339690484107,180.00697060511447
success,IoT_Original_Distribution,QVE,FakeKolkataV2,linear,0,6,4,1024,2,33,20,0.012177777777777777,0.9393333333333334,0.9347376825888873,0.944620746561129,0.7283677434951519,0.9733585917889146,0.9347205482951547,186.0271757640876,1.1415544180199504,187.16873018210754
success,IoT_Original_Distribution,QVE,FakeKolkataV2,linear,0,6,5,2048,0,33,20,0.012177777777777777,0.946,0.9257041316362156,0.9497346811906696,0.7404311685150645,0.9504850771583193,0.9253666266478207,185.04158010904212,1.430678846896626,186.47225895593874
success,IoT_Original_Distribution,QVE,FakeKolkataV2,linear,0,6,6,3072,1,33,20,0.012177777777777777,0.948,0.917273339282639,0.9510813789685726,0.7406638990920347,0.9439564970070817,0.9164924763653052,185.61329229187686,0.19683753105346113,185.81012982293032
success,IoT_Original_Distribution,QVE,FakeKolkataV2,linear,0,6,7,4096,2,33,20,0.012177777777777777,0.9513333333333334,0.9413601991451788,0.9546991571224553,0.7676619128243972,0.9686617715362256,0.9412800712153847,181.59657263802364,1.7050821209559217,183.30165475897957
success,IoT_Original_Distribution,QVE,FakeKolkataV2,linear,0,6,8,5120,0,33,20,0.012177777777777777,0.952,0.9385499350273199,0.9551646827188816,0.7678596108689535,0.9680042167008491,0.9384037566460813,201.34117988403887,0.3294532970758155,201.67063318111468
success,IoT_Original_Distribution,QVE,FakeKolkataV2,linear,0,6,9,6144,1,33,20,0.012177777777777777,0.946,0.9352386767491742,0.9500724568471599,0.7472915777441907,0.9683382128077069,0.9351447717647691,199.8184593359474,1.2063766119536012,201.024835947901
success,IoT_Original_Distribution,QVE,ideal,linear,3,6,0,42,2,27,20,,0.9486666666666667,0.9462448922079751,0.952642031445623,0.7629735939450754,0.971025837730079,0.9462401919373323,99.78967072803061,3.5921625409973785,103.381833269028
success,IoT_Original_Distribution,QVE,ideal,linear,3,6,1,123,0,27,20,,0.958,0.9609302835313825,0.9609047520371875,0.8017003432110631,0.9911595405466055,0.9609235073209339,268.25157806591596,2.874205791973509,271.1257838578895
success,IoT_Original_Distribution,QVE,ideal,linear,3,6,2,456,1,27,20,,0.9486666666666667,0.9526012556166142,0.9528456958627664,0.7674750864823916,0.9751851329982936,0.9525889317116283,266.8700082260184,2.3597062720218673,269.22971449804027
success,IoT_Original_Distribution,QVE,ideal,linear,3,6,3,789,2,27,20,,0.948,0.9395206112128756,0.951868376824414,0.7562464341718923,0.9637509850275807,0.9394625756575491,255.08278198400512,6.532589948968962,261.6153719329741
success,IoT_Original_Distribution,QVE,ideal,linear,3,6,4,1024,0,27,20,,0.9466666666666667,0.9387847760399544,0.9507430728816021,0.7517929125127727,0.9729202218986635,0.9387345921498081,252.5088639779715,6.125488624093123,258.6343526020646
success,IoT_Original_Distribution,QVE,ideal,linear,3,6,5,2048,1,27,20,,0.9466666666666667,0.9260720492226762,0.950298233240945,0.7427041951409588,0.9431476001857855,0.9257246713997165,269.5651580480626,1.9594779040198773,271.52463595208246
success,IoT_Original_Distribution,QVE,ideal,linear,3,6,6,3072,2,27,20,,0.9466666666666667,0.9165375041097177,0.9499474222287132,0.7359532448416131,0.943664250413581,0.9157861236774312,267.5301049600821,2.865772529039532,270.39587748912163
success,IoT_Original_Distribution,QVE,ideal,linear,3,6,7,4096,0,27,20,,0.9513333333333334,0.9413601991451788,0.9546991571224553,0.7676619128243972,0.9687191771170918,0.9412800712153847,252.92165805294644,6.5607352330116555,259.4823932859581
success,IoT_Original_Distribution,QVE,ideal,linear,3,6,8,5120,1,27,20,,0.9506666666666667,0.9378140998543986,0.9540258657478741,0.7631722598254365,0.9724818520084125,0.9376805166491238,267.02649749291595,2.3994049719767645,269.4259024648927
success,IoT_Original_Distribution,QVE,ideal,linear,3,6,9,6144,2,27,20,,0.9433333333333334,0.9369451881076512,0.947946547380976,0.7409271226482088,0.9681659960651083,0.9369121586854037,268.41637262003496,1.955330066033639,270.3717026860686
success,IoT_Original_Distribution,QVE,FakeKolkataV2,linear,3,6,0,42,0,33,20,0.012177777777777777,0.9473333333333334,0.945509057035054,0.9515171702284452,0.7585570226895514,0.967190101190383,0.945506387878195,181.99869207595475,1.8320133150555193,183.83070539101027
success,IoT_Original_Distribution,QVE,FakeKolkataV2,linear,3,6,1,123,1,33,20,0.012177777777777777,0.958,0.9609302835313825,0.9609047520371875,0.8017003432110631,0.9913056638433558,0.9609235073209339,178.1674334751442,2.7838717410340905,180.9513052161783
success,IoT_Original_Distribution,QVE,FakeKolkataV2,linear,3,6,2,456,2,33,20,0.012177777777777777,0.9413333333333334,0.9421977987569082,0.9465012490872056,0.7394124886784728,0.9763697754398051,0.9421971972906709,173.502521204995,2.985385823994875,176.48790702898987
success,IoT_Original_Distribution,QVE,FakeKolkataV2,linear,3,6,3,789,0,33,20,0.012177777777777777,0.9453333333333334,0.9348707591627134,0.9495116497036421,0.7450868226289773,0.9660002400597018,0.9347819609764231,184.50079754297622,3.347313468926586,187.8481110119028
success,IoT_Original_Distribution,QVE,FakeKolkataV2,linear,3,6,4,1024,1,33,20,0.012177777777777777,0.946,0.9384168584534937,0.9501818772350061,0.7495895011487894,0.9729306592770027,0.938370388608593,188.8029693920398,1.4699657340534031,190.27293512609322
success,IoT_Original_Distribution,QVE,FakeKolkataV2,linear,3,6,5,2048,2,33,20,0.012177777777777777,0.946,0.9257041316362156,0.9497346811906696,0.7404311685150645,0.9505059519149981,0.9253666266478207,183.1016857729992,3.430535393068567,186.53222116606776
success,IoT_Original_Distribution,QVE,FakeKolkataV2,linear,3,6,6,3072,0,33,20,0.012177777777777777,0.948,0.917273339282639,0.9510813789685726,0.7406638990920347,0.943940840939573,0.9164924763653052,177.9954677959904,2.5360163160366938,180.5314841120271
success,IoT_Original_Distribution,QVE,FakeKolkataV2,linear,3,6,7,4096,1,33,20,0.012177777777777777,0.9513333333333334,0.9413601991451788,0.9546991571224553,0.7676619128243972,0.9686513341578861,0.9412800712153847,186.70678603101987,1.6553258850472048,188.36211191606708
success,IoT_Original_Distribution,QVE,FakeKolkataV2,linear,3,6,8,5120,2,33,20,0.012177777777777777,0.952,0.9385499350273199,0.9551646827188816,0.7678596108689535,0.9679937793225097,0.9384037566460813,171.36874104302842,3.110287861083634,174.47902890411206
success,IoT_Original_Distribution,QVE,FakeKolkataV2,linear,3,6,9,6144,0,33,20,0.012177777777777777,0.95,0.9406243639722575,0.9535637837337912,0.7630464152967588,0.9689018312380296,0.9405534944407948,415.7435856719967,2.878222333965823,418.6218080059625
success,IoT_Original_Distribution,QWE,ideal,full,0,6,0,42,1,186,225,,0.946,0.9257041316362156,0.9497346811906696,0.7404311685150645,0.9588767293431234,0.9253666266478207,597.0933533969801,5.160405147005804,602.2537585439859
success,IoT_Original_Distribution,QWE,ideal,full,0,6,1,123,2,186,225,,0.9573333333333334,0.9446714574233244,0.9598616442819057,0.7892958031689904,0.9841925905051169,0.9445427502227002,605.8419034029357,4.995031686848961,610.8369350897847
success,IoT_Original_Distribution,QWE,ideal,full,0,6,2,456,0,186,225,,0.9613333333333334,0.9564135080550468,0.963624615130477,0.8101380477733999,0.9693297637499411,0.9563943162439121,809.4052528690081,5.011507568880916,814.416760437889
success,IoT_Original_Distribution,QWE,ideal,full,0,6,3,789,1,186,225,,0.9533333333333334,0.9361075884959216,0.9562039944501242,0.7705303644616922,0.9630986488813741,0.9358671832337763,838.6460680408636,4.688378790742718,843.3344468316063
success,IoT_Original_Distribution,QWE,ideal,full,0,6,4,1024,2,186,225,,0.956,0.9344010771374446,0.9584043158192588,0.7783563782665744,0.9620392549799343,0.9340223932608794,837.9432796781184,5.252880061976612,843.196159740095
success,IoT_Original_Distribution,QWE,ideal,full,0,6,5,2048,0,186,225,,0.952,0.9131244813927637,0.9542782546360052,0.7511094888851704,0.9508712601568737,0.9118685117819177,834.3857553331181,5.407277227030136,839.7930325601483
success,IoT_Original_Distribution,QWE,ideal,full,0,6,6,3072,1,186,225,,0.96,0.9238958558389304,0.9614951467551764,0.7865659476978232,0.9548374639258111,0.9228253212070409,801.4500498910202,5.0849870551610366,806.5350369461812
success,IoT_Original_Distribution,QWE,ideal,full,0,6,7,4096,2,186,225,,0.9533333333333334,0.9297512250872826,0.9559918064551846,0.7663867213399324,0.9581461128593721,0.929297531732208,833.7864175027935,6.076666527078487,839.863084029872
success,IoT_Original_Distribution,QWE,ideal,full,0,6,8,5120,0,186,225,,0.9453333333333334,0.9158016689367965,0.9488177051413007,0.7313129443797038,0.9551401478976511,0.9150792257537382,743.083101372933,8.786266900948249,751.8693682738813
success,IoT_Original_Distribution,QWE,ideal,full,0,6,9,6144,1,186,225,,0.9493333333333334,0.9402564463857968,0.9529976393600043,0.7607635269721875,0.9641058558911172,0.9401899954921694,745.8557490679668,6.813149744994007,752.6688988129608
success,IoT_Original_Distribution,QWE,FakeKolkataV2,full,0,6,0,42,2,199,225,0.012177777777777777,0.9553333333333334,0.9467458863682621,0.9582294600985467,0.7839663000045791,0.968473898726118,0.9466868164726303,790.6015807188815,4.864590462995693,795.4661711818771
success,IoT_Original_Distribution,QWE,FakeKolkataV2,full,0,6,1,123,0,199,225,0.012177777777777777,0.9566666666666667,0.9443035398368638,0.9592835593447213,0.7868191092934059,0.9841873718159472,0.9441807870937841,726.3528379380004,7.204440203960985,733.5572781419614
success,IoT_Original_Distribution,QWE,FakeKolkataV2,full,0,6,2,456,1,199,225,0.012177777777777777,0.9433333333333334,0.9401233698119706,0.9480566018770017,0.743294271125954,0.9640693250669297,0.9401150583923145,741.6441470198333,3.8757023070938885,745.5198493269272
success,IoT_Original_Distribution,QWE,FakeKolkataV2,full,0,6,3,789,2,199,225,0.012177777777777777,0.9506666666666667,0.9346359181500791,0.9539192572388504,0.7610065361418865,0.9641945736070013,0.9344273867146559,742.2854478590889,3.0929710139753297,745.3784188730642
success,IoT_Original_Distribution,QWE,FakeKolkataV2,full,0,6,4,1024,0,199,225,0.012177777777777777,0.95,0.9310898188592989,0.9532419329461342,0.7564924503461042,0.9762967137914298,0.9307985287855473,720.5910043589538,4.399064515018836,724.9900688739726
success,IoT_Original_Distribution,QWE,FakeKolkataV2,full,0,6,5,2048,1,199,225,0.012177777777777777,0.956,0.9185101686158471,0.9578698489010989,0.7685900347721587,0.9499214587279966,0.917349052800664,746.5785421361215,4.140820491826162,750.7193626279477
success,IoT_Original_Distribution,QWE,FakeKolkataV2,full,0,6,6,3072,2,199,225,0.012177777777777777,0.9586666666666667,0.9231600206660091,0.9603182156133828,0.7811267847728178,0.9553802075994553,0.9221238195311972,744.6638864449924,4.733769829967059,749.3976562749594
success,IoT_Original_Distribution,QWE,FakeKolkataV2,full,0,6,7,4096,0,199,225,0.012177777777777777,0.956,0.9439356222504032,0.9587066233386886,0.7843612123097239,0.9656819000203528,0.9438186851486957,744.5306390869664,3.912239736993797,748.4428788239602
success,IoT_Original_Distribution,QWE,FakeKolkataV2,full,0,6,8,5120,1,199,225,0.012177777777777777,0.9526666666666667,0.929383307500822,0.9554175125808769,0.7639370639604357,0.9694915431142006,0.9289408640807164,717.2451269200537,5.373085475061089,722.6182123951148
success,IoT_Original_Distribution,QWE,FakeKolkataV2,full,0,6,9,6144,2,199,225,0.012177777777777777,0.9493333333333334,0.9402564463857968,0.9529976393600043,0.7607635269721875,0.9651130629008605,0.9401899954921694,747.942860428011,3.0973822980886325,751.0402427260997
success,IoT_Original_Distribution,QWE,ideal,full,3,6,0,42,0,181,193,,0.946,0.9257041316362156,0.9497346811906696,0.7404311685150645,0.9588819480322933,0.9253666266478207,856.9918052250287,4.6765453750267625,861.6683506000554
success,IoT_Original_Distribution,QWE,ideal,full,3,6,1,123,1,181,193,,0.9573333333333334,0.9446714574233244,0.9598616442819057,0.7892958031689904,0.9842030278834561,0.9445427502227002,832.324400089914,4.94923566293437,837.2736357528483
success,IoT_Original_Distribution,QWE,ideal,full,3,6,2,456,2,181,193,,0.9433333333333334,0.9369451881076512,0.947946547380976,0.7409271226482088,0.9629055573820967,0.9369121586854037,856.1509827160044,5.313903166912496,861.4648858829169
success,IoT_Original_Distribution,QWE,ideal,full,3,6,3,789,0,181,193,,0.9533333333333334,0.9361075884959216,0.9562039944501242,0.7705303644616922,0.9630934301922043,0.9358671832337763,840.4463841310935,5.325073285028338,845.7714574161218
success,IoT_Original_Distribution,QWE,ideal,full,3,6,4,1024,1,181,193,,0.956,0.9344010771374446,0.9584043158192588,0.7783563782665744,0.9620340362907646,0.9340223932608794,857.649227013113,5.149217362166382,862.7984443752794
success,IoT_Original_Distribution,QWE,ideal,full,3,6,5,2048,2,181,193,,0.9566666666666667,0.9188780862023077,0.9584533630522828,0.7712348391774375,0.9477452653442509,0.9176988522615374,858.1705585250165,5.2890235260128975,863.4595820510294
success,IoT_Original_Distribution,QWE,ideal,full,3,6,6,3072,0,181,193,,0.9546666666666667,0.9177743334429258,0.9567066032411514,0.7633654895224282,0.9345941686367218,0.9166490534215047,832.7241948329611,5.158747794106603,837.8829426270677
success,IoT_Original_Distribution,QWE,ideal,full,3,6,7,4096,1,181,193,,0.9533333333333334,0.9297512250872826,0.9559918064551846,0.7663867213399324,0.9581461128593719,0.929297531732208,858.372308250051,5.651766723021865,864.0240749730729
success,IoT_Original_Distribution,QWE,ideal,full,3,6,8,5120,2,181,193,,0.9453333333333334,0.9158016689367965,0.9488177051413007,0.7313129443797038,0.9551401478976511,0.9150792257537382,858.953635788057,4.450733441859484,863.4043692299165
success,IoT_Original_Distribution,QWE,ideal,full,3,6,9,6144,0,181,193,,0.974,0.9506912153805207,0.9746573088872077,0.8568870354750107,0.9826374211325599,0.9502577476796993,671.695374442148,3.1096165850758553,674.8049910272239
success,IoT_Original_Distribution,QWE,FakeKolkataV2,full,3,6,0,42,1,209,193,0.012177777777777777,0.944,0.9246003788768338,0.9480500224505309,0.7337098285325372,0.9585949201279623,0.924291660213338,828.3033958540764,3.7715215369826183,832.074917391059
success,IoT_Original_Distribution,QWE,FakeKolkataV2,full,3,6,1,123,2,209,193,0.012177777777777777,0.958,0.9482175567141046,0.9605363729033454,0.7937504591409464,0.9843856820043941,0.9481410213489664,828.3214997660834,3.335243269917555,831.656743036001
success,IoT_Original_Distribution,QWE,FakeKolkataV2,full,3,6,2,456,0,209,193,0.012177777777777777,0.944,0.9404912873984312,0.9486135122484006,0.7454219345005928,0.9627229032611588,0.9404813607862621,809.2504503689706,3.9029183678794652,813.1533687368501
success,IoT_Original_Distribution,QWE,FakeKolkataV2,full,3,6,3,789,1,209,193,0.012177777777777777,0.9506666666666667,0.9346359181500791,0.9539192572388504,0.7610065361418865,0.9635944243524912,0.9344273867146559,809.1890552801779,3.5231597209349275,812.7122150011128
success,IoT_Original_Distribution,QWE,FakeKolkataV2,full,3,6,4,1024,2,209,193,0.012177777777777777,0.95,0.9310898188592989,0.9532419329461342,0.7564924503461042,0.9765263361148947,0.9307985287855473,798.9387209408451,3.8413412771187723,802.7800622179639
success,IoT_Original_Distribution,QWE,FakeKolkataV2,full,3,6,5,2048,0,209,193,0.012177777777777777,0.9526666666666667,0.9134923989792244,0.954855156513257,0.753651251609038,0.9546704658723822,0.9122175523733729,793.4867886658758,5.051587812951766,798.5383764788276
success,IoT_Original_Distribution,QWE,FakeKolkataV2,full,3,6,6,3072,1,209,193,0.012177777777777777,0.9586666666666667,0.9231600206660091,0.9603182156133828,0.7811267847728178,0.9538928811861037,0.9221238195311972,806.6260889949044,3.822166531230323,810.4482555261347
success,IoT_Original_Distribution,QWE,FakeKolkataV2,full,3,6,7,4096,2,209,193,0.012177777777777777,0.9606666666666667,0.9337983185383496,0.9623875885668899,0.7946463331121565,0.9641997922961709,0.933211879078691,786.2095580449095,5.5375684519531205,791.7471264968626
success,IoT_Original_Distribution,QWE,FakeKolkataV2,full,3,6,8,5120,0,209,193,0.012177777777777777,0.9453333333333334,0.918979850641116,0.9489375553187261,0.7335942372336183,0.9559907942323048,0.9184065750229508,691.6346347109647,3.6542503520613536,695.2888850630261
success,IoT_Original_Distribution,QWE,FakeKolkataV2,full,3,6,9,6144,1,209,193,0.012177777777777777,0.964,0.9515288149922503,0.9657961251108015,0.8168986827774404,0.9652800609542894,0.9514048555153639,692.6925262330333,3.124496206990443,695.8170224400237
success,IoT_Original_Distribution,QWE,ideal,linear,0,6,0,42,2,42,30,,0.956,0.9502919856590422,0.9589009591589748,0.7884188350501546,0.9667569499893017,0.9502659854444986,367.8510491519701,4.66562292992603,372.5166720818961
success,IoT_Original_Distribution,QWE,ideal,linear,0,6,1,123,0,42,30,,0.958,0.9513957384184241,0.9606304754773493,0.7957211339159973,0.987814360788857,0.9513609725396013,454.2591822859831,8.446255422080867,462.705437708064
success,IoT_Original_Distribution,QWE,ideal,linear,0,6,2,456,1,42,30,,0.9513333333333334,0.9508947442581372,0.95500357222028,0.7741725697493775,0.9791043685647041,0.9508945908525586,496.79975282703526,8.814061262877658,505.6138140899129
success,IoT_Original_Distribution,QWE,ideal,linear,0,6,3,789,2,42,30,,0.9506666666666667,0.9378140998543986,0.9540258657478741,0.7631722598254365,0.9548896508175077,0.9376805166491238,496.69541168108117,8.691463466151617,505.3868751472328
success,IoT_Original_Distribution,QWE,ideal,linear,0,6,4,1024,0,42,30,,0.9453333333333334,0.9380489408670329,0.9496216377136452,0.7474014016511811,0.9659480531680052,0.9380060436565519,489.21136276004836,9.111654317937791,498.32301707798615
success,IoT_Original_Distribution,QWE,ideal,linear,0,6,5,2048,1,42,30,,0.952,0.9163026630970833,0.9543948334810689,0.7531680943254634,0.9392962075785805,0.91524744854442,460.7066766669741,9.370413349941373,470.07709001691546
success,IoT_Original_Distribution,QWE,ideal,linear,0,6,6,3072,2,42,30,,0.9466666666666667,0.9101811407010787,0.9497049216630682,0.7314868724656389,0.9397919830496976,0.9090713625176996,491.93693011882715,6.481094107963145,498.4180242267903
success,IoT_Original_Distribution,QWE,ideal,linear,0,6,7,4096,0,42,30,,0.9633333333333334,0.9416263522928311,0.9649375825623552,0.8089859883220626,0.9612147020911287,0.941246805145815,454.1135730340611,8.106905546970665,462.2204785810318
success,IoT_Original_Distribution,QWE,ideal,linear,0,6,8,5120,1,42,30,,0.96,0.9366085826562084,0.9618985455300044,0.7938063807213714,0.9635996430416608,0.9361654684910545,493.83928847301286,7.467818400124088,501.30710687313695
success,IoT_Original_Distribution,QWE,ideal,linear,0,6,9,6144,2,42,30,,0.954,0.9332973243780627,0.9566733572969086,0.7709006848307817,0.9661672381131309,0.9329490095774977,491.7073815681506,9.243723116931506,500.9511046850821
success,IoT_Original_Distribution,QWE,FakeKolkataV2,linear,0,6,0,42,0,48,30,0.012177777777777777,0.956,0.9502919856590422,0.9589009591589748,0.7884188350501546,0.9666682322734176,0.9502659854444986,349.27063009305857,5.432253460981883,354.70288355404045
success,IoT_Original_Distribution,QWE,FakeKolkataV2,linear,0,6,1,123,1,48,30,0.012177777777777777,0.9593333333333334,0.9553097552956649,0.9618803016526716,0.8026207691642978,0.988148356895715,0.9552969041598842,355.6036359039135,4.892237997031771,360.4958739009453
success,IoT_Original_Distribution,QWE,FakeKolkataV2,linear,0,6,2,456,2,48,30,0.012177777777777777,0.9433333333333334,0.9433015515162901,0.9481651195580981,0.7456654643806729,0.968954018129726,0.9433015507042737,356.6569999109488,5.5495393628953025,362.2065392738441
success,IoT_Original_Distribution,QWE,FakeKolkataV2,linear,0,6,3,789,0,48,30,0.012177777777777777,0.9506666666666667,0.9378140998543986,0.9540258657478741,0.7631722598254365,0.9547800583449448,0.9376805166491238,370.52085383504163,3.422985596000217,373.94383943104185
success,IoT_Original_Distribution,QWE,FakeKolkataV2,linear,0,6,4,1024,1,48,30,0.012177777777777777,0.9446666666666667,0.9376810232805723,0.9490623434045687,0.745228427266977,0.965650587885335,0.9376415571288382,365.72665043896995,4.843951238901354,370.5706016778713
success,IoT_Original_Distribution,QWE,FakeKolkataV2,linear,0,6,5,2048,2,48,30,0.012177777777777777,0.952,0.9163026630970833,0.9543948334810689,0.7531680943254634,0.9399537624139568,0.91524744854442,352.46997189486865,5.7149949870072305,358.1849668818759
success,IoT_Original_Distribution,QWE,FakeKolkataV2,linear,0,6,6,3072,0,48,30,0.012177777777777777,0.948,0.917273339282639,0.9510813789685726,0.7406638990920347,0.9462370641742208,0.9164924763653052,352.71555901609827,4.181302375975065,356.89686139207333
success,IoT_Original_Distribution,QWE,FakeKolkataV2,linear,0,6,7,4096,1,48,30,0.012177777777777777,0.9633333333333334,0.9416263522928311,0.9649375825623552,0.8089859883220626,0.9615017299954597,0.941246805145815,364.3717946030665,2.797065183869563,367.1688597869361
success,IoT_Original_Distribution,QWE,FakeKolkataV2,linear,0,6,8,5120,2,48,30,0.012177777777777777,0.96,0.9366085826562084,0.9618985455300044,0.7938063807213714,0.9621123166283092,0.9361654684910545,358.00575070106424,4.140803075162694,362.14655377622694
success,IoT_Original_Distribution,QWE,FakeKolkataV2,linear,0,6,9,6144,0,48,30,0.012177777777777777,0.954,0.9332973243780627,0.9566733572969086,0.7709006848307817,0.9657967111820852,0.9329490095774977,427.9552594041452,2.5751022931654006,430.5303616973106
success,IoT_Original_Distribution,QWE,ideal,linear,3,6,0,42,1,42,30,,0.952,0.9417281167316394,0.9552684099168505,0.7699949480535957,0.9614286683470846,0.9416431493662896,357.41249510017224,8.190716050099581,365.6032111502718
success,IoT_Original_Distribution,QWE,ideal,linear,3,6,1,123,2,42,30,,0.958,0.9513957384184241,0.9606304754773493,0.7957211339159973,0.987814360788857,0.9513609725396013,366.4945213540923,5.256243614130653,371.75076496822294
success,IoT_Original_Distribution,QWE,ideal,linear,3,6,2,456,0,42,30,,0.9433333333333334,0.9433015515162901,0.9481651195580981,0.7456654643806729,0.9689592368188958,0.9433015507042737,500.50497050595004,7.346652015927248,507.8516225218773
success,IoT_Original_Distribution,QWE,ideal,linear,3,6,3,789,1,42,30,,0.9506666666666667,0.9378140998543986,0.9540258657478741,0.7631722598254365,0.9548896508175077,0.9376805166491238,480.62342733400874,8.728411366930231,489.35183870093897
success,IoT_Original_Distribution,QWE,ideal,linear,3,6,4,1024,2,42,30,,0.9453333333333334,0.9380489408670329,0.9496216377136452,0.7474014016511811,0.9659480531680052,0.9380060436565519,500.94233558606356,7.043213232769631,507.9855488188332
success,IoT_Original_Distribution,QWE,ideal,linear,3,6,5,2048,0,42,30,,0.952,0.9163026630970833,0.9543948334810689,0.7531680943254634,0.9392962075785805,0.91524744854442,463.81846393388696,5.681710903998464,469.5001748378854
success,IoT_Original_Distribution,QWE,ideal,linear,3,6,6,3072,1,42,30,,0.9466666666666667,0.9165375041097177,0.9499474222287132,0.7359532448416131,0.9462527202417296,0.9157861236774312,495.9928922558902,8.073023171979003,504.0659154278692
success,IoT_Original_Distribution,QWE,ideal,linear,3,6,7,4096,2,42,30,,0.9566666666666667,0.9379471764282248,0.9590850855412059,0.7828482983512342,0.9637562037167504,0.9376638199100729,496.34279847110156,7.697608409915119,504.0404068810167
success,IoT_Original_Distribution,QWE,ideal,linear,3,6,8,5120,0,42,30,,0.96,0.9366085826562084,0.9618985455300044,0.7938063807213714,0.9635996430416608,0.9361654684910545,353.20893007691484,9.127186973113567,362.3361170500284
success,IoT_Original_Distribution,QWE,ideal,linear,3,6,9,6144,1,42,30,,0.9326666666666666,0.9310585067242809,0.9391449336680486,0.7085060879116423,0.9743083932177915,0.9310564003286522,363.87512196588796,8.772813742049038,372.647935707937
success,IoT_Original_Distribution,QWE,FakeKolkataV2,linear,3,6,0,42,2,48,30,0.012177777777777777,0.956,0.9502919856590422,0.9589009591589748,0.7884188350501546,0.9666682322734176,0.9502659854444986,426.7640544429887,2.6470161168836057,429.4110705598723
success,IoT_Original_Distribution,QWE,FakeKolkataV2,linear,3,6,1,123,0,48,30,0.012177777777777777,0.9593333333333334,0.9553097552956649,0.9618803016526716,0.8026207691642978,0.988148356895715,0.9552969041598842,357.80879907903727,2.895288884988986,360.70408796402626
success,IoT_Original_Distribution,QWE,FakeKolkataV2,linear,3,6,2,456,1,48,30,0.012177777777777777,0.9513333333333334,0.9508947442581372,0.95500357222028,0.7741725697493775,0.979224398415606,0.9508945908525586,348.83074752404355,2.5944230199093,351.42517054395285
success,IoT_Original_Distribution,QWE,FakeKolkataV2,linear,3,6,3,789,2,48,30,0.012177777777777777,0.9506666666666667,0.9378140998543986,0.9540258657478741,0.7631722598254365,0.9547800583449448,0.9376805166491238,345.40841751312837,5.364255779073574,350.77267329220194
success,IoT_Original_Distribution,QWE,FakeKolkataV2,linear,3,6,4,1024,0,48,30,0.012177777777777777,0.9446666666666667,0.9376810232805723,0.9490623434045687,0.745228427266977,0.965650587885335,0.9376415571288382,358.117864002008,4.540612146141939,362.65847614814993
success,IoT_Original_Distribution,QWE,FakeKolkataV2,linear,3,6,5,2048,1,48,30,0.012177777777777777,0.952,0.9163026630970833,0.9543948334810689,0.7531680943254634,0.9399537624139568,0.91524744854442,347.1023661440704,4.181528072920628,351.28389421699103
success,IoT_Original_Distribution,QWE,FakeKolkataV2,linear,3,6,6,3072,2,48,30,0.012177777777777777,0.948,0.917273339282639,0.9510813789685726,0.7406638990920347,0.9462370641742208,0.9164924763653052,354.50525579217356,5.439647570136003,359.94490336230956
success,IoT_Original_Distribution,QWE,FakeKolkataV2,linear,3,6,7,4096,0,48,30,0.012177777777777777,0.9566666666666667,0.9379471764282248,0.9590850855412059,0.7828482983512342,0.9636831420683752,0.9376638199100729,350.6651526399655,4.721125797950663,355.3862784379162
success,IoT_Original_Distribution,QWE,FakeKolkataV2,linear,3,6,8,5120,1,48,30,0.012177777777777777,0.9593333333333334,0.9362406650697478,0.9613130882492995,0.7911796362894623,0.9638918896351613,0.9358086301062627,360.91818660497665,2.673272349056788,363.59145895403344
success,IoT_Original_Distribution,QWE,FakeKolkataV2,linear,3,6,9,6144,2,48,30,0.012177777777777777,0.954,0.9332973243780627,0.9566733572969086,0.7709006848307817,0.9657967111820852,0.9329490095774977,359.03908863000106,4.066726543940604,363.10581517394166
success,UNSW_2018_IoT_Botnet_Final_10_Best,QSVC,ideal,full,0,6,0,42,0,124,150,,0.9966666666666667,0.9825174825174825,0.9966400755284308,0.9805571131969575,0.9926204966735548,0.9823619317924351,278.2516202229308,1.2841344350017607,279.53575465793256
success,UNSW_2018_IoT_Botnet_Final_10_Best,QSVC,ideal,full,0,6,1,123,1,124,150,,0.996,0.9884051099968565,0.996,0.976810219993713,0.9989641898263859,0.9883605615127131,285.1611006130697,0.08739655907265842,285.2484971721424
success,UNSW_2018_IoT_Botnet_Final_10_Best,QSVC,ideal,full,0,6,2,456,2,124,150,,0.996,0.979020979020979,0.9959615546218488,0.9766394448969591,0.999804175191058,0.9787961779869995,285.1628332900582,0.23631317296531051,285.3991464630235
success,UNSW_2018_IoT_Botnet_Final_10_Best,QSVC,ideal,full,0,6,3,789,0,124,150,,0.9973333333333333,0.986013986013986,0.9973163830309103,0.9844649139608554,0.995186832327584,0.9859147894356651,281.3096400599461,0.09001453605014831,281.39965459599625
success,UNSW_2018_IoT_Botnet_Final_10_Best,QSVC,ideal,full,0,6,4,1024,1,124,150,,0.9953333333333333,0.9880366501589788,0.995340603358116,0.9730368435381365,0.9952280586031507,0.9879955160481791,278.68547826306894,1.344957729917951,280.0304359929869
success,UNSW_2018_IoT_Botnet_Final_10_Best,QSVC,ideal,full,0,6,5,2048,2,124,150,,0.9926666666666667,0.970922592514339,0.9926081661625477,0.9569943361344565,0.9905849493174474,0.9705508043659427,281.3073581109056,0.2403500940417871,281.5477082049474
success,UNSW_2018_IoT_Botnet_Final_10_Best,QSVC,ideal,full,0,6,6,3072,0,124,150,,0.996,0.979020979020979,0.9959615546218488,0.9766394448969591,0.992161854357875,0.9787961779869995,278.5605911129387,0.7161875520832837,279.276778665022
success,UNSW_2018_IoT_Botnet_Final_10_Best,QSVC,ideal,full,0,6,7,4096,1,124,150,,0.9906666666666667,0.951048951048951,0.9904504197573457,0.9449265089561836,0.9990775620841944,0.9497883459476127,279.1693210870726,0.2761709109181538,279.44549199799076
success,UNSW_2018_IoT_Botnet_Final_10_Best,QSVC,ideal,full,0,6,8,5120,2,124,150,,0.9953333333333333,0.9755244755244755,0.9952807936150397,0.9727117770954385,0.9891832559481786,0.9752173865600178,279.13231045601424,0.4384125239448622,279.5707229799591
success,UNSW_2018_IoT_Botnet_Final_10_Best,QSVC,ideal,full,0,6,9,6144,0,124,150,,0.996,0.979020979020979,0.9959615546218488,0.9766394448969591,0.9992218540486779,0.9787961779869995,249.81113366002683,1.4211731110699475,251.23230677109677
success,UNSW_2018_IoT_Botnet_Final_10_Best,QSVC,FakeKolkataV2,full,0,6,0,42,1,135,150,0.012177777777777777,0.9966666666666667,0.9825174825174825,0.9966400755284308,0.9805571131969575,0.9934553287537812,0.9823619317924351,278.9648159989156,0.2557756049791351,279.2205916038947
success,UNSW_2018_IoT_Botnet_Final_10_Best,QSVC,FakeKolkataV2,full,0,6,1,123,2,135,150,0.012177777777777777,0.996,0.9884051099968565,0.996,0.976810219993713,0.9989538832574941,0.9883605615127131,278.95514146005735,0.076688093948178,279.0318295540055
success,UNSW_2018_IoT_Botnet_Final_10_Best,QSVC,FakeKolkataV2,full,0,6,2,456,0,135,150,0.012177777777777777,0.9973333333333333,0.986013986013986,0.9973163830309103,0.9844649139608554,0.9998711678888539,0.9859147894356651,272.2956963389879,0.07809357903897762,272.3737899180269
success,UNSW_2018_IoT_Botnet_Final_10_Best,QSVC,FakeKolkataV2,full,0,6,3,789,1,135,150,0.012177777777777777,0.998,0.9895104895104896,0.997990503452285,0.9883629768056863,0.9968668030569284,0.9894548898363074,272.31440124299843,0.24890145799145103,272.5633027009899
success,UNSW_2018_IoT_Botnet_Final_10_Best,QSVC,FakeKolkataV2,full,0,6,4,1024,2,135,150,0.012177777777777777,0.9953333333333333,0.9880366501589788,0.995340603358116,0.9730368435381365,0.9947333432963499,0.9879955160481791,257.5719002139522,1.2766143070766702,258.84851452102885
success,UNSW_2018_IoT_Botnet_Final_10_Best,QSVC,FakeKolkataV2,full,0,6,5,2048,0,135,150,0.012177777777777777,0.992,0.9674260890178356,0.9919231092436975,0.9529995054532726,0.9875290516410634,0.9669494902608454,259.0427787429653,0.30715598992537707,259.3499347328907
success,UNSW_2018_IoT_Botnet_Final_10_Best,QSVC,FakeKolkataV2,full,0,6,6,3072,1,135,150,0.012177777777777777,0.996,0.979020979020979,0.9959615546218488,0.9766394448969591,0.9938160586649901,0.9787961779869995,259.7288223049836,1.050210041925311,260.77903234690893
success,UNSW_2018_IoT_Botnet_Final_10_Best,QSVC,FakeKolkataV2,full,0,6,7,4096,2,135,150,0.012177777777777777,0.9906666666666667,0.951048951048951,0.9904504197573457,0.9449265089561836,0.9995207445465367,0.9497883459476127,266.5539264760446,0.050567912054248154,266.60449438809883
success,UNSW_2018_IoT_Botnet_Final_10_Best,QSVC,FakeKolkataV2,full,0,6,8,5120,0,135,150,0.012177777777777777,0.9953333333333333,0.9755244755244755,0.9952807936150397,0.9727117770954385,0.995119839629788,0.9752173865600178,273.87433315999806,0.07379460905212909,273.9481277690502
success,UNSW_2018_IoT_Botnet_Final_10_Best,QSVC,FakeKolkataV2,full,0,6,9,6144,1,135,150,0.012177777777777777,0.996,0.979020979020979,0.9959615546218488,0.9766394448969591,0.9996186569510077,0.9787961779869995,273.8805114059942,0.2515444929013029,274.1320558988955
success,UNSW_2018_IoT_Botnet_Final_10_Best,QSVC,ideal,full,3,6,0,42,2,124,142,,0.9966666666666667,0.9825174825174825,0.9966400755284308,0.9805571131969575,0.9926204966735548,0.9823619317924351,251.2820752899861,1.5170875129988417,252.79916280298494
success,UNSW_2018_IoT_Botnet_Final_10_Best,QSVC,ideal,full,3,6,1,123,0,124,142,,0.996,0.9884051099968565,0.996,0.976810219993713,0.9989641898263859,0.9883605615127131,275.26610360096674,1.2252877709688619,276.4913913719356
success,UNSW_2018_IoT_Botnet_Final_10_Best,QSVC,ideal,full,3,6,2,456,1,124,142,,0.996,0.979020979020979,0.9959615546218488,0.9766394448969591,0.9998093284755039,0.9787961779869995,276.3835111670196,0.2951573779573664,276.678668544977
success,UNSW_2018_IoT_Botnet_Final_10_Best,QSVC,ideal,full,3,6,3,789,2,124,142,,0.9973333333333333,0.986013986013986,0.9973163830309103,0.9844649139608554,0.9951919856120299,0.9859147894356651,276.267656386015,0.29607410391326994,276.5637304899283
success,UNSW_2018_IoT_Botnet_Final_10_Best,QSVC,ideal,full,3,6,4,1024,0,124,142,,0.9953333333333333,0.9880366501589788,0.995340603358116,0.9730368435381365,0.9952229053187048,0.9879955160481791,276.3929543570848,0.29819137800950557,276.6911457350943
success,UNSW_2018_IoT_Botnet_Final_10_Best,QSVC,ideal,full,3,6,5,2048,1,124,142,,0.9926666666666667,0.970922592514339,0.9926081661625477,0.9569943361344565,0.9905849493174474,0.9705508043659427,276.3931628720602,0.2963040779577568,276.68946695001796
success,UNSW_2018_IoT_Botnet_Final_10_Best,QSVC,ideal,full,3,6,6,3072,2,124,142,,0.996,0.979020979020979,0.9959615546218488,0.9766394448969591,0.9921567010734291,0.9787961779869995,275.2283066259697,1.2734293199609965,276.5017359459307
success,UNSW_2018_IoT_Botnet_Final_10_Best,QSVC,ideal,full,3,6,7,4096,0,124,142,,0.9906666666666667,0.951048951048951,0.9904504197573457,0.9449265089561836,0.9990724087997485,0.9497883459476127,275.62699681299273,1.3724056370556355,276.99940245004836
success,UNSW_2018_IoT_Botnet_Final_10_Best,QSVC,ideal,full,3,6,8,5120,1,124,142,,0.9953333333333333,0.9755244755244755,0.9952807936150397,0.9727117770954385,0.9891781026637327,0.9752173865600178,278.5664192159893,0.08770687400829047,278.6541260899976
success,UNSW_2018_IoT_Botnet_Final_10_Best,QSVC,ideal,full,3,6,9,6144,2,124,142,,0.996,0.979020979020979,0.9959615546218488,0.9766394448969591,0.9992218540486779,0.9787961779869995,278.53939219599124,0.08868934097699821,278.62808153696824
success,UNSW_2018_IoT_Botnet_Final_10_Best,QSVC,FakeKolkataV2,full,3,6,0,42,0,134,142,0.012177777777777777,0.9966666666666667,0.9825174825174825,0.9966400755284308,0.9805571131969575,0.9936408469938315,0.9823619317924351,265.6060909010703,0.05051404004916549,265.65660494111944
success,UNSW_2018_IoT_Botnet_Final_10_Best,QSVC,FakeKolkataV2,full,3,6,1,123,1,134,142,0.012177777777777777,0.996,0.9884051099968565,0.996,0.976810219993713,0.9992579270397989,0.9883605615127131,260.2714664080413,1.7717007000464946,262.0431671080878
success,UNSW_2018_IoT_Botnet_Final_10_Best,QSVC,FakeKolkataV2,full,3,6,2,456,2,134,142,0.012177777777777777,0.9973333333333333,0.986013986013986,0.9973163830309103,0.9844649139608554,0.9998763211732998,0.9859147894356651,262.3981705569895,1.0373834640486166,263.4355540210381
success,UNSW_2018_IoT_Botnet_Final_10_Best,QSVC,FakeKolkataV2,full,3,6,3,789,0,134,142,0.012177777777777777,0.998,0.9895104895104896,0.997990503452285,0.9883629768056863,0.9969595621769535,0.9894548898363074,267.8508713300107,0.08492306503467262,267.9357943950454
success,UNSW_2018_IoT_Botnet_Final_10_Best,QSVC,FakeKolkataV2,full,3,6,4,1024,1,134,142,0.012177777777777777,0.9953333333333333,0.9880366501589788,0.995340603358116,0.9730368435381365,0.9962638687767649,0.9879955160481791,261.12949177401606,0.9852894219802693,262.11478119599633
success,UNSW_2018_IoT_Botnet_Final_10_Best,QSVC,FakeKolkataV2,full,3,6,5,2048,2,134,142,0.012177777777777777,0.9926666666666667,0.970922592514339,0.9926081661625477,0.9569943361344565,0.988260818032373,0.9705508043659427,267.8453953660792,0.08527437108568847,267.93066973716486
success,UNSW_2018_IoT_Botnet_Final_10_Best,QSVC,FakeKolkataV2,full,3,6,6,3072,0,134,142,0.012177777777777777,0.996,0.979020979020979,0.9959615546218488,0.9766394448969591,0.9928214747669427,0.9787961779869995,264.56184908398427,0.25751308002509177,264.81936216400936
success,UNSW_2018_IoT_Botnet_Final_10_Best,QSVC,FakeKolkataV2,full,3,6,7,4096,1,134,142,0.012177777777777777,0.9913333333333333,0.9545454545454546,0.9911476417483018,0.9489280789420477,0.9996135036665619,0.9534625892455924,258.64032859692816,1.2985327879432589,259.9388613848714
success,UNSW_2018_IoT_Botnet_Final_10_Best,QSVC,FakeKolkataV2,full,3,6,8,5120,2,134,142,0.012177777777777777,0.9953333333333333,0.9755244755244755,0.9952807936150397,0.9727117770954385,0.9938985112161236,0.9752173865600178,264.5540816709399,0.07721568096894771,264.63129735190887
success,UNSW_2018_IoT_Botnet_Final_10_Best,QSVC,FakeKolkataV2,full,3,6,9,6144,0,134,142,0.012177777777777777,0.996,0.979020979020979,0.9959615546218488,0.9766394448969591,0.9992424671864613,0.9787961779869995,185.91847716004122,0.04977248003706336,185.96824964007828
success,UNSW_2018_IoT_Botnet_Final_10_Best,QSVC,ideal,linear,0,6,0,42,1,25,20,,0.998,0.9895104895104896,0.997990503452285,0.9883629768056863,0.9996908029332495,0.9894548898363074,139.65538800298236,0.8156801660079509,140.4710681689903
success,UNSW_2018_IoT_Botnet_Final_10_Best,QSVC,ideal,linear,0,6,1,123,2,25,20,,0.9946666666666667,0.9907962339797269,0.9946995122365017,0.9695754135797602,0.9992682336086905,0.9907846927424768,133.41495927493088,1.5153225609101355,134.93028183584101
success,UNSW_2018_IoT_Botnet_Final_10_Best,QSVC,ideal,linear,0,6,2,456,0,25,20,,0.9973333333333333,0.9891420296726119,0.9973249254980052,0.9844726035127892,0.989430613601579,0.9890902482577418,154.63576254609507,2.4972155790310353,157.1329781251261
success,UNSW_2018_IoT_Botnet_Final_10_Best,QSVC,ideal,linear,0,6,3,789,1,25,20,,0.996,0.9884051099968565,0.996,0.976810219993713,0.9996753430799119,0.9883605615127131,157.1433489290066,0.26220724103040993,157.40555617003702
success,UNSW_2018_IoT_Botnet_Final_10_Best,QSVC,ideal,linear,0,6,4,1024,2,25,20,,0.9933333333333333,0.9900593143039716,0.9933944409596461,0.9623117253801959,0.9987786715863356,0.9900510497742411,156.87537150201388,0.26351933903060853,157.13889084104449
success,UNSW_2018_IoT_Botnet_Final_10_Best,QSVC,ideal,linear,0,6,5,2048,0,25,20,,0.9893333333333333,0.9722083369835766,0.989366437233694,0.9385727476706376,0.9977480146971672,0.9719780506200956,147.6451410689624,2.09869896795135,149.74384003691375
success,UNSW_2018_IoT_Botnet_Final_10_Best,QSVC,ideal,linear,0,6,6,3072,1,25,20,,0.9946666666666667,0.9782840593452237,0.9946327660618205,0.9688072542805272,0.9997217226399245,0.9780746178609265,153.71066740294918,0.0837356320116669,153.79440303496085
success,UNSW_2018_IoT_Botnet_Final_10_Best,QSVC,ideal,linear,0,6,7,4096,2,25,20,,0.9946666666666667,0.9845401466624752,0.9946666666666667,0.9690802933249506,0.9903788179396138,0.9844606370374004,153.70834408304654,0.23988090502098203,153.94822498806752
success,UNSW_2018_IoT_Botnet_Final_10_Best,QSVC,ideal,linear,0,6,8,5120,0,25,20,,0.994,0.9779155995073461,0.9939715103568553,0.9649519156643789,0.9992115474797862,0.9777136381040806,122.05668725201394,1.4216742489952594,123.4783615010092
success,UNSW_2018_IoT_Botnet_Final_10_Best,QSVC,ideal,linear,0,6,9,6144,1,25,20,,0.9973333333333333,0.986013986013986,0.9973163830309103,0.9844649139608554,0.9997629489154912,0.9859147894356651,122.02897390897851,1.448516973061487,123.47749088204
success,UNSW_2018_IoT_Botnet_Final_10_Best,QSVC,FakeKolkataV2,linear,0,6,0,42,2,29,20,0.012177777777777777,0.998,0.9895104895104896,0.997990503452285,0.9883629768056863,0.9996289635198995,0.9894548898363074,139.90368522005156,0.05114989401772618,139.95483511406928
success,UNSW_2018_IoT_Botnet_Final_10_Best,QSVC,FakeKolkataV2,linear,0,6,1,123,0,29,20,0.012177777777777777,0.9953333333333333,0.9942927374762305,0.9953691183391495,0.9735381261938272,0.9992579270397989,0.994291906161936,123.10056120704394,1.5302885608980432,124.63084976794198
success,UNSW_2018_IoT_Botnet_Final_10_Best,QSVC,FakeKolkataV2,linear,0,6,2,456,1,29,20,0.012177777777777777,0.9973333333333333,0.9891420296726119,0.9973249254980052,0.9844726035127892,0.9882195917568062,0.9890902482577418,129.44839341402985,0.04911470098886639,129.49750811501872
success,UNSW_2018_IoT_Botnet_Final_10_Best,QSVC,FakeKolkataV2,linear,0,6,3,789,2,29,20,0.012177777777777777,0.996,0.9884051099968565,0.996,0.976810219993713,0.9996547299421286,0.9883605615127131,126.82034894602839,1.1265498489374295,127.94689879496582
success,UNSW_2018_IoT_Botnet_Final_10_Best,QSVC,FakeKolkataV2,linear,0,6,4,1024,0,29,20,0.012177777777777777,0.9933333333333333,0.9900593143039716,0.9933944409596461,0.9623117253801959,0.9987889781552273,0.9900510497742411,123.00716160808224,0.08371131995227188,123.09087292803451
success,UNSW_2018_IoT_Botnet_Final_10_Best,QSVC,FakeKolkataV2,linear,0,6,5,2048,1,29,20,0.012177777777777777,0.9886666666666667,0.9718398771456989,0.9887192194472771,0.9349681576422634,0.997758321266059,0.971617457748988,119.95896327798255,1.7485157920746133,121.70747907005716
success,UNSW_2018_IoT_Botnet_Final_10_Best,QSVC,FakeKolkataV2,linear,0,6,6,3072,2,29,20,0.012177777777777777,0.9946666666666667,0.9782840593452237,0.9946327660618205,0.9688072542805272,0.9997268759243704,0.9780746178609265,123.00523844792042,0.08393479499500245,123.08917324291542
success,UNSW_2018_IoT_Botnet_Final_10_Best,QSVC,FakeKolkataV2,linear,0,6,7,4096,0,29,20,0.012177777777777777,0.9953333333333333,0.9880366501589788,0.995340603358116,0.9730368435381365,0.989755270521667,0.9879955160481791,115.19874644698575,1.8928693839116022,117.09161583089735
success,UNSW_2018_IoT_Botnet_Final_10_Best,QSVC,FakeKolkataV2,linear,0,6,8,5120,1,29,20,0.012177777777777777,0.994,0.9779155995073461,0.9939715103568553,0.9649519156643789,0.9991703212042196,0.9777136381040806,122.91526947799139,0.050172700081020594,122.96544217807241
success,UNSW_2018_IoT_Botnet_Final_10_Best,QSVC,FakeKolkataV2,linear,0,6,9,6144,2,29,20,0.012177777777777777,0.9973333333333333,0.986013986013986,0.9973163830309103,0.9844649139608554,0.9997629489154912,0.9859147894356651,118.20391288702376,1.1426709460793063,119.34658383310307
success,UNSW_2018_IoT_Botnet_Final_10_Best,QSVC,ideal,linear,3,6,0,42,0,25,20,,0.998,0.9895104895104896,0.997990503452285,0.9883629768056863,0.9996908029332495,0.9894548898363074,145.08042699098587,0.28350719704758376,145.36393418803345
success,UNSW_2018_IoT_Botnet_Final_10_Best,QSVC,ideal,linear,3,6,1,123,1,25,20,,0.9946666666666667,0.9907962339797269,0.9946995122365017,0.9695754135797602,0.9992682336086905,0.9907846927424768,143.26815716899,1.907089371001348,145.17524653999135
success,UNSW_2018_IoT_Botnet_Final_10_Best,QSVC,ideal,linear,3,6,2,456,2,25,20,,0.9973333333333333,0.9891420296726119,0.9973249254980052,0.9844726035127892,0.989430613601579,0.9890902482577418,145.08409286104143,0.2808435810729861,145.3649364421144
success,UNSW_2018_IoT_Botnet_Final_10_Best,QSVC,ideal,linear,3,6,3,789,0,25,20,,0.996,0.9884051099968565,0.996,0.976810219993713,0.9996753430799119,0.9883605615127131,152.34890119102784,1.98092735290993,154.32982854393777
success,UNSW_2018_IoT_Botnet_Final_10_Best,QSVC,ideal,linear,3,6,4,1024,1,25,20,,0.9933333333333333,0.9900593143039716,0.9933944409596461,0.9623117253801959,0.9987786715863356,0.9900510497742411,155.94471510197036,0.23921893106307834,156.18393403303344
success,UNSW_2018_IoT_Botnet_Final_10_Best,QSVC,ideal,linear,3,6,5,2048,2,25,20,,0.9893333333333333,0.9722083369835766,0.989366437233694,0.9385727476706376,0.9977480146971672,0.9719780506200956,155.94766245002393,0.08524223405402154,156.03290468407795
success,UNSW_2018_IoT_Botnet_Final_10_Best,QSVC,ideal,linear,3,6,6,3072,0,25,20,,0.9946666666666667,0.9782840593452237,0.9946327660618205,0.9688072542805272,0.9997217226399245,0.9780746178609265,158.57256352494005,0.2648602039553225,158.83742372889537
success,UNSW_2018_IoT_Botnet_Final_10_Best,QSVC,ideal,linear,3,6,7,4096,1,25,20,,0.9946666666666667,0.9845401466624752,0.9946666666666667,0.9690802933249506,0.9903788179396138,0.9844606370374004,156.4118114990415,2.1616776920855045,158.573489191127
success,UNSW_2018_IoT_Botnet_Final_10_Best,QSVC,ideal,linear,3,6,8,5120,2,25,20,,0.994,0.9779155995073461,0.9939715103568553,0.9649519156643789,0.9992115474797862,0.9777136381040806,158.5582377089886,0.26777621102519333,158.8260139200138
success,UNSW_2018_IoT_Botnet_Final_10_Best,QSVC,ideal,linear,3,6,9,6144,0,25,20,,0.9973333333333333,0.986013986013986,0.9973163830309103,0.9844649139608554,0.9997629489154912,0.9859147894356651,73.78664688102435,0.9023249889723957,74.68897186999675
success,UNSW_2018_IoT_Botnet_Final_10_Best,QSVC,FakeKolkataV2,linear,3,6,0,42,1,29,20,0.012177777777777777,0.998,0.9895104895104896,0.997990503452285,0.9883629768056863,0.9996289635198995,0.9894548898363074,127.58218455000315,0.0504812829894945,127.63266583299264
success,UNSW_2018_IoT_Botnet_Final_10_Best,QSVC,FakeKolkataV2,linear,3,6,1,123,2,29,20,0.012177777777777777,0.9953333333333333,0.9942927374762305,0.9953691183391495,0.9735381261938272,0.9992579270397989,0.994291906161936,124.77851913799532,1.0726754260249436,125.85119456402026
success,UNSW_2018_IoT_Botnet_Final_10_Best,QSVC,FakeKolkataV2,linear,3,6,2,456,0,29,20,0.012177777777777777,0.9973333333333333,0.9891420296726119,0.9973249254980052,0.9844726035127892,0.9882195917568062,0.9890902482577418,110.15304899401963,1.0626743680331856,111.21572336205281
success,UNSW_2018_IoT_Botnet_Final_10_Best,QSVC,FakeKolkataV2,linear,3,6,3,789,1,29,20,0.012177777777777777,0.996,0.9884051099968565,0.996,0.976810219993713,0.9996547299421286,0.9883605615127131,107.03609735995997,1.4452197609934956,108.48131712095346
success,UNSW_2018_IoT_Botnet_Final_10_Best,QSVC,FakeKolkataV2,linear,3,6,4,1024,2,29,20,0.012177777777777777,0.9933333333333333,0.9900593143039716,0.9933944409596461,0.9623117253801959,0.9987889781552273,0.9900510497742411,120.6040358170867,0.047846266999840736,120.65188208408654
success,UNSW_2018_IoT_Botnet_Final_10_Best,QSVC,FakeKolkataV2,linear,3,6,5,2048,0,29,20,0.012177777777777777,0.9886666666666667,0.9718398771456989,0.9887192194472771,0.9349681576422634,0.997758321266059,0.971617457748988,112.96127204003278,1.4236245449865237,114.3848965850193
success,UNSW_2018_IoT_Botnet_Final_10_Best,QSVC,FakeKolkataV2,linear,3,6,6,3072,1,29,20,0.012177777777777777,0.9946666666666667,0.9782840593452237,0.9946327660618205,0.9688072542805272,0.9997268759243704,0.9780746178609265,119.43704480701126,1.0517788160359487,120.48882362304721
success,UNSW_2018_IoT_Botnet_Final_10_Best,QSVC,FakeKolkataV2,linear,3,6,7,4096,2,29,20,0.012177777777777777,0.9953333333333333,0.9880366501589788,0.995340603358116,0.9730368435381365,0.989755270521667,0.9879955160481791,120.69716630398761,0.047723372001200914,120.74488967598882
success,UNSW_2018_IoT_Botnet_Final_10_Best,QSVC,FakeKolkataV2,linear,3,6,8,5120,0,29,20,0.012177777777777777,0.994,0.9779155995073461,0.9939715103568553,0.9649519156643789,0.9991703212042196,0.9777136381040806,203.79017704201397,0.24850136903114617,204.0386784110451
success,UNSW_2018_IoT_Botnet_Final_10_Best,QSVC,FakeKolkataV2,linear,3,6,9,6144,1,29,20,0.012177777777777777,0.9973333333333333,0.986013986013986,0.9973163830309103,0.9844649139608554,0.9997629489154912,0.9859147894356651,203.78553252399433,0.08003899792674929,203.86557152192108
success,UNSW_2018_IoT_Botnet_Final_10_Best,QVE,ideal,full,0,6,0,42,2,126,150,,0.996,0.9915331536554823,0.9960124139626352,0.976983222161292,0.9998608613199622,0.9915177928744049,196.11480392504018,3.1586187719367445,199.27342269697692
success,UNSW_2018_IoT_Botnet_Final_10_Best,QVE,ideal,full,0,6,1,123,0,126,150,,0.994,0.9904277741418493,0.9940460092931921,0.9659258574367079,0.9992115474797862,0.9904179391882704,397.5740475159837,1.0847176620736718,398.65876517805737
success,UNSW_2018_IoT_Botnet_Final_10_Best,QVE,ideal,full,0,6,2,456,1,126,150,,0.9973333333333333,0.9922700733312377,0.9973333333333333,0.9845401466624754,0.9998608613199623,0.99225035137321,396.71336608193815,1.7859918389003724,398.4993579208385
success,UNSW_2018_IoT_Botnet_Final_10_Best,QVE,ideal,full,0,6,3,789,2,126,150,,0.996,0.9915331536554823,0.9960124139626352,0.976983222161292,0.9997887153377205,0.9915177928744049,382.86825168901123,5.679969179909676,388.5482208689209
success,UNSW_2018_IoT_Botnet_Final_10_Best,QVE,ideal,full,0,6,4,1024,0,126,150,,0.9926666666666667,0.9896908544660941,0.992744784620667,0.9587324290599396,0.9988044380085648,0.9896840243492936,401.37581004493404,1.3429316229885444,402.7187416679226
success,UNSW_2018_IoT_Botnet_Final_10_Best,QVE,ideal,full,0,6,5,2048,1,126,150,,0.9913333333333333,0.9764417601558353,0.99134683480793,0.9499192043892009,0.9987477518796605,0.9762683843382393,384.72419323504437,5.572951865033247,390.2971451000776
success,UNSW_2018_IoT_Botnet_Final_10_Best,QVE,ideal,full,0,6,6,3072,2,126,150,,0.998,0.9895104895104896,0.997990503452285,0.9883629768056863,0.9998866277421915,0.9894548898363074,401.4312764881179,1.398861582041718,402.8301380701596
success,UNSW_2018_IoT_Botnet_Final_10_Best,QVE,ideal,full,0,6,7,4096,0,126,150,,0.998,0.998894620486367,0.9980092740201078,0.9885781316226904,0.9998660146044082,0.9988940088781862,379.8044177379925,5.166838606935926,384.9712563449284
success,UNSW_2018_IoT_Botnet_Final_10_Best,QVE,ideal,full,0,6,8,5120,1,126,150,,0.9966666666666667,0.9825174825174825,0.9966400755284308,0.9805571131969575,0.9998196350443955,0.9823619317924351,395.54659893887583,1.305743377073668,396.8523423159495
success,UNSW_2018_IoT_Botnet_Final_10_Best,QVE,ideal,full,0,6,9,6144,2,126,150,,0.9953333333333333,0.984908606500353,0.9953260056217893,0.9728676747095873,0.999737182493262,0.9848243764316844,395.3231699860189,1.6742340279743075,396.9974040139932
success,UNSW_2018_IoT_Botnet_Final_10_Best,QVE,FakeKolkataV2,full,0,6,0,42,0,139,150,0.012177777777777777,0.996,0.9915331536554823,0.9960124139626352,0.976983222161292,0.9998763211732997,0.9915177928744049,336.25189772294834,1.008826910983771,337.2607246339321
success,UNSW_2018_IoT_Botnet_Final_10_Best,QVE,FakeKolkataV2,full,0,6,1,123,1,139,150,0.012177777777777777,0.9933333333333333,0.9900593143039716,0.9933944409596461,0.9623117253801959,0.9992733868931364,0.9900510497742411,331.21921886410564,2.80202195700258,334.0212408211082
success,UNSW_2018_IoT_Botnet_Final_10_Best,QVE,FakeKolkataV2,full,0,6,2,456,2,139,150,0.012177777777777777,0.9966666666666667,0.99190161349336,0.9966718595415115,0.9807427232544484,0.9998608613199623,0.9918841397529224,333.0631354909856,2.537892449996434,335.601027940982
success,UNSW_2018_IoT_Botnet_Final_10_Best,QVE,FakeKolkataV2,full,0,6,3,789,0,139,150,0.012177777777777777,0.996,0.9915331536554823,0.9960124139626352,0.976983222161292,0.9997784087688287,0.9915177928744049,300.40660854196176,3.073715361999348,303.4803239039611
success,UNSW_2018_IoT_Botnet_Final_10_Best,QVE,FakeKolkataV2,full,0,6,4,1024,1,139,150,0.012177777777777777,0.9926666666666667,0.9896908544660941,0.992744784620667,0.9587324290599396,0.9988095912930106,0.9896840243492936,334.6522242280189,1.2024311129935086,335.8546553410124
success,UNSW_2018_IoT_Botnet_Final_10_Best,QVE,FakeKolkataV2,full,0,6,5,2048,2,139,150,0.012177777777777777,0.9913333333333333,0.9764417601558353,0.99134683480793,0.9499192043892009,0.9988405109996856,0.9762683843382393,334.4624117810745,1.3864109239075333,335.848822704982
success,UNSW_2018_IoT_Botnet_Final_10_Best,QVE,FakeKolkataV2,full,0,6,6,3072,0,139,150,0.012177777777777777,0.998,0.9895104895104896,0.997990503452285,0.9883629768056863,0.9998814744577457,0.9894548898363074,340.26915482606273,2.1460155450040475,342.4151703710668
success,UNSW_2018_IoT_Botnet_Final_10_Best,QVE,FakeKolkataV2,full,0,6,7,4096,1,139,150,0.012177777777777777,0.998,0.998894620486367,0.9980092740201078,0.9885781316226904,0.9998814744577457,0.9988940088781862,340.2215280041564,2.5129267750307918,342.7344547791872
success,UNSW_2018_IoT_Botnet_Final_10_Best,QVE,FakeKolkataV2,full,0,6,8,5120,2,139,150,0.012177777777777777,0.9966666666666667,0.9825174825174825,0.9966400755284308,0.9805571131969575,0.9998557080355164,0.9823619317924351,341.5559959820239,1.0427792849950492,342.59877526701894
success,UNSW_2018_IoT_Botnet_Final_10_Best,QVE,FakeKolkataV2,full,0,6,9,6144,0,139,150,0.012177777777777777,0.9953333333333333,0.984908606500353,0.9953260056217893,0.9728676747095873,0.9997474890621537,0.9848243764316844,357.77042554097716,1.486501983134076,359.25692752411123
success,UNSW_2018_IoT_Botnet_Final_10_Best,QVE,ideal,full,3,6,0,42,1,126,142,,0.996,0.9915331536554823,0.9960124139626352,0.976983222161292,0.9998608613199622,0.9915177928744049,297.10205181408674,2.3125205599935725,299.4145723740803
success,UNSW_2018_IoT_Botnet_Final_10_Best,QVE,ideal,full,3,6,1,123,2,126,142,,0.994,0.9904277741418493,0.9940460092931921,0.9659258574367079,0.9992115474797862,0.9904179391882704,289.00623195804656,3.581547213019803,292.58777917106636
success,UNSW_2018_IoT_Botnet_Final_10_Best,QVE,ideal,full,3,6,2,456,0,126,142,,0.9973333333333333,0.9922700733312377,0.9973333333333333,0.9845401466624754,0.9998608613199623,0.99225035137321,393.378694094019,1.3747989410767332,394.75349303509574
success,UNSW_2018_IoT_Botnet_Final_10_Best,QVE,ideal,full,3,6,3,789,1,126,142,,0.996,0.9915331536554823,0.9960124139626352,0.976983222161292,0.9997887153377205,0.9915177928744049,375.74606455792673,5.3126671250211075,381.05873168294784
success,UNSW_2018_IoT_Botnet_Final_10_Best,QVE,ideal,full,3,6,4,1024,2,126,142,,0.9926666666666667,0.9896908544660941,0.992744784620667,0.9587324290599396,0.9988044380085648,0.9896840243492936,393.12588459602557,1.3163774489657953,394.44226204499137
success,UNSW_2018_IoT_Botnet_Final_10_Best,QVE,ideal,full,3,6,5,2048,0,126,142,,0.9913333333333333,0.9764417601558353,0.99134683480793,0.9499192043892009,0.9987425985952147,0.9762683843382393,392.8429332260275,1.9179473019903526,394.7608805280179
success,UNSW_2018_IoT_Botnet_Final_10_Best,QVE,ideal,full,3,6,6,3072,1,126,142,,0.998,0.9895104895104896,0.997990503452285,0.9883629768056863,0.9998866277421915,0.9894548898363074,373.76247250894085,5.697767574922182,379.460240083863
success,UNSW_2018_IoT_Botnet_Final_10_Best,QVE,ideal,full,3,6,7,4096,2,126,142,,0.998,0.998894620486367,0.9980092740201078,0.9885781316226904,0.9998660146044082,0.9988940088781862,393.4173475119751,1.1678912349743769,394.58523874694947
success,UNSW_2018_IoT_Botnet_Final_10_Best,QVE,ideal,full,3,6,8,5120,0,126,142,,0.9966666666666667,0.9825174825174825,0.9966400755284308,0.9805571131969575,0.9998196350443955,0.9823619317924351,286.8593806080753,1.2679989418247715,288.12737954990007
success,UNSW_2018_IoT_Botnet_Final_10_Best,QVE,ideal,full,3,6,9,6144,1,126,142,,0.9953333333333333,0.984908606500353,0.9953260056217893,0.9728676747095873,0.999737182493262,0.9848243764316844,283.5172901919577,2.7206960399635136,286.23798623192124
success,UNSW_2018_IoT_Botnet_Final_10_Best,QVE,FakeKolkataV2,full,3,6,0,42,2,138,142,0.012177777777777777,0.996,0.9915331536554823,0.9960124139626352,0.976983222161292,0.9998814744577456,0.9915177928744049,351.6896182540804,2.1770742760272697,353.8666925301077
success,UNSW_2018_IoT_Botnet_Final_10_Best,QVE,FakeKolkataV2,full,3,6,1,123,0,138,142,0.012177777777777777,0.9933333333333333,0.9900593143039716,0.9933944409596461,0.9623117253801959,0.999288846746474,0.9900510497742411,331.8970587870572,1.6146357879042625,333.51169457496144
success,UNSW_2018_IoT_Botnet_Final_10_Best,QVE,FakeKolkataV2,full,3,6,2,456,1,138,142,0.012177777777777777,0.9973333333333333,0.9922700733312377,0.9973333333333333,0.9845401466624754,0.9998608613199623,0.99225035137321,314.33415766095277,2.3398153820307925,316.67397304298356
success,UNSW_2018_IoT_Botnet_Final_10_Best,QVE,FakeKolkataV2,full,3,6,3,789,2,138,142,0.012177777777777777,0.996,0.9915331536554823,0.9960124139626352,0.976983222161292,0.9997732554843829,0.9915177928744049,326.1708495100029,2.0356329201022163,328.2064824301051
success,UNSW_2018_IoT_Botnet_Final_10_Best,QVE,FakeKolkataV2,full,3,6,4,1024,0,138,142,0.012177777777777777,0.9926666666666667,0.9896908544660941,0.992744784620667,0.9587324290599396,0.9988044380085648,0.9896840243492936,306.1184790410334,2.9537914840038866,309.0722705250373
success,UNSW_2018_IoT_Botnet_Final_10_Best,QVE,FakeKolkataV2,full,3,6,5,2048,1,138,142,0.012177777777777777,0.9913333333333333,0.9764417601558353,0.99134683480793,0.9499192043892009,0.9987271387418771,0.9762683843382393,327.6512106959708,2.6457172780064866,330.2969279739773
success,UNSW_2018_IoT_Botnet_Final_10_Best,QVE,FakeKolkataV2,full,3,6,6,3072,2,138,142,0.012177777777777777,0.998,0.9895104895104896,0.997990503452285,0.9883629768056863,0.9998814744577457,0.9894548898363074,330.80114269512706,2.0275639221072197,332.8287066172343
success,UNSW_2018_IoT_Botnet_Final_10_Best,QVE,FakeKolkataV2,full,3,6,7,4096,0,138,142,0.012177777777777777,0.998,0.998894620486367,0.9980092740201078,0.9885781316226904,0.9998814744577457,0.9988940088781862,326.26966300501954,1.3531010579317808,327.6227640629513
success,UNSW_2018_IoT_Botnet_Final_10_Best,QVE,FakeKolkataV2,full,3,6,8,5120,1,138,142,0.012177777777777777,0.9966666666666667,0.9825174825174825,0.9966400755284308,0.9805571131969575,0.9998505547510705,0.9823619317924351,333.468491676962,1.2043996651191264,334.67289134208113
success,UNSW_2018_IoT_Botnet_Final_10_Best,QVE,FakeKolkataV2,full,3,6,9,6144,2,138,142,0.012177777777777777,0.9953333333333333,0.984908606500353,0.9953260056217893,0.9728676747095873,0.999737182493262,0.9848243764316844,319.7993020020658,4.085791136021726,323.88509313808754
success,UNSW_2018_IoT_Botnet_Final_10_Best,QVE,ideal,linear,0,6,0,42,0,27,20,,0.9946666666666667,0.9907962339797269,0.9946995122365017,0.9695754135797602,0.9998814744577456,0.9907846927424768,269.86735999095254,2.3000600528903306,272.16742004384287
success,UNSW_2018_IoT_Botnet_Final_10_Best,QVE,ideal,linear,0,6,1,123,1,27,20,,0.9926666666666667,0.9928188981247198,0.992766331443132,0.9591986337991384,0.9992218540486779,0.9928188803069259,248.52908232307527,8.027017188956961,256.55609951203223
success,UNSW_2018_IoT_Botnet_Final_10_Best,QVE,ideal,linear,0,6,2,456,2,27,20,,0.9953333333333333,0.9880366501589788,0.995340603358116,0.9730368435381365,0.9998093284755039,0.9879955160481791,269.23165937908925,3.098610745044425,272.3302701241337
success,UNSW_2018_IoT_Botnet_Final_10_Best,QVE,ideal,linear,0,6,3,789,0,27,20,,0.9946666666666667,0.9907962339797269,0.9946995122365017,0.9695754135797602,0.9995877372443327,0.9907846927424768,251.9654142569052,6.286946355015971,258.2523606119212
success,UNSW_2018_IoT_Botnet_Final_10_Best,QVE,ideal,linear,0,6,4,1024,1,27,20,,0.9913333333333333,0.9889539347903387,0.991451118978247,0.9516760579317576,0.9989641898263859,0.9889495648608607,270.95265352516435,2.619863591855392,273.57251711701974
success,UNSW_2018_IoT_Botnet_Final_10_Best,QVE,ideal,linear,0,6,5,2048,2,27,20,,0.9886666666666667,0.9780959644629504,0.9887873944137582,0.9360315822787255,0.9979799124972302,0.9780087555807726,270.89473580999766,2.802139898063615,273.69687570806127
success,UNSW_2018_IoT_Botnet_Final_10_Best,QVE,ideal,linear,0,6,6,3072,0,27,20,,0.9973333333333333,0.9922700733312377,0.9973333333333333,0.9845401466624754,0.9999072408799748,0.99225035137321,235.51217943115626,9.230733548058197,244.74291297921445
success,UNSW_2018_IoT_Botnet_Final_10_Best,QVE,ideal,linear,0,6,7,4096,1,27,20,,0.9953333333333333,0.9942927374762305,0.9953691183391495,0.9735381261938272,0.999804175191058,0.994291906161936,261.4653029771289,2.549036853015423,264.0143398301443
success,UNSW_2018_IoT_Botnet_Final_10_Best,QVE,ideal,linear,0,6,8,5120,2,27,20,,0.9953333333333333,0.9817805628417271,0.9953111747219987,0.9727556027114813,0.999773255484383,0.9816377430233175,261.619359914097,2.2264320759568363,263.84579199005384
success,UNSW_2018_IoT_Botnet_Final_10_Best,QVE,ideal,linear,0,6,9,6144,0,27,20,,0.9906666666666667,0.9823293876352093,0.9907522173435044,0.9471327483613751,0.999737182493262,0.9822753721071562,106.28178900107741,2.5976602609734982,108.87944926205091
success,UNSW_2018_IoT_Botnet_Final_10_Best,QVE,FakeKolkataV2,linear,0,6,0,42,1,33,20,0.012177777777777777,0.9946666666666667,0.9907962339797269,0.9946995122365017,0.9695754135797602,0.9998814744577456,0.9907846927424768,201.3548529249383,1.983674344024621,203.33852726896293
success,UNSW_2018_IoT_Botnet_Final_10_Best,QVE,FakeKolkataV2,linear,0,6,1,123,2,33,20,0.012177777777777777,0.992,0.9924504382868422,0.992120342235727,0.9556986076053618,0.9992167007642321,0.9924502822321069,207.14454031107016,1.1603986390400678,208.30493895011023
success,UNSW_2018_IoT_Botnet_Final_10_Best,QVE,FakeKolkataV2,linear,0,6,2,456,0,33,20,0.012177777777777777,0.9953333333333333,0.9880366501589788,0.995340603358116,0.9730368435381365,0.999804175191058,0.9879955160481791,195.87721417099237,1.1217248919419944,196.99893906293437
success,UNSW_2018_IoT_Botnet_Final_10_Best,QVE,FakeKolkataV2,linear,0,6,3,789,1,33,20,0.012177777777777777,0.9946666666666667,0.9907962339797269,0.9946995122365017,0.9695754135797602,0.9995980438132244,0.9907846927424768,188.2964611229254,3.3837803449714556,191.68024146789685
success,UNSW_2018_IoT_Botnet_Final_10_Best,QVE,FakeKolkataV2,linear,0,6,4,1024,2,33,20,0.012177777777777777,0.9913333333333333,0.9889539347903387,0.991451118978247,0.9516760579317576,0.9989693431108317,0.9889495648608607,188.72715924703516,3.279489786014892,192.00664903305005
success,UNSW_2018_IoT_Botnet_Final_10_Best,QVE,FakeKolkataV2,linear,0,6,5,2048,0,33,20,0.012177777777777777,0.9893333333333333,0.9815924679594539,0.989462690619485,0.9400981017188349,0.9980108322039052,0.9815458693165126,154.64624875201844,1.9589548039948568,156.6052035560133
success,UNSW_2018_IoT_Botnet_Final_10_Best,QVE,FakeKolkataV2,linear,0,6,6,3072,1,33,20,0.012177777777777777,0.9973333333333333,0.9922700733312377,0.9973333333333333,0.9845401466624754,0.9999123941644207,0.99225035137321,191.2767613620963,1.836637909989804,193.1133992720861
success,UNSW_2018_IoT_Botnet_Final_10_Best,QVE,FakeKolkataV2,linear,0,6,7,4096,2,33,20,0.012177777777777777,0.9953333333333333,0.9942927374762305,0.9953691183391495,0.9735381261938272,0.9997990219066122,0.994291906161936,169.31566424609628,2.3687618570402265,171.6844261031365
success,UNSW_2018_IoT_Botnet_Final_10_Best,QVE,FakeKolkataV2,linear,0,6,8,5120,0,33,20,0.012177777777777777,0.996,0.9821490226796048,0.9959745745463654,0.9766360841206913,0.9997681021999371,0.9819999041656974,210.50578723696526,1.138881235034205,211.64466847199947
success,UNSW_2018_IoT_Botnet_Final_10_Best,QVE,FakeKolkataV2,linear,0,6,9,6144,1,33,20,0.012177777777777777,0.9913333333333333,0.9858258911317128,0.9914256545516973,0.9511654801328682,0.999737182493262,0.9858024045399773,205.06428593606688,1.8800379869062454,206.94432392297313
success,UNSW_2018_IoT_Botnet_Final_10_Best,QVE,ideal,linear,3,6,0,42,2,27,20,,0.9946666666666667,0.9907962339797269,0.9946995122365017,0.9695754135797602,0.9998814744577456,0.9907846927424768,111.8599022179842,3.7384095389861614,115.59831175697036
success,UNSW_2018_IoT_Botnet_Final_10_Best,QVE,ideal,linear,3,6,1,123,0,27,20,,0.9926666666666667,0.9928188981247198,0.992766331443132,0.9591986337991384,0.9992218540486779,0.9928188803069259,270.131743557984,0.9222433660179377,271.05398692400195
success,UNSW_2018_IoT_Botnet_Final_10_Best,QVE,ideal,linear,3,6,2,456,1,27,20,,0.9953333333333333,0.9880366501589788,0.995340603358116,0.9730368435381365,0.9998093284755039,0.9879955160481791,270.54092936508823,0.5077341879950836,271.0486635530833
success,UNSW_2018_IoT_Botnet_Final_10_Best,QVE,ideal,linear,3,6,3,789,2,27,20,,0.9946666666666667,0.9907962339797269,0.9946995122365017,0.9695754135797602,0.9995877372443327,0.9907846927424768,257.41671872802544,5.129689855966717,262.54640858399216
success,UNSW_2018_IoT_Botnet_Final_10_Best,QVE,ideal,linear,3,6,4,1024,0,27,20,,0.9913333333333333,0.9889539347903387,0.991451118978247,0.9516760579317576,0.9989641898263859,0.9889495648608607,252.6086162851425,6.2759347930550575,258.88455107819755
success,UNSW_2018_IoT_Botnet_Final_10_Best,QVE,ideal,linear,3,6,5,2048,1,27,20,,0.9886666666666667,0.9780959644629504,0.9887873944137582,0.9360315822787255,0.9979799124972301,0.9780087555807726,271.0693612989271,1.7621572919888422,272.83151859091595
success,UNSW_2018_IoT_Botnet_Final_10_Best,QVE,ideal,linear,3,6,6,3072,2,27,20,,0.9973333333333333,0.9922700733312377,0.9973333333333333,0.9845401466624754,0.9999072408799748,0.99225035137321,270.7210779209854,1.8818310699425638,272.602908990928
success,UNSW_2018_IoT_Botnet_Final_10_Best,QVE,ideal,linear,3,6,7,4096,0,27,20,,0.9953333333333333,0.9942927374762305,0.9953691183391495,0.9735381261938272,0.999804175191058,0.994291906161936,272.841164182988,2.5943676851456985,275.4355318681337
success,UNSW_2018_IoT_Botnet_Final_10_Best,QVE,ideal,linear,3,6,8,5120,1,27,20,,0.9953333333333333,0.9817805628417271,0.9953111747219987,0.9727556027114813,0.999773255484383,0.9816377430233175,255.8994118629489,6.271086061024107,262.170497923973
success,UNSW_2018_IoT_Botnet_Final_10_Best,QVE,ideal,linear,3,6,9,6144,2,27,20,,0.9906666666666667,0.9823293876352093,0.9907522173435044,0.9471327483613751,0.999737182493262,0.9822753721071562,272.6482912208885,2.7695914240321144,275.4178826449206
success,UNSW_2018_IoT_Botnet_Final_10_Best,QVE,FakeKolkataV2,linear,3,6,0,42,0,33,20,0.012177777777777777,0.9946666666666667,0.9907962339797269,0.9946995122365017,0.9695754135797602,0.9998814744577456,0.9907846927424768,165.52258256205823,3.2584109839517623,168.78099354601
success,UNSW_2018_IoT_Botnet_Final_10_Best,QVE,FakeKolkataV2,linear,3,6,1,123,1,33,20,0.012177777777777777,0.992,0.9924504382868422,0.992120342235727,0.9556986076053618,0.9992167007642321,0.9924502822321069,191.29755694197956,1.9839677619747818,193.28152470395435
success,UNSW_2018_IoT_Botnet_Final_10_Best,QVE,FakeKolkataV2,linear,3,6,2,456,2,33,20,0.012177777777777777,0.9953333333333333,0.9880366501589788,0.995340603358116,0.9730368435381365,0.999804175191058,0.9879955160481791,182.21632148011122,2.8300179350189865,185.0463394151302
success,UNSW_2018_IoT_Botnet_Final_10_Best,QVE,FakeKolkataV2,linear,3,6,3,789,0,33,20,0.012177777777777777,0.9946666666666667,0.9907962339797269,0.9946995122365017,0.9695754135797602,0.9995877372443327,0.9907846927424768,167.82643656886648,2.4675171650014818,170.29395373386797
success,UNSW_2018_IoT_Botnet_Final_10_Best,QVE,FakeKolkataV2,linear,3,6,4,1024,1,33,20,0.012177777777777777,0.9913333333333333,0.9889539347903387,0.991451118978247,0.9516760579317576,0.9989693431108317,0.9889495648608607,157.23054533905815,3.2591453610220924,160.48969070008025
success,UNSW_2018_IoT_Botnet_Final_10_Best,QVE,FakeKolkataV2,linear,3,6,5,2048,2,33,20,0.012177777777777777,0.9893333333333333,0.9815924679594539,0.989462690619485,0.9400981017188349,0.9980108322039052,0.9815458693165126,189.74995225586463,1.579524275031872,191.3294765308965
success,UNSW_2018_IoT_Botnet_Final_10_Best,QVE,FakeKolkataV2,linear,3,6,6,3072,0,33,20,0.012177777777777777,0.9973333333333333,0.9922700733312377,0.9973333333333333,0.9845401466624754,0.9999123941644207,0.99225035137321,189.5210325269727,2.214168723090552,191.73520125006326
success,UNSW_2018_IoT_Botnet_Final_10_Best,QVE,FakeKolkataV2,linear,3,6,7,4096,1,33,20,0.012177777777777777,0.9953333333333333,0.9942927374762305,0.9953691183391495,0.9735381261938272,0.9997990219066122,0.994291906161936,143.4592354008928,3.6795117660658434,147.13874716695864
success,UNSW_2018_IoT_Botnet_Final_10_Best,QVE,FakeKolkataV2,linear,3,6,8,5120,2,33,20,0.012177777777777777,0.996,0.9821490226796048,0.9959745745463654,0.9766360841206913,0.9997681021999371,0.9819999041656974,175.59605355211534,2.863424416980706,178.45947796909604
success,UNSW_2018_IoT_Botnet_Final_10_Best,QVE,FakeKolkataV2,linear,3,6,9,6144,0,33,20,0.012177777777777777,0.9913333333333333,0.9858258911317128,0.9914256545516973,0.9511654801328682,0.999737182493262,0.9858024045399773,437.3836501229089,3.09199647908099,440.47564660198987
success,UNSW_2018_IoT_Botnet_Final_10_Best,QWE,ideal,full,0,6,0,42,1,186,225,,0.9966666666666667,0.9825174825174825,0.9966400755284308,0.9805571131969575,0.9997217226399246,0.9823619317924351,611.2067483928986,5.2646395220654085,616.471387914964
success,UNSW_2018_IoT_Botnet_Final_10_Best,QWE,ideal,full,0,6,1,123,2,186,225,,0.996,0.9884051099968565,0.996,0.976810219993713,0.9991960876264486,0.9883605615127131,622.7089457728434,5.547903063939884,628.2568488367833
success,UNSW_2018_IoT_Botnet_Final_10_Best,QWE,ideal,full,0,6,2,456,0,186,225,,0.9973333333333333,0.986013986013986,0.9973163830309103,0.9844649139608554,0.9999742335777708,0.9859147894356651,847.1725266630528,5.952823948930018,853.1253506119829
success,UNSW_2018_IoT_Botnet_Final_10_Best,QWE,ideal,full,0,6,3,789,1,186,225,,0.998,0.9895104895104896,0.997990503452285,0.9883629768056863,0.9986240730529603,0.9894548898363074,817.7127762339078,4.839924161089584,822.5527003949974
success,UNSW_2018_IoT_Botnet_Final_10_Best,QWE,ideal,full,0,6,4,1024,2,186,225,,0.9953333333333333,0.9880366501589788,0.995340603358116,0.9730368435381365,0.9982684964261971,0.9879955160481791,847.2647810900817,5.408358265063725,852.6731393551454
success,UNSW_2018_IoT_Botnet_Final_10_Best,QWE,ideal,full,0,6,5,2048,0,186,225,,0.9926666666666667,0.970922592514339,0.9926081661625477,0.9569943361344565,0.9977583212660589,0.9705508043659427,849.8497394840233,5.278850270202383,855.1285897542257
success,UNSW_2018_IoT_Botnet_Final_10_Best,QWE,ideal,full,0,6,6,3072,1,186,225,,0.996,0.979020979020979,0.9959615546218488,0.9766394448969591,0.999608350382116,0.9787961779869995,849.9884529218543,4.741668708855286,854.7301216307096
success,UNSW_2018_IoT_Botnet_Final_10_Best,QWE,ideal,full,0,6,7,4096,2,186,225,,0.992,0.958041958041958,0.9918424257354161,0.952918654507307,0.999840248182179,0.9571227278065839,838.1356346787652,5.3476872040191665,843.4833218827844
success,UNSW_2018_IoT_Botnet_Final_10_Best,QWE,ideal,full,0,6,8,5120,0,186,225,,0.9953333333333333,0.9755244755244755,0.9952807936150397,0.9727117770954385,0.9986859124663103,0.9752173865600178,775.8856586429756,4.813871505088173,780.6995301480638
success,UNSW_2018_IoT_Botnet_Final_10_Best,QWE,ideal,full,0,6,9,6144,1,186,225,,0.9973333333333333,0.986013986013986,0.9973163830309103,0.9844649139608554,0.9996186569510078,0.9859147894356651,774.4811642419081,5.1242224159650505,779.6053866578732
success,UNSW_2018_IoT_Botnet_Final_10_Best,QWE,FakeKolkataV2,full,0,6,0,42,2,199,225,0.012177777777777777,0.9966666666666667,0.9825174825174825,0.9966400755284308,0.9805571131969575,0.999804175191058,0.9823619317924351,807.9579899138771,4.569900398841128,812.5278903127182
success,UNSW_2018_IoT_Botnet_Final_10_Best,QWE,FakeKolkataV2,full,0,6,1,123,0,199,225,0.012177777777777777,0.9953333333333333,0.9880366501589788,0.995340603358116,0.9730368435381365,0.9992063941953404,0.9879955160481791,756.3092070270795,4.100512073957361,760.4097191010369
success,UNSW_2018_IoT_Botnet_Final_10_Best,QWE,FakeKolkataV2,full,0,6,2,456,1,199,225,0.012177777777777777,0.9973333333333333,0.986013986013986,0.9973163830309103,0.9844649139608554,0.9999587737244333,0.9859147894356651,735.6446580259362,3.7664478889200836,739.4111059148563
success,UNSW_2018_IoT_Botnet_Final_10_Best,QWE,FakeKolkataV2,full,0,6,3,789,2,199,225,0.012177777777777777,0.998,0.9895104895104896,0.997990503452285,0.9883629768056863,0.9983870219684516,0.9894548898363074,734.4361408150289,4.172778696985915,738.6089195120148
success,UNSW_2018_IoT_Botnet_Final_10_Best,QWE,FakeKolkataV2,full,0,6,4,1024,0,199,225,0.012177777777777777,0.9953333333333333,0.9880366501589788,0.995340603358116,0.9730368435381365,0.9980984380394845,0.9879955160481791,756.4182833081577,5.637533632805571,762.0558169409633
success,UNSW_2018_IoT_Botnet_Final_10_Best,QWE,FakeKolkataV2,full,0,6,5,2048,1,199,225,0.012177777777777777,0.9926666666666667,0.970922592514339,0.9926081661625477,0.9569943361344565,0.9970523212969786,0.9705508043659427,756.1254752540262,4.491911847959273,760.6173871019855
success,UNSW_2018_IoT_Botnet_Final_10_Best,QWE,FakeKolkataV2,full,0,6,6,3072,2,199,225,0.012177777777777777,0.996,0.979020979020979,0.9959615546218488,0.9766394448969591,0.9996238102354535,0.9787961779869995,761.555143380072,4.971426333067939,766.5265697131399
success,UNSW_2018_IoT_Botnet_Final_10_Best,QWE,FakeKolkataV2,full,0,6,7,4096,0,199,225,0.012177777777777777,0.9933333333333333,0.965034965034965,0.9932247972929835,0.9608674205030172,0.9998763211732998,0.9644013324700097,750.6412008798216,6.039427381940186,756.6806282617617
success,UNSW_2018_IoT_Botnet_Final_10_Best,QWE,FakeKolkataV2,full,0,6,8,5120,1,199,225,0.012177777777777777,0.9953333333333333,0.9755244755244755,0.9952807936150397,0.9727117770954385,0.9995001314087534,0.9752173865600178,753.630538016092,4.191502549103461,757.8220405651955
success,UNSW_2018_IoT_Botnet_Final_10_Best,QWE,FakeKolkataV2,full,0,6,9,6144,2,199,225,0.012177777777777777,0.9973333333333333,0.986013986013986,0.9973163830309103,0.9844649139608554,0.9997887153377204,0.9859147894356651,726.779077680083,5.219970187172294,731.9990478672553
success,UNSW_2018_IoT_Botnet_Final_10_Best,QWE,ideal,full,3,6,0,42,0,181,193,,0.9966666666666667,0.9825174825174825,0.9966400755284308,0.9805571131969575,0.9997217226399246,0.9823619317924351,849.6779484510189,5.448583138990216,855.1265315900091
success,UNSW_2018_IoT_Botnet_Final_10_Best,QWE,ideal,full,3,6,1,123,1,181,193,,0.996,0.9884051099968565,0.996,0.976810219993713,0.9991960876264486,0.9883605615127131,820.6418034530943,5.198184856912121,825.8399883100064
success,UNSW_2018_IoT_Botnet_Final_10_Best,QWE,ideal,full,3,6,2,456,2,181,193,,0.9973333333333333,0.986013986013986,0.9973163830309103,0.9844649139608554,0.9999742335777708,0.9859147894356651,849.6215650871163,5.350455416250043,854.9720205033664
success,UNSW_2018_IoT_Botnet_Final_10_Best,QWE,ideal,full,3,6,3,789,0,181,193,,0.998,0.9895104895104896,0.997990503452285,0.9883629768056863,0.9986240730529603,0.9894548898363074,813.1754829360871,4.900181977078319,818.0756649131654
success,UNSW_2018_IoT_Botnet_Final_10_Best,QWE,ideal,full,3,6,4,1024,1,181,193,,0.9953333333333333,0.9880366501589788,0.995340603358116,0.9730368435381365,0.9982684964261971,0.9879955160481791,841.4938103669556,5.17067750915885,846.6644878761144
success,UNSW_2018_IoT_Botnet_Final_10_Best,QWE,ideal,full,3,6,5,2048,2,181,193,,0.9926666666666667,0.970922592514339,0.9926081661625477,0.9569943361344565,0.9977583212660589,0.9705508043659427,842.526655371883,3.7461262949509546,846.2727816668339
success,UNSW_2018_IoT_Botnet_Final_10_Best,QWE,ideal,full,3,6,6,3072,0,181,193,,0.996,0.979020979020979,0.9959615546218488,0.9766394448969591,0.9996135036665619,0.9787961779869995,836.7054500038503,4.938464549835771,841.643914553686
success,UNSW_2018_IoT_Botnet_Final_10_Best,QWE,ideal,full,3,6,7,4096,1,181,193,,0.992,0.958041958041958,0.9918424257354161,0.952918654507307,0.999840248182179,0.9571227278065839,863.7421196259093,5.618086434085853,869.3602060599951
success,UNSW_2018_IoT_Botnet_Final_10_Best,QWE,ideal,full,3,6,8,5120,2,181,193,,0.9953333333333333,0.9755244755244755,0.9952807936150397,0.9727117770954385,0.9986807591818645,0.9752173865600178,863.6655201661633,5.274859810946509,868.9403799771098
success,UNSW_2018_IoT_Botnet_Final_10_Best,QWE,ideal,full,3,6,9,6144,0,181,193,,0.9973333333333333,0.986013986013986,0.9973163830309103,0.9844649139608554,0.9996186569510078,0.9859147894356651,702.4444829231361,5.743348409887403,708.1878313330235
success,UNSW_2018_IoT_Botnet_Final_10_Best,QWE,FakeKolkataV2,full,3,6,0,42,1,209,193,0.012177777777777777,0.9966666666666667,0.9825174825174825,0.9966400755284308,0.9805571131969575,0.9998247883288415,0.9823619317924351,834.5662716858787,5.045755994156934,839.6120276800357
success,UNSW_2018_IoT_Botnet_Final_10_Best,QWE,FakeKolkataV2,full,3,6,1,123,2,209,193,0.012177777777777777,0.996,0.9884051099968565,0.996,0.976810219993713,0.9992218540486779,0.9883605615127131,836.578988627065,4.781014963868074,841.360003590933
success,UNSW_2018_IoT_Botnet_Final_10_Best,QWE,FakeKolkataV2,full,3,6,2,456,0,209,193,0.012177777777777777,0.9973333333333333,0.986013986013986,0.9973163830309103,0.9844649139608554,0.9999587737244333,0.9859147894356651,795.8492492679507,5.350262405117974,801.1995116730686
success,UNSW_2018_IoT_Botnet_Final_10_Best,QWE,FakeKolkataV2,full,3,6,3,789,1,209,193,0.012177777777777777,0.998,0.9895104895104896,0.997990503452285,0.9883629768056863,0.9976964818527089,0.9894548898363074,814.085203695111,3.7718571310397238,817.8570608261507
success,UNSW_2018_IoT_Botnet_Final_10_Best,QWE,FakeKolkataV2,full,3,6,4,1024,2,209,193,0.012177777777777777,0.9946666666666667,0.9876681903211012,0.9946832186168468,0.9693011272631611,0.9982736497106431,0.9876303356564591,807.4718506600475,3.5964140631258488,811.0682647231733
success,UNSW_2018_IoT_Botnet_Final_10_Best,QWE,FakeKolkataV2,full,3,6,5,2048,0,209,193,0.012177777777777777,0.9926666666666667,0.970922592514339,0.9926081661625477,0.9569943361344565,0.9971244672792204,0.9705508043659427,809.4188897490967,4.133342665038072,813.5522324141348
success,UNSW_2018_IoT_Botnet_Final_10_Best,QWE,FakeKolkataV2,full,3,6,6,3072,1,209,193,0.012177777777777777,0.996,0.979020979020979,0.9959615546218488,0.9766394448969591,0.9994898248398616,0.9787961779869995,814.1575038030278,6.154329937067814,820.3118337400956
success,UNSW_2018_IoT_Botnet_Final_10_Best,QWE,FakeKolkataV2,full,3,6,7,4096,2,209,193,0.012177777777777777,0.9933333333333333,0.965034965034965,0.9932247972929835,0.9608674205030172,0.9998866277421915,0.9644013324700097,809.3061447090004,4.39023662917316,813.6963813381735
success,UNSW_2018_IoT_Botnet_Final_10_Best,QWE,FakeKolkataV2,full,3,6,8,5120,0,209,193,0.012177777777777777,0.9953333333333333,0.9755244755244755,0.9952807936150397,0.9727117770954385,0.9993455328753781,0.9752173865600178,703.8517020670697,1.255197101039812,705.1068991681095
success,UNSW_2018_IoT_Botnet_Final_10_Best,QWE,FakeKolkataV2,full,3,6,9,6144,1,209,193,0.012177777777777777,0.9973333333333333,0.986013986013986,0.9973163830309103,0.9844649139608554,0.9996031970976702,0.9859147894356651,701.0398095669225,2.360674994881265,703.4004845618038
success,UNSW_2018_IoT_Botnet_Final_10_Best,QWE,ideal,linear,0,6,0,42,2,42,30,,0.9973333333333333,0.9891420296726119,0.9973249254980052,0.9844726035127892,0.9997474890621537,0.9890902482577418,373.4563427189132,4.80521919101011,378.26156190992333
success,UNSW_2018_IoT_Botnet_Final_10_Best,QWE,ideal,linear,0,6,1,123,0,42,30,,0.9946666666666667,0.9907962339797269,0.9946995122365017,0.9695754135797602,0.9991806277731111,0.9907846927424768,490.5581853722688,6.695870838011615,497.2540562102804
success,UNSW_2018_IoT_Botnet_Final_10_Best,QWE,ideal,linear,0,6,2,456,1,42,30,,0.996,0.9884051099968565,0.996,0.976810219993713,0.9865396210274618,0.9883605615127131,492.4282646839274,4.6664604350226,497.09472511895
success,UNSW_2018_IoT_Botnet_Final_10_Best,QWE,ideal,linear,0,6,3,789,2,42,30,,0.996,0.9884051099968565,0.996,0.976810219993713,0.9996856496488037,0.9883605615127131,458.27965121599846,8.694687475915998,466.97433869191445
success,UNSW_2018_IoT_Botnet_Final_10_Best,QWE,ideal,linear,0,6,4,1024,0,42,30,,0.992,0.9893223946282164,0.9920970179646138,0.9551873937472581,0.9988508175685773,0.9893168627620523,482.27414026495535,9.348015716066584,491.62215598102193
success,UNSW_2018_IoT_Botnet_Final_10_Best,QWE,ideal,linear,0,6,5,2048,1,42,30,,0.9913333333333333,0.9733137164972094,0.9913197247261799,0.9496049536016182,0.9978923066616507,0.9730590274701449,498.662753270939,8.7646662381012,507.4274195090402
success,UNSW_2018_IoT_Botnet_Final_10_Best,QWE,ideal,linear,0,6,6,3072,2,42,30,,0.996,0.979020979020979,0.9959615546218488,0.9766394448969591,0.9997423357777079,0.9787961779869995,503.8727249650983,7.071427382063121,510.94415234716143
success,UNSW_2018_IoT_Botnet_Final_10_Best,QWE,ideal,linear,0,6,7,4096,0,42,30,,0.9953333333333333,0.984908606500353,0.9953260056217893,0.9728676747095873,0.996650365110203,0.9848243764316844,459.19995639298577,8.257675330969505,467.4576317239553
success,UNSW_2018_IoT_Botnet_Final_10_Best,QWE,ideal,linear,0,6,8,5120,1,42,30,,0.9946666666666667,0.9782840593452237,0.9946327660618205,0.9688072542805272,0.9987992847241189,0.9780746178609265,500.4825600949116,8.069841330056079,508.5524014249677
success,UNSW_2018_IoT_Botnet_Final_10_Best,QWE,ideal,linear,0,6,9,6144,2,42,30,,0.9966666666666667,0.9856455261761083,0.9966508390871419,0.9805592897585838,0.999737182493262,0.9855514524823146,499.2821148560615,9.169356468017213,508.45147132407874
success,UNSW_2018_IoT_Botnet_Final_10_Best,QWE,FakeKolkataV2,linear,0,6,0,42,0,48,30,0.012177777777777777,0.9973333333333333,0.9891420296726119,0.9973249254980052,0.9844726035127892,0.9997423357777079,0.9890902482577418,354.01343576575164,5.3090515051735565,359.3224872709252
success,UNSW_2018_IoT_Botnet_Final_10_Best,QWE,FakeKolkataV2,linear,0,6,1,123,1,48,30,0.012177777777777777,0.9946666666666667,0.9907962339797269,0.9946995122365017,0.9695754135797602,0.9991806277731111,0.9907846927424768,357.32076291099656,5.418340470991097,362.73910338198766
success,UNSW_2018_IoT_Botnet_Final_10_Best,QWE,FakeKolkataV2,linear,0,6,2,456,2,48,30,0.012177777777777777,0.996,0.9884051099968565,0.996,0.976810219993713,0.9859315334628526,0.9883605615127131,356.2248723980738,5.391417970997281,361.61629036907107
success,UNSW_2018_IoT_Botnet_Final_10_Best,QWE,FakeKolkataV2,linear,0,6,3,789,0,48,30,0.012177777777777777,0.996,0.9884051099968565,0.996,0.976810219993713,0.9996804963643579,0.9883605615127131,335.8442457531346,6.123093649977818,341.9673394031124
success,UNSW_2018_IoT_Botnet_Final_10_Best,QWE,FakeKolkataV2,linear,0,6,4,1024,1,48,30,0.012177777777777777,0.992,0.9893223946282164,0.9920970179646138,0.9551873937472581,0.998861124137469,0.9893168627620523,360.93386395892594,4.000088522909209,364.93395248183515
success,UNSW_2018_IoT_Botnet_Final_10_Best,QWE,FakeKolkataV2,linear,0,6,5,2048,2,48,30,0.012177777777777777,0.9913333333333333,0.9733137164972094,0.9913197247261799,0.9496049536016182,0.99791807308388,0.9730590274701449,355.1900238369126,5.790243912022561,360.98026774893515
success,UNSW_2018_IoT_Botnet_Final_10_Best,QWE,FakeKolkataV2,linear,0,6,6,3072,0,48,30,0.012177777777777777,0.996,0.979020979020979,0.9959615546218488,0.9766394448969591,0.999737182493262,0.9787961779869995,360.3855419969186,2.9831472089281306,363.36868920584675
success,UNSW_2018_IoT_Botnet_Final_10_Best,QWE,FakeKolkataV2,linear,0,6,7,4096,1,48,30,0.012177777777777777,0.996,0.9884051099968565,0.996,0.976810219993713,0.9967225110924448,0.9883605615127131,355.21128149086144,4.731429591076449,359.9427110819379
success,UNSW_2018_IoT_Botnet_Final_10_Best,QWE,FakeKolkataV2,linear,0,6,8,5120,2,48,30,0.012177777777777777,0.9946666666666667,0.9782840593452237,0.9946327660618205,0.9688072542805272,0.9985519270707185,0.9780746178609265,349.43770241190214,4.873767841956578,354.3114702538587
success,UNSW_2018_IoT_Botnet_Final_10_Best,QWE,FakeKolkataV2,linear,0,6,9,6144,0,48,30,0.012177777777777777,0.9966666666666667,0.9856455261761083,0.9966508390871419,0.9805592897585838,0.9997268759243704,0.9855514524823146,438.3812668810133,2.1998469170648605,440.58111379807815
success,UNSW_2018_IoT_Botnet_Final_10_Best,QWE,ideal,linear,3,6,0,42,1,42,30,,0.9973333333333333,0.9891420296726119,0.9973249254980052,0.9844726035127892,0.9997474890621537,0.9890902482577418,364.5356243479764,7.54875895101577,372.0843832989922
success,UNSW_2018_IoT_Botnet_Final_10_Best,QWE,ideal,linear,3,6,1,123,2,42,30,,0.9946666666666667,0.9907962339797269,0.9946995122365017,0.9695754135797602,0.9991806277731111,0.9907846927424768,369.81304679194,10.044393099029548,379.85743989096954
success,UNSW_2018_IoT_Botnet_Final_10_Best,QWE,ideal,linear,3,6,2,456,0,42,30,,0.996,0.9884051099968565,0.996,0.976810219993713,0.9865396210274618,0.9883605615127131,488.21905571687967,8.113363704062067,496.33241942094173
success,UNSW_2018_IoT_Botnet_Final_10_Best,QWE,ideal,linear,3,6,3,789,1,42,30,,0.996,0.9884051099968565,0.996,0.976810219993713,0.9996856496488037,0.9883605615127131,469.1008509020321,8.158490458852611,477.2593413608847
success,UNSW_2018_IoT_Botnet_Final_10_Best,QWE,ideal,linear,3,6,4,1024,2,42,30,,0.992,0.9893223946282164,0.9920970179646138,0.9551873937472581,0.9988508175685773,0.9893168627620523,486.3124326529214,9.613735520048067,495.9261681729695
success,UNSW_2018_IoT_Botnet_Final_10_Best,QWE,ideal,linear,3,6,5,2048,0,42,30,,0.9913333333333333,0.9733137164972094,0.9913197247261799,0.9496049536016182,0.9978923066616507,0.9730590274701449,487.21803581889253,8.280607867869548,495.4986436867621
success,UNSW_2018_IoT_Botnet_Final_10_Best,QWE,ideal,linear,3,6,6,3072,1,42,30,,0.996,0.979020979020979,0.9959615546218488,0.9766394448969591,0.9997423357777079,0.9787961779869995,488.27576264890376,7.193957147886977,495.46971979679074
success,UNSW_2018_IoT_Botnet_Final_10_Best,QWE,ideal,linear,3,6,7,4096,2,42,30,,0.9953333333333333,0.984908606500353,0.9953260056217893,0.9728676747095873,0.996650365110203,0.9848243764316844,459.0431299089687,8.043568427907303,467.086698336876
success,UNSW_2018_IoT_Botnet_Final_10_Best,QWE,ideal,linear,3,6,8,5120,0,42,30,,0.9946666666666667,0.9782840593452237,0.9946327660618205,0.9688072542805272,0.9987992847241189,0.9780746178609265,379.446508856141,6.888326340005733,386.33483519614674
success,UNSW_2018_IoT_Botnet_Final_10_Best,QWE,ideal,linear,3,6,9,6144,1,42,30,,0.9966666666666667,0.9856455261761083,0.9966508390871419,0.9805592897585838,0.999737182493262,0.9855514524823146,383.20869081502315,7.667603158042766,390.8762939730659
success,UNSW_2018_IoT_Botnet_Final_10_Best,QWE,FakeKolkataV2,linear,3,6,0,42,2,48,30,0.012177777777777777,0.9973333333333333,0.9891420296726119,0.9973249254980052,0.9844726035127892,0.9997423357777079,0.9890902482577418,443.4073637869442,1.709623504895717,445.1169872918399
success,UNSW_2018_IoT_Botnet_Final_10_Best,QWE,FakeKolkataV2,linear,3,6,1,123,0,48,30,0.012177777777777777,0.9946666666666667,0.9907962339797269,0.9946995122365017,0.9695754135797602,0.9991806277731111,0.9907846927424768,356.8707271600142,6.434055913006887,363.3047830730211
success,UNSW_2018_IoT_Botnet_Final_10_Best,QWE,FakeKolkataV2,linear,3,6,2,456,1,48,30,0.012177777777777777,0.996,0.9884051099968565,0.996,0.976810219993713,0.9859315334628526,0.9883605615127131,347.44085596699733,5.458742939983495,352.8995989069808
success,UNSW_2018_IoT_Botnet_Final_10_Best,QWE,FakeKolkataV2,linear,3,6,3,789,2,48,30,0.012177777777777777,0.996,0.9884051099968565,0.996,0.976810219993713,0.9996804963643579,0.9883605615127131,360.9148420250276,4.593498027999885,365.5083400530275
success,UNSW_2018_IoT_Botnet_Final_10_Best,QWE,FakeKolkataV2,linear,3,6,4,1024,0,48,30,0.012177777777777777,0.992,0.9893223946282164,0.9920970179646138,0.9551873937472581,0.998861124137469,0.9893168627620523,339.0303403219441,6.26565253699664,345.29599285894074
success,UNSW_2018_IoT_Botnet_Final_10_Best,QWE,FakeKolkataV2,linear,3,6,5,2048,1,48,30,0.012177777777777777,0.9913333333333333,0.9733137164972094,0.9913197247261799,0.9496049536016182,0.99791807308388,0.9730590274701449,359.1327499129111,2.9171328911324963,362.0498828040436
success,UNSW_2018_IoT_Botnet_Final_10_Best,QWE,FakeKolkataV2,linear,3,6,6,3072,2,48,30,0.012177777777777777,0.996,0.979020979020979,0.9959615546218488,0.9766394448969591,0.999737182493262,0.9787961779869995,356.19498568295967,4.637975363992155,360.8329610469518
success,UNSW_2018_IoT_Botnet_Final_10_Best,QWE,FakeKolkataV2,linear,3,6,7,4096,0,48,30,0.012177777777777777,0.996,0.9884051099968565,0.996,0.976810219993713,0.9967225110924448,0.9883605615127131,363.0056313361274,3.0443869630107656,366.0500182991382
success,UNSW_2018_IoT_Botnet_Final_10_Best,QWE,FakeKolkataV2,linear,3,6,8,5120,1,48,30,0.012177777777777777,0.9946666666666667,0.9782840593452237,0.9946327660618205,0.9688072542805272,0.9985519270707185,0.9780746178609265,360.951156504103,4.238777840044349,365.18993434414733
success,UNSW_2018_IoT_Botnet_Final_10_Best,QWE,FakeKolkataV2,linear,3,6,9,6144,2,48,30,0.012177777777777777,0.9966666666666667,0.9856455261761083,0.9966508390871419,0.9805592897585838,0.9997268759243704,0.9855514524823146,347.22202026401646,3.143631648970768,350.36565191298723
success,UNSW_NB15,QSVC,ideal,full,0,6,0,42,0,124,150,,0.84,0.8450954864454698,0.8422234156820623,0.6711940496068474,0.9550079347348798,0.8448957383217317,285.0701065181056,0.09647755499463528,285.16658407310024
success,UNSW_NB15,QSVC,ideal,full,0,6,1,123,1,124,150,,0.866,0.8626462726005131,0.8669346881284481,0.7152366980897982,0.9518455962221417,0.8625615088886469,277.70778720406815,1.355732885072939,279.0635200891411
success,UNSW_NB15,QSVC,ideal,full,0,6,2,456,2,124,150,,0.8606666666666667,0.8575967726702376,0.8617317925925926,0.7043319056602995,0.948932093851613,0.8575260137011652,284.8193511631107,0.25483263295609504,285.0741837960668
success,UNSW_NB15,QSVC,ideal,full,0,6,3,789,0,124,150,,0.842,0.8417897185723731,0.8437057143838474,0.6689472224372437,0.9497792100906096,0.8417893803531693,278.32842784305103,1.3002969450317323,279.62872478808276
success,UNSW_NB15,QSVC,ideal,full,0,6,4,1024,1,124,150,,0.882,0.8472906736260624,0.8779883524351422,0.7439252184215775,0.9514869347498838,0.8380856387329324,283.9927628209116,0.25561919901520014,284.2483820199268
success,UNSW_NB15,QSVC,ideal,full,0,6,5,2048,2,124,150,,0.84,0.855533432661487,0.8429026117694226,0.6854792101608954,0.9498476347242488,0.8537155765865913,283.9191637209151,0.10351797298062593,284.0226816938957
success,UNSW_NB15,QSVC,ideal,full,0,6,6,3072,0,124,150,,0.8533333333333334,0.8591127156098755,0.8553542293684637,0.6986250392624257,0.954859980070121,0.8588623492690619,280.04970449907705,1.3026734290178865,281.35237792809494
success,UNSW_NB15,QSVC,ideal,full,0,6,7,4096,1,124,150,,0.8506666666666667,0.8513874780992986,0.8522984424660661,0.6875497649158131,0.9499623182651369,0.8513835487825882,284.59071592707187,0.11233413894660771,284.7030500660185
success,UNSW_NB15,QSVC,ideal,full,0,6,8,5120,2,124,150,,0.8446666666666667,0.8483064421310708,0.8466870118074479,0.6786644351442488,0.9459204462442586,0.8482058828588241,284.4361352279084,0.10226348496507853,284.53839871287346
success,UNSW_NB15,QSVC,ideal,full,0,6,9,6144,0,124,150,,0.8913333333333333,0.8544380589943686,0.8870165475868639,0.768239982890164,0.9595126300949857,0.8440176897497998,249.6840335689485,1.401570638990961,251.08560420793947
success,UNSW_NB15,QSVC,FakeKolkataV2,full,0,6,0,42,1,135,150,0.012177777777777777,0.84,0.8450954864454698,0.8422234156820623,0.6711940496068474,0.9552082290133965,0.8448957383217317,272.4866637249943,0.2583898309385404,272.7450535559328
success,UNSW_NB15,QSVC,FakeKolkataV2,full,0,6,1,123,2,135,150,0.012177777777777777,0.868,0.865013211718756,0.8689415049814476,0.7196778638025323,0.9525447002904266,0.8649461663430419,271.98945798096247,0.08460408600512892,272.0740620669676
success,UNSW_NB15,QSVC,FakeKolkataV2,full,0,6,2,456,0,135,150,0.012177777777777777,0.8626666666666667,0.8591609019715931,0.8636521273627081,0.7080781017437074,0.9481322002470997,0.8590687903853883,270.37861641310155,0.06002821191214025,270.4386446250137
success,UNSW_NB15,QSVC,FakeKolkataV2,full,0,6,3,789,1,135,150,0.012177777777777777,0.84,0.8402255892710174,0.8417898942420681,0.6653611029834055,0.9489398036694877,0.8402251992921825,268.33450373401865,0.8291380730224773,269.16364180704113
success,UNSW_NB15,QSVC,FakeKolkataV2,full,0,6,4,1024,2,135,150,0.012177777777777777,0.8873333333333333,0.8558929029199007,0.88405188198444,0.7547962948060803,0.9505848860585291,0.8484240042421649,264.9791361190146,2.06505814997945,267.04419426899403
success,UNSW_NB15,QSVC,FakeKolkataV2,full,0,6,5,2048,0,135,150,0.012177777777777777,0.844,0.8542304734406412,0.8465314999657216,0.6856893107731359,0.9491961551138259,0.8534412189897322,263.1048568680417,1.2832954550394788,264.38815232308116
success,UNSW_NB15,QSVC,FakeKolkataV2,full,0,6,6,3072,1,135,150,0.012177777777777777,0.8506666666666667,0.8570272098747347,0.8527869674185464,0.6939758082878048,0.9545621883547055,0.8567232118272239,269.78406359197106,0.057297797058708966,269.84136138902977
success,UNSW_NB15,QSVC,FakeKolkataV2,full,0,6,7,4096,2,135,150,0.012177777777777777,0.846,0.8485435190307217,0.8478950845917387,0.6800900380925347,0.9504827309716875,0.8484944272954118,262.6178123980062,1.068684790050611,263.6864971880568
success,UNSW_NB15,QSVC,FakeKolkataV2,full,0,6,8,5120,0,135,150,0.012177777777777777,0.85,0.8532831295692718,0.8518814994667644,0.6890070249927666,0.942019278399596,0.8532017896859536,278.49602030206006,0.09451490000355989,278.5905352020636
success,UNSW_NB15,QSVC,FakeKolkataV2,full,0,6,9,6144,1,135,150,0.012177777777777777,0.892,0.8549599796624271,0.8876685682252852,0.7699767077356282,0.958316642143457,0.8444636700661267,278.5680164230289,0.09507265000138432,278.6630890730303
success,UNSW_NB15,QSVC,ideal,full,3,6,0,42,2,124,142,,0.84,0.8450954864454698,0.8422234156820623,0.6711940496068474,0.9549915645294239,0.8448957383217317,270.3861706049647,1.6330726629821584,272.0192432679469
success,UNSW_NB15,QSVC,ideal,full,3,6,1,123,0,124,142,,0.866,0.8626462726005131,0.8669346881284481,0.7152366980897982,0.9516029320000924,0.8625615088886469,268.13139449607115,1.3092741039581597,269.4406686000293
success,UNSW_NB15,QSVC,ideal,full,3,6,2,456,1,124,142,,0.8606666666666667,0.8575967726702376,0.8617317925925926,0.7043319056602995,0.949112310844437,0.8575260137011652,275.8089887109818,0.2567043820163235,276.0656930929981
success,UNSW_NB15,QSVC,ideal,full,3,6,3,789,2,124,142,,0.842,0.8417897185723731,0.8437057143838474,0.6689472224372437,0.9497955934535937,0.8417893803531693,275.57654488505796,0.10385900200344622,275.6804038870614
success,UNSW_NB15,QSVC,ideal,full,3,6,4,1024,0,124,142,,0.882,0.8472906736260624,0.8779883524351422,0.7439252184215775,0.9514772974775404,0.8380856387329324,280.524047945044,0.25150128605309874,280.7755492310971
success,UNSW_NB15,QSVC,ideal,full,3,6,5,2048,1,124,142,,0.84,0.855533432661487,0.8429026117694226,0.6854792101608954,0.9498225778161555,0.8537155765865913,273.2361341260839,1.3131768929306418,274.54931101901457
success,UNSW_NB15,QSVC,ideal,full,3,6,6,3072,2,124,142,,0.8533333333333334,0.8591127156098755,0.8553542293684637,0.6986250392624257,0.9548416692526681,0.8588623492690619,280.5337472690735,0.09690695302560925,280.6306542220991
success,UNSW_NB15,QSVC,ideal,full,3,6,7,4096,0,124,142,,0.8506666666666667,0.8513874780992986,0.8522984424660661,0.6875497649158131,0.9498148679982806,0.8513835487825882,276.62734936899506,1.2946328949183226,277.9219822639134
success,UNSW_NB15,QSVC,ideal,full,3,6,8,5120,1,124,142,,0.8446666666666667,0.8483064421310708,0.8466870118074479,0.6786644351442488,0.9459474306068206,0.8482058828588241,283.9540119749727,0.2572306729853153,284.211242647958
success,UNSW_NB15,QSVC,ideal,full,3,6,9,6144,2,124,142,,0.8913333333333333,0.8544380589943686,0.8870165475868639,0.768239982890164,0.9594712231047154,0.8440176897497998,283.87359086901415,0.10418219096027315,283.9777730599744
success,UNSW_NB15,QSVC,FakeKolkataV2,full,3,6,0,42,0,134,142,0.012177777777777777,0.8466666666666667,0.8507152816830883,0.848665081454009,0.6833201071496271,0.9498041353064888,0.850590017599574,264.22692797193304,1.2642710810760036,265.49119905300904
success,UNSW_NB15,QSVC,FakeKolkataV2,full,3,6,1,123,1,134,142,0.012177777777777777,0.868,0.865013211718756,0.8689415049814476,0.7196778638025323,0.9513602677780432,0.8649461663430419,267.21816674794536,0.05638934799935669,267.2745560959447
success,UNSW_NB15,QSVC,FakeKolkataV2,full,3,6,2,456,2,134,142,0.012177777777777777,0.8653333333333333,0.8612464077067339,0.8662134992588988,0.7131037360818568,0.949444796740289,0.8611215263834049,263.75813619501423,1.152296926942654,264.9104331219569
success,UNSW_NB15,QSVC,FakeKolkataV2,full,3,6,3,789,0,134,142,0.012177777777777777,0.8486666666666667,0.8466006449262652,0.8500496872207327,0.6806282595459093,0.9467820183917705,0.8465681811179648,261.70881047297735,1.1935965749435127,262.90240704792086
success,UNSW_NB15,QSVC,FakeKolkataV2,full,3,6,4,1024,1,134,142,0.012177777777777777,0.884,0.8468406130076193,0.8795020452023691,0.7502971654541537,0.952864100967775,0.8362760186837717,261.9292282620445,1.1421505860053003,263.0713788480498
success,UNSW_NB15,QSVC,FakeKolkataV2,full,3,6,5,2048,2,134,142,0.012177777777777777,0.8466666666666667,0.8567188171597416,0.8491295696173744,0.6907405413211959,0.9497647541820944,0.8559590644997589,265.9552433870267,0.054996651015244424,266.01024003804196
success,UNSW_NB15,QSVC,FakeKolkataV2,full,3,6,6,3072,0,134,142,0.012177777777777777,0.85,0.8569086714249092,0.8521754257999337,0.6933157389098952,0.951762560738909,0.8565499598361869,259.14297813305166,1.5175758369732648,260.6605539700249
success,UNSW_NB15,QSVC,FakeKolkataV2,full,3,6,7,4096,1,134,142,0.012177777777777777,0.8466666666666667,0.8490648954645068,0.8485351020798524,0.681272993256041,0.9497512620008135,0.8490212788999159,266.3541325649712,0.08802073891274631,266.44215330388397
success,UNSW_NB15,QSVC,FakeKolkataV2,full,3,6,8,5120,2,134,142,0.012177777777777777,0.844,0.8477850656972856,0.8460466918937322,0.6774930206216997,0.9458703324280722,0.8476762506605336,266.10448269103654,0.26889578893315047,266.3733784799697
success,UNSW_NB15,QSVC,FakeKolkataV2,full,3,6,9,6144,0,134,142,0.012177777777777777,0.892,0.8549599796624271,0.8876685682252852,0.7699767077356282,0.9585679729448652,0.8444636700661267,189.87558579701,0.05826969491317868,189.93385549192317
success,UNSW_NB15,QSVC,ideal,linear,0,6,0,42,1,25,20,,0.8353333333333334,0.8478514586816015,0.8381680349506058,0.671963889833914,0.9361128658259442,0.8466491036323688,143.9197245039977,1.1509102929849178,145.07063479698263
success,UNSW_NB15,QSVC,ideal,linear,0,6,1,123,2,25,20,,0.836,0.8447680823363557,0.8385880206749773,0.6679829709408774,0.9298151514918072,0.8441762621736372,143.4841705369763,1.1133459580596536,144.59751649503596
success,UNSW_NB15,QSVC,ideal,linear,0,6,2,456,0,25,20,,0.8673333333333333,0.8503225595053381,0.8664945051461059,0.7095656517171364,0.942469339018039,0.8481286180836284,151.3947722769808,2.3258040039800107,153.7205762809608
success,UNSW_NB15,QSVC,ideal,linear,0,6,3,789,1,25,20,,0.834,0.8415757711263465,0.8365653814484791,0.6622434765151818,0.9350553854041582,0.8411365595598671,158.33206572104245,0.24824532098136842,158.58031104202382
success,UNSW_NB15,QSVC,ideal,linear,0,6,4,1024,2,25,20,,0.874,0.8450625362602372,0.8710685929462725,0.7231607316795435,0.9484299919625149,0.8386581008824772,158.8372860950185,0.09641484601888806,158.9337009410374
success,UNSW_NB15,QSVC,ideal,linear,0,6,5,2048,0,25,20,,0.8393333333333334,0.8538035422758226,0.8422018222422946,0.6825566873318648,0.9479452371636352,0.8522230449556115,153.89419319399167,0.09843756898771971,153.9926307629794
success,UNSW_NB15,QSVC,ideal,linear,0,6,6,3072,1,25,20,,0.846,0.858211630645755,0.848606218327649,0.6924006622605421,0.9397400634903502,0.8570920993389743,143.76696659706067,2.0159614629810676,145.78292806004174
success,UNSW_NB15,QSVC,ideal,linear,0,6,7,4096,2,25,20,,0.84,0.8515050528218897,0.8426959960509602,0.6795406538355007,0.9449210611022341,0.8505035655512847,153.54965834598988,0.25089105498045683,153.80054940097034
success,UNSW_NB15,QSVC,ideal,linear,0,6,8,5120,0,25,20,,0.8326666666666667,0.8433528841464942,0.8354737679970103,0.6638828553156078,0.9386057565355164,0.8424805893161407,117.43724530399777,1.4800896639935672,118.91733496799134
success,UNSW_NB15,QSVC,ideal,linear,0,6,9,6144,1,25,20,,0.886,0.85226563643507,0.8822238677916487,0.753235713048058,0.9454987712716376,0.8435406520633569,117.30480673804414,1.5114729690831155,118.81627970712725
success,UNSW_NB15,QSVC,FakeKolkataV2,linear,0,6,0,42,2,29,20,0.012177777777777777,0.8333333333333334,0.8466862852344599,0.8362559096211701,0.6692652860152062,0.9301021115639132,0.8453161941792279,138.0995582420146,0.05513887805864215,138.15469712007325
success,UNSW_NB15,QSVC,FakeKolkataV2,linear,0,6,1,123,0,29,20,0.012177777777777777,0.836,0.8487739679066937,0.8388340512154826,0.6736533654299465,0.9326481599889068,0.8475232898266596,122.83350226306356,0.053352079004980624,122.88685434206855
success,UNSW_NB15,QSVC,FakeKolkataV2,linear,0,6,2,456,1,29,20,0.012177777777777777,0.866,0.8492798066377677,0.8652153851776946,0.7067916217481834,0.941023748166509,0.847157663422913,121.82469785306603,1.0971795730292797,122.9218774260953
success,UNSW_NB15,QSVC,FakeKolkataV2,linear,0,6,3,789,2,29,20,0.012177777777777777,0.8353333333333334,0.8434241999618364,0.8379075218180948,0.6655837125367549,0.9338892754505906,0.8429243119689513,118.30844278202858,1.3058096050517634,119.61425238708034
success,UNSW_NB15,QSVC,FakeKolkataV2,linear,0,6,4,1024,0,29,20,0.012177777777777777,0.8766666666666667,0.847148041995378,0.8736414219427823,0.7293985860204748,0.9482815779684246,0.8404992844396768,121.93681454297621,0.2977925540180877,122.2346070969943
success,UNSW_NB15,QSVC,FakeKolkataV2,linear,0,6,5,2048,1,29,20,0.012177777777777777,0.8386666666666667,0.8532821658420374,0.8415566409354313,0.6814659160277863,0.9477043053550467,0.8516687534856189,122.55964138708077,0.2966141230426729,122.85625551012345
success,UNSW_NB15,QSVC,FakeKolkataV2,linear,0,6,6,3072,2,29,20,0.012177777777777777,0.8453333333333334,0.8580930921959296,0.8479840682087507,0.6918633164987267,0.947936563618526,0.8568705609477753,122.3004255220294,0.11117876006755978,122.41160428209696
success,UNSW_NB15,QSVC,FakeKolkataV2,linear,0,6,7,4096,0,29,20,0.012177777777777777,0.8393333333333334,0.8505808384041448,0.8420285979572888,0.6778583165166627,0.9449056414664844,0.849622670891769,118.00743619306013,1.4346307610394433,119.44206695409957
success,UNSW_NB15,QSVC,FakeKolkataV2,linear,0,6,8,5120,1,29,20,0.012177777777777777,0.8326666666666667,0.8433528841464942,0.8354737679970103,0.6638828553156078,0.9395097326813397,0.8424805893161407,122.46780855802353,0.057846017996780574,122.52565457602032
success,UNSW_NB15,QSVC,FakeKolkataV2,linear,0,6,9,6144,2,29,20,0.012177777777777777,0.8593333333333333,0.8658394256176383,0.8612733935684446,0.7116910367707869,0.94017267677896,0.865521556256421,117.64138822397217,1.361324576078914,119.00271280005109
success,UNSW_NB15,QSVC,ideal,linear,3,6,0,42,0,25,20,,0.8353333333333334,0.8478514586816015,0.8381680349506058,0.671963889833914,0.9361128658259442,0.8466491036323688,156.8907910620328,0.10202246892731637,156.99281353096012
success,UNSW_NB15,QSVC,ideal,linear,3,6,1,123,1,25,20,,0.836,0.8447680823363557,0.8385880206749773,0.6679829709408774,0.9298151514918072,0.8441762621736372,152.77789693698287,2.21403705899138,154.99193399597425
success,UNSW_NB15,QSVC,ideal,linear,3,6,2,456,2,25,20,,0.8673333333333333,0.8503225595053381,0.8664945051461059,0.7095656517171364,0.942469339018039,0.8481286180836284,157.0269397959346,0.39910288201645017,157.42604267795105
success,UNSW_NB15,QSVC,ideal,linear,3,6,3,789,0,25,20,,0.838,0.8451068677130175,0.840443812114238,0.6695942533023673,0.9273927901638144,0.8447219714450871,161.88998161593918,0.09368025802541524,161.9836618739646
success,UNSW_NB15,QSVC,ideal,linear,3,6,4,1024,1,25,20,,0.874,0.8450625362602372,0.8710685929462725,0.7231607316795435,0.9484299919625149,0.8386581008824772,151.02010797301773,2.0043635739712045,153.02447154698893
success,UNSW_NB15,QSVC,ideal,linear,3,6,5,2048,2,25,20,,0.8393333333333334,0.8538035422758226,0.8422018222422946,0.6825566873318648,0.9479452371636352,0.8522230449556115,161.68515540403314,0.24483729898929596,161.92999270302244
success,UNSW_NB15,QSVC,ideal,linear,3,6,6,3072,0,25,20,,0.8453333333333334,0.8580930921959296,0.8479840682087507,0.6918633164987267,0.9476079326316115,0.8568705609477753,160.6263818059815,0.25150770600885153,160.87788951199036
success,UNSW_NB15,QSVC,ideal,linear,3,6,7,4096,1,25,20,,0.84,0.8515050528218897,0.8426959960509602,0.6795406538355007,0.9449210611022341,0.8505035655512847,151.00774553604424,2.1571663409704342,153.16491187701467
success,UNSW_NB15,QSVC,ideal,linear,3,6,8,5120,2,25,20,,0.8326666666666667,0.8433528841464942,0.8354737679970103,0.6638828553156078,0.9386057565355164,0.8424805893161407,160.5774285569787,0.09964647202286869,160.67707502900157
success,UNSW_NB15,QSVC,ideal,linear,3,6,9,6144,0,25,20,,0.886,0.85226563643507,0.8822238677916487,0.753235713048058,0.9454987712716376,0.8435406520633569,76.58102193695959,1.3849496219772846,77.96597155893687
success,UNSW_NB15,QSVC,FakeKolkataV2,linear,3,6,0,42,1,29,20,0.012177777777777777,0.836,0.8487739679066937,0.8388340512154826,0.6736533654299465,0.936168717115146,0.8475232898266596,130.50326704105828,0.05443743208888918,130.55770447314717
success,UNSW_NB15,QSVC,FakeKolkataV2,linear,3,6,1,123,2,29,20,0.012177777777777777,0.836,0.8487739679066937,0.8388340512154826,0.6736533654299465,0.9326481599889068,0.8475232898266596,129.16187462303787,1.1857525540981442,130.34762717713602
success,UNSW_NB15,QSVC,FakeKolkataV2,linear,3,6,2,456,0,29,20,0.012177777777777777,0.836,0.8427370624437425,0.8384584623169424,0.6651247435849643,0.9278939283256781,0.8423902150852915,121.049764174968,0.05396223405841738,121.10372640902642
success,UNSW_NB15,QSVC,FakeKolkataV2,linear,3,6,3,789,1,29,20,0.012177777777777777,0.838,0.8451068677130175,0.840443812114238,0.6695942533023673,0.9268261185500146,0.8447219714450871,111.8640040360624,1.3077480809297413,113.17175211699214
success,UNSW_NB15,QSVC,FakeKolkataV2,linear,3,6,4,1024,2,29,20,0.012177777777777777,0.8766666666666667,0.847148041995378,0.8736414219427823,0.7293985860204748,0.9482815779684246,0.8404992844396768,118.7411659139907,1.1301952219801024,119.8713611359708
success,UNSW_NB15,QSVC,FakeKolkataV2,linear,3,6,5,2048,0,29,20,0.012177777777777777,0.8386666666666667,0.8532821658420374,0.8415566409354313,0.6814659160277863,0.9477043053550467,0.8516687534856189,122.31463324907236,0.05357060395181179,122.36820385302417
success,UNSW_NB15,QSVC,FakeKolkataV2,linear,3,6,6,3072,1,29,20,0.012177777777777777,0.8453333333333334,0.8580930921959296,0.8479840682087507,0.6918633164987267,0.947936563618526,0.8568705609477753,120.79610134998802,1.0555499530164525,121.85165130300447
success,UNSW_NB15,QSVC,FakeKolkataV2,linear,3,6,7,4096,2,29,20,0.012177777777777777,0.8393333333333334,0.8505808384041448,0.8420285979572888,0.6778583165166627,0.9449056414664844,0.849622670891769,114.31433502200525,1.296082918997854,115.6104179410031
success,UNSW_NB15,QSVC,FakeKolkataV2,linear,3,6,8,5120,0,29,20,0.012177777777777777,0.8426666666666667,0.8519792066211915,0.8451672315063691,0.6817994460453913,0.9340897307153361,0.8513235530929426,206.3059987750603,0.05475832999218255,206.36075710505247
success,UNSW_NB15,QSVC,FakeKolkataV2,linear,3,6,9,6144,1,29,20,0.012177777777777777,0.8846666666666667,0.8516223836559869,0.8810081582194378,0.7497046594547323,0.945704843269727,0.8432460778445575,201.97113683796488,1.0564835299737751,203.02762036793865
success,UNSW_NB15,QVE,ideal,full,0,6,0,42,2,126,150,,0.89,0.8545959833293532,0.8859594492695528,0.7638557540933594,0.9452493663767536,0.845007424507972,196.09974509803578,3.5615007628221065,199.6612458608579
success,UNSW_NB15,QVE,ideal,full,0,6,1,123,0,126,150,,0.884,0.849898697316827,0.8801165220478272,0.7487178654543052,0.948752590344275,0.8409567663909836,396.883176401956,1.931928226025775,398.8151046279818
success,UNSW_NB15,QVE,ideal,full,0,6,2,456,1,126,150,,0.8833333333333333,0.8447078846379952,0.878497157257429,0.7498196471162395,0.9418005123173977,0.8332581913455039,379.63650935690384,5.665725628030486,385.30223498493433
success,UNSW_NB15,QVE,ideal,full,0,6,3,789,2,126,150,,0.8806666666666667,0.8398025130151363,0.8752479867467723,0.7452401794818803,0.9368508092417587,0.8269005216915406,396.2141135089332,1.9425947499694303,398.15670825890265
success,UNSW_NB15,QVE,ideal,full,0,6,4,1024,0,126,150,,0.888,0.8499688716103304,0.883400619706672,0.7606541546675857,0.9444151043041986,0.8389407392510541,378.79547409294173,5.664535799995065,384.4600098929368
success,UNSW_NB15,QVE,ideal,full,0,6,5,2048,1,126,150,,0.8873333333333333,0.8591156067915786,0.8846412349201066,0.7535730083739647,0.941615476688402,0.8531272366583895,397.33816414896864,1.2951561531517655,398.6333203021204
success,UNSW_NB15,QVE,ideal,full,0,6,6,3072,2,126,150,,0.89,0.8535471908314847,0.8857761094460369,0.7642116339134922,0.9479683666172596,0.8434637835838357,397.12213266303297,1.3043730629142374,398.4265057259472
success,UNSW_NB15,QVE,ideal,full,0,6,7,4096,0,126,150,,0.8946666666666667,0.8608223677236184,0.8910478585746642,0.7734800703161994,0.945681441890139,0.8522117364884898,383.9111953889951,6.1831622461322695,390.0943576351274
success,UNSW_NB15,QVE,ideal,full,0,6,8,5120,1,126,150,,0.896,0.8626707965591083,0.8925014705882354,0.776301918617425,0.944708077383442,0.8543396093052052,400.26231253007427,1.5861370650818571,401.8484495951561
success,UNSW_NB15,QVE,ideal,full,0,6,9,6144,2,126,150,,0.8933333333333333,0.854000878213375,0.8885552447126733,0.7753948996470835,0.9458252124274897,0.8421422220135097,399.4253135849722,2.1952938730828464,401.620607458055
success,UNSW_NB15,QVE,FakeKolkataV2,full,0,6,0,42,0,139,150,0.012177777777777777,0.8893333333333333,0.8540740626612947,0.8853089548354307,0.7621552611266621,0.9448006301566145,0.8445583107773321,330.5526080520358,2.060295313131064,332.61290336516686
success,UNSW_NB15,QVE,FakeKolkataV2,full,0,6,1,123,1,139,150,0.012177777777777777,0.8853333333333333,0.8521443043240453,0.8816560052604685,0.7513529534664606,0.9521826298638769,0.8436993141459446,336.83177415805403,0.8753986500669271,337.70717280812096
success,UNSW_NB15,QVE,FakeKolkataV2,full,0,6,2,456,2,139,150,0.012177777777777777,0.884,0.84563209905574,0.8792363561247676,0.7512282190227422,0.9412222759767859,0.8343481305836137,327.314957780065,2.8371343520702794,330.1520921321353
success,UNSW_NB15,QVE,FakeKolkataV2,full,0,6,3,789,0,139,150,0.012177777777777777,0.884,0.8468406130076193,0.8795020452023691,0.7502971654541537,0.9422438268452004,0.8362760186837717,328.5772279810626,1.6179182640044019,330.195146245067
success,UNSW_NB15,QVE,FakeKolkataV2,full,0,6,4,1024,1,139,150,0.012177777777777777,0.8793333333333333,0.8379540841796465,0.8737564109569224,0.7424366172660474,0.9380381211944822,0.8246925056764786,328.54246565594804,1.4722716099349782,330.014737265883
success,UNSW_NB15,QVE,FakeKolkataV2,full,0,6,5,2048,2,139,150,0.012177777777777777,0.8966666666666666,0.8740687985598061,0.8949415789668053,0.7736096169530167,0.9478026055329508,0.8702989244167225,329.1573181251297,1.49952963902615,330.6568477641558
success,UNSW_NB15,QVE,FakeKolkataV2,full,0,6,6,3072,0,139,150,0.012177777777777777,0.8906666666666667,0.8540685672652698,0.8864272150183248,0.7659329168285994,0.9469265774769235,0.8439104152188335,323.728563335957,2.9644757270580158,326.693039063015
success,UNSW_NB15,QVE,FakeKolkataV2,full,0,6,7,4096,1,139,150,0.012177777777777777,0.896,0.8626707965591083,0.8925014705882354,0.776301918617425,0.9454501473538941,0.8543396093052052,314.6243761200458,2.3593052281066775,316.98368134815246
success,UNSW_NB15,QVE,FakeKolkataV2,full,0,6,8,5120,2,139,150,0.012177777777777777,0.8966666666666666,0.8635950109768532,0.8932273357696953,0.7777129387410917,0.9446907302932236,0.8554015607521959,332.28371127997525,1.472842944902368,333.7565542248776
success,UNSW_NB15,QVE,FakeKolkataV2,full,0,6,9,6144,0,139,150,0.012177777777777777,0.8933333333333333,0.854000878213375,0.8885552447126733,0.7753948996470835,0.9450972197613416,0.8421422220135097,355.0857569120126,1.948897385969758,357.03465429798234
success,UNSW_NB15,QVE,ideal,full,3,6,0,42,1,126,142,,0.89,0.8545959833293532,0.8859594492695528,0.7638557540933594,0.945224329591939,0.845007424507972,283.10987556306645,5.107853544061072,288.2177291071275
success,UNSW_NB15,QVE,ideal,full,3,6,1,123,2,126,142,,0.884,0.849898697316827,0.8801165220478272,0.7487178654543052,0.9487468126247025,0.8409567663909836,292.2369160349481,2.2333718080772087,294.4702878430253
success,UNSW_NB15,QVE,ideal,full,3,6,2,456,0,126,142,,0.8833333333333333,0.8447078846379952,0.878497157257429,0.7498196471162395,0.9417947299539916,0.8332581913455039,390.805664089974,1.8277652399847284,392.63342932995874
success,UNSW_NB15,QVE,ideal,full,3,6,3,789,1,126,142,,0.8833333333333333,0.8459163985898743,0.8787654320987656,0.7488815358919463,0.9424731939269764,0.8351920570892636,378.2277080719359,5.64086301298812,383.86857108492404
success,UNSW_NB15,QVE,ideal,full,3,6,4,1024,2,126,142,,0.888,0.8499688716103304,0.883400619706672,0.7606541546675857,0.9444594357569788,0.8389407392510541,390.88188698596787,1.5612481241114438,392.4431351100793
success,UNSW_NB15,QVE,ideal,full,3,6,5,2048,0,126,142,,0.8873333333333333,0.8707979083264106,0.886459733048512,0.7531938353623014,0.9467849095734736,0.8687738718976091,375.8372777590994,5.875266145099886,381.71254390419926
success,UNSW_NB15,QVE,ideal,full,3,6,6,3072,1,126,142,,0.8986666666666666,0.8699931960857255,0.8960178650125785,0.7799457479952959,0.9500018310817453,0.8638869908795562,392.3451788619859,1.366946540074423,393.71212540206034
success,UNSW_NB15,QVE,ideal,full,3,6,7,4096,2,126,142,,0.8946666666666667,0.8608223677236184,0.8910478585746642,0.7734800703161994,0.945665058527155,0.8522117364884898,391.98129753686953,1.3575831729685888,393.3388807098381
success,UNSW_NB15,QVE,ideal,full,3,6,8,5120,0,126,142,,0.8853333333333333,0.848689041843109,0.8809732441746654,0.7531282620778117,0.9385248034478306,0.8384397377431182,285.1876219169935,7.239074601908214,292.42669651890174
success,UNSW_NB15,QVE,ideal,full,3,6,9,6144,1,126,142,,0.8826666666666667,0.8400419077259667,0.876834336677815,0.7524930776512708,0.9358259057538383,0.8258621193072232,290.1489242599346,3.0660280460724607,293.21495230600704
success,UNSW_NB15,QVE,FakeKolkataV2,full,3,6,0,42,2,138,142,0.012177777777777777,0.8893333333333333,0.8540740626612947,0.8853089548354307,0.7621552611266621,0.9449181104545911,0.8445583107773321,353.10845711105503,2.0407061210135,355.14916323206853
success,UNSW_NB15,QVE,FakeKolkataV2,full,3,6,1,123,0,138,142,0.012177777777777777,0.884,0.849898697316827,0.8801165220478272,0.7487178654543052,0.9488045898204285,0.8409567663909836,336.1404052199796,0.6264686598442495,336.76687387982383
success,UNSW_NB15,QVE,FakeKolkataV2,full,3,6,2,456,1,138,142,0.012177777777777777,0.884,0.84563209905574,0.8792363561247676,0.7512282190227422,0.9412897368831905,0.8343481305836137,335.94695915898774,0.2909531358163804,336.2379122948041
success,UNSW_NB15,QVE,FakeKolkataV2,full,3,6,3,789,2,138,142,0.012177777777777777,0.8813333333333333,0.8407267274328812,0.8759926860942289,0.7466418066569124,0.9363072670815833,0.8280023216761765,335.3368923069211,0.612898729974404,335.9497910368955
success,UNSW_NB15,QVE,FakeKolkataV2,full,3,6,4,1024,0,138,142,0.012177777777777777,0.888,0.8499688716103304,0.883400619706672,0.7606541546675857,0.9450222524618412,0.8389407392510541,323.99226857197937,1.343635144061409,325.3359037160408
success,UNSW_NB15,QVE,FakeKolkataV2,full,3,6,5,2048,1,138,142,0.012177777777777777,0.898,0.8755143894113362,0.8962971714962656,0.7765992354115158,0.9480724491585698,0.8717881460284852,331.08374514989555,0.267532293102704,331.35127744299825
success,UNSW_NB15,QVE,FakeKolkataV2,full,3,6,6,3072,2,138,142,0.012177777777777777,0.8986666666666666,0.8707988720536449,0.8961486981259646,0.7795968952599761,0.9493811907428217,0.8650374939981734,330.49877534690313,0.5454644009005278,331.04423974780366
success,UNSW_NB15,QVE,FakeKolkataV2,full,3,6,7,4096,0,138,142,0.012177777777777777,0.896,0.8626707965591083,0.8925014705882354,0.776301918617425,0.9455445926228607,0.8543396093052052,323.25051763199735,2.9048695060191676,326.1553871380165
success,UNSW_NB15,QVE,FakeKolkataV2,full,3,6,8,5120,1,138,142,0.012177777777777777,0.8966666666666666,0.8635950109768532,0.8932273357696953,0.7777129387410917,0.9448381805600796,0.8554015607521959,324.27530464797746,2.4322519460693,326.70755659404676
success,UNSW_NB15,QVE,FakeKolkataV2,full,3,6,9,6144,2,138,142,0.012177777777777777,0.8826666666666667,0.8400419077259667,0.876834336677815,0.7524930776512708,0.9349842846027625,0.8258621193072232,326.74206363700796,2.0253886049613357,328.7674522419693
success,UNSW_NB15,QVE,ideal,linear,0,6,0,42,0,27,20,,0.872,0.8344952969362679,0.8671560462130937,0.7222058610779752,0.9323188299732684,0.8234648468589498,254.52434282493778,6.918210340081714,261.4425531650195
success,UNSW_NB15,QVE,ideal,linear,0,6,1,123,1,27,20,,0.8813333333333333,0.848211603201627,0.8776102796034793,0.7419056730057014,0.934069479003767,0.8397616104788536,269.8553696689196,3.02764521795325,272.88301488687284
success,UNSW_NB15,QVE,ideal,linear,0,6,2,456,2,27,20,,0.88,0.8380726226294719,0.874306733728699,0.744598163904904,0.9359535791865756,0.8244564167475864,270.56695359095465,2.90889198705554,273.4758455780102
success,UNSW_NB15,QVE,ideal,linear,0,6,3,789,0,27,20,,0.8653333333333333,0.8229767992305602,0.8591639872631253,0.7089346334795825,0.9297442846156366,0.8088186965886953,249.88029824278783,5.718817901099101,255.59911614388693
success,UNSW_NB15,QVE,ideal,linear,0,6,4,1024,1,27,20,,0.89,0.8519358388956457,0.8854401768427188,0.7655421250529872,0.9412155298861452,0.8409142558318777,268.03832982096355,2.4027946810238063,270.44112450198736
success,UNSW_NB15,QVE,ideal,linear,0,6,5,2048,2,27,20,,0.882,0.8698496007278068,0.8817304680296173,0.7430863506574453,0.9448246883787988,0.8687561229830062,267.68079002399463,2.7085218291031197,270.38931185309775
success,UNSW_NB15,QVE,ideal,linear,0,6,6,3072,0,27,20,,0.898,0.8819597971546917,0.8971594757645102,0.7766237156424447,0.9471704004672149,0.8800794671118954,269.2284611329669,2.307339377934113,271.535800510901
success,UNSW_NB15,QVE,ideal,linear,0,6,7,4096,1,27,20,,0.8866666666666667,0.8529544985823573,0.8829346641122893,0.754405564520457,0.940405035282054,0.844331699993419,268.84579285187647,2.360406406922266,271.20619925879873
success,UNSW_NB15,QVE,ideal,linear,0,6,8,5120,2,27,20,,0.868,0.8266736569015398,0.8621649164459867,0.714657398700877,0.9379908985599988,0.8132627888108489,251.43855635204818,6.240587437991053,257.67914379003923
success,UNSW_NB15,QVE,ideal,linear,0,6,9,6144,0,27,20,,0.89,0.8497889206449476,0.8849398349964838,0.7680957783738934,0.9322918672819296,0.8373282310475719,107.43991262791678,2.1870803580386564,109.62699298595544
success,UNSW_NB15,QVE,FakeKolkataV2,linear,0,6,0,42,1,33,20,0.012177777777777777,0.8726666666666667,0.8354178061613602,0.8678952909244027,0.7236431879917209,0.9323072745341232,0.824550496436341,200.51650617585983,1.4540049600182101,201.97051113587804
success,UNSW_NB15,QVE,FakeKolkataV2,linear,0,6,1,123,2,33,20,0.012177777777777777,0.8806666666666667,0.8472890939765347,0.8768812735334068,0.7404655222027912,0.9340925898820576,0.838697947467444,202.53191768703982,1.2466544159688056,203.77857210300863
success,UNSW_NB15,QVE,FakeKolkataV2,linear,0,6,2,456,0,33,20,0.012177777777777777,0.8793333333333333,0.8371484082117271,0.8735587313493692,0.7432013025543047,0.9359468330959351,0.8233475306818718,191.0426141669741,2.024866539053619,193.0674807060277
success,UNSW_NB15,QVE,FakeKolkataV2,linear,0,6,3,789,1,33,20,0.012177777777777777,0.878,0.841342549135633,0.8734972172314571,0.7355686002760147,0.9345677394235754,0.8309951669008234,177.0922845029272,3.4705856629880145,180.56287016591523
success,UNSW_NB15,QVE,FakeKolkataV2,linear,0,6,4,1024,2,33,20,0.012177777777777777,0.8886666666666667,0.8500874100601559,0.8839648814047301,0.7627501381449011,0.9404320196446159,0.8387385361294738,188.20007761195302,3.2307830039644614,191.43086061591748
success,UNSW_NB15,QVE,FakeKolkataV2,linear,0,6,5,2048,0,33,20,0.012177777777777777,0.8793333333333333,0.867764094992666,0.8791598590556731,0.7376461272520257,0.9444006483956833,0.8667703921053236,184.31091805687174,2.751421252032742,187.06233930890448
success,UNSW_NB15,QVE,FakeKolkataV2,linear,0,6,6,3072,1,33,20,0.012177777777777777,0.898,0.8819597971546917,0.8971594757645102,0.7766237156424447,0.9472580996455411,0.8800794671118954,181.7169311339967,2.007487221970223,183.72441835596692
success,UNSW_NB15,QVE,FakeKolkataV2,linear,0,6,7,4096,2,33,20,0.012177777777777777,0.886,0.8520302841646124,0.8822056413975347,0.7529765221144666,0.9402508389245576,0.8432649507361282,186.97553112893365,1.6018451229901984,188.57737625192385
success,UNSW_NB15,QVE,FakeKolkataV2,linear,0,6,8,5120,0,33,20,0.012177777777777777,0.868,0.8266736569015398,0.8621649164459867,0.714657398700877,0.9378829611097513,0.8132627888108489,210.10084411606658,1.873422379954718,211.9742664960213
success,UNSW_NB15,QVE,FakeKolkataV2,linear,0,6,9,6144,1,33,20,0.012177777777777777,0.87,0.8253183523484504,0.8632631206510202,0.7231103597962792,0.9376805537366438,0.809440176624042,210.91825172503013,1.3023346259724349,212.22058635100257
success,UNSW_NB15,QVE,ideal,linear,3,6,0,42,2,27,20,,0.872,0.8344952969362679,0.8671560462130937,0.7222058610779752,0.9323034227210749,0.8234648468589498,106.16998570004944,2.464594023069367,108.6345797231188
success,UNSW_NB15,QVE,ideal,linear,3,6,1,123,0,27,20,,0.8813333333333333,0.848211603201627,0.8776102796034793,0.7419056730057014,0.9340675530972428,0.8397616104788536,272.31768644810654,2.401003860984929,274.71869030909147
success,UNSW_NB15,QVE,ideal,linear,3,6,2,456,1,27,20,,0.8546666666666667,0.8053695026589234,0.8461382089529045,0.6886623977085728,0.9294011977202069,0.7857003991582402,257.66997273801826,6.615491418982856,264.2854641570011
success,UNSW_NB15,QVE,ideal,linear,3,6,3,789,2,27,20,,0.878,0.841342549135633,0.8734972172314571,0.7355686002760147,0.9343547557047833,0.8309951669008234,273.2269164080499,1.7840216440381482,275.010938052088
success,UNSW_NB15,QVE,ideal,linear,3,6,4,1024,0,27,20,,0.89,0.8519358388956457,0.8854401768427188,0.7655421250529872,0.9412136024316765,0.8409142558318777,255.40698430303019,6.23031213588547,261.63729643891566
success,UNSW_NB15,QVE,ideal,linear,3,6,5,2048,1,27,20,,0.882,0.8698496007278068,0.8817304680296173,0.7430863506574453,0.9448189060153928,0.8687561229830062,272.0000312279444,2.8131438839482144,274.81317511189263
success,UNSW_NB15,QVE,ideal,linear,3,6,6,3072,2,27,20,,0.898,0.8819597971546917,0.8971594757645102,0.7766237156424447,0.9471723279216837,0.8800794671118954,272.69173130602576,2.146155287977308,274.83788659400307
success,UNSW_NB15,QVE,ideal,linear,3,6,7,4096,0,27,20,,0.8866666666666667,0.8529544985823573,0.8829346641122893,0.754405564520457,0.9403944342824762,0.844331699993419,271.8540809249971,2.772234042058699,274.6263149670558
success,UNSW_NB15,QVE,ideal,linear,3,6,8,5120,1,27,20,,0.89,0.8563670567192027,0.8863387767870949,0.7622526783494511,0.9402999890135095,0.8478194885687383,251.60114324791357,6.477989288046956,258.0791325359605
success,UNSW_NB15,QVE,ideal,linear,3,6,9,6144,2,27,20,,0.89,0.8497889206449476,0.8849398349964838,0.7680957783738934,0.9322899413754054,0.8373282310475719,271.9210172150051,2.8088380889967084,274.72985530400183
success,UNSW_NB15,QVE,FakeKolkataV2,linear,3,6,0,42,0,33,20,0.012177777777777777,0.8726666666666667,0.8354178061613602,0.8678952909244027,0.7236431879917209,0.932286089562357,0.824550496436341,181.2617938889889,1.8692184200044721,183.13101230899338
success,UNSW_NB15,QVE,FakeKolkataV2,linear,3,6,1,123,1,33,20,0.012177777777777777,0.874,0.842470475852984,0.8705162373222127,0.7241494079331383,0.9382641034134767,0.8347643371553343,180.8868562069256,3.4612666259054095,184.348122832831
success,UNSW_NB15,QVE,FakeKolkataV2,linear,3,6,2,456,2,33,20,0.012177777777777777,0.8793333333333333,0.8371484082117271,0.8735587313493692,0.7432013025543047,0.9359391232780604,0.8233475306818718,185.80479750188533,1.5750155380228534,187.37981303990819
success,UNSW_NB15,QVE,FakeKolkataV2,linear,3,6,3,789,0,33,20,0.012177777777777777,0.8653333333333333,0.8229767992305602,0.8591639872631253,0.7089346334795825,0.9293973428112694,0.8088186965886953,186.00153464602772,0.8486262040678412,186.85016085009556
success,UNSW_NB15,QVE,FakeKolkataV2,linear,3,6,4,1024,1,33,20,0.012177777777777777,0.8886666666666667,0.8500874100601559,0.8839648814047301,0.7627501381449011,0.940421418645038,0.8387385361294738,184.36042227398138,2.1535668990109116,186.5139891729923
success,UNSW_NB15,QVE,FakeKolkataV2,linear,3,6,5,2048,2,33,20,0.012177777777777777,0.8793333333333333,0.8681669329766257,0.879210107234373,0.7378393272299261,0.944296565854373,0.8672416925662351,181.80148930405267,2.196929203113541,183.9984185071662
success,UNSW_NB15,QVE,FakeKolkataV2,linear,3,6,6,3072,0,33,20,0.012177777777777777,0.8786666666666667,0.8398497356496196,0.8736840046822282,0.7386603048296174,0.936276427810084,0.8282176186111048,183.5502228270052,1.386793746962212,184.9370165739674
success,UNSW_NB15,QVE,FakeKolkataV2,linear,3,6,7,4096,1,33,20,0.012177777777777777,0.886,0.8520302841646124,0.8822056413975347,0.7529765221144666,0.9402556575607293,0.8432649507361282,179.2152855009772,2.6075753099285066,181.8228608109057
success,UNSW_NB15,QVE,FakeKolkataV2,linear,3,6,8,5120,2,33,20,0.012177777777777777,0.89,0.8563670567192027,0.8863387767870949,0.7622526783494511,0.9407201740876875,0.8478194885687383,171.86101608211175,2.704247032990679,174.56526311510243
success,UNSW_NB15,QVE,FakeKolkataV2,linear,3,6,9,6144,0,33,20,0.012177777777777777,0.892,0.8525564483202244,0.8871621852715816,0.7722310555976014,0.9321474242926145,0.8406097389763851,412.95455723116174,3.0223331678425893,415.97689039900433
success,UNSW_NB15,QWE,ideal,full,0,6,0,42,1,186,225,,0.836,0.842364550994153,0.8384102571734731,0.664798492945224,0.9561865895276906,0.8420518840798585,592.1928380109603,5.46095682377927,597.6537948347395
success,UNSW_NB15,QWE,ideal,full,0,6,1,123,2,186,225,,0.8746666666666667,0.8678288870571378,0.8750959503333021,0.7306346865085891,0.9519669283331663,0.8674785794091142,586.279491491965,5.755004863021895,592.0344963549869
success,UNSW_NB15,QWE,ideal,full,0,6,2,456,0,186,225,,0.8713333333333333,0.8651331196428813,0.8718915714530179,0.7239551854201108,0.9465574699461662,0.8648469640974009,831.382160850917,5.605204010964371,836.9873648618814
success,UNSW_NB15,QWE,ideal,full,0,6,3,789,1,186,225,,0.8413333333333334,0.8404626661706684,0.8429827234547062,0.6668874582850632,0.9500326703532446,0.8404568586954756,797.8805854440434,5.526094540022314,803.4066799840657
success,UNSW_NB15,QWE,ideal,full,0,6,4,1024,2,186,225,,0.8786666666666667,0.8434752775052572,0.8744981662062588,0.7362938264407721,0.9503709386125025,0.8339680272577399,830.7852949551307,6.182220435002819,836.9675153901335
success,UNSW_NB15,QWE,ideal,full,0,6,5,2048,0,186,225,,0.8533333333333334,0.8603212295617546,0.855445678393427,0.7000880564207085,0.953513653123729,0.8599556983350719,808.849559317925,5.639344135881402,814.4889034538064
success,UNSW_NB15,QWE,ideal,full,0,6,6,3072,1,186,225,,0.85,0.857311509408869,0.8522051317381353,0.6938182588157403,0.9532958507687652,0.8569099247443454,838.6790433200076,6.7712673069909215,845.4503106269985
success,UNSW_NB15,QWE,ideal,full,0,6,7,4096,2,186,225,,0.8446666666666667,0.8495149560829499,0.8467903021146015,0.6801015977489918,0.9509318278628963,0.8493367791207145,839.943770108046,5.644600083003752,845.5883701910498
success,UNSW_NB15,QWE,ideal,full,0,6,8,5120,0,186,225,,0.8446666666666667,0.8503206320508694,0.8468560924900418,0.681083050614695,0.9462230565958456,0.8500785373068088,739.8842119739857,3.94180114811752,743.8260131221032
success,UNSW_NB15,QWE,ideal,full,0,6,9,6144,1,186,225,,0.8926666666666667,0.8558824888875194,0.8884028476164729,0.7713707663041929,0.9583590120869894,0.8455428573052759,737.4965089808684,3.9095966609893367,741.4061056418577
success,UNSW_NB15,QWE,FakeKolkataV2,full,0,6,0,42,2,199,225,0.012177777777777777,0.838,0.8451320786694296,0.8404268786090906,0.6697840572952605,0.9522404070596031,0.8447407207817869,783.6773858179804,4.221829843008891,787.8992156609893
success,UNSW_NB15,QWE,FakeKolkataV2,full,0,6,1,123,0,199,225,0.012177777777777777,0.872,0.8653406158278703,0.872484314804623,0.725171575916005,0.9525312189447573,0.8650073962287006,746.2922461940907,3.051679231924936,749.3439254260156
success,UNSW_NB15,QWE,FakeKolkataV2,full,0,6,2,456,1,199,225,0.012177777777777777,0.872,0.8652516580927068,0.8724871304018558,0.7249630987550031,0.9468330959351913,0.8649127072266569,749.5324007880408,3.673740543075837,753.2061413311167
success,UNSW_NB15,QWE,FakeKolkataV2,full,0,6,3,789,2,199,225,0.012177777777777777,0.8393333333333334,0.8393013748532725,0.8411098989608327,0.663726770089842,0.9487104365877117,0.8393013670179973,751.6499620472314,2.95729920710437,754.6072612543358
success,UNSW_NB15,QWE,FakeKolkataV2,full,0,6,4,1024,0,199,225,0.012177777777777777,0.8853333333333333,0.8482862038591493,0.8808870791655603,0.7534243157290429,0.950066400806447,0.8378038621930278,745.1858763309428,4.365951195941307,749.5518275268842
success,UNSW_NB15,QWE,FakeKolkataV2,full,0,6,5,2048,1,199,225,0.012177777777777777,0.8546666666666667,0.860155468477446,0.8566378403624305,0.7009604988674165,0.9527677282443395,0.8599299225205395,738.4511237989645,3.1482400961685926,741.5993638951331
success,UNSW_NB15,QWE,FakeKolkataV2,full,0,6,6,3072,2,199,225,0.012177777777777777,0.8513333333333334,0.8587571002603991,0.853518863900463,0.6966252697884008,0.9528785568762902,0.8583437837064061,712.5806912650587,4.492848349036649,717.0735396140954
success,UNSW_NB15,QWE,FakeKolkataV2,full,0,6,7,4096,0,199,225,0.012177777777777777,0.8433333333333334,0.8484722032153795,0.8455086835667135,0.6777783172871912,0.9503535915222843,0.8482717796057477,739.5951682297746,5.482845750986598,745.0780139807612
success,UNSW_NB15,QWE,FakeKolkataV2,full,0,6,8,5120,1,199,225,0.012177777777777777,0.842,0.8482351263157286,0.8442914485092636,0.6764668758314729,0.946851406752644,0.8479399715608646,746.2850852170959,4.358592680073343,750.6436778971693
success,UNSW_NB15,QWE,FakeKolkataV2,full,0,6,9,6144,2,199,225,0.012177777777777777,0.892,0.8557611567764947,0.887832111925383,0.7693062207925676,0.955000231108783,0.8457261935699796,736.031109717791,5.413831198005937,741.4449409157969
success,UNSW_NB15,QWE,ideal,full,3,6,0,42,0,181,193,,0.836,0.842364550994153,0.8384102571734731,0.664798492945224,0.956190441340739,0.8420518840798585,829.3277680540923,5.324717474868521,834.6524855289608
success,UNSW_NB15,QWE,ideal,full,3,6,1,123,1,181,193,,0.8746666666666667,0.8678288870571378,0.8750959503333021,0.7306346865085891,0.9518282630634239,0.8674785794091142,859.3277022158727,6.2948121569352224,865.6225143728079
success,UNSW_NB15,QWE,ideal,full,3,6,2,456,2,181,193,,0.8646666666666667,0.8631420591767072,0.8658242581388648,0.7139499733310113,0.9458712961553065,0.8631247196140357,860.1806158550316,5.343877049861476,865.5244929048931
success,UNSW_NB15,QWE,ideal,full,3,6,3,789,0,181,193,,0.8413333333333334,0.8404626661706684,0.8429827234547062,0.6668874582850632,0.9500133958085575,0.8404568586954756,836.5656915090512,5.210077770985663,841.7757692800369
success,UNSW_NB15,QWE,ideal,full,3,6,4,1024,1,181,193,,0.884,0.8468406130076193,0.8795020452023691,0.7502971654541537,0.9500317066260101,0.8362760186837717,867.0923757860437,5.486848853062838,872.5792246391065
success,UNSW_NB15,QWE,ideal,full,3,6,5,2048,2,181,193,,0.854,0.8608426059955399,0.8560879296033734,0.7012458649536849,0.9535117256692605,0.8604923322084118,866.4671801880468,6.193231015931815,872.6604112039786
success,UNSW_NB15,QWE,ideal,full,3,6,6,3072,0,181,193,,0.85,0.857311509408869,0.8522051317381353,0.6938182588157403,0.9532900684053591,0.8569099247443454,835.7743929531425,4.966506302007474,840.74089925515
success,UNSW_NB15,QWE,ideal,full,3,6,7,4096,1,181,193,,0.8446666666666667,0.8495149560829499,0.8467903021146015,0.6801015977489918,0.9507516108700723,0.8493367791207145,858.3026935630478,5.7179631480248645,864.0206567110727
success,UNSW_NB15,QWE,ideal,full,3,6,8,5120,2,181,193,,0.8446666666666667,0.8503206320508694,0.8468560924900418,0.681083050614695,0.9462192016869082,0.8500785373068088,859.4506382438121,4.62139441689942,864.0720326607116
success,UNSW_NB15,QWE,ideal,full,3,6,9,6144,0,181,193,,0.8926666666666667,0.8558824888875194,0.8884028476164729,0.7713707663041929,0.9585207882350224,0.8455428573052759,694.2186752820853,4.565390664851293,698.7840659469366
success,UNSW_NB15,QWE,FakeKolkataV2,full,3,6,0,42,1,209,193,0.012177777777777777,0.836,0.842364550994153,0.8384102571734731,0.664798492945224,0.9564061428714494,0.8420518840798585,807.8486107967328,5.171584206982516,813.0201950037153
success,UNSW_NB15,QWE,FakeKolkataV2,full,3,6,1,123,2,209,193,0.012177777777777777,0.8706666666666667,0.8687032486191251,0.8716691822755653,0.7260515413937646,0.9486543691115408,0.8686743998568989,822.0632449929835,3.2401176490820944,825.3033626420656
success,UNSW_NB15,QWE,FakeKolkataV2,full,3,6,2,456,0,209,193,0.012177777777777777,0.8753333333333333,0.867455702277673,0.8756479919462122,0.7312105898657129,0.9472609908272441,0.8669949587126186,807.5567826558836,4.432984757935628,811.9897674138192
success,UNSW_NB15,QWE,FakeKolkataV2,full,3,6,3,789,1,209,193,0.012177777777777777,0.8386666666666667,0.8387799984194872,0.8404714766940854,0.6625340377838193,0.9491961551138257,0.8387798998244331,793.4971736021107,3.9673788947984576,797.4645524969092
success,UNSW_NB15,QWE,FakeKolkataV2,full,3,6,4,1024,2,209,193,0.012177777777777777,0.8793333333333333,0.8439966539390423,0.8751442706982734,0.7379566379427909,0.9500172507174949,0.8344162767000801,809.0034621639643,3.695914324838668,812.699376488803
success,UNSW_NB15,QWE,FakeKolkataV2,full,3,6,5,2048,0,209,193,0.012177777777777777,0.854,0.8600369300276204,0.8560272412813201,0.7002717070220449,0.9539820245596248,0.8597640422725368,828.7156194929266,4.10501612490043,832.8206356178271
success,UNSW_NB15,QWE,FakeKolkataV2,full,3,6,6,3072,1,209,193,0.012177777777777777,0.8486666666666667,0.8566715945252583,0.850949569341284,0.6920327363896636,0.9543964272703969,0.8561898435892518,834.5572076640092,2.222372441086918,836.7795801050961
success,UNSW_NB15,QWE,FakeKolkataV2,full,3,6,7,4096,2,209,193,0.012177777777777777,0.844,0.8493964176331245,0.8461825346919659,0.6794304017737192,0.9504769486082816,0.8491756389773513,832.9083895070944,2.6477172140730545,835.5561067211675
success,UNSW_NB15,QWE,FakeKolkataV2,full,3,6,8,5120,0,209,193,0.012177777777777777,0.844,0.8493964176331245,0.8461825346919659,0.6794304017737192,0.9462481135039388,0.8491756389773513,701.4504755520029,5.210377418901771,706.6608529709047
success,UNSW_NB15,QWE,FakeKolkataV2,full,3,6,9,6144,1,209,193,0.012177777777777777,0.894,0.85732691878067,0.889789147646082,0.7745015497182217,0.9583975302174733,0.8470675523725363,696.5728058342356,3.558257545111701,700.1310633793473
success,UNSW_NB15,QWE,ideal,linear,0,6,0,42,2,42,30,,0.8313333333333334,0.8459217003443521,0.834360070072182,0.667215474772187,0.9328946760240046,0.844284621876564,402.09716347104404,4.203050569049083,406.3002140400931
success,UNSW_NB15,QWE,ideal,linear,0,6,1,123,0,42,30,,0.84,0.8519054919150444,0.8426992935961956,0.6802813167735894,0.9326616413345762,0.8508231983109233,493.3080143559491,9.904695692006499,503.2127100479556
success,UNSW_NB15,QWE,ideal,linear,0,6,2,456,1,42,30,,0.8633333333333333,0.8431659210630297,0.8620036787291222,0.699831605947776,0.9336203955522061,0.8400542808710343,481.0598905609222,8.627652399125509,489.6875429600477
success,UNSW_NB15,QWE,ideal,linear,0,6,3,789,2,42,30,,0.8366666666666667,0.8440641148454471,0.8391610312924551,0.6673168889769298,0.9283642272160426,0.8436465770288839,497.795308463159,6.94969810009934,504.74500656325836
success,UNSW_NB15,QWE,ideal,linear,0,6,4,1024,0,42,30,,0.88,0.8465322202926262,0.8762168599644553,0.7385550224226364,0.9422910494796837,0.8379694892709685,488.326000800007,8.500521526904777,496.8265223269118
success,UNSW_NB15,QWE,ideal,linear,0,6,5,2048,1,42,30,,0.834,0.8508410447574202,0.837087690243259,0.6757733662946699,0.9408213654472946,0.8486920349743621,500.189533052966,8.87068444385659,509.0602174968226
success,UNSW_NB15,QWE,ideal,linear,0,6,6,3072,2,42,30,,0.8466666666666667,0.8591358450635,0.8492727304083886,0.69408277713371,0.940233491834339,0.8579698180526808,502.08625028515235,7.165926694171503,509.25217697932385
success,UNSW_NB15,QWE,ideal,linear,0,6,7,4096,0,42,30,,0.8366666666666667,0.8493010086369235,0.8394996411597115,0.6745869983886422,0.9354322027527904,0.8480899830563436,500.0395212690346,9.147448732983321,509.1869700020179
success,UNSW_NB15,QWE,ideal,linear,0,6,8,5120,1,42,30,,0.8433333333333334,0.8553204489426949,0.8459846809826733,0.6868121889820344,0.9340897307153362,0.8542380798849857,482.0690864789067,8.535157734062523,490.6042442129692
success,UNSW_NB15,QWE,ideal,linear,0,6,9,6144,2,42,30,,0.86,0.8635572263864602,0.8616949025487256,0.7096703239359642,0.9430634624717854,0.8634619639458877,502.38639981893357,6.7605924310628325,509.1469922499964
success,UNSW_NB15,QWE,FakeKolkataV2,linear,0,6,0,42,0,48,30,0.012177777777777777,0.8313333333333334,0.8459217003443521,0.834360070072182,0.667215474772187,0.9328099361369396,0.844284621876564,355.41336126695387,4.809193170047365,360.22255443700124
success,UNSW_NB15,QWE,FakeKolkataV2,linear,0,6,1,123,1,48,30,0.012177777777777777,0.836,0.8491745564637274,0.8388552409701835,0.6742454584153192,0.9341503670777835,0.8478447725527078,352.38745232799556,6.255799867096357,358.6432521950919
success,UNSW_NB15,QWE,FakeKolkataV2,linear,0,6,2,456,2,48,30,0.012177777777777777,0.8353333333333334,0.8422156860099572,0.8378173728074765,0.6639846325305433,0.9272540134420675,0.8418534898220832,360.60492994915694,3.6725882570026442,364.2775182061596
success,UNSW_NB15,QWE,FakeKolkataV2,linear,0,6,3,789,0,48,30,0.012177777777777777,0.832,0.8420258317447896,0.8347797941510163,0.6616299090871964,0.9323135814224229,0.8412568540864461,366.40086563897785,2.9591164010344073,369.35998204001226
success,UNSW_NB15,QWE,FakeKolkataV2,linear,0,6,4,1024,1,48,30,0.012177777777777777,0.88,0.8465322202926262,0.8762168599644553,0.7385550224226364,0.9419903665825655,0.8379694892709685,360.77814949897584,2.592391600832343,363.3705410998082
success,UNSW_NB15,QWE,FakeKolkataV2,linear,0,6,5,2048,2,48,30,0.012177777777777777,0.834,0.85124388274138,0.8371029410348624,0.6764162882173521,0.940399252918648,0.8489917656895516,364.87870348314755,3.8958021890139207,368.77450567216147
success,UNSW_NB15,QWE,FakeKolkataV2,linear,0,6,6,3072,0,48,30,0.012177777777777777,0.8473333333333334,0.861268573433124,0.850001581537965,0.6975063151694968,0.9411991465231612,0.859815603074504,361.80211145593785,4.169809803017415,365.97192125895526
success,UNSW_NB15,QWE,FakeKolkataV2,linear,0,6,7,4096,1,48,30,0.012177777777777777,0.836,0.8483767942191786,0.8388334108578643,0.6728970508327178,0.9352307837608106,0.8472134040282508,363.35874050401617,2.995264222030528,366.3540047260467
success,UNSW_NB15,QWE,FakeKolkataV2,linear,0,6,8,5120,2,48,30,0.012177777777777777,0.8353333333333334,0.8498696077051919,0.8382926448964103,0.67480036789157,0.9395964681324316,0.8482672351668591,351.1001776790945,3.791553927003406,354.8917316060979
success,UNSW_NB15,QWE,FakeKolkataV2,linear,0,6,9,6144,0,48,30,0.012177777777777777,0.86,0.8635572263864602,0.8616949025487256,0.7096703239359642,0.9430788697239789,0.8634619639458877,429.6187918089563,2.0095735179493204,431.6283653269056
success,UNSW_NB15,QWE,ideal,linear,3,6,0,42,1,42,30,,0.8313333333333334,0.8459217003443521,0.834360070072182,0.667215474772187,0.9328946760240046,0.844284621876564,363.3879792910302,4.240893158945255,367.62887244997546
success,UNSW_NB15,QWE,ideal,linear,3,6,1,123,2,42,30,,0.8366666666666667,0.8496964771317859,0.839499825876115,0.6753436022377023,0.9341157007603479,0.8483965752616607,363.4115457609296,4.9296660060063004,368.3412117669359
success,UNSW_NB15,QWE,ideal,linear,3,6,2,456,0,42,30,,0.8633333333333333,0.8431659210630297,0.8620036787291222,0.699831605947776,0.9336203955522061,0.8400542808710343,497.4298594490392,10.375587467919104,507.8054469169583
success,UNSW_NB15,QWE,ideal,linear,3,6,3,789,1,42,30,,0.832,0.8420258317447896,0.8347797941510163,0.6616299090871964,0.932352130511797,0.8412568540864461,499.0284400640521,8.658729993971065,507.6871700580232
success,UNSW_NB15,QWE,ideal,linear,3,6,4,1024,2,42,30,,0.844,0.8542304734406412,0.8465314999657216,0.6856893107731359,0.9383147109107414,0.8534412189897322,478.59869992895983,8.682096232194453,487.2807961611543
success,UNSW_NB15,QWE,ideal,linear,3,6,5,2048,0,42,30,,0.834,0.8508410447574202,0.837087690243259,0.6757733662946699,0.9408213654472946,0.8486920349743621,459.02115584898274,8.337865294073708,467.35902114305645
success,UNSW_NB15,QWE,ideal,linear,3,6,6,3072,1,42,30,,0.8473333333333334,0.861268573433124,0.850001581537965,0.6975063151694968,0.9413629801530013,0.859815603074504,500.0337553770514,9.066416029818356,509.1001714068698
success,UNSW_NB15,QWE,ideal,linear,3,6,7,4096,2,42,30,,0.8366666666666667,0.8493010086369235,0.8394996411597115,0.6745869983886422,0.9354322027527904,0.8480899830563436,500.1970078588929,9.062635391950607,509.2596432508435
success,UNSW_NB15,QWE,ideal,linear,3,6,8,5120,0,42,30,,0.836,0.850793822122937,0.8389567655891186,0.6765010703034101,0.9389931748837264,0.8491359166389019,370.75270786415786,9.829370432067662,380.5820782962255
success,UNSW_NB15,QWE,ideal,linear,3,6,9,6144,1,42,30,,0.8893333333333333,0.8548752397753623,0.8854699712440967,0.7615997380949346,0.937058485929327,0.8457979230297218,378.7884583689738,10.812262353952974,389.6007207229268
success,UNSW_NB15,QWE,FakeKolkataV2,linear,3,6,0,42,2,48,30,0.012177777777777777,0.8313333333333334,0.8459217003443521,0.834360070072182,0.667215474772187,0.9328099361369396,0.844284621876564,441.6861962478142,1.7466626999666914,443.4328589477809
success,UNSW_NB15,QWE,FakeKolkataV2,linear,3,6,1,123,0,48,30,0.012177777777777777,0.84,0.8519054919150444,0.8426992935961956,0.6802813167735894,0.9322456455253487,0.8508231983109233,357.71902272000443,4.091792209073901,361.81081492907833
success,UNSW_NB15,QWE,FakeKolkataV2,linear,3,6,2,456,1,48,30,0.012177777777777777,0.8653333333333333,0.8447300503643853,0.8639206829756728,0.704095298320769,0.9336261779156122,0.8414882294780497,352.50833231501747,4.93166525522247,357.43999757023994
success,UNSW_NB15,QWE,FakeKolkataV2,linear,3,6,3,789,2,48,30,0.012177777777777777,0.832,0.8420258317447896,0.8347797941510163,0.6616299090871964,0.9323135814224229,0.8412568540864461,362.0638843999477,3.0125730400905013,365.0764574400382
success,UNSW_NB15,QWE,FakeKolkataV2,linear,3,6,4,1024,0,48,30,0.012177777777777777,0.8446666666666667,0.8547518498744263,0.8471745957609869,0.6868145034764792,0.9382511049132742,0.8539853320312925,359.15690492198337,4.217470117844641,363.374375039828
success,UNSW_NB15,QWE,FakeKolkataV2,linear,3,6,5,2048,1,48,30,0.012177777777777777,0.834,0.85124388274138,0.8371029410348624,0.6764162882173521,0.940399252918648,0.8489917656895516,359.26485969894566,4.623579004895873,363.88843870384153
success,UNSW_NB15,QWE,FakeKolkataV2,linear,3,6,6,3072,2,48,30,0.012177777777777777,0.8466666666666667,0.8591358450635,0.8492727304083886,0.69408277713371,0.940096642567061,0.8579698180526808,357.8454267081106,5.274324337020516,363.1197510451311
success,UNSW_NB15,QWE,FakeKolkataV2,linear,3,6,7,4096,0,48,30,0.012177777777777777,0.836,0.8483767942191786,0.8388334108578643,0.6728970508327178,0.9352307837608106,0.8472134040282508,362.44035997090396,4.588274516048841,367.0286344869528
success,UNSW_NB15,QWE,FakeKolkataV2,linear,3,6,8,5120,1,48,30,0.012177777777777777,0.8353333333333334,0.8498696077051919,0.8382926448964103,0.67480036789157,0.9395964681324316,0.8482672351668591,341.6238949530525,5.148360985913314,346.7722559389658
success,UNSW_NB15,QWE,FakeKolkataV2,linear,3,6,9,6144,2,48,30,0.012177777777777777,0.89,0.8553971604434207,0.886120141104191,0.763286233473101,0.9370430786771333,0.8462486547020177,345.02991690288763,5.780419144895859,350.8103360477835
