status,dataset,model,device,entanglement,optimization_level,num_qubits,run_idx,seed,gpu_id,aggregate_depth,aggregate_two_qubit_gates,mean_readout_error,accuracy,balanced_accuracy,f1_score,mcc,roc_auc,g_mean,kernel_time,classifier_time,total_time
success,IoT_Original_Distribution,QSVC,ideal,full,0,6,0,42,0,124,150,,0.9486666666666667,0.9271758019820582,0.9519950511580313,0.7496239879314855,0.9559647007864565,0.9267979757270467,281.9205677480204,0.7700175530044362,282.69058530102484
success,IoT_Original_Distribution,QSVC,ideal,full,0,6,1,123,1,124,150,,0.96,0.946143127769167,0.9621857416538717,0.7993956907456233,0.9829818546177571,0.9459892177626344,282.59063272201456,0.3435418549925089,282.93417457700707
success,IoT_Original_Distribution,QSVC,ideal,full,0,6,2,456,2,124,150,,0.9486666666666667,0.9430667105036556,0.95253801453372,0.7607320737467842,0.9702117222196127,0.9430414936677707,277.7775569659425,4.151656451052986,281.9292134169955
success,IoT_Original_Distribution,QSVC,ideal,full,0,6,3,789,0,124,150,,0.9546666666666667,0.9368434236688429,0.9573529970495248,0.7754009734327173,0.9691732030748516,0.9365862514791115,288.02365879598074,0.38998982100747526,288.4136486169882
success,IoT_Original_Distribution,QSVC,ideal,full,0,6,4,1024,1,124,150,,0.9546666666666667,0.9241306968515648,0.9569284538432317,0.7673304473147916,0.9513879103846695,0.9233652273571288,280.8175846498925,1.301492908038199,282.1190775579307
success,IoT_Original_Distribution,QSVC,ideal,full,0,6,5,2048,2,124,150,,0.9573333333333334,0.9128896403801293,0.9588164839803776,0.7701949411529486,0.9542999389413367,0.9112473468984996,287.97541383001953,0.16484433703590184,288.14025816705544
success,IoT_Original_Distribution,QSVC,ideal,full,0,6,6,3072,0,124,150,,0.9533333333333334,0.907503953157046,0.9551979853699486,0.7522266687925445,0.9316403905666973,0.9057471708317207,280.23985577898566,1.2969343339791521,281.5367901129648
success,IoT_Original_Distribution,QSVC,ideal,full,0,6,7,4096,1,124,150,,0.954,0.9110500524478262,0.9558966469324232,0.756821928708788,0.9601918390138765,0.9095132875785343,288.4664745629998,0.09280874498654157,288.55928330798633
success,IoT_Original_Distribution,QSVC,ideal,full,0,6,8,5120,2,124,150,,0.944,0.9055312886509166,0.9473184081200012,0.7198216544876251,0.9582191745077472,0.9042911585540306,288.0703877430642,0.31811281898990273,288.3885005620541
success,IoT_Original_Distribution,QSVC,ideal,full,0,6,9,6144,0,124,150,,0.9493333333333334,0.9339000829771578,0.9527833215788977,0.7563495715972772,0.9630934301922043,0.9337066558810696,260.4223774439888,1.3086870679398999,261.7310645119287
success,IoT_Original_Distribution,QSVC,FakeCairoV2,full,0,6,0,42,1,135,150,0.026325925925925926,0.9486666666666667,0.9271758019820582,0.9519950511580313,0.7496239879314855,0.955959482097287,0.9267979757270467,262.72492769092787,0.272986933006905,262.9979146239348
success,IoT_Original_Distribution,QSVC,FakeCairoV2,full,0,6,1,123,2,135,150,0.026325925925925926,0.96,0.946143127769167,0.9621857416538717,0.7993956907456233,0.982997510685266,0.9459892177626344,261.32460530509707,1.5556126160081476,262.8802179211052
success,IoT_Original_Distribution,QSVC,FakeCairoV2,full,0,6,2,456,0,135,150,0.026325925925925926,0.9486666666666667,0.9430667105036556,0.95253801453372,0.7607320737467842,0.9702012848412735,0.9430414936677707,243.22219742101151,1.1096585710765794,244.3318559920881
success,IoT_Original_Distribution,QSVC,FakeCairoV2,full,0,6,3,789,1,135,150,0.026325925925925926,0.9666666666666667,0.9402877585208147,0.9678253781096701,0.8213027673741131,0.9697785710185315,0.9397263998272227,250.0561352650402,0.053072203998453915,250.10920746903867
success,IoT_Original_Distribution,QSVC,FakeCairoV2,full,0,6,4,1024,2,135,150,0.026325925925925926,0.9546666666666667,0.9241306968515648,0.9569284538432317,0.7673304473147916,0.9513983477630089,0.9233652273571288,243.38688565196935,1.2561459699645638,244.64303162193391
success,IoT_Original_Distribution,QSVC,FakeCairoV2,full,0,6,5,2048,0,135,150,0.026325925925925926,0.9573333333333334,0.9128896403801293,0.9588164839803776,0.7701949411529486,0.954310376319676,0.9112473468984996,246.46920768602286,0.8071822250494733,247.27638991107233
success,IoT_Original_Distribution,QSVC,FakeCairoV2,full,0,6,6,3072,1,135,150,0.026325925925925926,0.9613333333333334,0.9246316910118517,0.9626774386072172,0.7920982952477333,0.948408038868797,0.9235262900291211,242.02652364806272,1.517873683013022,243.54439733107574
success,IoT_Original_Distribution,QSVC,FakeCairoV2,full,0,6,7,4096,2,135,150,0.026325925925925926,0.9526666666666667,0.929383307500822,0.9554175125808769,0.7639370639604357,0.95817742499439,0.9289408640807164,249.44568210898433,0.0537801249884069,249.49946223397274
success,IoT_Original_Distribution,QSVC,FakeCairoV2,full,0,6,8,5120,0,135,150,0.026325925925925926,0.944,0.9055312886509166,0.9473184081200012,0.7198216544876251,0.9582191745077471,0.9042911585540306,437.17581672396045,0.8180410499917343,437.9938577739522
success,IoT_Original_Distribution,QSVC,FakeCairoV2,full,0,6,9,6144,1,135,150,0.026325925925925926,0.9666666666666667,0.9339313951121757,0.9676468711186604,0.8182144150258319,0.973379466545593,0.933060877991581,422.9627016769955,1.372586352052167,424.33528802904766
success,IoT_Original_Distribution,QSVC,FakeSherbrooke,full,0,6,0,42,2,381,150,0.04147699311023622,0.9493333333333334,0.9275437195685188,0.9525627511065713,0.7519648903964132,0.9559333886514385,0.9271554677271215,448.66652725310996,0.051091143977828324,448.7176183970878
success,IoT_Original_Distribution,QSVC,FakeSherbrooke,full,0,6,1,123,0,381,150,0.04147699311023622,0.956,0.9471138039547227,0.9588044943820224,0.7863848004242623,0.9825434847275062,0.9470505770303285,816.7388275989797,0.8243072059703991,817.5631348049501
success,IoT_Original_Distribution,QSVC,FakeSherbrooke,full,0,6,2,456,1,381,150,0.04147699311023622,0.9613333333333334,0.9437007812377687,0.9632625047486387,0.8027363297881122,0.969439356222504,0.9434509127539433,827.4079514080659,0.8271357080666348,828.2350871161325
success,IoT_Original_Distribution,QSVC,FakeSherbrooke,full,0,6,3,789,2,381,150,0.04147699311023622,0.954,0.9364755060823822,0.9567779322274735,0.772956409598325,0.9667099817867749,0.9362267863914213,832.899604335078,0.054574674111790955,832.9541790091898
success,IoT_Original_Distribution,QSVC,FakeSherbrooke,full,0,6,4,1024,0,381,150,0.04147699311023622,0.956,0.9280447137288056,0.9581952640243129,0.7744116238094557,0.9494569953918975,0.9274059114931265,831.1415527029894,0.050859340000897646,831.1924120429903
success,IoT_Original_Distribution,QSVC,FakeSherbrooke,full,0,6,5,2048,1,381,150,0.04147699311023622,0.9573333333333334,0.9128896403801293,0.9588164839803776,0.7701949411529486,0.9560325437456619,0.9112473468984996,825.1152031599777,0.8076033210381866,825.9228064810159
success,IoT_Original_Distribution,QSVC,FakeSherbrooke,full,0,6,6,3072,2,381,150,0.04147699311023622,0.958,0.9227921030795485,0.9597317211122125,0.7784412944117622,0.9487942218673514,0.9217728684929747,814.6055878290208,0.8310501229716465,815.4366379519925
success,IoT_Original_Distribution,QSVC,FakeSherbrooke,full,0,6,7,4096,0,381,150,0.04147699311023622,0.954,0.9301191426737432,0.956567244651434,0.7688553712724218,0.9590228526398739,0.929654062545913,812.3647290070076,0.8323595809051767,813.1970885879127
success,IoT_Original_Distribution,QSVC,FakeSherbrooke,full,0,6,8,5120,1,381,150,0.04147699311023622,0.9546666666666667,0.9082397883299673,0.9563611663225333,0.7575151103098591,0.9687191771170917,0.9064383171900796,823.2471576050157,0.8285467299865559,824.0757043350022
success,IoT_Original_Distribution,QSVC,FakeSherbrooke,full,0,6,9,6144,2,381,150,0.04147699311023622,0.95,0.9374461822679379,0.9534580381395088,0.760854226747064,0.9641215119586263,0.937318687379758,829.2019469619263,0.05382160109002143,829.2557685630163
success,IoT_Original_Distribution,QSVC,ideal,full,3,6,0,42,0,124,142,,0.9546666666666667,0.9431997870774819,0.9575561457269323,0.7795008184186926,0.9736456196932455,0.943094064170358,282.9170613499591,0.09749925008509308,283.0145606000442
success,IoT_Original_Distribution,QSVC,ideal,full,3,6,1,123,1,124,142,,0.96,0.946143127769167,0.9621857416538717,0.7993956907456233,0.9829714172394177,0.9459892177626344,283.1865299131023,0.3255244370084256,283.5120543501107
success,IoT_Original_Distribution,QSVC,ideal,full,3,6,2,456,2,124,142,,0.9486666666666667,0.9430667105036556,0.95253801453372,0.7607320737467842,0.9702221595979521,0.9430414936677707,275.5075423520757,1.3618479589931667,276.86939031106886
success,IoT_Original_Distribution,QSVC,ideal,full,3,6,3,789,0,124,142,,0.9546666666666667,0.9368434236688429,0.9573529970495248,0.7754009734327173,0.9691784217640212,0.9365862514791115,281.8121675270377,0.30254715704359114,282.11471468408126
success,IoT_Original_Distribution,QSVC,ideal,full,3,6,4,1024,1,124,142,,0.9546666666666667,0.9241306968515648,0.9569284538432317,0.7673304473147916,0.9514087851413483,0.9233652273571288,280.7769279780332,0.731133863911964,281.50806184194516
success,IoT_Original_Distribution,QSVC,ideal,full,3,6,5,2048,2,124,142,,0.9533333333333334,0.9138603165656851,0.9554332680423616,0.7562137208034863,0.9395780167937418,0.9125664594629617,275.31378747709095,1.3799317280063406,276.6937192050973
success,IoT_Original_Distribution,QSVC,ideal,full,3,6,6,3072,0,124,142,,0.9533333333333334,0.907503953157046,0.9551979853699486,0.7522266687925445,0.9316299531883582,0.9057471708317207,280.46770458307583,0.32657684199512005,280.79428142507095
success,IoT_Original_Distribution,QSVC,ideal,full,3,6,7,4096,1,124,142,,0.9526666666666667,0.929383307500822,0.9554175125808769,0.7639370639604357,0.9581826436835598,0.9289408640807164,265.935174155049,1.3049417529255152,267.24011590797454
success,IoT_Original_Distribution,QSVC,ideal,full,3,6,8,5120,2,124,142,,0.944,0.9055312886509166,0.9473184081200012,0.7198216544876251,0.9581982997510684,0.9042911585540306,280.4118077290477,0.09122654201928526,280.503034271067
success,IoT_Original_Distribution,QSVC,ideal,full,3,6,9,6144,0,124,142,,0.9513333333333334,0.9445383808494983,0.9548020828342234,0.7698244711461116,0.9653113730893075,0.9445013110952877,240.03271778102499,1.6234896029345691,241.65620738395955
success,IoT_Original_Distribution,QSVC,FakeCairoV2,full,3,6,0,42,1,134,142,0.026325925925925926,0.9546666666666667,0.9431997870774819,0.9575561457269323,0.7795008184186926,0.9738439298816922,0.943094064170358,262.91647611395456,0.0816518550273031,262.99812796898186
success,IoT_Original_Distribution,QSVC,FakeCairoV2,full,3,6,1,123,2,134,142,0.026325925925925926,0.96,0.946143127769167,0.9621857416538717,0.7993956907456233,0.9829766359285874,0.9459892177626344,263.2846022209851,0.3008343050023541,263.58543652598746
success,IoT_Original_Distribution,QSVC,FakeCairoV2,full,3,6,2,456,0,134,142,0.026325925925925926,0.9486666666666667,0.9430667105036556,0.95253801453372,0.7607320737467842,0.9702430343546308,0.9430414936677707,247.07552514097188,1.3012625499395654,248.37678769091144
success,IoT_Original_Distribution,QSVC,FakeCairoV2,full,3,6,3,789,1,134,142,0.026325925925925926,0.9546666666666667,0.9368434236688429,0.9573529970495248,0.7754009734327173,0.9692097338990392,0.9365862514791115,250.692179306061,0.05105379200540483,250.7432330980664
success,IoT_Original_Distribution,QSVC,FakeCairoV2,full,3,6,4,1024,2,134,142,0.026325925925925926,0.9546666666666667,0.9241306968515648,0.9569284538432317,0.7673304473147916,0.951351379560482,0.9233652273571288,246.71370078693144,1.1447248620679602,247.8584256489994
success,IoT_Original_Distribution,QSVC,FakeCairoV2,full,3,6,5,2048,0,134,142,0.026325925925925926,0.9573333333333334,0.9128896403801293,0.9588164839803776,0.7701949411529486,0.9542895015629974,0.9112473468984996,242.41695519292261,1.9458634480834007,244.36281864100602
success,IoT_Original_Distribution,QSVC,FakeCairoV2,full,3,6,6,3072,1,134,142,0.026325925925925926,0.9613333333333334,0.9246316910118517,0.9626774386072172,0.7920982952477333,0.9483923828012879,0.9235262900291211,249.3267456269823,0.050298323039896786,249.3770439500222
success,IoT_Original_Distribution,QSVC,FakeCairoV2,full,3,6,7,4096,2,134,142,0.026325925925925926,0.9526666666666667,0.929383307500822,0.9554175125808769,0.7639370639604357,0.9582035184402381,0.9289408640807164,247.62983566499315,0.8167675340082496,248.4466031990014
success,IoT_Original_Distribution,QSVC,FakeCairoV2,full,3,6,8,5120,0,134,142,0.026325925925925926,0.9466666666666667,0.9070029589967592,0.9495809888718288,0.7292646491487936,0.9595708150026876,0.9056866704313935,389.207823654986,0.8120704939356074,390.0198941489216
success,IoT_Original_Distribution,QSVC,FakeCairoV2,full,3,6,9,6144,1,134,142,0.026325925925925926,0.9666666666666667,0.9339313951121757,0.9676468711186604,0.8182144150258319,0.9733272796538965,0.933060877991581,361.02456498902757,1.4124449349474162,362.437009923975
success,IoT_Original_Distribution,QSVC,FakeSherbrooke,full,3,6,0,42,2,311,144,0.04147699311023622,0.9493333333333334,0.9275437195685188,0.9525627511065713,0.7519648903964132,0.9559907942323046,0.9271554677271215,408.1166216239799,0.05102473509032279,408.1676463590702
success,IoT_Original_Distribution,QSVC,FakeSherbrooke,full,3,6,1,123,0,311,144,0.04147699311023622,0.9593333333333334,0.9457752101827064,0.9616029264309779,0.7968412254300464,0.982997510685266,0.9456278083061731,700.8649467780488,0.8336808029562235,701.698627581005
success,IoT_Original_Distribution,QSVC,FakeSherbrooke,full,3,6,2,456,1,311,144,0.04147699311023622,0.9613333333333334,0.9437007812377687,0.9632625047486387,0.8027363297881122,0.9696637598567991,0.9434509127539433,710.8004926170688,0.8312925030477345,711.6317851201165
success,IoT_Original_Distribution,QSVC,FakeSherbrooke,full,3,6,3,789,2,311,144,0.04147699311023622,0.9546666666666667,0.9368434236688429,0.9573529970495248,0.7754009734327173,0.9670700713394809,0.9365862514791115,714.6304794719908,0.051042809966020286,714.6815222819569
success,IoT_Original_Distribution,QSVC,FakeSherbrooke,full,3,6,4,1024,0,311,144,0.04147699311023622,0.9546666666666667,0.9273088785558843,0.9570369402985075,0.7693310710272895,0.9500362698897291,0.926696614325122,700.8206154699437,0.8362455869792029,701.6568610569229
success,IoT_Original_Distribution,QSVC,FakeSherbrooke,full,3,6,5,2048,1,311,144,0.04147699311023622,0.9526666666666667,0.9134923989792244,0.954855156513257,0.753651251609038,0.9432258805233302,0.9122175523733729,709.4949922859669,0.8261009369743988,710.3210932229413
success,IoT_Original_Distribution,QSVC,FakeSherbrooke,full,3,6,6,3072,2,311,144,0.04147699311023622,0.9593333333333334,0.9235279382524697,0.9609060189845331,0.7838348905542846,0.9488516274482176,0.9224746370517951,713.7884636329254,0.051033186027780175,713.8394968189532
success,IoT_Original_Distribution,QSVC,FakeSherbrooke,full,3,6,7,4096,0,311,144,0.04147699311023622,0.9526666666666667,0.9262051257965025,0.955308324206548,0.7618589077330157,0.9593933795709194,0.9256316494672784,719.1634030359564,0.05159403593279421,719.2149970718892
success,IoT_Original_Distribution,QSVC,FakeSherbrooke,full,3,6,8,5120,1,311,144,0.04147699311023622,0.9473333333333334,0.9073708765832198,0.95014935828336,0.7316713332043971,0.9606510836608061,0.9060352125533708,715.0243550969753,0.8255356010049582,715.8498906979803
success,IoT_Original_Distribution,QSVC,FakeSherbrooke,full,3,6,9,6144,2,311,144,0.04147699311023622,0.95,0.9374461822679379,0.9534580381395088,0.760854226747064,0.9642571978770372,0.937318687379758,705.980777246994,0.8832419600803405,706.8640192070743
success,IoT_Original_Distribution,QVE,ideal,full,0,6,0,42,0,126,150,,0.9466666666666667,0.9387847760399544,0.9507430728816021,0.7517929125127727,0.9722000427932512,0.9387345921498081,377.61271074193064,5.551864411914721,383.16457515384536
success,IoT_Original_Distribution,QVE,ideal,full,0,6,1,123,1,126,150,,0.962,0.959959607345827,0.9642948135792173,0.8145445086835679,0.9903193315902912,0.9599563185778653,390.4728735339595,1.4914638969348744,391.9643374308944
success,IoT_Original_Distribution,QVE,ideal,full,0,6,2,456,2,126,150,,0.9506666666666667,0.9537050083759961,0.9545365998879238,0.7741138661931201,0.9738648046383711,0.953697667991912,389.68638906406704,2.6386848388938233,392.32507390296087
success,IoT_Original_Distribution,QVE,ideal,full,0,6,3,789,0,126,150,,0.9486666666666667,0.9335321653906972,0.9522169191565624,0.7540465406697309,0.9658384606954424,0.9333460817583823,398.4784866999835,1.0736876389710233,399.5521743389545
success,IoT_Original_Distribution,QVE,ideal,full,0,6,4,1024,1,126,150,,0.9493333333333334,0.9339000829771578,0.9527833215788977,0.7563495715972772,0.9708849331224982,0.9337066558810696,382.4340882790275,5.253766194102354,387.68785447312985
success,IoT_Original_Distribution,QVE,ideal,full,0,6,5,2048,2,126,150,,0.9533333333333334,0.9297512250872826,0.9559918064551846,0.7663867213399324,0.9435390018735095,0.929297531732208,398.5855673290789,1.8850656999275088,400.4706330290064
success,IoT_Original_Distribution,QVE,ideal,full,0,6,6,3072,0,126,150,,0.9606666666666667,0.93062013683403,0.962288437232072,0.7928542048804118,0.9520141530850281,0.9298841909184347,389.6403663888341,5.2672323120059446,394.90759870084
success,IoT_Original_Distribution,QVE,ideal,full,0,6,7,4096,1,126,150,,0.962,0.9345341537112708,0.9635667952920018,0.8000606601147365,0.9752060077549722,0.9339218159474987,403.0384043570375,2.1530001441715285,405.19140450120904
success,IoT_Original_Distribution,QVE,ideal,full,0,6,8,5120,2,126,150,,0.9513333333333334,0.9318256540322202,0.9543813446007381,0.7612229576744949,0.9642415418095283,0.9315159073342606,403.3508342769928,1.3678753559943289,404.71870963298716
success,IoT_Original_Distribution,QVE,ideal,full,0,6,9,6144,0,126,150,,0.956,0.9471138039547227,0.9588044943820224,0.7863848004242623,0.9667412939217928,0.9470505770303285,162.0438858999405,0.9241583039984107,162.96804420393892
success,IoT_Original_Distribution,QVE,FakeCairoV2,full,0,6,0,42,1,139,150,0.026325925925925926,0.942,0.9393875346390494,0.9469454753124061,0.7390818032083202,0.9646694743214399,0.939382025096923,327.5408868669765,0.6879219089169055,328.2288087758934
success,IoT_Original_Distribution,QVE,FakeCairoV2,full,0,6,1,123,2,139,150,0.026325925925925926,0.9546666666666667,0.9622688773033989,0.9581316119493619,0.7920294518155454,0.9894582478772982,0.9622233311629007,326.7886219540378,0.48536252696067095,327.2739844809985
success,IoT_Original_Distribution,QVE,FakeCairoV2,full,0,6,2,456,0,139,150,0.026325925925925926,0.9506666666666667,0.9537050083759961,0.9545365998879238,0.7741138661931201,0.9738595859492013,0.953697667991912,295.02832759695593,3.149910136940889,298.1782377338968
success,IoT_Original_Distribution,QVE,FakeCairoV2,full,0,6,3,789,1,139,150,0.026325925925925926,0.9486666666666667,0.9335321653906972,0.9522169191565624,0.7540465406697309,0.9658384606954424,0.9333460817583823,319.0358272540616,1.572559130960144,320.60838638502173
success,IoT_Original_Distribution,QVE,FakeCairoV2,full,0,6,4,1024,2,139,150,0.026325925925925926,0.9413333333333334,0.9390196170525887,0.9463912386706949,0.7369966615990751,0.9738439298816922,0.9390152938609688,313.55575665901415,2.1701303189620376,315.7258869779762
success,IoT_Original_Distribution,QVE,FakeCairoV2,full,0,6,5,2048,0,139,150,0.026325925925925926,0.9533333333333334,0.9297512250872826,0.9559918064551846,0.7663867213399324,0.9435494392518486,0.929297531732208,308.74181742197834,1.3010198569390923,310.04283727891743
success,IoT_Original_Distribution,QVE,FakeCairoV2,full,0,6,6,3072,1,139,150,0.026325925925925926,0.9546666666666667,0.9241306968515648,0.9569284538432317,0.7673304473147916,0.9442643996680913,0.9233652273571288,307.60276821791194,1.6307336239842698,309.2335018418962
success,IoT_Original_Distribution,QVE,FakeCairoV2,full,0,6,7,4096,2,139,150,0.026325925925925926,0.9526666666666667,0.9420960343181,0.955838722862345,0.7723451313775843,0.9641476054044745,0.9420060875757063,298.3377592699835,2.377003245986998,300.7147625159705
success,IoT_Original_Distribution,QVE,FakeCairoV2,full,0,6,8,5120,0,139,150,0.026325925925925926,0.9513333333333334,0.9318256540322202,0.9543813446007381,0.7612229576744949,0.9642363231203587,0.9315159073342606,484.6420784620568,1.6556203010259196,486.29769876308274
success,IoT_Original_Distribution,QVE,FakeCairoV2,full,0,6,9,6144,1,139,150,0.026325925925925926,0.9553333333333334,0.9435677046639426,0.9581308231267048,0.7819218634193963,0.9719756391589561,0.9434564442276008,497.9041193271987,1.2155905640684068,499.1197098912671
success,IoT_Original_Distribution,QVE,FakeSherbrooke,full,0,6,0,42,2,385,150,0.04147699311023622,0.9426666666666667,0.9429336339298295,0.9476096196099973,0.7435672503835469,0.9649669396041102,0.942933576611589,518.9424721980467,0.5122507000342011,519.454722898081
success,IoT_Original_Distribution,QVE,FakeSherbrooke,full,0,6,1,123,0,385,150,0.04147699311023622,0.962,0.959959607345827,0.9642948135792173,0.8145445086835679,0.9903036755227821,0.9599563185778653,924.6619664779864,3.763726901030168,928.4256933790166
success,IoT_Original_Distribution,QVE,FakeSherbrooke,full,0,6,2,456,1,385,150,0.04147699311023622,0.9506666666666667,0.9537050083759961,0.9545365998879238,0.7741138661931201,0.973499496396495,0.953697667991912,890.5648912891047,3.8351636909646913,894.4000549800694
success,IoT_Original_Distribution,QVE,FakeSherbrooke,full,0,6,3,789,2,385,150,0.04147699311023622,0.9486666666666667,0.9335321653906972,0.9522169191565624,0.7540465406697309,0.9651078442116909,0.9333460817583823,943.1399359379429,1.5910020779119805,944.7309380158549
success,IoT_Original_Distribution,QVE,FakeSherbrooke,full,0,6,4,1024,0,385,150,0.04147699311023622,0.956,0.9439356222504032,0.9587066233386886,0.7843612123097239,0.969726384126835,0.9438186851486957,918.8137372269994,3.1194675830192864,921.9332048100187
success,IoT_Original_Distribution,QVE,FakeSherbrooke,full,0,6,5,2048,1,385,150,0.04147699311023622,0.952,0.9290153899143613,0.954844349817144,0.7615061436964442,0.9447732218621328,0.9285840594337607,931.9183493290329,2.0454699570545927,933.9638192860875
success,IoT_Original_Distribution,QVE,FakeSherbrooke,full,0,6,6,3072,2,385,150,0.04147699311023622,0.9586666666666667,0.9295163840746481,0.9605266088375203,0.7848207956792541,0.9514296598980267,0.9288228808626016,937.3900317349471,1.155829664086923,938.545861399034
success,IoT_Original_Distribution,QVE,FakeSherbrooke,full,0,6,7,4096,0,385,150,0.04147699311023622,0.954,0.9428318694910213,0.9569825783104435,0.7770978375899604,0.9637875158517685,0.9427315448165181,922.6901575600496,2.8278836940880865,925.5180412541376
success,IoT_Original_Distribution,QVE,FakeSherbrooke,full,0,6,8,5120,1,385,150,0.04147699311023622,0.9473333333333334,0.932796330217776,0.9510871855329268,0.7494903035980528,0.9702900025571576,0.9326245152943139,933.7842918960378,2.036705436068587,935.8209973321063
success,IoT_Original_Distribution,QVE,FakeSherbrooke,full,0,6,9,6144,2,385,150,0.04147699311023622,0.9533333333333334,0.9424639519045606,0.9564101081989126,0.7747126855960206,0.9753051628491956,0.9423688860053232,940.0413336839993,1.2227115411078557,941.2640452251071
success,IoT_Original_Distribution,QVE,ideal,full,3,6,0,42,0,126,142,,0.942,0.9393875346390494,0.9469454753124061,0.7390818032083202,0.9646694743214399,0.939382025096923,388.29812830802985,1.192345644114539,389.4904739521444
success,IoT_Original_Distribution,QVE,ideal,full,3,6,1,123,1,126,142,,0.9593333333333334,0.9680224821129428,0.9622318774368168,0.8104928062422294,0.9893590927830748,0.9679633340893681,370.9778339031618,5.724811401916668,376.7026453050785
success,IoT_Original_Distribution,QVE,ideal,full,3,6,2,456,2,126,142,,0.946,0.9511295852707717,0.9506044080494818,0.7588327867253783,0.9730767825737532,0.951108606137011,387.29657285194844,1.5552544490201399,388.8518273009686
success,IoT_Original_Distribution,QVE,ideal,full,3,6,3,789,0,126,142,,0.9486666666666667,0.9335321653906972,0.9522169191565624,0.7540465406697309,0.9658541167629514,0.9333460817583823,392.5122872061329,1.9340001679956913,394.4462873741286
success,IoT_Original_Distribution,QVE,ideal,full,3,6,4,1024,1,126,142,,0.956,0.9439356222504032,0.9587066233386886,0.7843612123097239,0.9701751913954253,0.9438186851486957,376.59835037903395,5.075436146114953,381.6737865251489
success,IoT_Original_Distribution,QVE,ideal,full,3,6,5,2048,2,126,142,,0.9533333333333334,0.9297512250872826,0.9559918064551846,0.7663867213399324,0.9435337831843398,0.929297531732208,392.0705105860252,1.2636890899157152,393.3341996759409
success,IoT_Original_Distribution,QVE,ideal,full,3,6,6,3072,0,126,142,,0.9606666666666667,0.93062013683403,0.962288437232072,0.7928542048804118,0.9520245904633673,0.9298841909184347,377.4625166199403,5.2095220719929785,382.67203869193327
success,IoT_Original_Distribution,QVE,ideal,full,3,6,7,4096,1,126,142,,0.9506666666666667,0.9409922815587181,0.9541309523809525,0.7653458068776275,0.9734003413022718,0.9409168529609909,394.7918707039207,1.8093936129007488,396.60126431682147
success,IoT_Original_Distribution,QVE,ideal,full,3,6,8,5120,2,126,142,,0.9526666666666667,0.929383307500822,0.9554175125808769,0.7639370639604357,0.9723409474008319,0.9289408640807164,394.49272228905465,1.4936343169538304,395.9863566060085
success,IoT_Original_Distribution,QVE,ideal,full,3,6,9,6144,0,126,142,,0.956,0.9471138039547227,0.9588044943820224,0.7863848004242623,0.966751731300132,0.9470505770303285,151.45014777814504,2.8053134239744395,154.25546120211948
success,IoT_Original_Distribution,QVE,FakeCairoV2,full,3,6,0,42,1,138,142,0.026325925925925926,0.942,0.9393875346390494,0.9469454753124061,0.7390818032083202,0.9646694743214399,0.939382025096923,320.7833023520652,0.8790601890068501,321.66236254107207
success,IoT_Original_Distribution,QVE,FakeCairoV2,full,3,6,1,123,2,138,142,0.026325925925925926,0.962,0.959959607345827,0.9642948135792173,0.8145445086835679,0.9903193315902912,0.9599563185778653,323.0054094599327,0.3797699719434604,323.38517943187617
success,IoT_Original_Distribution,QVE,FakeCairoV2,full,3,6,2,456,0,138,142,0.026325925925925926,0.9506666666666667,0.9537050083759961,0.9545365998879238,0.7741138661931201,0.9738595859492012,0.953697667991912,303.7818604391068,1.710284405038692,305.4921448441455
success,IoT_Original_Distribution,QVE,FakeCairoV2,full,3,6,3,789,1,138,142,0.026325925925925926,0.9486666666666667,0.9335321653906972,0.9522169191565624,0.7540465406697309,0.9658332420062729,0.9333460817583823,305.4248087659944,1.6218792209401727,307.04668798693456
success,IoT_Original_Distribution,QVE,FakeCairoV2,full,3,6,4,1024,2,138,142,0.026325925925925926,0.956,0.9439356222504032,0.9587066233386886,0.7843612123097239,0.9701543166387466,0.9438186851486957,281.9123503889423,2.189706253935583,284.10205664287787
success,IoT_Original_Distribution,QVE,FakeCairoV2,full,3,6,5,2048,0,138,142,0.026325925925925926,0.9533333333333334,0.9297512250872826,0.9559918064551846,0.7663867213399324,0.9435911887652061,0.929297531732208,305.1808520159684,1.5971422919537872,306.7779943079222
success,IoT_Original_Distribution,QVE,FakeCairoV2,full,3,6,6,3072,1,138,142,0.026325925925925926,0.9606666666666667,0.93062013683403,0.962288437232072,0.7928542048804118,0.9520245904633674,0.9298841909184347,309.2281187030021,0.6093213430140167,309.8374400460161
success,IoT_Original_Distribution,QVE,FakeCairoV2,full,3,6,7,4096,2,138,142,0.026325925925925926,0.9506666666666667,0.9409922815587181,0.9541309523809525,0.7653458068776275,0.9734055599914414,0.9409168529609909,304.3095801449381,2.516420789062977,306.82600093400106
success,IoT_Original_Distribution,QVE,FakeCairoV2,full,3,6,8,5120,0,138,142,0.026325925925925926,0.9513333333333334,0.9318256540322202,0.9543813446007381,0.7612229576744949,0.9642467604986981,0.9315159073342606,430.8502709569875,2.4700538269244134,433.32032478391193
success,IoT_Original_Distribution,QVE,FakeCairoV2,full,3,6,9,6144,1,138,142,0.026325925925925926,0.9473333333333334,0.9423308753307345,0.9514119543403146,0.7562815475469323,0.9672161946362313,0.9423107368794813,430.3747842879966,2.606252492056228,432.9810367800528
success,IoT_Original_Distribution,QVE,FakeSherbrooke,full,3,6,0,42,2,315,144,0.04147699311023622,0.942,0.9393875346390494,0.9469454753124061,0.7390818032083202,0.9649773769824495,0.939382025096923,476.6801512551028,2.326498208916746,479.0066494640196
success,IoT_Original_Distribution,QVE,FakeSherbrooke,full,3,6,1,123,0,315,144,0.04147699311023622,0.962,0.959959607345827,0.9642948135792173,0.8145445086835679,0.9903245502794608,0.9599563185778653,821.9115953099681,1.9091073460876942,823.8207026560558
success,IoT_Original_Distribution,QVE,FakeSherbrooke,full,3,6,2,456,1,315,144,0.04147699311023622,0.9433333333333334,0.9464797332206096,0.9482721259087469,0.7480405974141004,0.9726279753051628,0.9464718013379219,811.7192286120262,2.588651653029956,814.3078802650562
success,IoT_Original_Distribution,QVE,FakeSherbrooke,full,3,6,3,789,2,315,144,0.04147699311023622,0.9486666666666667,0.9335321653906972,0.9522169191565624,0.7540465406697309,0.9654209655618701,0.9333460817583823,825.8708177109947,0.9507248069858178,826.8215425179806
success,IoT_Original_Distribution,QVE,FakeSherbrooke,full,3,6,4,1024,0,315,144,0.04147699311023622,0.956,0.9439356222504032,0.9587066233386886,0.7843612123097239,0.9695124178708792,0.9438186851486957,814.7181402969873,1.7543056679423898,816.4724459649296
success,IoT_Original_Distribution,QVE,FakeSherbrooke,full,3,6,5,2048,1,315,144,0.04147699311023622,0.948,0.9140951575783195,0.9509622986214916,0.7384668422404976,0.9504537650233014,0.9131410074352514,818.6452063079923,1.277226826059632,819.922433134052
success,IoT_Original_Distribution,QVE,FakeSherbrooke,full,3,6,6,3072,2,315,144,0.04147699311023622,0.9586666666666667,0.9295163840746481,0.9605266088375203,0.7848207956792541,0.9513826916954998,0.9288228808626016,803.9340378880734,2.274551643873565,806.2085895319469
success,IoT_Original_Distribution,QVE,FakeSherbrooke,full,3,6,7,4096,0,315,144,0.04147699311023622,0.9533333333333334,0.9424639519045606,0.9564101081989126,0.7747126855960206,0.9639701699727061,0.9423688860053232,785.4353420201223,2.2146890689618886,787.6500310890842
success,IoT_Original_Distribution,QVE,FakeSherbrooke,full,3,6,8,5120,1,315,144,0.04147699311023622,0.95,0.9310898188592989,0.9532419329461342,0.7564924503461042,0.9645442257813683,0.9307985287855473,765.3371424240759,2.144209112972021,767.4813515370479
success,IoT_Original_Distribution,QVE,FakeSherbrooke,full,3,6,9,6144,2,315,144,0.04147699311023622,0.9553333333333334,0.9435677046639426,0.9581308231267048,0.7819218634193963,0.9718608279972236,0.9434564442276008,816.5830201830249,1.3442885659169406,817.9273087489419
success,IoT_Original_Distribution,QWE,ideal,full,0,6,0,42,0,186,225,,0.956,0.9471138039547227,0.9588044943820224,0.7863848004242623,0.9690270797781013,0.9470505770303285,809.4039233599324,4.910482887877151,814.3144062478095
success,IoT_Original_Distribution,QWE,ideal,full,0,6,1,123,1,186,225,,0.9573333333333334,0.9446714574233244,0.9598616442819057,0.7892958031689904,0.9841925905051169,0.9445427502227002,833.8411378250457,5.925530491862446,839.7666683169082
success,IoT_Original_Distribution,QWE,ideal,full,0,6,2,456,2,186,225,,0.9433333333333334,0.9369451881076512,0.947946547380976,0.7409271226482088,0.9629107760712664,0.9369121586854037,833.7134630829096,5.502587912022136,839.2160509949317
success,IoT_Original_Distribution,QWE,ideal,full,0,6,3,789,0,186,225,,0.9533333333333334,0.9361075884959216,0.9562039944501242,0.7705303644616922,0.9630986488813741,0.9358671832337763,831.166536704055,3.291408503195271,834.4579452072503
success,IoT_Original_Distribution,QWE,ideal,full,0,6,4,1024,1,186,225,,0.956,0.9344010771374446,0.9584043158192588,0.7783563782665744,0.9620392549799343,0.9340223932608794,831.1919366138754,2.7845428000437096,833.9764794139192
success,IoT_Original_Distribution,QWE,ideal,full,0,6,5,2048,2,186,225,,0.9566666666666667,0.9188780862023077,0.9584533630522828,0.7712348391774375,0.9477609214117597,0.9176988522615374,817.5758400867926,5.788169343024492,823.3640094298171
success,IoT_Original_Distribution,QWE,ideal,full,0,6,6,3072,0,186,225,,0.96,0.9238958558389304,0.9614951467551764,0.7865659476978232,0.9548374639258111,0.9228253212070409,821.2553040350322,4.999413394136354,826.2547174291685
success,IoT_Original_Distribution,QWE,ideal,full,0,6,7,4096,1,186,225,,0.9533333333333334,0.9297512250872826,0.9559918064551846,0.7663867213399324,0.9581461128593721,0.929297531732208,853.0422176698921,5.280585915781558,858.3228035856737
success,IoT_Original_Distribution,QWE,ideal,full,0,6,8,5120,2,186,225,,0.9453333333333334,0.9158016689367965,0.9488177051413007,0.7313129443797038,0.9551401478976511,0.9150792257537382,852.2253974978812,6.665785763994791,858.891183261876
success,IoT_Original_Distribution,QWE,ideal,full,0,6,9,6144,0,186,225,,0.974,0.9506912153805207,0.9746573088872077,0.8568870354750107,0.9826269837542205,0.9502577476796993,649.3876979730558,5.29675181384664,654.6844497869024
success,IoT_Original_Distribution,QWE,FakeCairoV2,full,0,6,0,42,1,199,225,0.026325925925925926,0.946,0.9257041316362156,0.9497346811906696,0.7404311685150645,0.9588819480322932,0.9253666266478207,748.8847987239715,2.1824928808491677,751.0672916048206
success,IoT_Original_Distribution,QWE,FakeCairoV2,full,0,6,1,123,2,199,225,0.026325925925925926,0.9573333333333334,0.9446714574233244,0.9598616442819057,0.7892958031689904,0.9842134652617957,0.9445427502227002,744.6565139839659,6.208430181024596,750.8649441649904
success,IoT_Original_Distribution,QWE,FakeCairoV2,full,0,6,2,456,0,199,225,0.026325925925925926,0.9493333333333334,0.9497909914987553,0.9533078593443541,0.7674357500576353,0.9674405982705264,0.9497908242694566,699.6174512889702,4.056888692080975,703.6743399810512
success,IoT_Original_Distribution,QWE,FakeCairoV2,full,0,6,3,789,1,199,225,0.026325925925925926,0.9533333333333334,0.9361075884959216,0.9562039944501242,0.7705303644616922,0.9630725554355256,0.9358671832337763,682.8586167140165,5.70006400893908,688.5586807229556
success,IoT_Original_Distribution,QWE,FakeCairoV2,full,0,6,4,1024,2,199,225,0.026325925925925926,0.9506666666666667,0.9314577364457595,0.9538110997616617,0.7588488724019831,0.9773456703145303,0.9311572871449028,695.9930263968417,3.4577348278835416,699.4507612247253
success,IoT_Original_Distribution,QWE,FakeCairoV2,full,0,6,5,2048,0,199,225,0.026325925925925926,0.952,0.9131244813927637,0.9542782546360052,0.7511094888851704,0.9509965086969454,0.9118685117819177,699.5721347499639,3.270249610999599,702.8423843609635
success,IoT_Original_Distribution,QWE,FakeCairoV2,full,0,6,6,3072,1,199,225,0.026325925925925926,0.9546666666666667,0.9177743334429258,0.9567066032411514,0.7633654895224282,0.9345211069883467,0.9166490534215047,691.1592809470603,4.555463947006501,695.7147448940668
success,IoT_Original_Distribution,QWE,FakeCairoV2,full,0,6,7,4096,2,199,225,0.026325925925925926,0.96,0.9366085826562084,0.9618985455300044,0.7938063807213714,0.9654940272102454,0.9361654684910545,682.3999000510667,5.673591352067888,688.0734914031345
success,IoT_Original_Distribution,QWE,FakeCairoV2,full,0,6,8,5120,0,199,225,0.026325925925925926,0.9453333333333334,0.9158016689367965,0.9488177051413007,0.7313129443797038,0.9551244918301423,0.9150792257537382,1129.5309558719164,4.2761683880817145,1133.807124259998
success,IoT_Original_Distribution,QWE,FakeCairoV2,full,0,6,9,6144,1,199,225,0.026325925925925926,0.9646666666666667,0.9518967325787109,0.9663867815936538,0.8195739671927591,0.9682547137809925,0.9517668128636367,1116.8077920648502,6.412314897985198,1123.2201069628354
success,IoT_Original_Distribution,QWE,FakeSherbrooke,full,0,6,0,42,2,563,225,0.04147699311023622,0.9453333333333334,0.925336214049755,0.9491721364221365,0.7381745702795046,0.9585531706146049,0.9250084433068818,1214.7169391290518,4.798193559981883,1219.5151326890336
success,IoT_Original_Distribution,QWE,FakeSherbrooke,full,0,6,1,123,0,563,225,0.04147699311023622,0.9573333333333334,0.9446714574233244,0.9598616442819057,0.7892958031689904,0.984370025936885,0.9445427502227002,2253.3995881909505,4.747985048103146,2258.1475732390536
success,IoT_Original_Distribution,QWE,FakeSherbrooke,full,0,6,2,456,1,563,225,0.04147699311023622,0.944,0.9404912873984312,0.9486135122484006,0.7454219345005928,0.9633648020290263,0.9404813607862621,2259.362737476011,4.007712536957115,2263.370450012968
success,IoT_Original_Distribution,QWE,FakeSherbrooke,full,0,6,3,789,2,563,225,0.04147699311023622,0.9526666666666667,0.935739670909461,0.9556311707760604,0.7681225929227954,0.9626759350586319,0.9355074418469568,2259.9098080419935,3.0198836280032992,2262.929691669997
success,IoT_Original_Distribution,QWE,FakeSherbrooke,full,0,6,4,1024,0,563,225,0.04147699311023622,0.9546666666666667,0.9336652419645233,0.9572491834136079,0.773366691114791,0.9603118688647786,0.9333069413035293,2234.435579910176,5.228514155955054,2239.664094066131
success,IoT_Original_Distribution,QWE,FakeSherbrooke,full,0,6,5,2048,1,563,225,0.04147699311023622,0.9566666666666667,0.9188780862023077,0.9584533630522828,0.7712348391774375,0.9505737948742035,0.9176988522615374,2240.9537354331696,2.879745962098241,2243.833481395268
success,IoT_Original_Distribution,QWE,FakeSherbrooke,full,0,6,6,3072,2,563,225,0.04147699311023622,0.9586666666666667,0.9231600206660091,0.9603182156133828,0.7811267847728178,0.9548635573716593,0.9221238195311972,2237.780704524135,5.595018920022994,2243.375723444158
success,IoT_Original_Distribution,QWE,FakeSherbrooke,full,0,6,7,4096,0,563,225,0.04147699311023622,0.9533333333333334,0.9297512250872826,0.9559918064551846,0.7663867213399324,0.9590959142882491,0.929297531732208,2265.694100388093,3.2113235590513796,2268.9054239471443
success,IoT_Original_Distribution,QWE,FakeSherbrooke,full,0,6,8,5120,1,563,225,0.04147699311023622,0.952,0.9290153899143613,0.954844349817144,0.7615061436964442,0.9682494950918228,0.9285840594337607,2264.2913842978887,4.202482335967943,2268.4938666338567
success,IoT_Original_Distribution,QWE,FakeSherbrooke,full,0,6,9,6144,2,563,225,0.04147699311023622,0.952,0.9480844801402784,0.955471447814741,0.7742903761920127,0.9773874198278876,0.9480722172574301,2257.3610991198802,3.5105674708029255,2260.871666590683
success,IoT_Original_Distribution,QWE,ideal,full,3,6,0,42,0,181,193,,0.946,0.9257041316362156,0.9497346811906696,0.7404311685150645,0.9588715106539539,0.9253666266478207,830.2388428599807,5.1807312379824,835.419574097963
success,IoT_Original_Distribution,QWE,ideal,full,3,6,1,123,1,181,193,,0.9573333333333334,0.9446714574233244,0.9598616442819057,0.7892958031689904,0.9841978091942866,0.9445427502227002,860.8274881549878,6.706224046763964,867.5337122017518
success,IoT_Original_Distribution,QWE,ideal,full,3,6,2,456,2,181,193,,0.9613333333333334,0.9564135080550468,0.963624615130477,0.8101380477733999,0.9693297637499411,0.9563943162439121,862.2909416239709,5.227511252858676,867.5184528768295
success,IoT_Original_Distribution,QWE,ideal,full,3,6,3,789,0,181,193,,0.9626666666666667,0.9380802530020509,0.9642532051282051,0.8045303128510244,0.9699142569369426,0.9375914639382862,851.4504433160182,4.421151125920005,855.8715944419382
success,IoT_Original_Distribution,QWE,ideal,full,3,6,4,1024,1,181,193,,0.956,0.9344010771374446,0.9584043158192588,0.7783563782665744,0.9620288176015949,0.9340223932608794,826.8239968181588,5.2218557831365615,832.0458526012953
success,IoT_Original_Distribution,QWE,ideal,full,3,6,5,2048,2,181,193,,0.952,0.9131244813927637,0.9542782546360052,0.7511094888851704,0.9508921349135524,0.9118685117819177,849.9656308329431,5.243337583146058,855.2089684160892
success,IoT_Original_Distribution,QWE,ideal,full,3,6,6,3072,0,181,193,,0.9546666666666667,0.9177743334429258,0.9567066032411514,0.7633654895224282,0.9345524191233646,0.9166490534215047,861.1491031670012,6.299871094990522,867.4489742619917
success,IoT_Original_Distribution,QWE,ideal,full,3,6,7,4096,1,181,193,,0.9533333333333334,0.9297512250872826,0.9559918064551846,0.7663867213399324,0.958146112859372,0.929297531732208,833.5547000919469,5.164470288902521,838.7191703808494
success,IoT_Original_Distribution,QWE,ideal,full,3,6,8,5120,2,181,193,,0.9453333333333334,0.9158016689367965,0.9488177051413007,0.7313129443797038,0.9551349292084814,0.9150792257537382,862.5950334927766,5.479582758038305,868.0746162508149
success,IoT_Original_Distribution,QWE,ideal,full,3,6,9,6144,0,181,193,,0.9646666666666667,0.9518967325787109,0.9663867815936538,0.8195739671927591,0.9682703698485015,0.9517668128636367,697.849586035125,4.073314161854796,701.9229001969798
success,IoT_Original_Distribution,QWE,FakeCairoV2,full,3,6,0,42,1,209,193,0.026325925925925926,0.946,0.9257041316362156,0.9497346811906696,0.7404311685150645,0.9588610732756147,0.9253666266478207,796.5577201090055,5.506247372948565,802.063967481954
success,IoT_Original_Distribution,QWE,FakeCairoV2,full,3,6,1,123,2,209,193,0.026325925925925926,0.9573333333333334,0.9446714574233244,0.9598616442819057,0.7892958031689904,0.9842395587076439,0.9445427502227002,800.6602623689687,2.896572155994363,803.556834524963
success,IoT_Original_Distribution,QWE,FakeCairoV2,full,3,6,2,456,0,209,193,0.026325925925925926,0.9493333333333334,0.9497909914987553,0.9533078593443541,0.7674357500576353,0.967445816959696,0.9497908242694566,774.5764541110257,3.0097345209214836,777.5861886319472
success,IoT_Original_Distribution,QWE,FakeCairoV2,full,3,6,3,789,1,209,193,0.026325925925925926,0.9533333333333334,0.9361075884959216,0.9562039944501242,0.7705303644616922,0.963036024611338,0.9358671832337763,775.7126530039823,3.4930377858690917,779.2056907898514
success,IoT_Original_Distribution,QWE,FakeCairoV2,full,3,6,4,1024,2,209,193,0.026325925925925926,0.956,0.9344010771374446,0.9584043158192588,0.7783563782665744,0.9619766307098981,0.9340223932608794,744.421387467999,4.676498564891517,749.0978860328905
success,IoT_Original_Distribution,QWE,FakeCairoV2,full,3,6,5,2048,0,209,193,0.026325925925925926,0.952,0.9131244813927637,0.9542782546360052,0.7511094888851704,0.9510173834536241,0.9118685117819177,765.1766056399792,2.824752736953087,768.0013583769323
success,IoT_Original_Distribution,QWE,FakeCairoV2,full,3,6,6,3072,1,209,193,0.026325925925925926,0.96,0.9238958558389304,0.9614951467551764,0.7865659476978232,0.9549053068850167,0.9228253212070409,748.3206026061671,3.590154071105644,751.9107566772727
success,IoT_Original_Distribution,QWE,FakeCairoV2,full,3,6,7,4096,2,209,193,0.026325925925925926,0.9533333333333334,0.9297512250872826,0.9559918064551846,0.7663867213399324,0.9581930810618989,0.929297531732208,762.6411438970827,4.263167897006497,766.9043117940892
success,IoT_Original_Distribution,QWE,FakeCairoV2,full,3,6,8,5120,0,209,193,0.026325925925925926,0.9446666666666667,0.9154337513503359,0.9482544057937221,0.7290186006876295,0.9549888059117312,0.9147255719334755,1050.835114754038,4.370914724073373,1055.2060294781113
success,IoT_Original_Distribution,QWE,FakeCairoV2,full,3,6,9,6144,1,209,193,0.026325925925925926,0.9493333333333334,0.9402564463857968,0.9529976393600043,0.7607635269721875,0.9640275755535724,0.9401899954921694,1096.5214541900204,3.0949192290427163,1099.6163734190632
success,IoT_Original_Distribution,QWE,FakeSherbrooke,full,3,6,0,42,2,426,195,0.04147699311023622,0.956,0.9471138039547227,0.9588044943820224,0.7863848004242623,0.9691992965206998,0.9470505770303285,1141.3976808307925,5.148166804108769,1146.5458476349013
success,IoT_Original_Distribution,QWE,FakeSherbrooke,full,3,6,1,123,0,426,195,0.04147699311023622,0.9566666666666667,0.9474817215411833,0.959380649302027,0.7888214986676968,0.9828096378751585,0.9474141979218342,1873.2938659160864,2.7119243069319054,1876.0057902230183
success,IoT_Original_Distribution,QWE,FakeSherbrooke,full,3,6,2,456,1,426,195,0.04147699311023622,0.944,0.9404912873984312,0.9486135122484006,0.7454219345005928,0.9631403983947312,0.9404813607862621,1869.6422616350465,5.6912942049093544,1875.3335558399558
success,IoT_Original_Distribution,QWE,FakeSherbrooke,full,3,6,3,789,2,426,195,0.04147699311023622,0.952,0.9353717533230004,0.9550594484167518,0.7657328544075529,0.963171710529749,0.9351475620714368,1860.4699693151051,5.170966546982527,1865.6409358620876
success,IoT_Original_Distribution,QWE,FakeSherbrooke,full,3,6,4,1024,0,426,195,0.04147699311023622,0.9506666666666667,0.9314577364457595,0.9538110997616617,0.7588488724019831,0.9769333938701278,0.9311572871449028,1861.4684539370937,4.875742378993891,1866.3441963160876
success,IoT_Original_Distribution,QWE,FakeSherbrooke,full,3,6,5,2048,1,426,195,0.04147699311023622,0.9566666666666667,0.9188780862023077,0.9584533630522828,0.7712348391774375,0.949357840297674,0.9176988522615374,1874.3089133490575,3.7505803430685773,1878.0594936921261
success,IoT_Original_Distribution,QWE,FakeSherbrooke,full,3,6,6,3072,2,426,195,0.04147699311023622,0.9586666666666667,0.9231600206660091,0.9603182156133828,0.7811267847728178,0.955051430181767,0.9221238195311972,1873.2510546529666,4.709700832958333,1877.960755485925
success,IoT_Original_Distribution,QWE,FakeSherbrooke,full,3,6,7,4096,0,426,195,0.04147699311023622,0.9533333333333334,0.9297512250872826,0.9559918064551846,0.7663867213399324,0.9590541647748919,0.929297531732208,1860.2423863332951,4.1707291710190475,1864.4131155043142
success,IoT_Original_Distribution,QWE,FakeSherbrooke,full,3,6,8,5120,1,426,195,0.04147699311023622,0.946,0.9193477682275766,0.9495012875818251,0.7358870631022482,0.9560847306373585,0.9187616520031698,1857.409346939181,5.082394455792382,1862.4917413949734
success,IoT_Original_Distribution,QWE,FakeSherbrooke,full,3,6,9,6144,2,426,195,0.04147699311023622,0.95,0.9406243639722575,0.9535637837337912,0.7630464152967588,0.9643876651062785,0.9405534944407948,1867.4170618040953,3.907909353147261,1871.3249711572425
success,UNSW_2018_IoT_Botnet_Final_10_Best,QSVC,ideal,full,0,6,0,42,0,124,150,,0.9966666666666667,0.9825174825174825,0.9966400755284308,0.9805571131969575,0.9926204966735548,0.9823619317924351,277.9953964059241,1.287001885008067,279.2823982909322
success,UNSW_2018_IoT_Botnet_Final_10_Best,QSVC,ideal,full,0,6,1,123,1,124,150,,0.996,0.9884051099968565,0.996,0.976810219993713,0.9989641898263859,0.9883605615127131,287.33279335603584,0.32234747300390154,287.65514082903974
success,UNSW_2018_IoT_Botnet_Final_10_Best,QSVC,ideal,full,0,6,2,456,2,124,150,,0.996,0.979020979020979,0.9959615546218488,0.9766394448969591,0.999804175191058,0.9787961779869995,287.33044841804076,0.09063233598135412,287.4210807540221
success,UNSW_2018_IoT_Botnet_Final_10_Best,QSVC,ideal,full,0,6,3,789,0,124,150,,0.9973333333333333,0.986013986013986,0.9973163830309103,0.9844649139608554,0.995186832327584,0.9859147894356651,281.13646692200564,0.3751516059273854,281.511618527933
success,UNSW_2018_IoT_Botnet_Final_10_Best,QSVC,ideal,full,0,6,4,1024,1,124,150,,0.9953333333333333,0.9880366501589788,0.995340603358116,0.9730368435381365,0.9952280586031507,0.9879955160481791,279.6813259529881,1.5643871430074796,281.2457130959956
success,UNSW_2018_IoT_Botnet_Final_10_Best,QSVC,ideal,full,0,6,5,2048,2,124,150,,0.9926666666666667,0.970922592514339,0.9926081661625477,0.9569943361344565,0.9905849493174474,0.9705508043659427,281.1373904850334,0.3771780669922009,281.5145685520256
success,UNSW_2018_IoT_Botnet_Final_10_Best,QSVC,ideal,full,0,6,6,3072,0,124,150,,0.996,0.979020979020979,0.9959615546218488,0.9766394448969591,0.992161854357875,0.9787961779869995,284.4168097829679,0.32490283297374845,284.74171261594165
success,UNSW_2018_IoT_Botnet_Final_10_Best,QSVC,ideal,full,0,6,7,4096,1,124,150,,0.9906666666666667,0.951048951048951,0.9904504197573457,0.9449265089561836,0.9990775620841944,0.9497883459476127,281.38937175192405,1.2439752370119095,282.63334698893595
success,UNSW_2018_IoT_Botnet_Final_10_Best,QSVC,ideal,full,0,6,8,5120,2,124,150,,0.9953333333333333,0.9755244755244755,0.9952807936150397,0.9727117770954385,0.9891832559481786,0.9752173865600178,284.4146200119285,0.09260260208975524,284.50722261401825
success,UNSW_2018_IoT_Botnet_Final_10_Best,QSVC,ideal,full,0,6,9,6144,0,124,150,,0.996,0.979020979020979,0.9959615546218488,0.9766394448969591,0.9992218540486779,0.9787961779869995,238.85650223307312,1.3895135509083048,240.24601578398142
success,UNSW_2018_IoT_Botnet_Final_10_Best,QSVC,FakeCairoV2,full,0,6,0,42,1,135,150,0.026325925925925926,0.9966666666666667,0.9825174825174825,0.9966400755284308,0.9805571131969575,0.9926204966735548,0.9823619317924351,262.6678428580053,0.052535564987920225,262.72037842299324
success,UNSW_2018_IoT_Botnet_Final_10_Best,QSVC,FakeCairoV2,full,0,6,1,123,2,135,150,0.026325925925925926,0.996,0.9884051099968565,0.996,0.976810219993713,0.9989693431108317,0.9883605615127131,252.97979597607628,0.8335316389566287,253.8133276150329
success,UNSW_2018_IoT_Botnet_Final_10_Best,QSVC,FakeCairoV2,full,0,6,2,456,0,135,150,0.026325925925925926,0.996,0.979020979020979,0.9959615546218488,0.9766394448969591,0.9998093284755039,0.9787961779869995,246.01491275406443,1.145865011960268,247.1607777660247
success,UNSW_2018_IoT_Botnet_Final_10_Best,QSVC,FakeCairoV2,full,0,6,3,789,1,135,150,0.026325925925925926,0.9973333333333333,0.986013986013986,0.9973163830309103,0.9844649139608554,0.9951919856120299,0.9859147894356651,248.22354252799414,0.31621108995750546,248.53975361795165
success,UNSW_2018_IoT_Botnet_Final_10_Best,QSVC,FakeCairoV2,full,0,6,4,1024,2,135,150,0.026325925925925926,0.9953333333333333,0.9880366501589788,0.995340603358116,0.9730368435381365,0.9952332118875965,0.9879955160481791,248.20938929205295,0.07841036200989038,248.28779965406284
success,UNSW_2018_IoT_Botnet_Final_10_Best,QSVC,FakeCairoV2,full,0,6,5,2048,0,135,150,0.026325925925925926,0.9926666666666667,0.970922592514339,0.9926081661625477,0.9569943361344565,0.9905797960330016,0.9705508043659427,248.68317303503864,0.795105918077752,249.4782789531164
success,UNSW_2018_IoT_Botnet_Final_10_Best,QSVC,FakeCairoV2,full,0,6,6,3072,1,135,150,0.026325925925925926,0.996,0.979020979020979,0.9959615546218488,0.9766394448969591,0.9921567010734291,0.9787961779869995,251.8827539050253,0.05025499395560473,251.93300889898092
success,UNSW_2018_IoT_Botnet_Final_10_Best,QSVC,FakeCairoV2,full,0,6,7,4096,2,135,150,0.026325925925925926,0.9906666666666667,0.951048951048951,0.9904504197573457,0.9449265089561836,0.9990981752219777,0.9497883459476127,241.62330225296319,1.2719436309998855,242.89524588396307
success,UNSW_2018_IoT_Botnet_Final_10_Best,QSVC,FakeCairoV2,full,0,6,8,5120,0,135,150,0.026325925925925926,0.9953333333333333,0.9755244755244755,0.9952807936150397,0.9727117770954385,0.9892090223704078,0.9752173865600178,417.1586258150637,0.8137383710127324,417.97236418607645
success,UNSW_2018_IoT_Botnet_Final_10_Best,QSVC,FakeCairoV2,full,0,6,9,6144,1,135,150,0.026325925925925926,0.996,0.979020979020979,0.9959615546218488,0.9766394448969591,0.9992270073331238,0.9787961779869995,442.8723648940213,0.08507270598784089,442.95743760000914
success,UNSW_2018_IoT_Botnet_Final_10_Best,QSVC,FakeSherbrooke,full,0,6,0,42,2,381,150,0.04147699311023622,0.9966666666666667,0.9825174825174825,0.9966400755284308,0.9805571131969575,0.9934089491937687,0.9823619317924351,442.8701653799508,0.08916606195271015,442.9593314419035
success,UNSW_2018_IoT_Botnet_Final_10_Best,QSVC,FakeSherbrooke,full,0,6,1,123,0,381,150,0.04147699311023622,0.996,0.9884051099968565,0.996,0.976810219993713,0.999154861350882,0.9883605615127131,813.7624726209324,0.8058748280163854,814.5683474489488
success,UNSW_2018_IoT_Botnet_Final_10_Best,QSVC,FakeSherbrooke,full,0,6,2,456,1,381,150,0.04147699311023622,0.9966666666666667,0.9825174825174825,0.9966400755284308,0.9805571131969575,0.9998814744577456,0.9823619317924351,824.8512838900788,0.8026624700287357,825.6539463601075
success,UNSW_2018_IoT_Botnet_Final_10_Best,QSVC,FakeSherbrooke,full,0,6,3,789,2,381,150,0.04147699311023622,0.998,0.9895104895104896,0.997990503452285,0.9883629768056863,0.9955321023854554,0.9894548898363074,831.0642205660697,0.051250164047814906,831.1154707301175
success,UNSW_2018_IoT_Botnet_Final_10_Best,QSVC,FakeSherbrooke,full,0,6,4,1024,0,381,150,0.04147699311023622,0.9953333333333333,0.9880366501589788,0.995340603358116,0.9730368435381365,0.9951765257586923,0.9879955160481791,830.1170200479683,0.050195097108371556,830.1672151450766
success,UNSW_2018_IoT_Botnet_Final_10_Best,QSVC,FakeSherbrooke,full,0,6,5,2048,1,381,150,0.04147699311023622,0.992,0.9674260890178356,0.9919231092436975,0.9529995054532726,0.9886988472102695,0.9669494902608454,824.335132031003,0.8153304570587352,825.1504624880617
success,UNSW_2018_IoT_Botnet_Final_10_Best,QSVC,FakeSherbrooke,full,0,6,6,3072,2,381,150,0.04147699311023622,0.996,0.979020979020979,0.9959615546218488,0.9766394448969591,0.9929812265847637,0.9787961779869995,813.2799763130024,0.8198039149865508,814.099780227989
success,UNSW_2018_IoT_Botnet_Final_10_Best,QSVC,FakeSherbrooke,full,0,6,7,4096,0,381,150,0.04147699311023622,0.9906666666666667,0.951048951048951,0.9904504197573457,0.9449265089561836,0.9995928905287785,0.9497883459476127,812.8042016399559,0.8115042550489306,813.6157058950048
success,UNSW_2018_IoT_Botnet_Final_10_Best,QSVC,FakeSherbrooke,full,0,6,8,5120,1,381,150,0.04147699311023622,0.9953333333333333,0.9755244755244755,0.9952807936150397,0.9727117770954385,0.9923525258823711,0.9752173865600178,829.7863035050686,0.05029435805045068,829.8365978631191
success,UNSW_2018_IoT_Botnet_Final_10_Best,QSVC,FakeSherbrooke,full,0,6,9,6144,2,381,150,0.04147699311023622,0.996,0.979020979020979,0.9959615546218488,0.9766394448969591,0.9991703212042194,0.9787961779869995,823.6568698689807,0.8393106370931491,824.4961805060739
success,UNSW_2018_IoT_Botnet_Final_10_Best,QSVC,ideal,full,3,6,0,42,0,124,142,,0.9966666666666667,0.9825174825174825,0.9966400755284308,0.9805571131969575,0.9926204966735548,0.9823619317924351,274.4777325009927,0.107662144000642,274.58539464499336
success,UNSW_2018_IoT_Botnet_Final_10_Best,QSVC,ideal,full,3,6,1,123,1,124,142,,0.996,0.9884051099968565,0.996,0.976810219993713,0.9989641898263859,0.9883605615127131,274.47839612397365,0.11007752909790725,274.58847365307156
success,UNSW_2018_IoT_Botnet_Final_10_Best,QSVC,ideal,full,3,6,2,456,2,124,142,,0.996,0.979020979020979,0.9959615546218488,0.9766394448969591,0.9998093284755039,0.9787961779869995,271.88064919493627,1.361786360037513,273.2424355549738
success,UNSW_2018_IoT_Botnet_Final_10_Best,QSVC,ideal,full,3,6,3,789,0,124,142,,0.9973333333333333,0.986013986013986,0.9973163830309103,0.9844649139608554,0.9951919856120299,0.9859147894356651,277.80470155505463,0.3257105080410838,278.1304120630957
success,UNSW_2018_IoT_Botnet_Final_10_Best,QSVC,ideal,full,3,6,4,1024,1,124,142,,0.9953333333333333,0.9880366501589788,0.995340603358116,0.9730368435381365,0.9952229053187048,0.9879955160481791,274.3710932700196,1.2855474600801244,275.65664073009975
success,UNSW_2018_IoT_Botnet_Final_10_Best,QSVC,ideal,full,3,6,5,2048,2,124,142,,0.9926666666666667,0.970922592514339,0.9926081661625477,0.9569943361344565,0.9905849493174474,0.9705508043659427,277.8068544169655,0.09096004406455904,277.89781446103007
success,UNSW_2018_IoT_Botnet_Final_10_Best,QSVC,ideal,full,3,6,6,3072,0,124,142,,0.996,0.979020979020979,0.9959615546218488,0.9766394448969591,0.9921567010734291,0.9787961779869995,274.89495712297503,0.13325095700565726,275.0282080799807
success,UNSW_2018_IoT_Botnet_Final_10_Best,QSVC,ideal,full,3,6,7,4096,1,124,142,,0.9906666666666667,0.951048951048951,0.9904504197573457,0.9449265089561836,0.9990724087997485,0.9497883459476127,274.8924845419824,0.1413416489958763,275.0338261909783
success,UNSW_2018_IoT_Botnet_Final_10_Best,QSVC,ideal,full,3,6,8,5120,2,124,142,,0.9953333333333333,0.9755244755244755,0.9952807936150397,0.9727117770954385,0.9891781026637327,0.9752173865600178,274.84789995790925,0.616912045981735,275.464812003891
success,UNSW_2018_IoT_Botnet_Final_10_Best,QSVC,ideal,full,3,6,9,6144,0,124,142,,0.996,0.979020979020979,0.9959615546218488,0.9766394448969591,0.9992218540486779,0.9787961779869995,248.7493223559577,1.3570885990047827,250.10641095496248
success,UNSW_2018_IoT_Botnet_Final_10_Best,QSVC,FakeCairoV2,full,3,6,0,42,1,134,142,0.026325925925925926,0.9966666666666667,0.9825174825174825,0.9966400755284308,0.9805571131969575,0.9926256499580006,0.9823619317924351,266.3059637659462,0.0512126749381423,266.35717644088436
success,UNSW_2018_IoT_Botnet_Final_10_Best,QSVC,FakeCairoV2,full,3,6,1,123,2,134,142,0.026325925925925926,0.996,0.9884051099968565,0.996,0.976810219993713,0.9989590365419401,0.9883605615127131,263.681278664968,0.8051919550634921,264.48647062003147
success,UNSW_2018_IoT_Botnet_Final_10_Best,QSVC,FakeCairoV2,full,3,6,2,456,0,134,142,0.026325925925925926,0.996,0.979020979020979,0.9959615546218488,0.9766394448969591,0.9998093284755039,0.9787961779869995,245.70197071600705,1.3218602259876207,247.02383094199467
success,UNSW_2018_IoT_Botnet_Final_10_Best,QSVC,FakeCairoV2,full,3,6,3,789,1,134,142,0.026325925925925926,0.9973333333333333,0.986013986013986,0.9973163830309103,0.9844649139608554,0.9952125987498133,0.9859147894356651,252.68196837906726,0.04945213196333498,252.7314205110306
success,UNSW_2018_IoT_Botnet_Final_10_Best,QSVC,FakeCairoV2,full,3,6,4,1024,2,134,142,0.026325925925925926,0.9953333333333333,0.9880366501589788,0.995340603358116,0.9730368435381365,0.995248671740934,0.9879955160481791,246.70458696200512,1.282590493094176,247.9871774550993
success,UNSW_2018_IoT_Botnet_Final_10_Best,QSVC,FakeCairoV2,full,3,6,5,2048,0,134,142,0.026325925925925926,0.9926666666666667,0.970922592514339,0.9926081661625477,0.9569943361344565,0.9905694894641099,0.9705508043659427,248.17093385604676,0.07884625694714487,248.2497801129939
success,UNSW_2018_IoT_Botnet_Final_10_Best,QSVC,FakeCairoV2,full,3,6,6,3072,1,134,142,0.026325925925925926,0.996,0.979020979020979,0.9959615546218488,0.9766394448969591,0.9921670076423208,0.9787961779869995,248.1594052730361,0.3225305009400472,248.48193577397615
success,UNSW_2018_IoT_Botnet_Final_10_Best,QSVC,FakeCairoV2,full,3,6,7,4096,2,134,142,0.026325925925925926,0.9906666666666667,0.951048951048951,0.9904504197573457,0.9449265089561836,0.9990775620841944,0.9497883459476127,243.7190402080305,1.3969751839758828,245.11601539200637
success,UNSW_2018_IoT_Botnet_Final_10_Best,QSVC,FakeCairoV2,full,3,6,8,5120,0,134,142,0.026325925925925926,0.9953333333333333,0.9755244755244755,0.9952807936150397,0.9727117770954385,0.9891935625170702,0.9752173865600178,389.02127787598874,1.2258062539622188,390.24708412995096
success,UNSW_2018_IoT_Botnet_Final_10_Best,QSVC,FakeCairoV2,full,3,6,9,6144,1,134,142,0.026325925925925926,0.996,0.979020979020979,0.9959615546218488,0.9766394448969591,0.9992270073331238,0.9787961779869995,387.2783864659723,1.5665193520253524,388.84490581799764
success,UNSW_2018_IoT_Botnet_Final_10_Best,QSVC,FakeSherbrooke,full,3,6,0,42,2,311,144,0.04147699311023622,0.9966666666666667,0.9825174825174825,0.9966400755284308,0.9805571131969575,0.9933058835048518,0.9823619317924351,404.90778232796583,0.05050228408072144,404.95828461204655
success,UNSW_2018_IoT_Botnet_Final_10_Best,QSVC,FakeSherbrooke,full,3,6,1,123,0,311,144,0.04147699311023622,0.996,0.9884051099968565,0.996,0.976810219993713,0.9991136350753153,0.9883605615127131,714.8874399240594,0.04904793598689139,714.9364878600463
success,UNSW_2018_IoT_Botnet_Final_10_Best,QSVC,FakeSherbrooke,full,3,6,2,456,1,311,144,0.04147699311023622,0.9966666666666667,0.9825174825174825,0.9966400755284308,0.9805571131969575,0.999871167888854,0.9823619317924351,700.4186513490276,0.8021497610025108,701.2208011100302
success,UNSW_2018_IoT_Botnet_Final_10_Best,QSVC,FakeSherbrooke,full,3,6,3,789,2,311,144,0.04147699311023622,0.998,0.9895104895104896,0.997990503452285,0.9883629768056863,0.9958361461677601,0.9894548898363074,710.6464497640263,0.8349233620101586,711.4813731260365
success,UNSW_2018_IoT_Botnet_Final_10_Best,QSVC,FakeSherbrooke,full,3,6,4,1024,0,311,144,0.04147699311023622,0.9953333333333333,0.9880366501589788,0.995340603358116,0.9730368435381365,0.9948724819763878,0.9879955160481791,713.6859701279318,0.04832823702599853,713.7342983649578
success,UNSW_2018_IoT_Botnet_Final_10_Best,QSVC,FakeSherbrooke,full,3,6,5,2048,1,311,144,0.04147699311023622,0.992,0.9674260890178356,0.9919231092436975,0.9529995054532726,0.9890441172681409,0.9669494902608454,699.4540360770188,0.8194427180569619,700.2734787950758
success,UNSW_2018_IoT_Botnet_Final_10_Best,QSVC,FakeSherbrooke,full,3,6,6,3072,2,311,144,0.04147699311023622,0.996,0.979020979020979,0.9959615546218488,0.9766394448969591,0.9929709200158721,0.9787961779869995,709.5701286189724,0.8292591669596732,710.399387785932
success,UNSW_2018_IoT_Botnet_Final_10_Best,QSVC,FakeSherbrooke,full,3,6,7,4096,0,311,144,0.04147699311023622,0.9906666666666667,0.951048951048951,0.9904504197573457,0.9449265089561836,0.9995980438132244,0.9497883459476127,700.0218819419388,0.8254124990198761,700.8472944409586
success,UNSW_2018_IoT_Botnet_Final_10_Best,QSVC,FakeSherbrooke,full,3,6,8,5120,1,311,144,0.04147699311023622,0.9953333333333333,0.9755244755244755,0.9952807936150397,0.9727117770954385,0.9919144967044746,0.9752173865600178,709.3673798689852,0.8405518609797582,710.2079317299649
success,UNSW_2018_IoT_Botnet_Final_10_Best,QSVC,FakeSherbrooke,full,3,6,9,6144,2,311,144,0.04147699311023622,0.996,0.979020979020979,0.9959615546218488,0.9766394448969591,0.9991239416442069,0.9787961779869995,713.5995979410363,0.049584295018576086,713.6491822360549
success,UNSW_2018_IoT_Botnet_Final_10_Best,QVE,ideal,full,0,6,0,42,0,126,150,,0.996,0.9915331536554823,0.9960124139626352,0.976983222161292,0.9998608613199622,0.9915177928744049,376.11887572705746,5.028436638065614,381.14731236512307
success,UNSW_2018_IoT_Botnet_Final_10_Best,QVE,ideal,full,0,6,1,123,1,126,150,,0.994,0.9904277741418493,0.9940460092931921,0.9659258574367079,0.9992115474797862,0.9904179391882704,392.83269896009006,1.275985312066041,394.1086842721561
success,UNSW_2018_IoT_Botnet_Final_10_Best,QVE,ideal,full,0,6,2,456,2,126,150,,0.9973333333333333,0.9922700733312377,0.9973333333333333,0.9845401466624754,0.9998608613199623,0.99225035137321,392.8674810450757,1.4745506569743156,394.34203170205
success,UNSW_2018_IoT_Botnet_Final_10_Best,QVE,ideal,full,0,6,3,789,0,126,150,,0.996,0.9915331536554823,0.9960124139626352,0.976983222161292,0.9997887153377205,0.9915177928744049,376.95583945908584,5.984302803990431,382.94014226307627
success,UNSW_2018_IoT_Botnet_Final_10_Best,QVE,ideal,full,0,6,4,1024,1,126,150,,0.9926666666666667,0.9896908544660941,0.992744784620667,0.9587324290599396,0.9988044380085648,0.9896840243492936,393.6593660180224,1.0726928829681128,394.7320589009905
success,UNSW_2018_IoT_Botnet_Final_10_Best,QVE,ideal,full,0,6,5,2048,2,126,150,,0.9913333333333333,0.9764417601558353,0.99134683480793,0.9499192043892009,0.9987477518796605,0.9762683843382393,392.9068986539496,2.1070756941335276,395.01397434808314
success,UNSW_2018_IoT_Botnet_Final_10_Best,QVE,ideal,full,0,6,6,3072,0,126,150,,0.998,0.9895104895104896,0.997990503452285,0.9883629768056863,0.9998866277421915,0.9894548898363074,399.4195345159387,1.7453945559682325,401.16492907190695
success,UNSW_2018_IoT_Botnet_Final_10_Best,QVE,ideal,full,0,6,7,4096,1,126,150,,0.998,0.998894620486367,0.9980092740201078,0.9885781316226904,0.9998660146044082,0.9988940088781862,383.6942689130083,5.638301252038218,389.3325701650465
success,UNSW_2018_IoT_Botnet_Final_10_Best,QVE,ideal,full,0,6,8,5120,2,126,150,,0.9966666666666667,0.9825174825174825,0.9966400755284308,0.9805571131969575,0.9998196350443955,0.9823619317924351,399.28846940305084,1.9668472020421177,401.25531660509296
success,UNSW_2018_IoT_Botnet_Final_10_Best,QVE,ideal,full,0,6,9,6144,0,126,150,,0.9953333333333333,0.984908606500353,0.9953260056217893,0.9728676747095873,0.999737182493262,0.9848243764316844,160.92168916703667,2.3669902679976076,163.28867943503428
success,UNSW_2018_IoT_Botnet_Final_10_Best,QVE,FakeCairoV2,full,0,6,0,42,1,139,150,0.026325925925925926,0.996,0.9915331536554823,0.9960124139626352,0.976983222161292,0.9998608613199622,0.9915177928744049,326.7588973859092,1.3255249350331724,328.0844223209424
success,UNSW_2018_IoT_Botnet_Final_10_Best,QVE,FakeCairoV2,full,0,6,1,123,2,139,150,0.026325925925925926,0.994,0.9904277741418493,0.9940460092931921,0.9659258574367079,0.9992115474797862,0.9904179391882704,326.9267572709359,0.8912429759511724,327.8180002468871
success,UNSW_2018_IoT_Botnet_Final_10_Best,QVE,FakeCairoV2,full,0,6,2,456,0,139,150,0.026325925925925926,0.9973333333333333,0.9922700733312377,0.9973333333333333,0.9845401466624754,0.9998608613199623,0.99225035137321,307.9180249150377,0.4824754339642823,308.40050034900196
success,UNSW_2018_IoT_Botnet_Final_10_Best,QVE,FakeCairoV2,full,0,6,3,789,1,139,150,0.026325925925925926,0.996,0.9915331536554823,0.9960124139626352,0.976983222161292,0.9997887153377205,0.9915177928744049,296.21114907204174,1.863046650076285,298.074195722118
success,UNSW_2018_IoT_Botnet_Final_10_Best,QVE,FakeCairoV2,full,0,6,4,1024,2,139,150,0.026325925925925926,0.9926666666666667,0.9896908544660941,0.992744784620667,0.9587324290599396,0.9988044380085648,0.9896840243492936,304.88729658792727,1.003478409955278,305.89077499788254
success,UNSW_2018_IoT_Botnet_Final_10_Best,QVE,FakeCairoV2,full,0,6,5,2048,0,139,150,0.026325925925925926,0.9913333333333333,0.9764417601558353,0.99134683480793,0.9499192043892009,0.9987425985952146,0.9762683843382393,300.5631836220855,1.9455646579153836,302.5087482800009
success,UNSW_2018_IoT_Botnet_Final_10_Best,QVE,FakeCairoV2,full,0,6,6,3072,1,139,150,0.026325925925925926,0.998,0.9895104895104896,0.997990503452285,0.9883629768056863,0.9998866277421915,0.9894548898363074,302.6279992950149,2.1327611060114577,304.76076040102635
success,UNSW_2018_IoT_Botnet_Final_10_Best,QVE,FakeCairoV2,full,0,6,7,4096,2,139,150,0.026325925925925926,0.998,0.998894620486367,0.9980092740201078,0.9885781316226904,0.9998608613199623,0.9988940088781862,306.6285047660349,0.4892130048247054,307.1177177708596
success,UNSW_2018_IoT_Botnet_Final_10_Best,QVE,FakeCairoV2,full,0,6,8,5120,0,139,150,0.026325925925925926,0.9966666666666667,0.9825174825174825,0.9966400755284308,0.9805571131969575,0.9998196350443955,0.9823619317924351,473.17165238189045,2.9780637560179457,476.1497161379084
success,UNSW_2018_IoT_Botnet_Final_10_Best,QVE,FakeCairoV2,full,0,6,9,6144,1,139,150,0.026325925925925926,0.9953333333333333,0.984908606500353,0.9953260056217893,0.9728676747095873,0.999737182493262,0.9848243764316844,446.2551496749511,1.836351205012761,448.09150087996386
success,UNSW_2018_IoT_Botnet_Final_10_Best,QVE,FakeSherbrooke,full,0,6,0,42,2,385,150,0.04147699311023622,0.996,0.9915331536554823,0.9960124139626352,0.976983222161292,0.9998763211732997,0.9915177928744049,518.1073832799448,1.4159501381218433,519.5233334180666
success,UNSW_2018_IoT_Botnet_Final_10_Best,QVE,FakeSherbrooke,full,0,6,1,123,0,385,150,0.04147699311023622,0.994,0.9904277741418493,0.9940460092931921,0.9659258574367079,0.9992630803242448,0.9904179391882704,931.387083395035,0.9520653809886426,932.3391487760236
success,UNSW_2018_IoT_Botnet_Final_10_Best,QVE,FakeSherbrooke,full,0,6,2,456,1,385,150,0.04147699311023622,0.9973333333333333,0.9922700733312377,0.9973333333333333,0.9845401466624754,0.9998608613199623,0.99225035137321,942.0808030879125,1.3202181729720905,943.4010212608846
success,UNSW_2018_IoT_Botnet_Final_10_Best,QVE,FakeSherbrooke,full,0,6,3,789,2,385,150,0.04147699311023622,0.996,0.9915331536554823,0.9960124139626352,0.976983222161292,0.9997835620532746,0.9915177928744049,947.1901056809584,1.32854159490671,948.5186472758651
success,UNSW_2018_IoT_Botnet_Final_10_Best,QVE,FakeSherbrooke,full,0,6,4,1024,0,385,150,0.04147699311023622,0.9926666666666667,0.9896908544660941,0.992744784620667,0.9587324290599396,0.9988353577152398,0.9896840243492936,938.1740565419896,3.15102773392573,941.3250842759153
success,UNSW_2018_IoT_Botnet_Final_10_Best,QVE,FakeSherbrooke,full,0,6,5,2048,1,385,150,0.04147699311023622,0.9913333333333333,0.9764417601558353,0.99134683480793,0.9499192043892009,0.9987838248707814,0.9762683843382393,945.4323918930022,0.8676001960411668,946.2999920890434
success,UNSW_2018_IoT_Botnet_Final_10_Best,QVE,FakeSherbrooke,full,0,6,6,3072,2,385,150,0.04147699311023622,0.998,0.9895104895104896,0.997990503452285,0.9883629768056863,0.9998866277421915,0.9894548898363074,879.084523261874,3.4044016210827976,882.4889248829568
success,UNSW_2018_IoT_Botnet_Final_10_Best,QVE,FakeSherbrooke,full,0,6,7,4096,0,385,150,0.04147699311023622,0.998,0.998894620486367,0.9980092740201078,0.9885781316226904,0.9998814744577457,0.9988940088781862,938.2909882690292,1.6634607629384845,939.9544490319677
success,UNSW_2018_IoT_Botnet_Final_10_Best,QVE,FakeSherbrooke,full,0,6,8,5120,1,385,150,0.04147699311023622,0.9966666666666667,0.9825174825174825,0.9966400755284308,0.9805571131969575,0.9998505547510705,0.9823619317924351,820.71435032296,3.6669114810647443,824.3812618040247
success,UNSW_2018_IoT_Botnet_Final_10_Best,QVE,FakeSherbrooke,full,0,6,9,6144,2,385,150,0.04147699311023622,0.9953333333333333,0.984908606500353,0.9953260056217893,0.9728676747095873,0.9997320292088162,0.9848243764316844,944.0683034019312,1.0208826109301299,945.0891860128613
success,UNSW_2018_IoT_Botnet_Final_10_Best,QVE,ideal,full,3,6,0,42,0,126,142,,0.996,0.9915331536554823,0.9960124139626352,0.976983222161292,0.9998608613199622,0.9915177928744049,381.7342049119761,2.4852687700185925,384.2194736819947
success,UNSW_2018_IoT_Botnet_Final_10_Best,QVE,ideal,full,3,6,1,123,1,126,142,,0.994,0.9904277741418493,0.9940460092931921,0.9659258574367079,0.9992115474797862,0.9904179391882704,385.7765952759655,0.48922037798911333,386.26581565395463
success,UNSW_2018_IoT_Botnet_Final_10_Best,QVE,ideal,full,3,6,2,456,2,126,142,,0.9973333333333333,0.9922700733312377,0.9973333333333333,0.9845401466624754,0.9998608613199623,0.99225035137321,385.8088105029892,0.7054766720393673,386.5142871750286
success,UNSW_2018_IoT_Botnet_Final_10_Best,QVE,ideal,full,3,6,3,789,0,126,142,,0.996,0.9915331536554823,0.9960124139626352,0.976983222161292,0.9997887153377205,0.9915177928744049,396.3868942629779,1.215695274877362,397.60258953785524
success,UNSW_2018_IoT_Botnet_Final_10_Best,QVE,ideal,full,3,6,4,1024,1,126,142,,0.9926666666666667,0.9896908544660941,0.992744784620667,0.9587324290599396,0.9988044380085648,0.9896840243492936,382.9538991450099,6.222896335879341,389.17679548088927
success,UNSW_2018_IoT_Botnet_Final_10_Best,QVE,ideal,full,3,6,5,2048,2,126,142,,0.9913333333333333,0.9764417601558353,0.99134683480793,0.9499192043892009,0.9987425985952147,0.9762683843382393,395.7512463890016,1.8257481799228117,397.5769945689244
success,UNSW_2018_IoT_Botnet_Final_10_Best,QVE,ideal,full,3,6,6,3072,0,126,142,,0.998,0.9895104895104896,0.997990503452285,0.9883629768056863,0.9998866277421915,0.9894548898363074,382.38101705606095,5.573733038967475,387.95475009502843
success,UNSW_2018_IoT_Botnet_Final_10_Best,QVE,ideal,full,3,6,7,4096,1,126,142,,0.998,0.998894620486367,0.9980092740201078,0.9885781316226904,0.9998660146044082,0.9988940088781862,394.4404411481228,2.0217536059208214,396.4621947540436
success,UNSW_2018_IoT_Botnet_Final_10_Best,QVE,ideal,full,3,6,8,5120,2,126,142,,0.9966666666666667,0.9825174825174825,0.9966400755284308,0.9805571131969575,0.9998196350443955,0.9823619317924351,395.2893430889817,1.418379214941524,396.7077223039232
success,UNSW_2018_IoT_Botnet_Final_10_Best,QVE,ideal,full,3,6,9,6144,0,126,142,,0.9953333333333333,0.984908606500353,0.9953260056217893,0.9728676747095873,0.999737182493262,0.9848243764316844,155.2435247770045,2.9989035279722884,158.24242830497678
success,UNSW_2018_IoT_Botnet_Final_10_Best,QVE,FakeCairoV2,full,3,6,0,42,1,138,142,0.026325925925925926,0.996,0.9915331536554823,0.9960124139626352,0.976983222161292,0.9998608613199622,0.9915177928744049,320.6721990038641,0.8386144789401442,321.5108134828042
success,UNSW_2018_IoT_Botnet_Final_10_Best,QVE,FakeCairoV2,full,3,6,1,123,2,138,142,0.026325925925925926,0.994,0.9904277741418493,0.9940460092931921,0.9659258574367079,0.9992115474797862,0.9904179391882704,316.8904076400213,2.226191707071848,319.11659934709314
success,UNSW_2018_IoT_Botnet_Final_10_Best,QVE,FakeCairoV2,full,3,6,2,456,0,138,142,0.026325925925925926,0.9973333333333333,0.9922700733312377,0.9973333333333333,0.9845401466624754,0.9998608613199623,0.99225035137321,297.5799775440246,2.236597373848781,299.81657491787337
success,UNSW_2018_IoT_Botnet_Final_10_Best,QVE,FakeCairoV2,full,3,6,3,789,1,138,142,0.026325925925925926,0.996,0.9915331536554823,0.9960124139626352,0.976983222161292,0.9997887153377205,0.9915177928744049,283.56382605899125,1.9512832609470934,285.51510931993835
success,UNSW_2018_IoT_Botnet_Final_10_Best,QVE,FakeCairoV2,full,3,6,4,1024,2,138,142,0.026325925925925926,0.9926666666666667,0.9896908544660941,0.992744784620667,0.9587324290599396,0.9988044380085648,0.9896840243492936,305.78759067796636,2.3886280349688604,308.1762187129352
success,UNSW_2018_IoT_Botnet_Final_10_Best,QVE,FakeCairoV2,full,3,6,5,2048,0,138,142,0.026325925925925926,0.9913333333333333,0.9764417601558353,0.99134683480793,0.9499192043892009,0.9987477518796605,0.9762683843382393,300.58371346013155,1.9380911119515076,302.52180457208306
success,UNSW_2018_IoT_Botnet_Final_10_Best,QVE,FakeCairoV2,full,3,6,6,3072,1,138,142,0.026325925925925926,0.998,0.9895104895104896,0.997990503452285,0.9883629768056863,0.9998866277421915,0.9894548898363074,310.0516869550338,1.2263896210351959,311.278076576069
success,UNSW_2018_IoT_Botnet_Final_10_Best,QVE,FakeCairoV2,full,3,6,7,4096,2,138,142,0.026325925925925926,0.998,0.998894620486367,0.9980092740201078,0.9885781316226904,0.9998660146044082,0.9988940088781862,306.66682834085077,2.200793126015924,308.8676214668667
success,UNSW_2018_IoT_Botnet_Final_10_Best,QVE,FakeCairoV2,full,3,6,8,5120,0,138,142,0.026325925925925926,0.9966666666666667,0.9825174825174825,0.9966400755284308,0.9805571131969575,0.9998196350443955,0.9823619317924351,444.8877573099453,1.98687775793951,446.8746350678848
success,UNSW_2018_IoT_Botnet_Final_10_Best,QVE,FakeCairoV2,full,3,6,9,6144,1,138,142,0.026325925925925926,0.9953333333333333,0.984908606500353,0.9953260056217893,0.9728676747095873,0.999737182493262,0.9848243764316844,425.58992194815073,3.4412189630093053,429.03114091116004
success,UNSW_2018_IoT_Botnet_Final_10_Best,QVE,FakeSherbrooke,full,3,6,0,42,2,315,144,0.04147699311023622,0.996,0.9915331536554823,0.9960124139626352,0.976983222161292,0.9998711678888539,0.9915177928744049,478.06852953892667,1.1662525319261476,479.2347820708528
success,UNSW_2018_IoT_Botnet_Final_10_Best,QVE,FakeSherbrooke,full,3,6,1,123,0,315,144,0.04147699311023622,0.994,0.9904277741418493,0.9940460092931921,0.9659258574367079,0.9992527737553532,0.9904179391882704,824.0394764168886,0.8396651819348335,824.8791415988235
success,UNSW_2018_IoT_Botnet_Final_10_Best,QVE,FakeSherbrooke,full,3,6,2,456,1,315,144,0.04147699311023622,0.9973333333333333,0.9922700733312377,0.9973333333333333,0.9845401466624754,0.9998608613199623,0.99225035137321,819.4482300390955,1.9734034260036424,821.4216334650991
success,UNSW_2018_IoT_Botnet_Final_10_Best,QVE,FakeSherbrooke,full,3,6,3,789,2,315,144,0.04147699311023622,0.996,0.9915331536554823,0.9960124139626352,0.976983222161292,0.9997784087688287,0.9915177928744049,810.7219534061151,1.279060780070722,812.0010141861858
success,UNSW_2018_IoT_Botnet_Final_10_Best,QVE,FakeSherbrooke,full,3,6,4,1024,0,315,144,0.04147699311023622,0.9926666666666667,0.9896908544660941,0.992744784620667,0.9587324290599396,0.9988198978619023,0.9896840243492936,816.9613039119868,3.7791279160883278,820.7404318280751
success,UNSW_2018_IoT_Botnet_Final_10_Best,QVE,FakeSherbrooke,full,3,6,5,2048,1,315,144,0.04147699311023622,0.9913333333333333,0.9764417601558353,0.99134683480793,0.9499192043892009,0.9987683650174438,0.9762683843382393,807.782487288001,3.468245402094908,811.2507326900959
success,UNSW_2018_IoT_Botnet_Final_10_Best,QVE,FakeSherbrooke,full,3,6,6,3072,2,315,144,0.04147699311023622,0.998,0.9895104895104896,0.997990503452285,0.9883629768056863,0.9998866277421915,0.9894548898363074,823.2845405740663,1.0600477850530297,824.3445883591194
success,UNSW_2018_IoT_Botnet_Final_10_Best,QVE,FakeSherbrooke,full,3,6,7,4096,0,315,144,0.04147699311023622,0.998,0.998894620486367,0.9980092740201078,0.9885781316226904,0.9998814744577457,0.9988940088781862,823.2738312830916,1.5781232389854267,824.851954522077
success,UNSW_2018_IoT_Botnet_Final_10_Best,QVE,FakeSherbrooke,full,3,6,8,5120,1,315,144,0.04147699311023622,0.9966666666666667,0.9825174825174825,0.9966400755284308,0.9805571131969575,0.9998454014666247,0.9823619317924351,811.8138694029767,3.5459285109536722,815.3597979139304
success,UNSW_2018_IoT_Botnet_Final_10_Best,QVE,FakeSherbrooke,full,3,6,9,6144,2,315,144,0.04147699311023622,0.9953333333333333,0.984908606500353,0.9953260056217893,0.9728676747095873,0.999737182493262,0.9848243764316844,827.0161213378888,1.278578412020579,828.2946997499093
success,UNSW_2018_IoT_Botnet_Final_10_Best,QWE,ideal,full,0,6,0,42,0,186,225,,0.9966666666666667,0.9825174825174825,0.9966400755284308,0.9805571131969575,0.9997217226399246,0.9823619317924351,842.2525396909332,6.500274288002402,848.7528139789356
success,UNSW_2018_IoT_Botnet_Final_10_Best,QWE,ideal,full,0,6,1,123,1,186,225,,0.996,0.9884051099968565,0.996,0.976810219993713,0.9991960876264486,0.9883605615127131,810.0233717038063,5.08359112101607,815.1069628248224
success,UNSW_2018_IoT_Botnet_Final_10_Best,QWE,ideal,full,0,6,2,456,2,186,225,,0.9973333333333333,0.986013986013986,0.9973163830309103,0.9844649139608554,0.9999742335777708,0.9859147894356651,842.3002393520437,6.192371861077845,848.4926112131216
success,UNSW_2018_IoT_Botnet_Final_10_Best,QWE,ideal,full,0,6,3,789,0,186,225,,0.998,0.9895104895104896,0.997990503452285,0.9883629768056863,0.9986240730529603,0.9894548898363074,814.723323188955,4.9000490109901875,819.6233721999452
success,UNSW_2018_IoT_Botnet_Final_10_Best,QWE,ideal,full,0,6,4,1024,1,186,225,,0.9953333333333333,0.9880366501589788,0.995340603358116,0.9730368435381365,0.9982684964261971,0.9879955160481791,842.7874610631261,5.970816655084491,848.7582777182106
success,UNSW_2018_IoT_Botnet_Final_10_Best,QWE,ideal,full,0,6,5,2048,2,186,225,,0.9926666666666667,0.970922592514339,0.9926081661625477,0.9569943361344565,0.9977583212660589,0.9705508043659427,843.5370124739129,5.215779894962907,848.7527923688758
success,UNSW_2018_IoT_Botnet_Final_10_Best,QWE,ideal,full,0,6,6,3072,0,186,225,,0.996,0.979020979020979,0.9959615546218488,0.9766394448969591,0.999608350382116,0.9787961779869995,832.6969600651646,5.841367701999843,838.5383277671644
success,UNSW_2018_IoT_Botnet_Final_10_Best,QWE,ideal,full,0,6,7,4096,1,186,225,,0.992,0.958041958041958,0.9918424257354161,0.952918654507307,0.999840248182179,0.9571227278065839,832.1032903119922,6.051819567917846,838.15510987991
success,UNSW_2018_IoT_Botnet_Final_10_Best,QWE,ideal,full,0,6,8,5120,2,186,225,,0.9953333333333333,0.9755244755244755,0.9952807936150397,0.9727117770954385,0.9986859124663103,0.9752173865600178,803.4913766478421,4.696506500127725,808.1878831479698
success,UNSW_2018_IoT_Botnet_Final_10_Best,QWE,ideal,full,0,6,9,6144,0,186,225,,0.9973333333333333,0.986013986013986,0.9973163830309103,0.9844649139608554,0.9996186569510078,0.9859147894356651,628.4166120649315,4.244592934846878,632.6612049997784
success,UNSW_2018_IoT_Botnet_Final_10_Best,QWE,FakeCairoV2,full,0,6,0,42,1,199,225,0.026325925925925926,0.9966666666666667,0.9825174825174825,0.9966400755284308,0.9805571131969575,0.9997165693554788,0.9823619317924351,732.8377659849357,3.3938057658961043,736.2315717508318
success,UNSW_2018_IoT_Botnet_Final_10_Best,QWE,FakeCairoV2,full,0,6,1,123,2,199,225,0.026325925925925926,0.996,0.9884051099968565,0.996,0.976810219993713,0.9991960876264486,0.9883605615127131,730.7523050211603,4.633891495177522,735.3861965163378
success,UNSW_2018_IoT_Botnet_Final_10_Best,QWE,FakeCairoV2,full,0,6,2,456,0,199,225,0.026325925925925926,0.9973333333333333,0.986013986013986,0.9973163830309103,0.9844649139608554,0.9999742335777708,0.9859147894356651,692.0673648199299,4.952609324012883,697.0199741439428
success,UNSW_2018_IoT_Botnet_Final_10_Best,QWE,FakeCairoV2,full,0,6,3,789,1,199,225,0.026325925925925926,0.998,0.9895104895104896,0.997990503452285,0.9883629768056863,0.998634379621852,0.9894548898363074,684.6433582999744,4.952056614100002,689.5954149140744
success,UNSW_2018_IoT_Botnet_Final_10_Best,QWE,FakeCairoV2,full,0,6,4,1024,2,199,225,0.026325925925925926,0.9953333333333333,0.9880366501589788,0.995340603358116,0.9730368435381365,0.9982684964261971,0.9879955160481791,694.7739468248328,3.6586158259306103,698.4325626507634
success,UNSW_2018_IoT_Botnet_Final_10_Best,QWE,FakeCairoV2,full,0,6,5,2048,0,199,225,0.026325925925925926,0.9926666666666667,0.970922592514339,0.9926081661625477,0.9569943361344565,0.9977634745505047,0.9705508043659427,696.7557054110803,3.5953736511291936,700.3510790622095
success,UNSW_2018_IoT_Botnet_Final_10_Best,QWE,FakeCairoV2,full,0,6,6,3072,1,199,225,0.026325925925925926,0.996,0.979020979020979,0.9959615546218488,0.9766394448969591,0.9996186569510077,0.9787961779869995,695.6690994809614,4.422401363146491,700.0915008441079
success,UNSW_2018_IoT_Botnet_Final_10_Best,QWE,FakeCairoV2,full,0,6,7,4096,2,199,225,0.026325925925925926,0.992,0.958041958041958,0.9918424257354161,0.952918654507307,0.9998454014666248,0.9571227278065839,696.7309750859858,3.620837180991657,700.3518122669775
success,UNSW_2018_IoT_Botnet_Final_10_Best,QWE,FakeCairoV2,full,0,6,8,5120,0,199,225,0.026325925925925926,0.9953333333333333,0.9755244755244755,0.9952807936150397,0.9727117770954385,0.998696219035202,0.9752173865600178,1117.129289551871,3.1577111078659073,1120.2870006597368
success,UNSW_2018_IoT_Botnet_Final_10_Best,QWE,FakeCairoV2,full,0,6,9,6144,1,199,225,0.026325925925925926,0.9973333333333333,0.986013986013986,0.9973163830309103,0.9844649139608554,0.9996186569510078,0.9859147894356651,1115.4653012410272,5.124441622872837,1120.5897428639
success,UNSW_2018_IoT_Botnet_Final_10_Best,QWE,FakeSherbrooke,full,0,6,0,42,2,563,225,0.04147699311023622,0.9966666666666667,0.9825174825174825,0.9966400755284308,0.9805571131969575,0.9997990219066122,0.9823619317924351,1219.9080349691212,3.487413583090529,1223.3954485522117
success,UNSW_2018_IoT_Botnet_Final_10_Best,QWE,FakeSherbrooke,full,0,6,1,123,0,563,225,0.04147699311023622,0.9953333333333333,0.9880366501589788,0.995340603358116,0.9730368435381365,0.9992115474797862,0.9879955160481791,2254.001107137068,4.806937595945783,2258.808044733014
success,UNSW_2018_IoT_Botnet_Final_10_Best,QWE,FakeSherbrooke,full,0,6,2,456,1,563,225,0.04147699311023622,0.9973333333333333,0.986013986013986,0.9973163830309103,0.9844649139608554,0.9999742335777708,0.9859147894356651,2259.930757400929,2.7861215019365773,2262.7168789028656
success,UNSW_2018_IoT_Botnet_Final_10_Best,QWE,FakeSherbrooke,full,0,6,3,789,2,563,225,0.04147699311023622,0.998,0.9895104895104896,0.997990503452285,0.9883629768056863,0.9984127883906808,0.9894548898363074,2259.8837190730264,2.8134995369473472,2262.697218609974
success,UNSW_2018_IoT_Botnet_Final_10_Best,QWE,FakeSherbrooke,full,0,6,4,1024,0,563,225,0.04147699311023622,0.9953333333333333,0.9880366501589788,0.995340603358116,0.9730368435381365,0.998211810297293,0.9879955160481791,2258.212777687004,5.442079782835208,2263.654857469839
success,UNSW_2018_IoT_Botnet_Final_10_Best,QWE,FakeSherbrooke,full,0,6,5,2048,1,563,225,0.04147699311023622,0.9926666666666667,0.970922592514339,0.9926081661625477,0.9569943361344565,0.9974851971904294,0.9705508043659427,2256.2722076328937,4.007232639123686,2260.2794402720174
success,UNSW_2018_IoT_Botnet_Final_10_Best,QWE,FakeSherbrooke,full,0,6,6,3072,2,563,225,0.04147699311023622,0.996,0.979020979020979,0.9959615546218488,0.9766394448969591,0.9996135036665619,0.9787961779869995,2260.3854610379785,3.480252788052894,2263.8657138260314
success,UNSW_2018_IoT_Botnet_Final_10_Best,QWE,FakeSherbrooke,full,0,6,7,4096,0,563,225,0.04147699311023622,0.9933333333333333,0.965034965034965,0.9932247972929835,0.9608674205030172,0.999871167888854,0.9644013324700097,2269.9414235447766,4.410437942831777,2274.3518614876084
success,UNSW_2018_IoT_Botnet_Final_10_Best,QWE,FakeSherbrooke,full,0,6,8,5120,1,563,225,0.04147699311023622,0.9953333333333333,0.9755244755244755,0.9952807936150397,0.9727117770954385,0.999056948946411,0.9752173865600178,2271.4589036150137,6.099510750966147,2277.55841436598
success,UNSW_2018_IoT_Botnet_Final_10_Best,QWE,FakeSherbrooke,full,0,6,9,6144,2,563,225,0.04147699311023622,0.9973333333333333,0.986013986013986,0.9973163830309103,0.9844649139608554,0.9996238102354537,0.9859147894356651,2274.984945962904,2.769904382992536,2277.7548503458966
success,UNSW_2018_IoT_Botnet_Final_10_Best,QWE,ideal,full,3,6,0,42,0,181,193,,0.9966666666666667,0.9825174825174825,0.9966400755284308,0.9805571131969575,0.9997217226399246,0.9823619317924351,869.1144273810787,4.855819010059349,873.9702463911381
success,UNSW_2018_IoT_Botnet_Final_10_Best,QWE,ideal,full,3,6,1,123,1,181,193,,0.996,0.9884051099968565,0.996,0.976810219993713,0.9991960876264486,0.9883605615127131,836.6994511220837,4.907490786164999,841.6069419082487
success,UNSW_2018_IoT_Botnet_Final_10_Best,QWE,ideal,full,3,6,2,456,2,181,193,,0.9973333333333333,0.986013986013986,0.9973163830309103,0.9844649139608554,0.9999742335777708,0.9859147894356651,866.9850849241484,6.626161449006759,873.6112463731552
success,UNSW_2018_IoT_Botnet_Final_10_Best,QWE,ideal,full,3,6,3,789,0,181,193,,0.998,0.9895104895104896,0.997990503452285,0.9883629768056863,0.9986240730529603,0.9894548898363074,868.3974936292507,4.499590035062283,872.897083664313
success,UNSW_2018_IoT_Botnet_Final_10_Best,QWE,ideal,full,3,6,4,1024,1,181,193,,0.9953333333333333,0.9880366501589788,0.995340603358116,0.9730368435381365,0.9982684964261971,0.9879955160481791,864.02156654594,5.084438685094938,869.1060052310349
success,UNSW_2018_IoT_Botnet_Final_10_Best,QWE,ideal,full,3,6,5,2048,2,181,193,,0.9926666666666667,0.970922592514339,0.9926081661625477,0.9569943361344565,0.9977583212660589,0.9705508043659427,865.883574488922,5.772094781976193,871.6556692708982
success,UNSW_2018_IoT_Botnet_Final_10_Best,QWE,ideal,full,3,6,6,3072,0,181,193,,0.996,0.979020979020979,0.9959615546218488,0.9766394448969591,0.9996135036665619,0.9787961779869995,854.2390358489938,4.048981108004227,858.288016956998
success,UNSW_2018_IoT_Botnet_Final_10_Best,QWE,ideal,full,3,6,7,4096,1,181,193,,0.992,0.958041958041958,0.9918424257354161,0.952918654507307,0.999840248182179,0.9571227278065839,855.7897342189681,2.718815936939791,858.5085501559079
success,UNSW_2018_IoT_Botnet_Final_10_Best,QWE,ideal,full,3,6,8,5120,2,181,193,,0.9953333333333333,0.9755244755244755,0.9952807936150397,0.9727117770954385,0.9986807591818645,0.9752173865600178,836.2278634459944,4.941046612104401,841.1689100580988
success,UNSW_2018_IoT_Botnet_Final_10_Best,QWE,ideal,full,3,6,9,6144,0,181,193,,0.9973333333333333,0.986013986013986,0.9973163830309103,0.9844649139608554,0.9996186569510078,0.9859147894356651,693.7007076969603,4.98488509003073,698.685592786991
success,UNSW_2018_IoT_Botnet_Final_10_Best,QWE,FakeCairoV2,full,3,6,0,42,1,209,193,0.026325925925925926,0.9966666666666667,0.9825174825174825,0.9966400755284308,0.9805571131969575,0.9997165693554788,0.9823619317924351,825.6121374588693,5.299328560824506,830.9114660196938
success,UNSW_2018_IoT_Botnet_Final_10_Best,QWE,FakeCairoV2,full,3,6,1,123,2,209,193,0.026325925925925926,0.996,0.9884051099968565,0.996,0.976810219993713,0.9991960876264486,0.9883605615127131,826.4072085729567,4.509633264853619,830.9168418378104
success,UNSW_2018_IoT_Botnet_Final_10_Best,QWE,FakeCairoV2,full,3,6,2,456,0,209,193,0.026325925925925926,0.9973333333333333,0.986013986013986,0.9973163830309103,0.9844649139608554,0.9999742335777708,0.9859147894356651,784.3593868369935,5.297854222008027,789.6572410590015
success,UNSW_2018_IoT_Botnet_Final_10_Best,QWE,FakeCairoV2,full,3,6,3,789,1,209,193,0.026325925925925926,0.998,0.9895104895104896,0.997990503452285,0.9883629768056863,0.9986137664840686,0.9894548898363074,783.924034385127,5.56612656195648,789.4901609470835
success,UNSW_2018_IoT_Botnet_Final_10_Best,QWE,FakeCairoV2,full,3,6,4,1024,2,209,193,0.026325925925925926,0.9953333333333333,0.9880366501589788,0.995340603358116,0.9730368435381365,0.9982684964261971,0.9879955160481791,793.4002410791581,2.9310568252112716,796.3312979043694
success,UNSW_2018_IoT_Botnet_Final_10_Best,QWE,FakeCairoV2,full,3,6,5,2048,0,209,193,0.026325925925925926,0.9926666666666667,0.970922592514339,0.9926081661625477,0.9569943361344565,0.9977325548438297,0.9705508043659427,779.4345170389861,5.003584108082578,784.4381011470687
success,UNSW_2018_IoT_Botnet_Final_10_Best,QWE,FakeCairoV2,full,3,6,6,3072,1,209,193,0.026325925925925926,0.996,0.979020979020979,0.9959615546218488,0.9766394448969591,0.999608350382116,0.9787961779869995,791.2270148849348,4.021517607965507,795.2485324929003
success,UNSW_2018_IoT_Botnet_Final_10_Best,QWE,FakeCairoV2,full,3,6,7,4096,2,209,193,0.026325925925925926,0.992,0.958041958041958,0.9918424257354161,0.952918654507307,0.999840248182179,0.9571227278065839,790.7454934599809,4.473478103871457,795.2189715638524
success,UNSW_2018_IoT_Botnet_Final_10_Best,QWE,FakeCairoV2,full,3,6,8,5120,0,209,193,0.026325925925925926,0.9953333333333333,0.9755244755244755,0.9952807936150397,0.9727117770954385,0.998696219035202,0.9752173865600178,1094.6289018061943,4.603077668230981,1099.2319794744253
success,UNSW_2018_IoT_Botnet_Final_10_Best,QWE,FakeCairoV2,full,3,6,9,6144,1,209,193,0.026325925925925926,0.9973333333333333,0.986013986013986,0.9973163830309103,0.9844649139608554,0.9996186569510078,0.9859147894356651,1119.4350754700135,4.598870579851791,1124.0339460498653
success,UNSW_2018_IoT_Botnet_Final_10_Best,QWE,FakeSherbrooke,full,3,6,0,42,2,426,195,0.04147699311023622,0.9966666666666667,0.9825174825174825,0.9966400755284308,0.9805571131969575,0.9997784087688288,0.9823619317924351,1157.7995969559997,2.8871314499992877,1160.686728405999
success,UNSW_2018_IoT_Botnet_Final_10_Best,QWE,FakeSherbrooke,full,3,6,1,123,0,426,195,0.04147699311023622,0.9953333333333333,0.9880366501589788,0.995340603358116,0.9730368435381365,0.9992063941953403,0.9879955160481791,1865.6513061410515,3.2241238539572805,1868.8754299950087
success,UNSW_2018_IoT_Botnet_Final_10_Best,QWE,FakeSherbrooke,full,3,6,2,456,1,426,195,0.04147699311023622,0.9973333333333333,0.986013986013986,0.9973163830309103,0.9844649139608554,0.9999742335777708,0.9859147894356651,1887.4895185339265,3.5968388450564817,1891.086357378983
success,UNSW_2018_IoT_Botnet_Final_10_Best,QWE,FakeSherbrooke,full,3,6,3,789,2,426,195,0.04147699311023622,0.998,0.9895104895104896,0.997990503452285,0.9883629768056863,0.9981963504439555,0.9894548898363074,1888.1144397320459,3.2607697910862043,1891.375209523132
success,UNSW_2018_IoT_Botnet_Final_10_Best,QWE,FakeSherbrooke,full,3,6,4,1024,0,426,195,0.04147699311023622,0.9953333333333333,0.9880366501589788,0.995340603358116,0.9730368435381365,0.9982375767195222,0.9879955160481791,1873.0476017610636,4.552634957013652,1877.6002367180772
success,UNSW_2018_IoT_Botnet_Final_10_Best,QWE,FakeSherbrooke,full,3,6,5,2048,1,426,195,0.04147699311023622,0.9926666666666667,0.970922592514339,0.9926081661625477,0.9569943361344565,0.9975831095949003,0.9705508043659427,1878.772539500147,4.880853401962668,1883.6533929021098
success,UNSW_2018_IoT_Botnet_Final_10_Best,QWE,FakeSherbrooke,full,3,6,6,3072,2,426,195,0.04147699311023622,0.996,0.979020979020979,0.9959615546218488,0.9766394448969591,0.9995722773909951,0.9787961779869995,1885.9030328269582,4.233345398097299,1890.1363782250555
success,UNSW_2018_IoT_Botnet_Final_10_Best,QWE,FakeSherbrooke,full,3,6,7,4096,0,426,195,0.04147699311023622,0.9933333333333333,0.965034965034965,0.9932247972929835,0.9608674205030172,0.9998814744577457,0.9644013324700097,1887.5239497929579,5.134232264012098,1892.65818205697
success,UNSW_2018_IoT_Botnet_Final_10_Best,QWE,FakeSherbrooke,full,3,6,8,5120,1,426,195,0.04147699311023622,0.9953333333333333,0.9755244755244755,0.9952807936150397,0.9727117770954385,0.999087868653086,0.9752173865600178,1899.1817939201137,3.2570412340573967,1902.438835154171
success,UNSW_2018_IoT_Botnet_Final_10_Best,QWE,FakeSherbrooke,full,3,6,9,6144,2,426,195,0.04147699311023622,0.9973333333333333,0.986013986013986,0.9973163830309103,0.9844649139608554,0.9995825839598869,0.9859147894356651,1897.3637039010646,4.907274822937325,1902.270978724002
success,UNSW_NB15,QSVC,ideal,full,0,6,0,42,0,124,150,,0.84,0.8450954864454698,0.8422234156820623,0.6711940496068474,0.9550079347348798,0.8448957383217317,278.131880128989,1.3771218500332907,279.5090019790223
success,UNSW_NB15,QSVC,ideal,full,0,6,1,123,1,124,150,,0.866,0.8626462726005131,0.8669346881284481,0.7152366980897982,0.9518455962221417,0.8625615088886469,286.6254363490734,0.3389695279765874,286.96440587705
success,UNSW_NB15,QSVC,ideal,full,0,6,2,456,2,124,150,,0.8606666666666667,0.8575967726702376,0.8617317925925926,0.7043319056602995,0.948932093851613,0.8575260137011652,286.14837027702015,0.1018384980270639,286.2502087750472
success,UNSW_NB15,QSVC,ideal,full,0,6,3,789,0,124,150,,0.842,0.8417897185723731,0.8437057143838474,0.6689472224372437,0.9497792100906096,0.8417893803531693,284.1859435410006,0.34338173002470285,284.5293252710253
success,UNSW_NB15,QSVC,ideal,full,0,6,4,1024,1,124,150,,0.884,0.8468406130076193,0.8795020452023691,0.7502971654541537,0.952913251056727,0.8362760186837717,284.11338062002324,0.09076152998022735,284.20414215000346
success,UNSW_NB15,QSVC,ideal,full,0,6,5,2048,2,124,150,,0.84,0.855533432661487,0.8429026117694226,0.6854792101608954,0.9498476347242488,0.8537155765865913,276.7978033979889,1.2892623959342018,278.0870657939231
success,UNSW_NB15,QSVC,ideal,full,0,6,6,3072,0,124,150,,0.852,0.8580699627423052,0.8540706098359677,0.6962968318254461,0.951966870912592,0.8577934473623375,288.45183813094627,0.10709030600264668,288.5589284369489
success,UNSW_NB15,QSVC,ideal,full,0,6,7,4096,1,124,150,,0.8506666666666667,0.8513874780992986,0.8522984424660661,0.6875497649158131,0.9499623182651369,0.8513835487825882,288.56702183699235,0.35694533004425466,288.9239671670366
success,UNSW_NB15,QSVC,ideal,full,0,6,8,5120,2,124,150,,0.8533333333333334,0.8558900117381977,0.8550848038590196,0.6949355645169694,0.9405409208220978,0.8558408364760869,279.1133223460056,1.284361039986834,280.3976833859924
success,UNSW_NB15,QSVC,ideal,full,0,6,9,6144,0,124,150,,0.8913333333333333,0.8540374704373348,0.8869336170810926,0.7685826740333161,0.9590484866226532,0.8433831019075102,258.5704232150456,1.3052434660494328,259.875666681095
success,UNSW_NB15,QSVC,FakeCairoV2,full,0,6,0,42,1,135,150,0.026325925925925926,0.84,0.8450954864454698,0.8422234156820623,0.6711940496068474,0.9549963792957346,0.8448957383217317,267.6592170340009,0.3348506329348311,267.99406766693573
success,UNSW_NB15,QSVC,FakeCairoV2,full,0,6,1,123,2,135,150,0.026325925925925926,0.866,0.8626462726005131,0.8669346881284481,0.7152366980897982,0.9517955226525125,0.8625615088886469,267.4860419119941,0.10541062895208597,267.5914525409462
success,UNSW_NB15,QSVC,FakeCairoV2,full,0,6,2,456,0,135,150,0.026325925925925926,0.87,0.8648960427432303,0.8706987871894653,0.7219850140760168,0.9455686858037197,0.8647020887146967,245.96570660802536,1.3370929619995877,247.30279957002494
success,UNSW_NB15,QSVC,FakeCairoV2,full,0,6,3,789,1,135,150,0.026325925925925926,0.85,0.8476433977938356,0.8513272516429027,0.6830746057870507,0.9458886432455249,0.8476012116195712,253.12567228195257,0.3526500059524551,253.47832228790503
success,UNSW_NB15,QSVC,FakeCairoV2,full,0,6,4,1024,2,135,150,0.026325925925925926,0.882,0.8472906736260624,0.8779883524351422,0.7439252184215775,0.9515524682018199,0.8380856387329324,253.20920527307317,0.09877101902384311,253.307976292097
success,UNSW_NB15,QSVC,FakeCairoV2,full,0,6,5,2048,0,135,150,0.026325925925925926,0.84,0.855533432661487,0.8429026117694226,0.6854792101608954,0.949662599095253,0.8537155765865913,252.25820200401358,0.0603250649292022,252.31852706894279
success,UNSW_NB15,QSVC,FakeCairoV2,full,0,6,6,3072,1,135,150,0.026325925925925926,0.852,0.8580699627423052,0.8540706098359677,0.6962968318254461,0.9519755444577012,0.8577934473623375,245.8975600010017,1.3271437529474497,247.22470375394914
success,UNSW_NB15,QSVC,FakeCairoV2,full,0,6,7,4096,2,135,150,0.026325925925925926,0.8506666666666667,0.8513874780992986,0.8522984424660661,0.6875497649158131,0.9497011481846269,0.8513835487825882,248.71449506399222,0.8139780489727855,249.528473112965
success,UNSW_NB15,QSVC,FakeCairoV2,full,0,6,8,5120,0,135,150,0.026325925925925926,0.8446666666666667,0.8483064421310708,0.8466870118074479,0.6786644351442488,0.9458221460663545,0.8482058828588241,430.2687727789162,0.8276823920896277,431.0964551710058
success,UNSW_NB15,QSVC,FakeCairoV2,full,0,6,9,6144,1,135,150,0.026325925925925926,0.8913333333333333,0.8544380589943686,0.8870165475868639,0.768239982890164,0.9594750749177638,0.8440176897497998,415.9013787609292,0.8346370139624923,416.7360157748917
success,UNSW_NB15,QSVC,FakeSherbrooke,full,0,6,0,42,2,381,150,0.04147699311023622,0.8466666666666667,0.8507152816830883,0.848665081454009,0.6833201071496271,0.9505090170943464,0.850590017599574,449.5296067419695,0.05970231501851231,449.589309056988
success,UNSW_NB15,QSVC,FakeSherbrooke,full,0,6,1,123,0,381,150,0.04147699311023622,0.8673333333333333,0.8644912910506976,0.868300325925926,0.7184236230125751,0.9518532998482386,0.8644305501026789,822.2582885330776,0.8200650009093806,823.078353533987
success,UNSW_NB15,QSVC,FakeSherbrooke,full,0,6,2,456,1,381,150,0.04147699311023622,0.8626666666666667,0.8591609019715931,0.8636521273627081,0.7080781017437074,0.9482700132416122,0.8590687903853883,838.8989673419856,0.05827297002542764,838.957240312011
success,UNSW_NB15,QSVC,FakeSherbrooke,full,0,6,3,789,2,381,150,0.04147699311023622,0.8486666666666667,0.8466006449262652,0.8500496872207327,0.6806282595459093,0.9461093367821919,0.8465681811179648,833.2905207800213,0.8906779229873791,834.1811987030087
success,UNSW_NB15,QSVC,FakeSherbrooke,full,0,6,4,1024,0,381,150,0.04147699311023622,0.8813333333333333,0.8459636212243576,0.8771707838979004,0.7427274048039192,0.950953029862052,0.8363877943328948,818.9843277239706,0.8278681579977274,819.8121958819684
success,UNSW_NB15,QSVC,FakeSherbrooke,full,0,6,5,2048,1,381,150,0.04147699311023622,0.8433333333333334,0.8549176109587351,0.8459614959334558,0.6862435932372957,0.9491248392984838,0.8539063329849401,835.8168235910125,0.06260172696784139,835.8794253179803
success,UNSW_NB15,QSVC,FakeSherbrooke,full,0,6,6,3072,2,381,150,0.04147699311023622,0.8526666666666667,0.8585913391760903,0.8547124215669943,0.6974600333051882,0.9548705810696987,0.8583280647077013,829.932604636997,0.836764945066534,830.7693695820635
success,UNSW_NB15,QSVC,FakeSherbrooke,full,0,6,7,4096,0,381,150,0.04147699311023622,0.85,0.8516717776334328,0.8517353332165659,0.6872159876835825,0.949736806092298,0.8516506480900772,819.8254999419441,0.7995844349497929,820.6250843768939
success,UNSW_NB15,QSVC,FakeSherbrooke,full,0,6,8,5120,1,381,150,0.04147699311023622,0.8433333333333334,0.8472636892635004,0.8454063674115088,0.6763234154321751,0.944921061102234,0.847146287338546,837.0203224980505,0.05735112098045647,837.077673619031
success,UNSW_NB15,QSVC,FakeSherbrooke,full,0,6,9,6144,2,381,150,0.04147699311023622,0.892,0.8549599796624271,0.8876685682252852,0.7699767077356282,0.9583224198630296,0.8444636700661267,831.3476783609949,0.8214280479587615,832.1691064089537
success,UNSW_NB15,QSVC,ideal,full,3,6,0,42,0,124,142,,0.84,0.8450954864454698,0.8422234156820623,0.6711940496068474,0.9549915645294239,0.8448957383217317,277.077009730041,1.3584565890487283,278.43546631908976
success,UNSW_NB15,QSVC,ideal,full,3,6,1,123,1,124,142,,0.866,0.8626462726005131,0.8669346881284481,0.7152366980897982,0.9516029320000924,0.8625615088886469,283.6958797159605,0.33341364201623946,284.0292933579767
success,UNSW_NB15,QSVC,ideal,full,3,6,2,456,2,124,142,,0.8606666666666667,0.8575967726702376,0.8617317925925926,0.7043319056602995,0.949112310844437,0.8575260137011652,283.4378449419746,0.10119461093563586,283.53903955291025
success,UNSW_NB15,QSVC,ideal,full,3,6,3,789,0,124,142,,0.842,0.8417897185723731,0.8437057143838474,0.6689472224372437,0.9497955934535937,0.8417893803531693,277.35397260298487,1.4124475710559636,278.76642017404083
success,UNSW_NB15,QSVC,ideal,full,3,6,4,1024,1,124,142,,0.884,0.8468406130076193,0.8795020452023691,0.7502971654541537,0.9528602460588375,0.8362760186837717,280.2645046309335,0.09986584191210568,280.3643704728456
success,UNSW_NB15,QSVC,ideal,full,3,6,5,2048,2,124,142,,0.838,0.8507465994884535,0.8408098481706526,0.677378793342906,0.9532630840427972,0.8495160399740578,280.0375185959274,0.09831724199466407,280.13583583792206
success,UNSW_NB15,QSVC,ideal,full,3,6,6,3072,0,124,142,,0.852,0.8580699627423052,0.8540706098359677,0.6962968318254461,0.9520256582738874,0.8577934473623375,278.33816798299085,1.7513660589465871,280.08953404193744
success,UNSW_NB15,QSVC,ideal,full,3,6,7,4096,1,124,142,,0.8506666666666667,0.8513874780992986,0.8522984424660661,0.6875497649158131,0.9498148679982806,0.8513835487825882,279.7216532280436,0.38683809502981603,280.1084913230734
success,UNSW_NB15,QSVC,ideal,full,3,6,8,5120,2,124,142,,0.8446666666666667,0.8483064421310708,0.8466870118074479,0.6786644351442488,0.9459474306068206,0.8482058828588241,279.67213285004254,0.3981746950885281,280.0703075451311
success,UNSW_NB15,QSVC,ideal,full,3,6,9,6144,0,124,142,,0.8913333333333333,0.8540374704373348,0.8869336170810926,0.7685826740333161,0.9590427089030807,0.8433831019075102,244.1206944200676,1.1652401559986174,245.2859345760662
success,UNSW_NB15,QSVC,FakeCairoV2,full,3,6,0,42,1,134,142,0.026325925925925926,0.84,0.8450954864454698,0.8422234156820623,0.6711940496068474,0.9551263779861181,0.8448957383217317,267.33980451198295,0.05390222102869302,267.39370673301164
success,UNSW_NB15,QSVC,FakeCairoV2,full,3,6,1,123,2,134,142,0.026325925925925926,0.8633333333333333,0.8641638869415834,0.8647267191625765,0.7135992612577958,0.9476644531581014,0.8641586976701183,264.75998031999916,0.8196385829942301,265.5796189029934
success,UNSW_NB15,QSVC,FakeCairoV2,full,3,6,2,456,0,134,142,0.026325925925925926,0.8606666666666667,0.8575967726702376,0.8617317925925926,0.7043319056602995,0.9488463221277554,0.8575260137011652,257.01780369202606,0.05856809392571449,257.0763717859518
success,UNSW_NB15,QSVC,FakeCairoV2,full,3,6,3,789,1,134,142,0.026325925925925926,0.842,0.8417897185723731,0.8437057143838474,0.6689472224372437,0.949766681636563,0.8417893803531693,254.17657918704208,0.8303979450138286,255.0069771320559
success,UNSW_NB15,QSVC,FakeCairoV2,full,3,6,4,1024,2,134,142,0.026325925925925926,0.882,0.8472906736260624,0.8779883524351422,0.7439252184215775,0.95141080029837,0.8380856387329324,251.66078889498021,1.7631846859585494,253.42397358093876
success,UNSW_NB15,QSVC,FakeCairoV2,full,3,6,5,2048,0,134,142,0.026325925925925926,0.84,0.855533432661487,0.8429026117694226,0.6854792101608954,0.9501251881677424,0.8537155765865913,256.6550352459308,0.10073122999165207,256.7557664759224
success,UNSW_NB15,QSVC,FakeCairoV2,full,3,6,6,3072,1,134,142,0.026325925925925926,0.852,0.8580699627423052,0.8540706098359677,0.6962968318254461,0.9519668709125918,0.8577934473623375,242.59399141999893,1.2585691789863631,243.8525605989853
success,UNSW_NB15,QSVC,FakeCairoV2,full,3,6,7,4096,2,134,142,0.026325925925925926,0.8613333333333333,0.8601323390238214,0.8625805210099601,0.7074065281969861,0.9487644053128355,0.8601215416209095,257.0347533649765,0.3654078410472721,257.40016120602377
success,UNSW_NB15,QSVC,FakeCairoV2,full,3,6,8,5120,0,134,142,0.026325925925925926,0.8453333333333334,0.8488278185648559,0.8473273289460878,0.6798376677400956,0.9458028715216675,0.8487351845533062,391.37646983005106,0.8258243179880083,392.2022941480391
success,UNSW_NB15,QSVC,FakeCairoV2,full,3,6,9,6144,1,134,142,0.026325925925925926,0.8913333333333333,0.8540374704373348,0.8869336170810926,0.7685826740333161,0.9588077483071281,0.8433831019075102,378.8292756129522,1.0755763440392911,379.9048519569915
success,UNSW_NB15,QSVC,FakeSherbrooke,full,3,6,0,42,2,311,144,0.04147699311023622,0.8406666666666667,0.8456174071135283,0.8428641756533567,0.6723518395519781,0.9550310456131701,0.8454289638328877,409.62217212305404,0.056830484070815146,409.67900260712486
success,UNSW_NB15,QSVC,FakeSherbrooke,full,3,6,1,123,0,311,144,0.04147699311023622,0.8633333333333333,0.8641638869415834,0.8647267191625765,0.7135992612577958,0.9465763159719279,0.8641586976701183,709.3319533700123,0.8414009819971398,710.1733543520095
success,UNSW_NB15,QSVC,FakeSherbrooke,full,3,6,2,456,1,311,144,0.04147699311023622,0.8606666666666667,0.8575967726702376,0.8617317925925926,0.7043319056602995,0.949404320196446,0.8575260137011652,718.7099462450715,0.8345057059777901,719.5444519510493
success,UNSW_NB15,QSVC,FakeSherbrooke,full,3,6,3,789,2,311,144,0.04147699311023622,0.8406666666666667,0.8407469657048026,0.8424284890109504,0.6665545727981936,0.9496067029156604,0.8407469163243179,723.0227300450206,0.05759165098425001,723.0803216960048
success,UNSW_NB15,QSVC,FakeSherbrooke,full,3,6,4,1024,0,311,144,0.04147699311023622,0.8833333333333333,0.8463192365738341,0.8788534494124635,0.7485880145598769,0.9531329808661595,0.8358310726460576,708.6334899539361,0.8188372689764947,709.4523272229126
success,UNSW_NB15,QSVC,FakeSherbrooke,full,3,6,5,2048,1,311,144,0.04147699311023622,0.844,0.8566475013443995,0.8466735860381365,0.6890703241103323,0.9498659455417015,0.8554443718951592,718.0479326960631,0.8230438939062878,718.8709765899694
success,UNSW_NB15,QSVC,FakeSherbrooke,full,3,6,6,3072,2,311,144,0.04147699311023622,0.8506666666666667,0.8570272098747347,0.8527869674185464,0.6939758082878048,0.9520083111836691,0.8567232118272239,721.7979746059282,0.05673333699814975,721.8547079429263
success,UNSW_NB15,QSVC,FakeSherbrooke,full,3,6,7,4096,0,311,144,0.04147699311023622,0.85,0.8516717776334328,0.8517353332165659,0.6872159876835825,0.9505299536061709,0.8516506480900772,710.002309405012,0.8387423750245944,710.8410517800367
success,UNSW_NB15,QSVC,FakeSherbrooke,full,3,6,8,5120,1,311,144,0.04147699311023622,0.8433333333333334,0.8472636892635004,0.8454063674115088,0.6763234154321751,0.9455417014411577,0.847146287338546,719.0938035800355,0.8221252410439774,719.9159288210794
success,UNSW_NB15,QSVC,FakeSherbrooke,full,3,6,9,6144,2,311,144,0.04147699311023622,0.8913333333333333,0.8540374704373348,0.8869336170810926,0.7685826740333161,0.9583619009467758,0.8433831019075102,723.1894573509926,0.05648554896470159,723.2459428999573
success,UNSW_NB15,QVE,ideal,full,0,6,0,42,0,126,150,,0.89,0.8545959833293532,0.8859594492695528,0.7638557540933594,0.9452493663767536,0.845007424507972,391.17378646088764,5.647242667968385,396.821029128856
success,UNSW_NB15,QVE,ideal,full,0,6,1,123,1,126,150,,0.8846666666666667,0.8516223836559869,0.8810081582194378,0.7497046594547323,0.9521556671725382,0.8432460778445575,395.3885841820156,3.0166908249957487,398.40527500701137
success,UNSW_NB15,QVE,ideal,full,0,6,2,456,2,126,150,,0.8833333333333333,0.8447078846379952,0.878497157257429,0.7498196471162395,0.9418005123173977,0.8332581913455039,397.2620690109907,1.665991305024363,398.92806031601503
success,UNSW_NB15,QVE,ideal,full,0,6,3,789,0,126,150,,0.8833333333333333,0.8459163985898743,0.8787654320987656,0.7488815358919463,0.9424943959261322,0.8351920570892636,380.82728361396585,5.440351634053513,386.26763524801936
success,UNSW_NB15,QVE,ideal,full,0,6,4,1024,1,126,150,,0.888,0.8499688716103304,0.883400619706672,0.7606541546675857,0.9444151043041986,0.8389407392510541,398.5822680359706,1.7931129219941795,400.3753809579648
success,UNSW_NB15,QVE,ideal,full,0,6,5,2048,2,126,150,,0.8873333333333333,0.8707979083264106,0.886459733048512,0.7531938353623014,0.9467646713015522,0.8687738718976091,398.94303211499937,1.4647819639649242,400.4078140789643
success,UNSW_NB15,QVE,ideal,full,0,6,6,3072,0,126,150,,0.89,0.8535471908314847,0.8857761094460369,0.7642116339134922,0.9479683666172596,0.8434637835838357,389.48823988309596,5.315668069990352,394.8039079530863
success,UNSW_NB15,QVE,ideal,full,0,6,7,4096,1,126,150,,0.8946666666666667,0.8608223677236184,0.8910478585746642,0.7734800703161994,0.945681441890139,0.8522117364884898,398.24271230294835,2.150778496055864,400.3934907990042
success,UNSW_NB15,QVE,ideal,full,0,6,8,5120,2,126,150,,0.8853333333333333,0.848689041843109,0.8809732441746654,0.7531282620778117,0.9385325132657055,0.8384397377431182,397.2114236828638,2.6075031670043245,399.81892684986815
success,UNSW_NB15,QVE,ideal,full,0,6,9,6144,0,126,150,,0.8933333333333333,0.854000878213375,0.8885552447126733,0.7753948996470835,0.9458252124274897,0.8421422220135097,173.24378637899645,2.543559957994148,175.7873463369906
success,UNSW_NB15,QVE,FakeCairoV2,full,0,6,0,42,1,139,150,0.026325925925925926,0.8893333333333333,0.8540740626612947,0.8853089548354307,0.7621552611266621,0.945264773628947,0.8445583107773321,331.9642599419458,1.839904937078245,333.80416487902403
success,UNSW_NB15,QVE,FakeCairoV2,full,0,6,1,123,2,139,150,0.026325925925925926,0.884,0.849898697316827,0.8801165220478272,0.7487178654543052,0.9487545162507993,0.8409567663909836,329.4448599680327,2.5078489070292562,331.95270887506194
success,UNSW_NB15,QVE,FakeCairoV2,full,0,6,2,456,0,139,150,0.026325925925925926,0.8833333333333333,0.8447078846379952,0.878497157257429,0.7498196471162395,0.9418101495897413,0.8332581913455039,325.6673347140895,1.213533617905341,326.88086833199486
success,UNSW_NB15,QVE,FakeCairoV2,full,0,6,3,789,1,139,150,0.026325925925925926,0.8833333333333333,0.8459163985898743,0.8787654320987656,0.7488815358919463,0.9424597017456955,0.8351920570892636,317.5540861421032,2.6426100680837408,320.19669621018693
success,UNSW_NB15,QVE,FakeCairoV2,full,0,6,4,1024,2,139,150,0.026325925925925926,0.8786666666666667,0.8374327077458612,0.8731081469400436,0.7406653776981278,0.9384843269039878,0.824256506436025,325.108804606949,1.4849887678865343,326.5937933748355
success,UNSW_NB15,QVE,FakeCairoV2,full,0,6,5,2048,0,139,150,0.026325925925925926,0.8873333333333333,0.8707979083264106,0.886459733048512,0.7531938353623014,0.9467521428475056,0.8687738718976091,319.43067515909206,1.5834127019625157,321.0140878610546
success,UNSW_NB15,QVE,FakeCairoV2,full,0,6,6,3072,1,139,150,0.026325925925925926,0.8986666666666666,0.8699931960857255,0.8960178650125785,0.7799457479952959,0.9500037585362139,0.8638869908795562,294.60882838710677,2.876322668045759,297.4851510551525
success,UNSW_NB15,QVE,FakeCairoV2,full,0,6,7,4096,2,139,150,0.026325925925925926,0.8946666666666667,0.8608223677236184,0.8910478585746642,0.7734800703161994,0.9456583124365144,0.8522117364884898,302.5778197790496,2.3744252749020234,304.95224505395163
success,UNSW_NB15,QVE,FakeCairoV2,full,0,6,8,5120,0,139,150,0.026325925925925926,0.896,0.8626707965591083,0.8925014705882354,0.776301918617425,0.9447533725634567,0.8543396093052052,442.50856469594873,2.559992706985213,445.06855740293395
success,UNSW_NB15,QVE,FakeCairoV2,full,0,6,9,6144,1,139,150,0.026325925925925926,0.8933333333333333,0.854000878213375,0.8885552447126733,0.7753948996470835,0.9457751388578604,0.8421422220135097,458.32367614505347,2.5472344199661165,460.8709105650196
success,UNSW_NB15,QVE,FakeSherbrooke,full,0,6,0,42,2,385,150,0.04147699311023622,0.8893333333333333,0.8540740626612947,0.8853089548354307,0.7621552611266621,0.944764037932655,0.8445583107773321,525.2252327998867,1.4888050719164312,526.7140378718032
success,UNSW_NB15,QVE,FakeSherbrooke,full,0,6,1,123,0,385,150,0.04147699311023622,0.8833333333333333,0.8489761880917348,0.8793860340767452,0.7472885525423609,0.9487391089986056,0.8398888843521052,940.1636738271918,0.8892292709788308,941.0529030981706
success,UNSW_NB15,QVE,FakeSherbrooke,full,0,6,2,456,1,385,150,0.04147699311023622,0.884,0.84563209905574,0.8792363561247676,0.7512282190227422,0.9414381508772809,0.8343481305836137,829.7993476000847,3.465691103017889,833.2650387031026
success,UNSW_NB15,QVE,FakeSherbrooke,full,0,6,3,789,2,385,150,0.04147699311023622,0.8826666666666667,0.8449921841721294,0.8780281386708876,0.747465842460057,0.9423681476584319,0.8341066868359294,887.8621985029895,2.3608497850364074,890.2230482880259
success,UNSW_NB15,QVE,FakeSherbrooke,full,0,6,4,1024,0,385,150,0.04147699311023622,0.888,0.8499688716103304,0.883400619706672,0.7606541546675857,0.9445615908438203,0.8389407392510541,945.2160963970236,0.8709644330665469,946.0870608300902
success,UNSW_NB15,QVE,FakeSherbrooke,full,0,6,5,2048,1,385,150,0.04147699311023622,0.8946666666666667,0.8749216971622087,0.8933423203710573,0.7689698333778638,0.9475385442707379,0.8720478905174471,787.4218274899758,3.2768094789935276,790.6986369689694
success,UNSW_NB15,QVE,FakeSherbrooke,full,0,6,6,3072,2,385,150,0.04147699311023622,0.8906666666666667,0.8540685672652698,0.8864272150183248,0.7659329168285994,0.9475520364520189,0.8439104152188335,927.7737773410045,1.6552462790859863,929.4290236200904
success,UNSW_NB15,QVE,FakeSherbrooke,full,0,6,7,4096,0,385,150,0.04147699311023622,0.8966666666666666,0.8635950109768532,0.8932273357696953,0.7777129387410917,0.9457296282518566,0.8554015607521959,936.5457284658914,1.2831410188227892,937.8288694847142
success,UNSW_NB15,QVE,FakeSherbrooke,full,0,6,8,5120,1,385,150,0.04147699311023622,0.8966666666666666,0.8635950109768532,0.8932273357696953,0.7777129387410917,0.944721569564723,0.8554015607521959,828.6048630860168,2.2214281619526446,830.8262912479695
success,UNSW_NB15,QVE,FakeSherbrooke,full,0,6,9,6144,2,385,150,0.04147699311023622,0.8933333333333333,0.854000878213375,0.8885552447126733,0.7753948996470835,0.9448699627914859,0.8421422220135097,861.901338364929,3.572071172995493,865.4734095379245
success,UNSW_NB15,QVE,ideal,full,3,6,0,42,0,126,142,,0.89,0.8545959833293532,0.8859594492695528,0.7638557540933594,0.945224329591939,0.845007424507972,375.6557464998914,5.271580746979453,380.92732724687085
success,UNSW_NB15,QVE,ideal,full,3,6,1,123,1,126,142,,0.8846666666666667,0.8516223836559869,0.8810081582194378,0.7497046594547323,0.9521537412660139,0.8432460778445575,391.6555219219299,1.585540839121677,393.2410627610516
success,UNSW_NB15,QVE,ideal,full,3,6,2,456,2,126,142,,0.8833333333333333,0.8447078846379952,0.878497157257429,0.7498196471162395,0.9417947299539916,0.8332581913455039,392.0155738880858,1.0870407950133085,393.1026146830991
success,UNSW_NB15,QVE,ideal,full,3,6,3,789,0,126,142,,0.8833333333333333,0.8459163985898743,0.8787654320987656,0.7488815358919463,0.9424731939269764,0.8351920570892636,376.0531351240352,5.101318116066977,381.15445324010216
success,UNSW_NB15,QVE,ideal,full,3,6,4,1024,1,126,142,,0.888,0.8499688716103304,0.883400619706672,0.7606541546675857,0.9444594357569788,0.8389407392510541,393.29485703096725,2.1802420150488615,395.4750990460161
success,UNSW_NB15,QVE,ideal,full,3,6,5,2048,2,126,142,,0.8873333333333333,0.8707979083264106,0.886459733048512,0.7531938353623014,0.9467849095734736,0.8687738718976091,394.45128100994043,1.0488099749200046,395.50009098486044
success,UNSW_NB15,QVE,ideal,full,3,6,6,3072,0,126,142,,0.8986666666666666,0.8699931960857255,0.8960178650125785,0.7799457479952959,0.9500018310817453,0.8638869908795562,398.0728409719886,1.7291225059889257,399.80196347797755
success,UNSW_NB15,QVE,ideal,full,3,6,7,4096,1,126,142,,0.8946666666666667,0.8608223677236184,0.8910478585746642,0.7734800703161994,0.945665058527155,0.8522117364884898,383.59759319911245,5.543579917983152,389.1411731170956
success,UNSW_NB15,QVE,ideal,full,3,6,8,5120,2,126,142,,0.896,0.8626707965591083,0.8925014705882354,0.776301918617425,0.9447138597468482,0.8543396093052052,398.4513240859378,1.9544392470270395,400.40576333296485
success,UNSW_NB15,QVE,ideal,full,3,6,9,6144,0,126,142,,0.8826666666666667,0.8400419077259667,0.876834336677815,0.7524930776512708,0.9358259057538383,0.8258621193072232,160.1403332450427,1.7322896228870377,161.87262286792975
success,UNSW_NB15,QVE,FakeCairoV2,full,3,6,0,42,1,138,142,0.026325925925925926,0.8913333333333333,0.8556398246654701,0.8872614262862704,0.7672709431947403,0.9452368479843463,0.8459049366298002,327.4200037099654,0.568297480000183,327.98830118996557
success,UNSW_NB15,QVE,FakeCairoV2,full,3,6,1,123,2,138,142,0.026325925925925926,0.8846666666666667,0.8516223836559869,0.8810081582194378,0.7497046594547323,0.9521556671725381,0.8432460778445575,327.392056432087,0.17307204601820558,327.5651284781052
success,UNSW_NB15,QVE,FakeCairoV2,full,3,6,2,456,0,138,142,0.026325925925925926,0.8833333333333333,0.8447078846379952,0.878497157257429,0.7498196471162395,0.9417985848629291,0.8332581913455039,310.95807026699185,2.4382257820107043,313.39629604900256
success,UNSW_NB15,QVE,FakeCairoV2,full,3,6,3,789,1,138,142,0.026325925925925926,0.8833333333333333,0.8459163985898743,0.8787654320987656,0.7488815358919463,0.9424539193822893,0.8351920570892636,283.2892826561583,3.5599107940215617,286.8491934501799
success,UNSW_NB15,QVE,FakeCairoV2,full,3,6,4,1024,2,138,142,0.026325925925925926,0.8786666666666667,0.8374327077458612,0.8731081469400436,0.7406653776981278,0.938416865997583,0.824256506436025,291.9705017079832,2.857709701056592,294.8282114090398
success,UNSW_NB15,QVE,FakeCairoV2,full,3,6,5,2048,0,138,142,0.026325925925925926,0.8873333333333333,0.8591156067915786,0.8846412349201066,0.7535730083739647,0.9416906474126815,0.8531272366583895,320.8129566179123,1.4806413439800963,322.2935979618924
success,UNSW_NB15,QVE,FakeCairoV2,full,3,6,6,3072,1,138,142,0.026325925925925926,0.9,0.8718416249212153,0.8974508807588075,0.7828103863427274,0.9500403801711192,0.8659661442859884,321.45307409297675,0.7971946480683982,322.25026874104515
success,UNSW_NB15,QVE,FakeCairoV2,full,3,6,7,4096,2,138,142,0.026325925925925926,0.8946666666666667,0.8608223677236184,0.8910478585746642,0.7734800703161994,0.9456775869812015,0.8522117364884898,321.7159399599768,0.8017403581179678,322.5176803180948
success,UNSW_NB15,QVE,FakeCairoV2,full,3,6,8,5120,0,138,142,0.026325925925925926,0.896,0.8626707965591083,0.8925014705882354,0.776301918617425,0.9447755382898467,0.8543396093052052,490.60749818000477,0.9881696429802105,491.595667822985
success,UNSW_NB15,QVE,FakeCairoV2,full,3,6,9,6144,1,138,142,0.026325925925925926,0.8913333333333333,0.8512333505380982,0.8863345036631931,0.7712675783869998,0.945790546110054,0.838863265154452,465.7077212840086,2.6096899950644,468.317411279073
success,UNSW_NB15,QVE,FakeSherbrooke,full,3,6,0,42,2,315,144,0.04147699311023622,0.89,0.8545959833293532,0.8859594492695528,0.7638557540933594,0.9448911477632521,0.845007424507972,490.43198233202565,0.9815642851172015,491.41354661714286
success,UNSW_NB15,QVE,FakeSherbrooke,full,3,6,1,123,0,315,144,0.04147699311023622,0.8833333333333333,0.8489761880917348,0.8793860340767452,0.7472885525423609,0.948521481561371,0.8398888843521052,741.3299535110127,3.443864144035615,744.7738176550483
success,UNSW_NB15,QVE,FakeSherbrooke,full,3,6,2,456,1,315,144,0.04147699311023622,0.884,0.84563209905574,0.8792363561247676,0.7512282190227422,0.9414362234228123,0.8343481305836137,802.0373440119438,3.0765911540947855,805.1139351660386
success,UNSW_NB15,QVE,FakeSherbrooke,full,3,6,3,789,2,315,144,0.04147699311023622,0.8833333333333333,0.8455135606059145,0.8786767133169842,0.7491845839971125,0.94236332902226,0.8345502426699034,826.6595402990934,1.2202036079252139,827.8797439070186
success,UNSW_NB15,QVE,FakeSherbrooke,full,3,6,4,1024,0,315,144,0.04147699311023622,0.8786666666666667,0.8374327077458612,0.8731081469400436,0.7406653776981278,0.9381489498264328,0.824256506436025,830.3756439270219,1.6041469280607998,831.9797908550827
success,UNSW_NB15,QVE,FakeSherbrooke,full,3,6,5,2048,1,315,144,0.04147699311023622,0.894,0.8744003207284236,0.892695330099859,0.7674922109604536,0.9473747106408978,0.8715670259148415,696.5702462129993,3.3929468849673867,699.9631930979667
success,UNSW_NB15,QVE,FakeSherbrooke,full,3,6,6,3072,2,315,144,0.04147699311023622,0.8993333333333333,0.8709174105034704,0.8967346580851505,0.7813780056055086,0.9497262050927202,0.8649271923290641,825.3509321009042,2.378241240978241,827.7291733418824
success,UNSW_NB15,QVE,FakeSherbrooke,full,3,6,7,4096,0,315,144,0.04147699311023622,0.8946666666666667,0.8608223677236184,0.8910478585746642,0.7734800703161994,0.9457585400688873,0.8522117364884898,831.6252962090075,1.4570353568997234,833.0823315659072
success,UNSW_NB15,QVE,FakeSherbrooke,full,3,6,8,5120,1,315,144,0.04147699311023622,0.896,0.8630736345430681,0.8925753388324537,0.776034223476671,0.9447620461085657,0.8549474053919363,817.6924393569352,1.8316433471627533,819.524082704098
success,UNSW_NB15,QVE,FakeSherbrooke,full,3,6,9,6144,2,315,144,0.04147699311023622,0.8913333333333333,0.8512333505380982,0.8863345036631931,0.7712675783869998,0.9448256669414293,0.838863265154452,786.9210278789978,3.6018803680781275,790.522908247076
success,UNSW_NB15,QWE,ideal,full,0,6,0,42,0,186,225,,0.836,0.842364550994153,0.8384102571734731,0.664798492945224,0.9561865895276906,0.8420518840798585,818.1882566061104,5.301224741968326,823.4894813480787
success,UNSW_NB15,QWE,ideal,full,0,6,1,123,1,186,225,,0.8706666666666667,0.8699050142902265,0.8717851689284344,0.7271078515681529,0.9494748052908504,0.869900679094478,849.9398348998511,6.148593959049322,856.0884288589004
success,UNSW_NB15,QWE,ideal,full,0,6,2,456,2,186,225,,0.8646666666666667,0.8631420591767072,0.8658242581388648,0.7139499733310113,0.9458578039740257,0.8631247196140357,848.9621239640983,6.908823265112005,855.8709472292103
success,UNSW_NB15,QWE,ideal,full,0,6,3,789,0,186,225,,0.8413333333333334,0.840865504154628,0.8430252329287555,0.6673163709881292,0.9492414502938404,0.8408638282532181,847.3348718850175,5.180057747056708,852.5149296320742
success,UNSW_NB15,QWE,ideal,full,0,6,4,1024,1,186,225,,0.884,0.8468406130076193,0.8795020452023691,0.7502971654541537,0.9500432713528224,0.8362760186837717,819.5742386099882,5.318732468993403,824.8929710789816
success,UNSW_NB15,QWE,ideal,full,0,6,5,2048,2,186,225,,0.8546666666666667,0.860155468477446,0.8566378403624305,0.7009604988674165,0.9535059433058543,0.8599299225205395,845.4997273349436,7.101212837966159,852.6009401729098
success,UNSW_NB15,QWE,ideal,full,0,6,6,3072,0,186,225,,0.85,0.857311509408869,0.8522051317381353,0.6938182588157403,0.9532958507687652,0.8569099247443454,845.4605240669334,5.7848469680175185,851.245371034951
success,UNSW_NB15,QWE,ideal,full,0,6,7,4096,1,186,225,,0.8546666666666667,0.8553214126699291,0.8562163898254987,0.6956168716025625,0.9484723959608263,0.8553181855348384,844.733376556891,6.254908289993182,850.9882848468842
success,UNSW_NB15,QWE,ideal,full,0,6,8,5120,2,186,225,,0.8446666666666667,0.8503206320508694,0.8468560924900418,0.681083050614695,0.9462230565958456,0.8500785373068088,817.6220303239534,5.147949423873797,822.7699797478272
success,UNSW_NB15,QWE,ideal,full,0,6,9,6144,0,186,225,,0.892,0.8557611567764947,0.887832111925383,0.7693062207925676,0.9557802232510844,0.8457261935699796,626.6351604301017,5.03149717010092,631.6666576002026
success,UNSW_NB15,QWE,FakeCairoV2,full,0,6,0,42,1,199,225,0.026325925925925926,0.836,0.842364550994153,0.8384102571734731,0.664798492945224,0.9561942931537875,0.8420518840798585,753.4297779251356,3.971759890089743,757.4015378152253
success,UNSW_NB15,QWE,FakeCairoV2,full,0,6,1,123,2,199,225,0.026325925925925926,0.8706666666666667,0.8699050142902265,0.8717851689284344,0.7271078515681529,0.9495364342996249,0.869900679094478,748.778212581994,5.623356739873998,754.401569321868
success,UNSW_NB15,QWE,FakeCairoV2,full,0,6,2,456,0,199,225,0.026325925925925926,0.8713333333333333,0.8651331196428813,0.8718915714530179,0.7239551854201108,0.9465439777648853,0.8648469640974009,703.0586053458974,2.794355564052239,705.8529609099496
success,UNSW_NB15,QWE,FakeCairoV2,full,0,6,3,789,1,199,225,0.026325925925925926,0.8413333333333334,0.840865504154628,0.8430252329287555,0.6673163709881292,0.9491788080236075,0.8408638282532181,688.8815170179587,5.665011864970438,694.5465288829291
success,UNSW_NB15,QWE,FakeCairoV2,full,0,6,4,1024,2,199,225,0.026325925925925926,0.884,0.8468406130076193,0.8795020452023691,0.7502971654541537,0.9501685558932884,0.8362760186837717,675.849218770978,5.253257839009166,681.1024766099872
success,UNSW_NB15,QWE,FakeCairoV2,full,0,6,5,2048,0,199,225,0.026325925925925926,0.8546666666666667,0.860155468477446,0.8566378403624305,0.7009604988674165,0.9535175080326665,0.8599299225205395,708.0753401579568,3.046972153009847,711.1223123109667
success,UNSW_NB15,QWE,FakeCairoV2,full,0,6,6,3072,1,199,225,0.026325925925925926,0.85,0.857311509408869,0.8522051317381353,0.6938182588157403,0.9532939233142965,0.8569099247443454,701.9239103500731,5.00394601712469,706.9278563671978
success,UNSW_NB15,QWE,FakeCairoV2,full,0,6,7,4096,2,199,225,0.026325925925925926,0.8446666666666667,0.8495149560829499,0.8467903021146015,0.6801015977489918,0.9509433925897085,0.8493367791207145,700.7046806639992,6.5642489090096205,707.2689295730088
success,UNSW_NB15,QWE,FakeCairoV2,full,0,6,8,5120,0,199,225,0.026325925925925926,0.8446666666666667,0.8503206320508694,0.8468560924900418,0.681083050614695,0.9462076369600959,0.8500785373068088,1116.265170175,5.4991506659425795,1121.7643208409427
success,UNSW_NB15,QWE,FakeCairoV2,full,0,6,9,6144,1,199,225,0.026325925925925926,0.8926666666666667,0.8558824888875194,0.8884028476164729,0.7713707663041929,0.9582916053586422,0.8455428573052759,1153.747589715873,4.429768519010395,1158.1773582348833
success,UNSW_NB15,QWE,FakeSherbrooke,full,0,6,0,42,2,563,225,0.04147699311023622,0.836,0.842364550994153,0.8384102571734731,0.664798492945224,0.9560402206318515,0.8420518840798585,1226.3959734940436,4.945564929046668,1231.3415384230902
success,UNSW_NB15,QWE,FakeSherbrooke,full,0,6,1,123,0,563,225,0.04147699311023622,0.872,0.865741204384904,0.8725296558466729,0.7254522095537119,0.9523925536750147,0.8654470108605238,2270.306056425092,5.03260639810469,2275.3386628231965
success,UNSW_NB15,QWE,FakeSherbrooke,full,0,6,2,456,1,563,225,0.04147699311023622,0.8673333333333333,0.8644218889439285,0.868306176864397,0.7182234054354489,0.9459291197893678,0.8643587485825532,2277.785197678837,3.204709333134815,2280.989907011972
success,UNSW_NB15,QWE,FakeSherbrooke,full,0,6,3,789,2,563,225,0.04147699311023622,0.8406666666666667,0.8403441277208429,0.8423867752647238,0.6661179273111324,0.9489205291248007,0.8403433306309182,2277.110950718983,3.7905221360269934,2280.90147285501
success,UNSW_NB15,QWE,FakeSherbrooke,full,0,6,4,1024,0,563,225,0.04147699311023622,0.8853333333333333,0.8482862038591493,0.8808870791655603,0.7534243157290429,0.9496866922761117,0.8378038621930278,2262.396250115824,4.678483835072257,2267.074733950896
success,UNSW_NB15,QWE,FakeSherbrooke,full,0,6,5,2048,1,563,225,0.04147699311023622,0.8546666666666667,0.8605583064614055,0.8566691909196595,0.7014373205365445,0.9536215905739767,0.8602985552506673,2276.164108822122,2.767314768047072,2278.9314235901693
success,UNSW_NB15,QWE,FakeSherbrooke,full,0,6,6,3072,2,563,225,0.04147699311023622,0.8486666666666667,0.8566715945252583,0.850949569341284,0.6920327363896636,0.9545178569019253,0.8561898435892518,2276.580973720993,2.2354312129318714,2278.816404933925
success,UNSW_NB15,QWE,FakeSherbrooke,full,0,6,7,4096,0,563,225,0.04147699311023622,0.854,0.854800036236144,0.8555761664559605,0.6944108785722451,0.9481562934279586,0.8547952150270428,2269.2754661290674,4.426355608738959,2273.7018217378063
success,UNSW_NB15,QWE,FakeSherbrooke,full,0,6,8,5120,1,563,225,0.04147699311023622,0.8433333333333334,0.849277879183299,0.8455738057387796,0.6787714766146783,0.9458337107931667,0.8490099277865729,2273.790219691,3.181459931191057,2276.971679622191
success,UNSW_NB15,QWE,FakeSherbrooke,full,0,6,9,6144,2,563,225,0.04147699311023622,0.892,0.8557611567764947,0.887832111925383,0.7693062207925676,0.9550599342110331,0.8457261935699796,2271.0199700630037,5.657138386042789,2276.6771084490465
success,UNSW_NB15,QWE,ideal,full,3,6,0,42,0,181,193,,0.836,0.842364550994153,0.8384102571734731,0.664798492945224,0.9561962190603117,0.8420518840798585,870.3290585458744,5.080551755148917,875.4096103010233
success,UNSW_NB15,QWE,ideal,full,3,6,1,123,1,181,193,,0.8746666666666667,0.8678288870571378,0.8750959503333021,0.7306346865085891,0.9518070780916578,0.8674785794091142,843.8676537801512,4.958162012975663,848.8258157931268
success,UNSW_NB15,QWE,ideal,full,3,6,2,456,2,181,193,,0.8713333333333333,0.8651331196428813,0.8718915714530179,0.7239551854201108,0.9465381954014792,0.8648469640974009,868.7482066639932,6.290978251025081,875.0391849150183
success,UNSW_NB15,QWE,ideal,full,3,6,3,789,0,181,193,,0.8413333333333334,0.840865504154628,0.8430252329287555,0.6673163709881292,0.9491942276593572,0.8408638282532181,859.3943016869016,5.497489442001097,864.8917911289027
success,UNSW_NB15,QWE,ideal,full,3,6,4,1024,1,181,193,,0.884,0.8468406130076193,0.8795020452023691,0.7502971654541537,0.950020141899198,0.8362760186837717,831.1968654920347,5.227763348957524,836.4246288409922
success,UNSW_NB15,QWE,ideal,full,3,6,5,2048,2,181,193,,0.8533333333333334,0.8603212295617546,0.855445678393427,0.7000880564207085,0.9537719320225359,0.8599556983350719,859.1113677271642,5.307522174087353,864.4188899012515
success,UNSW_NB15,QWE,ideal,full,3,6,6,3072,0,181,193,,0.85,0.857311509408869,0.8522051317381353,0.6938182588157403,0.9532939233142965,0.8569099247443454,846.087365948013,4.926184203941375,851.0135501519544
success,UNSW_NB15,QWE,ideal,full,3,6,7,4096,1,181,193,,0.8446666666666667,0.8495149560829499,0.8467903021146015,0.6801015977489918,0.9508200355037113,0.8493367791207145,867.7324088490568,5.356334261014126,873.0887431100709
success,UNSW_NB15,QWE,ideal,full,3,6,8,5120,2,181,193,,0.8446666666666667,0.8503206320508694,0.8468560924900418,0.681083050614695,0.9462076369600959,0.8500785373068088,868.3146889309864,4.519295935169794,872.8339848661562
success,UNSW_NB15,QWE,ideal,full,3,6,9,6144,0,181,193,,0.8926666666666667,0.8558824888875194,0.8884028476164729,0.7713707663041929,0.9584399001610058,0.8455428573052759,649.7672134769382,4.163635325036012,653.9308488019742
success,UNSW_NB15,QWE,FakeCairoV2,full,3,6,0,42,1,209,193,0.026325925925925926,0.836,0.842364550994153,0.8384102571734731,0.664798492945224,0.9562000708733601,0.8420518840798585,797.9347781781107,3.116929284064099,801.0517074621748
success,UNSW_NB15,QWE,FakeCairoV2,full,3,6,1,123,2,209,193,0.026325925925925926,0.8746666666666667,0.8678288870571378,0.8750959503333021,0.7306346865085891,0.9518841143526259,0.8674785794091142,794.924570446834,4.704243762185797,799.6288142090198
success,UNSW_NB15,QWE,FakeCairoV2,full,3,6,2,456,0,209,193,0.026325925925925926,0.8713333333333333,0.8651331196428813,0.8718915714530179,0.7239551854201108,0.9465574699461662,0.8648469640974009,765.7038820368471,3.853722495958209,769.5576045328053
success,UNSW_NB15,QWE,FakeCairoV2,full,3,6,3,789,1,209,193,0.026325925925925926,0.8413333333333334,0.8404626661706684,0.8429827234547062,0.6668874582850632,0.9499729192647146,0.8404568586954756,775.7671367920702,2.647083044052124,778.4142198361224
success,UNSW_NB15,QWE,FakeCairoV2,full,3,6,4,1024,2,209,193,0.026325925925925926,0.8846666666666667,0.8477648274253642,0.8802379814191782,0.7517127384305999,0.9500721831698531,0.837358577089985,766.1885323980823,3.2655598749406636,769.454092273023
success,UNSW_NB15,QWE,FakeCairoV2,full,3,6,5,2048,0,209,193,0.026325925925925926,0.8546666666666667,0.8613639824293251,0.8567301736484068,0.7024054605823403,0.953592678756946,0.8610286316261396,740.448399075889,5.390163633157499,745.8385627090465
success,UNSW_NB15,QWE,FakeCairoV2,full,3,6,6,3072,1,209,193,0.026325925925925926,0.85,0.857311509408869,0.8522051317381353,0.6938182588157403,0.9532765762240781,0.8569099247443454,768.5240125991404,4.1856405809521675,772.7096531800926
success,UNSW_NB15,QWE,FakeCairoV2,full,3,6,7,4096,2,209,193,0.026325925925925926,0.8446666666666667,0.8495149560829499,0.8467903021146015,0.6801015977489918,0.9510494025854874,0.8493367791207145,761.8839379481506,3.9962300420738757,765.8801679902244
success,UNSW_NB15,QWE,FakeCairoV2,full,3,6,8,5120,0,209,193,0.026325925925925926,0.8446666666666667,0.8503206320508694,0.8468560924900418,0.681083050614695,0.9462211291413769,0.8500785373068088,1082.8427165639587,3.9295032349182293,1086.772219798877
success,UNSW_NB15,QWE,FakeCairoV2,full,3,6,9,6144,1,209,193,0.026325925925925926,0.8926666666666667,0.8558824888875194,0.8884028476164729,0.7713707663041929,0.9583070126108358,0.8455428573052759,1095.4544677190715,3.3489345280686393,1098.8034022471402
success,UNSW_NB15,QWE,FakeSherbrooke,full,3,6,0,42,2,426,195,0.04147699311023622,0.84,0.846697840673605,0.8423514704131444,0.6732128116590912,0.9521229267616267,0.8463533357795675,1142.0685645859921,3.4232434490695596,1145.4918080350617
success,UNSW_NB15,QWE,FakeSherbrooke,full,3,6,1,123,0,426,195,0.04147699311023622,0.8713333333333333,0.8708275235153187,0.872464832902253,0.7287077092183022,0.9496596923171737,0.8708256136237988,1871.9535920779454,4.258526670979336,1876.2121187489247
success,UNSW_NB15,QWE,FakeSherbrooke,full,3,6,2,456,1,426,195,0.04147699311023622,0.872,0.8652516580927068,0.8724871304018558,0.7249630987550031,0.9470624630169673,0.8649127072266569,1876.6745996980462,3.2680274399463087,1879.9426271379925
success,UNSW_NB15,QWE,FakeSherbrooke,full,3,6,3,789,2,426,195,0.04147699311023622,0.84,0.839419913303098,0.8417061172390812,0.664486320926686,0.9499420799932153,0.8394173321891908,1879.614249338978,3.8995894819963723,1883.5138388209743
success,UNSW_NB15,QWE,FakeSherbrooke,full,3,6,4,1024,0,426,195,0.04147699311023622,0.8853333333333333,0.8482862038591493,0.8808870791655603,0.7534243157290429,0.9496847648216431,0.8378038621930278,1883.3596466750605,5.002504257019609,1888.36215093208
success,UNSW_NB15,QWE,FakeSherbrooke,full,3,6,5,2048,1,426,195,0.04147699311023622,0.8546666666666667,0.8605583064614055,0.8566691909196595,0.7014373205365445,0.9537083260250685,0.8602985552506673,1889.474281235016,5.906139834900387,1895.3804210699163
success,UNSW_NB15,QWE,FakeSherbrooke,full,3,6,6,3072,2,426,195,0.04147699311023622,0.85,0.857311509408869,0.8522051317381353,0.6938182588157403,0.9529585462367415,0.8569099247443454,1886.9264537330018,4.427087316988036,1891.3535410499899
success,UNSW_NB15,QWE,FakeSherbrooke,full,3,6,7,4096,0,426,195,0.04147699311023622,0.8433333333333334,0.8484722032153795,0.8455086835667135,0.6777783172871912,0.9509973613148323,0.8482717796057477,1882.8261599859688,2.6202514229808003,1885.4464114089496
success,UNSW_NB15,QWE,FakeSherbrooke,full,3,6,8,5120,1,426,195,0.04147699311023622,0.8446666666666667,0.8503206320508694,0.8468560924900418,0.681083050614695,0.9458606951557287,0.8500785373068088,1876.904617734952,5.0004902149084955,1881.9051079498604
success,UNSW_NB15,QWE,FakeSherbrooke,full,3,6,9,6144,2,426,195,0.04147699311023622,0.892,0.8557611567764947,0.887832111925383,0.7693062207925676,0.9551408222850495,0.8457261935699796,1880.7899984631222,4.4312100551323965,1885.2212085182546
